season,target,n_val,base_rate,naive_logloss,DC_logloss,DC_brier,DC_acc,LGB_logloss,LGB_brier,LGB_acc,Ensemble_logloss,Ensemble_brier,Ensemble_acc
2022/2023,over25,376,0.5319148936170213,0.6911086741443572,0.6931471805599454,0.25,0.46808510638297873,0.6854910146392251,0.24632704414782935,0.550531914893617,0.6852277774538806,0.2461161563445579,0.550531914893617
2022/2023,btts,376,0.5186170212765957,0.6924538333392428,0.6931471805599454,0.25,0.48138297872340424,0.6939769550506699,0.2504147661867168,0.4867021276595745,0.6937107302987287,0.25028173433653533,0.4867021276595745
2023/2024,over25,376,0.6462765957446809,0.649721151939771,0.6931471805599454,0.25,0.3537234042553192,0.66418680206939,0.23574539160690444,0.5877659574468085,0.6673526678454175,0.23727612743729187,0.5877659574468085
2023/2024,btts,376,0.6143617021276596,0.6667570056730923,0.6931471805599454,0.25,0.38563829787234044,0.6846433622692261,0.24576033998667582,0.5452127659574468,0.6859024750692487,0.2463874321855717,0.5452127659574468
2024/2025,over25,376,0.5691489361702128,0.6835533095539307,0.6931471805599454,0.25,0.4308510638297872,0.6736251910024865,0.24045546091834297,0.574468085106383,0.6758489670010954,0.2414589998074157,0.574468085106383
2024/2025,btts,376,0.574468085106383,0.6820148175994906,0.6931471805599454,0.25,0.425531914893617,0.6859565056411565,0.24640975561311582,0.574468085106383,0.6876692764685007,0.24726313294003702,0.574468085106383
2025/2026,over25,257,0.5447470817120622,0.6891372151028459,0.6931471805599453,0.25,0.45525291828793774,0.6830018171708324,0.24498319263087373,0.556420233463035,0.6843300783438285,0.2456218252356271,0.556420233463035
2025/2026,btts,257,0.5642023346303502,0.6848804964281621,0.6931471805599453,0.25,0.4357976653696498,0.6860591163932666,0.24644475898099852,0.5758754863813229,0.6870030545572733,0.24692753018566435,0.5758754863813229
