tree
version=v4
num_class=1
num_tree_per_iteration=1
label_index=0
max_feature_idx=128
objective=binary sigmoid:1
feature_names=Column_0 Column_1 Column_2 Column_3 Column_4 Column_5 Column_6 Column_7 Column_8 Column_9 Column_10 Column_11 Column_12 Column_13 Column_14 Column_15 Column_16 Column_17 Column_18 Column_19 Column_20 Column_21 Column_22 Column_23 Column_24 Column_25 Column_26 Column_27 Column_28 Column_29 Column_30 Column_31 Column_32 Column_33 Column_34 Column_35 Column_36 Column_37 Column_38 Column_39 Column_40 Column_41 Column_42 Column_43 Column_44 Column_45 Column_46 Column_47 Column_48 Column_49 Column_50 Column_51 Column_52 Column_53 Column_54 Column_55 Column_56 Column_57 Column_58 Column_59 Column_60 Column_61 Column_62 Column_63 Column_64 Column_65 Column_66 Column_67 Column_68 Column_69 Column_70 Column_71 Column_72 Column_73 Column_74 Column_75 Column_76 Column_77 Column_78 Column_79 Column_80 Column_81 Column_82 Column_83 Column_84 Column_85 Column_86 Column_87 Column_88 Column_89 Column_90 Column_91 Column_92 Column_93 Column_94 Column_95 Column_96 Column_97 Column_98 Column_99 Column_100 Column_101 Column_102 Column_103 Column_104 Column_105 Column_106 Column_107 Column_108 Column_109 Column_110 Column_111 Column_112 Column_113 Column_114 Column_115 Column_116 Column_117 Column_118 Column_119 Column_120 Column_121 Column_122 Column_123 Column_124 Column_125 Column_126 Column_127 Column_128
feature_infos=[0:5.333333333333333] [0:5.333333333333333] [0.33050099999999999:4.4938499999999992] [0.14320686666666665:4.3048899999999994] [4:29] [0.33333333333333331:12.666666666666666] [1:13.666666666666666] [0:5.666666666666667] [0:5] [0.167602:4.2171866666666666] [0.24252733333333332:4.2970433333333338] [2.6666666666666665:27.333333333333332] [0.33333333333333331:11.666666666666666] [0.33333333333333331:11.666666666666666] [0:4.7999999999999998] [0:4.4000000000000004] [0.33050099999999999:4.0464766666666669] [0.18546151999999999:4.0729039999999994] [4.2000000000000002:28.199999999999999] [1.3999999999999999:11.4] [1:12.6] [0:4] [0:4.2000000000000002] [0.238315:3.6216240000000006] [0.3991768:3.890835] [3.5:25] [0.5:9.5999999999999996] [1:10.6] [0:4.666666666666667] [0:3.7999999999999998] [0.33050099999999999:4.0464766666666669] [0.37148795999999995:3.5279179999999997] [6.5999999999999996:27.600000000000001] [2:10.699999999999999] [1.5:11.199999999999999] [0:4] [0.20000000000000001:3.5] [0.238315:3.1571860000000003] [0.51888849999999997:3.890835] [3.5:20.5] [0.5:8.6999999999999993] [1:8.8000000000000007] [0:3] [0:1] [0:1] [0:5] [0:5.333333333333333] [0:1] [0:3] [0:1] [0:1] [0:5.666666666666667] [0:4.666666666666667] [0:1] [0:3] [0:1] [0:1] [0:4.7999999999999998] [0:4] [0:1] [0:3] [0:1] [0:1] [0:4.5999999999999996] [0:4] [0:1] [0:3] [0:1] [0:1] [0:3.8571428571428572] [0.10000000000000001:4] [0:0.90000000000000002] [0:3] [0:1] [0:1] [0:4] [0:3.6666666666666665] [0:1] [-4.666666666666667:4.333333333333333] [-4.333333333333333:5] [-2.8806406:3.0608003333333338] [-1.9888533333333336:2.25536] [-2.1839600000000003:2.7741266666666671] [-3:3] [-6:5.6666666666666679] [-3.7000000000000002:3.3999999999999999] [-3.6000000000000005:3.3999999999999999] [-2.6953765999999999:3.0408246666666665] [-1.5711539999999999:2.0680160000000001] [-1.6701386:1.6839095999999998] [-3:2.7999999999999998] [-5.4000000000000004:5.5999999999999996] [-2.7000000000000002:3.3333333333333339] [-3.1999999999999997:3] [-2.8152651:3.0408246666666665] [-1.3043848:1.4892219999999998] [-1.24064:1.3604118000000001] [-2.6000000000000001:2.3999999999999999] [-3.7999999999999998:4] [0:1] [0:1] [0:6] [2:813] [2:454] [0:1] [0:1] [1.5:4.4000000000000004] [0:2] [0.049896049896049892:0.89438223571835251] [0.072914197677174691:0.33876221498371334] [0.032691212753843235:0.83160083160083165] [1.0298245614035089:1.1666666666666665] [0.28571428571428575:0.78749999999999998] [0.21249999999999997:0.7142857142857143] [0.93584070796460161:2.6441495778045843] [0.93584070796460161:2.6441495778045843] [-1.7083088698399826:1.7083088698399826] [34.299999999999997:104.40000000000001] [34.299999999999997:104.40000000000001] [0:3] [0:3] [23.919999999999998:73.939999999999998] [23.919999999999998:73.939999999999998] [0.24328653363052855:0.84072240050212665] [0.31036959567482014:0.73150093608075939] [0.028473020452169921:0.92682090563524189] [0.055726320125861581:0.36697039250683411] [0.014263135010841982:0.87289057270910297] [0.52124898599174629:0.9479430261458609]
tree_sizes=1775 1691 1793 1275 1690 1839 1304 1276 1820 1582 1515 1491 1611 1482 1284 1410 1314 1392 1420 1635 1188 1613 1412 1291 1386 1415 1403 1404 1619 1394 1311 1254 1614 1500 1203 1302 1300 1503 1506 1329 1319 1188 1412 1298 979 1638 1482 1588 1287 1166 1058 977 1621 1384 1413 1153 1495 1165 960 1171 1313 1172 1083 1415 1390 1720 1532 1187 1200 1181 1186 979 1496 1165 1296 1304 1404 1084 1626 1612 1060 1300 1177 1408 757 1629 1195 1370 1567 1356 1197 1410 1166 1465 1735 1274 1474 1269 767 1695 1471 1167 1600 788 1584 779 775 1471 1493 1582 1617 1069 1715 1499 1424 1378 1078 1306 1183 1582 1495 1203 987 1491 1580 1496 777 1675 1066 1280 1304 1054 1686 1269 1713 1394 1047 1194 1678 1509 1297 868 1281 1495 1182 1403 1569 1383 1489 1678 1285 1096 1377 1185 1572 1593 1466 1599 1427 978 1382 1268 1152 1245 1791 1576 1599 1604 1451 1508 777 757 1465 1463 1089 1065 1292 1410 1095 1832 1073 1683 1173 1267 1363 1394 1418 1402 1275 1592 1403 1076 1599 1692 1618 1156 1533 1389 1170 1581

Tree=0
num_leaves=16
num_cat=0
split_feature=124 16 39 115 38 63 124 9 23 77 110 4 67 94 80
split_gain=20.4638 9.87986 9.66118 15.0637 11.6695 11.5492 10.3543 9.21237 6.70506 6.46047 6.35427 10.3859 8.30709 3.56911 3.28581
threshold=0.5931404113118206 2.0946554000000002 10.950000000000001 2.4328117907984321 1.6079194000000003 1.9000000000000001 0.41494943904237847 2.0108078333333337 2.0644912000000004 0.29285714285714287 0.38840633036222783 12.16666666666667 0.38750000000000007 0.67694600000000038 0.78501800000000022
decision_type=2 2 2 2 2 2 2 2 2 2 2 2 2 2 2
left_child=2 10 4 8 6 -6 -1 -5 -4 13 12 -12 -2 -3 -11
right_child=1 9 3 7 5 -7 -8 -9 -10 14 11 -13 -14 -15 -16
leaf_value=0.16400560307561685 0.12769381158897192 0.21798211472909079 0.15783668509501503 0.10564582267320324 0.13792229268055331 0.18410263837601668 0.11095321256448223 0.14777112979034107 0.12754804018660285 0.13434648248497055 0.14420572093183737 0.18455052194256552 0.16058881878354136 0.16320920205372344 0.17417268738289804
leaf_weight=8.7026107311248762 34.810442924499512 14.172823190689089 180.76565718650818 27.848354339599609 124.5716564655304 13.924177169799803 64.896611452102661 19.394389629364014 18.399805545806885 6.4647965431213406 24.864602088928223 34.561796903610229 39.534717321395874 7.9566726684570304 10.940424919128416
leaf_count=35 140 57 727 112 501 56 261 78 74 26 100 139 159 32 44
internal_value=0.147453 0.16204 0.141919 0.14847 0.134105 0.143153 0.118034 0.123624 0.154703 0.184026 0.154948 0.167068 0.145792 0.201983 0.156755
internal_weight=631.81 173.306 458.503 246.408 212.095 138.496 73.5992 47.2427 199.165 39.5347 133.772 59.4264 74.3452 22.1295 17.4052
internal_count=2541 697 1844 991 853 557 296 190 801 159 538 239 299 89 70
is_linear=0
shrinkage=1


Tree=1
num_leaves=15
num_cat=0
split_feature=124 16 103 93 87 100 9 89 46 108 124 89 3 77
split_gain=18.5861 9.13979 8.89887 11.3894 10.0427 8.66085 8.57101 8.50319 7.73453 7.17192 8.79513 7.30408 6.06663 7.41679
threshold=0.59257872827267033 2.0946554000000002 8.5000000000000018 -0.41428571428571431 0.41827710000000035 0.095454545454545472 0.63172316666666684 -0.27322530000000006 1.4166666666666667 0.38140678025399721 0.65249842125026247 -0.37053229999999998 0.77471483333333346 0.29285714285714287
decision_type=2 2 2 2 2 2 2 2 2 2 2 2 2 2
left_child=2 9 3 5 8 -1 -5 -6 -4 11 -11 -2 -3 -14
right_child=1 12 4 6 7 -7 -8 -9 -10 10 -12 -13 13 -15
leaf_value=-0.047098208934716196 -0.0077455463700394304 0 -0.0222355858866536 -0.031390187504272554 0 -0.007909721435286024 0.0061093527686449482 -0.058384700993111965 0.010330300962020249 -0.014353459480839296 0.032308286432405478 0.026673721747261504 0.06679134855179579 0.010700270583470513
leaf_weight=18.160035014152527 17.879345774650574 9.177052825689314 38.301467671990395 14.932014137506483 7.7091596573591259 75.37451134622097 249.43886661529541 21.647436708211899 30.839901864528656 50.977733135223389 11.190727636218069 55.870531439781189 17.319530248641971 12.92018687725067
leaf_count=73 72 37 154 60 31 303 1003 87 124 205 45 225 70 52
internal_value=0 0.0138063 -0.00530106 -0.00146722 -0.0185745 -0.0164649 0.00369261 -0.0429282 -0.00705683 0.0070737 -0.00478401 0.0176685 0.0350352 0.0455361
internal_weight=631.739 175.335 456.403 357.905 98.498 93.5345 264.371 29.3566 69.1414 135.918 62.1685 73.7499 39.4168 30.2397
internal_count=2541 706 1835 1439 396 376 1063 118 278 547 250 297 159 122
is_linear=0
shrinkage=0.05


Tree=2
num_leaves=16
num_cat=0
split_feature=124 18 39 127 92 112 48 123 77 34 123 79 124 126 110
split_gain=16.9797 9.4615 9.17875 12.6504 10.3315 9.05358 8.52355 8.50131 8.46167 7.21765 6.84557 6.41384 5.96523 4.32923 3.96961
threshold=0.58875585290567745 12.700000000000001 9.5277777777777803 0.51865254848664155 -0.23611111111111102 0.53315743183817077 2.1666666666666674 0.63218958771332934 0.2678571428571429 4.2928571428571436 0.64412452923175156 0.83333333333333337 0.50220678856165879 0.25601165702606632 0.4412398343973894
decision_type=2 2 2 2 2 2 2 2 2 2 2 2 2 2 2
left_child=2 9 5 4 -4 6 -1 8 -3 14 -5 -9 -7 -11 -2
right_child=1 7 3 10 -6 12 -8 11 -10 13 -12 -13 -14 -15 -16
leaf_value=-0.029710278614585958 0.048827788374499879 0.027990693104996103 0.018940730116346373 -0.010814974783225824 -0.0023333168318825314 -0.01266853162067292 0.019950405619282935 0.051272698621352544 -0.0034253121430476395 -0.021809508374162803 -0.053369244101210883 0 0.038225381528445193 0.0071554434456874401 0
leaf_weight=81.673569679260254 7.9475481659173948 37.396449103951454 83.045791894197464 76.886541470885277 167.62146426737309 9.7106968015432376 7.7144412845373145 29.957940563559532 42.703878492116928 34.280266210436821 11.196640476584433 8.415292024612425 9.7039490491151792 16.399674817919731 6.9456845670938492
leaf_count=328 32 151 334 309 674 39 31 121 172 138 45 34 39 66 28
internal_value=0 0.0127535 -0.00524743 -0.00101494 0.00456333 -0.0178404 -0.0246979 0.0211689 0.0107896 -0.0017895 -0.0173239 0.0407402 0.0109467 -0.0115121 0.0267919
internal_weight=631.6 184.047 447.553 338.75 250.667 108.803 89.388 118.474 80.1003 65.5732 88.0832 38.3732 19.4146 50.6799 14.8932
internal_count=2541 742 1799 1362 1008 437 359 478 323 264 354 155 78 204 60
is_linear=0
shrinkage=0.05


Tree=3
num_leaves=11
num_cat=0
split_feature=74 2 106 127 17 88 95 112 16 97
split_gain=12.9925 12.9316 11.2977 10.3608 9.0346 7.40305 5.73468 7.03062 4.25147 3.48053
threshold=1.0000000180025095e-35 0.74763000000000013 2.2250000000000005 0.70179774807957929 1.1481168000000002 0.20353730000000006 -0.41932090000000005 0.51675535978846521 1.0680081000000001 -0.79999999999999993
decision_type=2 2 2 2 2 2 2 2 2 2
left_child=5 8 4 -4 -3 6 -1 -8 9 -2
right_child=1 2 3 -5 -6 -7 7 -9 -10 -11
leaf_value=-0.043883670763505446 -0.037706054317070796 0.0067689547288212748 0.00772450690402883 -0.026824671847753334 -0.040791516547291282 -0.056110005338479457 -0.018005433706551211 0.030648980206648392 -0.061973528842029224 0
leaf_weight=8.7154302597045845 9.2072225809097308 13.921137273311613 488.38617338240147 21.175164580345154 23.131550088524818 12.942248314619063 18.650202870368965 10.929428264498709 6.968899354338645 17.416466042399406
leaf_count=35 37 56 1966 85 93 52 75 44 28 70
internal_value=0 0.00216371 0.0041125 0.00614113 -0.0219002 -0.0238686 -0.0105493 0 -0.0273036 -0.0145036
internal_weight=631.444 580.207 546.614 509.561 37.0527 51.2373 38.2951 29.5796 33.5926 26.6237
internal_count=2541 2335 2200 2051 149 206 154 119 135 107
is_linear=0
shrinkage=0.05


Tree=4
num_leaves=15
num_cat=0
split_feature=39 51 128 106 12 82 24 9 82 82 48 39 102 66
split_gain=12.3228 11.6509 8.30669 12.8991 7.75692 7.37529 7.37216 8.39841 6.70844 6.62131 6.02567 4.22497 2.30628 1.23382
threshold=9.5277777777777803 3.1666666666666674 0.83082912817906729 2.7250000000000005 4.166666666666667 0.30268200000000012 2.5442510000000005 0.52897916666666689 0.60976150000000018 -0.034261333333333248 2.1666666666666674 8.0500000000000025 6.5000000000000009 1.267857142857143
decision_type=2 2 2 2 2 2 2 2 2 2 2 2 2 2
left_child=2 6 5 11 -5 10 7 -2 -7 -3 -1 -4 -8 -11
right_child=1 9 3 4 -6 8 12 -9 -10 13 -12 -13 -14 -15
leaf_value=-0.018848826771723972 -0.040887545946831576 0.004391228591487324 0 0.039845950358978338 -0.016779971108178325 -0.075315821963051033 0.0031001547507918201 0.0050998867825250236 -0.0054788495869623755 -0.071446515969572355 0.026700900665258077 -0.043962632304528737 0.052172650108756269 -0.022263057140485473
leaf_weight=63.53790757060051 8.95894707739353 6.2159970998764065 7.2158738076686886 21.361205667257313 6.2125324904918662 10.714938953518869 6.200753107666972 450.20461520552635 7.4672049582004538 6.220643386244773 6.4568604528903952 11.946986272931097 10.155544087290762 8.445299029350279
leaf_count=255 36 25 29 86 25 43 25 1813 30 25 26 48 41 34
internal_value=0 0.00362634 -0.0133619 0.00272353 0.0251972 -0.0223833 0.00534759 0.00400704 -0.051022 -0.0317378 -0.0136258 -0.0267802 0.0377003 -0.0495451
internal_weight=631.315 496.402 134.914 46.7366 27.5737 88.1769 475.52 459.164 18.1821 20.8819 69.9948 19.1629 16.3563 14.6659
internal_count=2541 1999 542 188 111 354 1915 1849 73 84 281 77 66 59
is_linear=0
shrinkage=0.05


Tree=5
num_leaves=16
num_cat=0
split_feature=124 103 93 92 17 100 18 123 125 9 96 34 24 29 87
split_gain=14.848 8.09125 9.88886 9.56742 7.88445 7.62246 7.12793 7.09481 8.55392 7.05921 6.43563 5.91295 7.96753 5.35427 5.32543
threshold=0.59257872827267033 8.5000000000000018 -0.41428571428571431 -0.19999999999999998 1.7318035000000001 0.095454545454545472 12.700000000000001 0.63218958771332934 0.35092823987233784 0.63172316666666684 1.0000000180025095e-35 5.1833333333333345 1.5256499000000001 1.5634920634920637 -0.44414549999999992
decision_type=2 2 2 2 2 2 2 2 2 2 2 2 2 2 2
left_child=1 2 5 13 -5 -1 11 8 -8 -4 -9 12 -2 -3 -13
right_child=6 3 9 4 -6 -7 7 10 -10 -11 -12 14 -14 -15 -16
leaf_value=-0.04379539405609132 -0.011892461048930672 -0.011211736352690474 -0.028033253975068263 -0.036756516926242121 0.011133464858324395 -0.0070331535397170257 0.033908278917286462 0.012904331112311238 -0.00074267274236502405 0.0058922820187368528 0.060032175717360164 -0.041131535443260814 0.032208225150932239 0.026844899948786433 9.2194762209391948e-05
leaf_weight=18.213337004184723 16.632777273654938 24.624657288193703 14.97716301679611 52.815925791859627 7.9627143740653983 75.427042588591576 24.239903971552849 18.466172978281975 51.489253327250481 249.2647303789854 17.699333935976028 12.682814791798593 20.576698884367943 13.171294853091238 12.920075356960295
leaf_count=73 67 99 60 212 32 303 98 75 208 1003 72 51 83 53 52
internal_value=0 -0.00478168 -0.00112081 -0.0174258 -0.0295944 -0.015099 0.012318 0.019847 0.00999437 0.00368244 0.0383086 -0.000411547 0.0113912 0.00111172 -0.0192277
internal_weight=631.164 456.457 357.882 98.5746 60.7786 93.6404 174.707 111.895 75.7292 264.242 36.1655 62.8124 37.2095 37.796 25.6029
internal_count=2541 1835 1439 396 244 376 706 453 306 1063 147 253 150 152 103
is_linear=0
shrinkage=0.05


Tree=6
num_leaves=11
num_cat=0
split_feature=74 2 106 128 17 88 39 128 16 42
split_gain=11.6791 11.4055 9.75596 9.08293 8.22666 6.60611 8.39738 4.91024 3.8744 3.52355
threshold=1.0000000180025095e-35 0.74763000000000013 2.2250000000000005 0.79666776183043575 1.1481168000000002 0.20353730000000006 9.7500000000000018 0.80880314633607198 1.0987484000000001 0.83333333333333337
decision_type=2 2 2 2 2 2 2 2 2 2
left_child=5 8 4 -4 -3 6 -1 -8 9 -2
right_child=1 2 3 -5 -6 -7 7 -9 -10 -11
leaf_value=-0.052638968967706007 -0.030430898268901597 0.0069652755333711354 -0.0014783751337761675 0.011763998238502472 -0.038330140711390182 -0.053142299140815565 0.022750273174264198 -0.016006962045558265 -0.060980485799950572 0.0016925048965132567
leaf_weight=7.9792700558900824 14.452789634466173 13.913584113121031 228.24027864634991 280.67905431985855 23.184497117996216 12.974247157573698 14.41584984958172 15.885032653808592 6.2381965368986121 12.94105379283428
leaf_count=32 58 56 918 1133 93 52 58 64 25 52
internal_value=0 0.00200399 0.00384202 0.00573575 -0.0202928 -0.0226746 -0.00998527 0.000972392 -0.025642 -0.0139695
internal_weight=630.904 579.649 546.017 508.919 37.0981 51.2544 38.2802 30.3009 33.632 27.3938
internal_count=2541 2335 2200 2051 149 206 154 122 135 110
is_linear=0
shrinkage=0.05


Tree=7
num_leaves=11
num_cat=0
split_feature=106 127 2 123 23 97 66 34 3 9
split_gain=9.38313 9.90551 9.36672 8.4482 7.20727 5.87274 5.68866 5.66232 4.8675 4.28862
threshold=2.2250000000000005 0.70179774807957929 0.74763000000000013 0.6600694920096648 0.93435750000000006 -0.79999999999999993 1.9500000000000002 5.2928571428571436 2.0435408333333336 2.0043150000000005
decision_type=2 2 2 2 2 2 2 2 2 2
left_child=4 2 5 -4 -1 -2 7 -6 9 -3
right_child=1 8 3 -5 6 -7 -8 -9 -10 -11
leaf_value=-0.053477625448347554 -0.05651207585485505 -0.056398399551790115 0.002437523594692828 0.023146263799210618 0 -0.0053421521723823785 0.028582123552172062 -0.047376737864167733 0.0023073335466465544 -0.00081809877929177668
leaf_weight=12.482907414436339 8.7315889149904269 12.718181967735296 476.66690349578857 55.332143723964691 14.207508787512785 20.176787853240967 6.6975638121366492 9.4676845818757993 6.9781819283962241 7.2303000986576071
leaf_count=50 35 51 1921 224 57 81 27 38 28 29
internal_value=0 0.00160166 0.00312351 0.00472459 -0.0223706 -0.0238422 -0.00669508 -0.019455 -0.0272861 -0.0396409
internal_weight=630.69 587.834 560.907 531.999 42.8557 28.9084 30.3728 23.6752 26.9267 19.9485
internal_count=2541 2369 2261 2145 172 116 122 95 108 80
is_linear=0
shrinkage=0.05


Tree=8
num_leaves=16
num_cat=0
split_feature=124 16 103 36 17 93 15 108 82 39 89 3 59 94 72
split_gain=12.697 7.59135 7.25128 10.3699 11.6275 8.56035 7.13541 6.46104 7.5591 6.45284 6.42594 5.88226 5.60827 4.49471 3.04106
threshold=0.59257872827267033 2.0946554000000002 8.5000000000000018 1.6833333333333336 1.7318035000000001 -0.41428571428571431 1.1000000000000003 0.38140678025399721 -0.10535500000000007 11.225000000000001 -0.37053229999999998 1.5232865 0.36666666666666675 0.57196825000000029 1.7750000000000001
decision_type=2 2 2 2 2 2 2 2 2 2 2 2 2 2 2
left_child=2 7 5 4 -4 6 -1 10 -9 -7 -2 -5 13 -3 -14
right_child=1 12 3 11 -6 9 -8 8 -10 -11 -12 -13 14 -15 -16
leaf_value=-0.047413658686780422 -0.0083945524767049477 0.070419580379108462 -0.039645701971031254 -0.0085582813661067552 0.0097228418210878048 -0.0054095255077068177 -0.007381250336636027 0.013356825281074956 -0.020977138964621278 0.010201163174192639 0.023915807320627036 0.03288444376915748 0.022830956106739356 0.013972811138210549 -0.015484007235560258
leaf_weight=13.210942670702932 17.83976212143898 11.152681142091753 49.880119204521179 24.140255734324455 13.175656065344809 110.6210605353117 80.455722004175186 25.52305606007576 36.429890617728233 153.41385972499847 55.472696036100388 11.413877576589583 11.773173183202745 9.5693894326686841 6.42500215768814
leaf_count=53 72 46 200 97 53 445 323 103 147 618 225 46 48 39 26
internal_value=0 0.0113688 -0.00446072 -0.0164269 -0.0285587 -0.000985928 -0.0139969 0.00522165 -0.00605068 0.00347646 0.0153734 0.00391381 0.0308146 0.0484977 0.00659724
internal_weight=630.497 174.186 456.311 98.6099 63.0558 357.702 93.6667 135.265 61.9529 264.035 73.3125 35.5541 38.9202 20.7221 18.1982
internal_count=2541 706 1835 396 253 1439 376 547 250 1063 297 143 159 85 74
is_linear=0
shrinkage=0.05


Tree=9
num_leaves=14
num_cat=0
split_feature=74 2 127 87 123 91 95 95 109 38 84 114 24
split_gain=10.5418 9.51334 8.98181 10.7148 8.69442 5.53533 4.40775 5.26988 3.75914 3.94476 3.70361 3.14043 1.69697
threshold=1.0000000180025095e-35 0.74763000000000013 0.70179774807957929 -0.13487030000000008 0.6600694920096648 1.6653345369377351e-16 0.079862149999999979 -0.3971999499999998 0.2711531417535214 1.5763737500000004 -0.66666666666666674 1.5237986680144238 1.7579513000000002
decision_type=2 2 2 2 2 2 2 2 2 2 2 2 2
left_child=5 8 4 -4 -3 6 7 -1 10 -10 -2 -7 -13
right_child=1 2 3 -5 -6 11 -8 -9 9 -11 -12 12 -14
leaf_value=-0.027628035601898578 -0.0087701902077848559 0.0027143134937695611 -0.064084976473501296 0 0.024342278998252906 -0.068027235365454228 -0.037239656822634248 0.02076886176879237 -0.028606275206374366 0.018726999660211619 -0.061423576368742488 -0.035019311247744205 0
leaf_weight=6.9789922535419526 9.7269617319107038 470.40629579126835 9.4851635694503802 13.463865518569945 51.919008746743202 7.7264865636825588 7.4719921797513953 16.12093859910965 7.2312751114368421 7.9679289162158966 8.7298196554183978 6.2128804773092252 6.7234326153993607
leaf_count=28 39 1897 38 54 211 31 30 65 29 32 35 25 27
internal_value=0 0.00186948 0.00355757 -0.026068 0.00500208 -0.0215809 -0.00571253 0.00353273 -0.0233507 -0.00108176 -0.0381213 -0.0414036 -0.018174
internal_weight=630.165 578.93 545.274 22.949 522.325 51.2347 30.5719 23.0999 33.656 15.1992 18.4568 20.6628 12.9363
internal_count=2541 2335 2200 92 2108 206 123 93 135 61 74 83 52
is_linear=0
shrinkage=0.05


Tree=10
num_leaves=13
num_cat=0
split_feature=124 39 38 38 127 63 109 126 38 92 94 73
split_gain=11.768 10.5065 11.197 10.3425 9.29096 8.5085 7.88052 6.9755 6.83596 8.58281 6.02179 3.52674
threshold=0.63865803767138729 10.950000000000001 1.6079194000000003 1.2932246500000002 0.51140578939688586 1.9000000000000001 0.26421874200456802 0.30214775623340268 1.2233287500000001 -0.45833333333333326 -0.51013798999999993 0.58571428571428574
decision_type=2 2 2 2 2 2 2 2 2 2 2 2
left_child=1 2 3 -1 7 -4 -6 -3 -2 10 -10 -11
right_child=8 4 5 -5 6 -7 -8 -9 9 11 -12 -13
leaf_value=0.00034010628009010303 -0.019733750988751839 0.011228487612964435 -0.0063989240773696873 -0.036162032844077478 -0.018576438303052192 0.030065427932588307 0.015654813858310981 -0.019909836620151646 0.025705664074508635 0.049014567204325503 -0.02822218689268792 0.0020682673783644977
leaf_weight=24.651132687926292 7.1368477642536154 220.08214546740055 142.19266256690025 59.279497414827347 67.881573259830475 16.803252875804901 19.872031763195992 17.609024792909622 9.6167098581790942 28.308516830205917 9.0932012200355512 7.3891524970531455
leaf_count=99 29 889 572 238 273 68 80 71 39 116 37 30
internal_value=-1.84661e-05 -0.0023588 -0.0102577 -0.0249746 0.00339748 -0.00206891 -0.0101723 0.00863842 0.0204876 0.0269269 0 0.0409807
internal_weight=629.916 568.371 242.927 83.9306 325.445 158.996 87.7536 237.691 61.5444 54.4076 18.7099 35.6977
internal_count=2541 2290 977 337 1313 640 353 960 251 222 76 146
is_linear=0
shrinkage=0.05


Tree=11
num_leaves=13
num_cat=0
split_feature=124 113 25 108 109 9 0 114 86 73 63 126
split_gain=10.6753 9.82499 11.1516 6.87204 7.64945 6.88606 6.72714 6.62761 5.31739 4.83015 4.55721 4.10656
threshold=0.63865803767138729 0.48711305965191981 7.9000000000000012 0.21907935906310502 0.29255768543639443 1.6370598333333335 0.41666666666666669 1.9989503597224301 -0.79999999999999993 0.58571428571428574 1.5500000000000003 0.17675291645022492
decision_type=2 2 2 2 2 2 2 2 2 2 2 2
left_child=1 3 11 5 -5 -1 -4 8 -2 -10 -9 -3
right_child=7 2 6 4 -6 -7 -8 10 9 -11 -12 -13
leaf_value=-0.039365455224424285 -0.0012423390905215716 0 -0.030067445188160593 0.011155572560794752 -0.034445631122291036 0.0012385471481866808 -0.002374239338149715 0.015680569383915256 0.047376065418147852 0 -0.032277483355262232 -0.047116405872815167
leaf_weight=14.67554712295532 8.1282507181167585 6.216035038232806 23.633809819817543 198.45596246421337 8.2070170640945417 24.604251831769943 270.04395453631878 9.0676784813404101 28.142321273684502 8.1146192848682386 7.8950165659189215 22.434062570333481
leaf_count=59 33 25 95 801 33 99 1088 37 116 33 32 90
internal_value=-8.39222e-06 -0.00223856 -0.00803175 0.00515318 0.00894673 -0.0132911 -0.00486701 0.0195524 0.0297078 0.0378355 -0.00441147 -0.0375273
internal_weight=629.619 568.271 322.328 245.943 206.663 39.2798 293.678 61.3479 44.3852 36.2569 16.9627 28.6501
internal_count=2541 2290 1298 992 834 158 1183 251 182 149 69 115
is_linear=0
shrinkage=0.05


Tree=12
num_leaves=14
num_cat=0
split_feature=124 27 23 46 18 25 88 34 74 111 126 9 127
split_gain=9.80388 7.84341 11.1157 7.71823 6.93588 6.21956 6.65593 6.21435 6.08566 3.86915 3.83966 3.65068 2.43685
threshold=0.58875585290567745 6.7000000000000002 1.9526015000000003 3.1666666666666674 12.700000000000001 17.700000000000006 -0.89118620000000004 4.2928571428571436 1.0000000180025095e-35 1.0534877110141743 0.25601165702606632 1.5200895000000003 0.51140578939688586
decision_type=2 2 2 2 2 2 2 2 2 2 2 2 2
left_child=1 3 12 8 7 6 -6 11 -1 -4 -9 -2 -3
right_child=4 2 9 -5 5 -7 -8 10 -10 -11 -12 -13 -14
leaf_value=-0.028157096915385996 0.045117202356838609 0.052538628171187568 0.0056245292097210084 0.036063599117166743 -0.016859596152262329 -0.022342656949377829 0.024103121977064455 -0.02143368330371501 -0.0052995453556053881 -0.039537520025554246 0.0056767258611063751 0 0.0064051266932350845
leaf_weight=32.368307739496231 7.8554415255784971 14.345030367374422 7.956172898411749 9.1890868693590146 8.8139697015285474 7.3886806368827811 100.70029835402966 34.214118734002113 369.32955773174763 6.7179274708032608 16.320498049259186 6.8996219485998154 7.2236125469207755
leaf_count=130 32 58 32 37 36 30 412 138 1486 27 66 28 29
internal_value=-2.24726e-05 -0.00408491 0.0175633 -0.00615382 0.00964234 0.0169496 0.0202312 -0.00274558 -0.00733089 -0.0130644 -0.0117677 0.0237664 0.0402718
internal_weight=629.322 447.13 36.2427 410.887 182.193 116.903 109.514 65.2897 401.698 14.6741 50.5346 14.7551 21.5686
internal_count=2541 1799 146 1653 742 478 448 264 1616 59 204 60 87
is_linear=0
shrinkage=0.05


Tree=13
num_leaves=13
num_cat=0
split_feature=124 39 125 92 3 113 17 25 114 102 42 63
split_gain=9.21642 8.99167 8.06291 7.46813 6.57362 6.26679 7.63065 7.17208 6.03549 4.89653 6.32401 4.17467
threshold=0.63865803767138729 9.5277777777777803 0.1949176190884242 -0.19999999999999998 2.2170428333333341 0.47736493271741315 1.8688759000000001 7.291666666666667 1.9989503597224301 8.5000000000000018 1.8333333333333337 1.5500000000000003
decision_type=2 2 2 2 2 2 2 2 2 2 2 2
left_child=1 5 4 -4 -3 7 -7 -1 9 10 -2 -10
right_child=8 2 3 -5 -6 6 -8 -9 11 -11 -12 -13
leaf_value=0.041417473253508995 0.04879056750439837 -0.018183807408725734 0.014559585850455865 -0.00044309527509681768 0.021119242250880806 -0.02640775299089549 0.014491244709187241 -0.0087481699718038406 0.014588104177871781 0 0 -0.031198595568456902
leaf_weight=8.441060006618498 25.605798199772835 73.682265117764473 121.73018458485603 237.24069811403751 10.437887802720068 79.687793418765068 10.956830710172651 25.844974860548973 9.0314967185258883 9.7570129483938199 8.7002871483564359 7.9110592454671851
leaf_count=34 106 296 492 958 42 320 44 104 37 40 36 32
internal_value=-1.13599e-05 -0.00208506 0.00115942 0.00453186 -0.0125287 -0.0139071 -0.0208142 0.00300914 0.0182127 0.0279821 0.0366893 -0.00455186
internal_weight=629.027 568.022 443.091 358.971 84.1202 124.931 90.6446 34.286 61.0057 44.0631 34.3061 16.9426
internal_count=2541 2290 1788 1450 338 502 364 138 251 182 142 69
is_linear=0
shrinkage=0.05


Tree=14
num_leaves=11
num_cat=0
split_feature=74 124 38 92 25 108 10 88 21 6
split_gain=8.74501 9.95762 7.84361 9.39037 7.32745 11.5778 7.51778 5.78453 5.94339 5.83162
threshold=1.0000000180025095e-35 0.63806037680568262 1.2233287500000001 -0.45833333333333326 13.900000000000002 0.30693882669255407 2.7217300000000004 0.20353730000000006 1.9000000000000001 4.416666666666667
decision_type=2 2 2 2 2 2 2 2 2 2
left_child=7 4 -3 -4 6 -6 -2 8 9 -1
right_child=1 2 3 -5 5 -7 -8 -9 -10 -11
leaf_value=0.011236116461110116 -0.0050689731824851078 -0.024589114235569094 0 0.043359935789879817 -0.0036227695124335471 0.02925091351904896 0.025851549006626652 -0.048105912613719395 0.022838982427494759 -0.033994338159809019
leaf_weight=7.9150507301092174 398.18846662342548 6.3797384351491919 18.351193591952324 33.609282627701759 54.095075875520706 47.643332928419113 19.283615782856941 12.956144779920576 9.4077319055795652 20.858967676758766
leaf_count=32 1605 26 75 140 218 193 78 52 38 84
internal_value=0 0.00168846 0.0211106 0.0280241 -0.000434147 0.0114199 -0.00346287 -0.0196897 -0.00778956 -0.0199137
internal_weight=628.689 577.551 58.3402 51.9605 519.21 101.738 417.472 51.1379 38.1818 28.774
internal_count=2541 2335 241 215 2094 411 1683 206 154 116
is_linear=0
shrinkage=0.05


Tree=15
num_leaves=12
num_cat=0
split_feature=106 74 128 38 92 17 34 2 10 101 58
split_gain=8.06274 8.48758 7.4147 9.31772 7.25291 6.35975 5.69514 7.54232 5.10561 5.69619 3.44773
threshold=2.2250000000000005 1.0000000180025095e-35 0.79666776183043575 1.5078632000000003 -0.12678571428571425 1.1481168000000002 5.2928571428571436 1.0031143333333337 1.1397323333333336 3.1180555555555558 0.90000000000000013
decision_type=2 2 2 2 2 2 2 2 2 2 2
left_child=5 8 4 -4 -3 10 7 -7 -2 -10 -1
right_child=1 2 3 -5 -6 6 -8 -9 9 -11 -12
leaf_value=-0.021561150550519159 0.0076527622928146384 0.0061514339400440265 -0.0023050133821349954 0.015750731787861804 -0.010879382715547756 -0.05167284828966652 -0.062585632095043475 0.012213944475019637 -0.014005988029292163 -0.064925055560529618 0.022648952690865008
leaf_weight=6.1983163803815833 11.156159192323683 112.70150174200535 109.84236419200897 181.61318071186543 133.05700919032097 6.2368850260973039 10.965983107686041 9.9577743709087354 29.511088162660599 7.7052351981401435 9.3849665969610196
leaf_count=25 45 454 445 740 535 25 44 40 119 31 38
internal_value=0 0.00146998 0.00336626 0.00879039 -0.00287338 -0.0207802 -0.0351203 -0.0110565 -0.0182186 -0.0272796 0.00180933
internal_weight=628.33 585.587 537.214 291.456 245.759 42.7439 27.1606 16.1947 48.3725 37.2163 15.5833
internal_count=2541 2369 2174 1185 989 172 109 65 195 150 63
is_linear=0
shrinkage=0.05


Tree=16
num_leaves=11
num_cat=0
split_feature=51 25 23 38 24 110 32 126 117 116
split_gain=7.86439 9.25846 10.5316 8.80071 7.0674 6.96673 6.45981 5.70047 5.65426 1.31859
threshold=3.1666666666666674 13.900000000000002 1.8694436000000005 0.89098390000000005 2.5196347000000001 0.32723401685971815 11.683333333333335 0.26573058091089308 65.300000000000026 -0.44139670101596745
decision_type=2 2 2 2 2 2 2 2 2 2
left_child=1 4 6 -4 5 -1 -3 9 -6 -2
right_child=7 2 3 -5 8 -7 -8 -9 -10 -11
leaf_value=-0.008290472798973993 -0.01396286540707894 -0.0014234145402282389 -0.044343633247842545 0.0071376120173272774 -0.011111859154775493 0.0041665321909142173 0.036745723571001331 0.0040674032618194253 0.03585475184082134 -0.060957629340124865
leaf_weight=289.10981142520905 6.7078005075454721 11.143233582377432 8.9397443830966932 47.828392311930656 6.6442567408084896 176.31839363276958 46.647949144244194 6.1948415338993064 20.060395538806915 8.420253798365593
leaf_count=1168 27 45 36 194 27 713 190 25 82 34
internal_value=-1.18266e-05 0.000979371 0.0137707 -0.000731307 -0.00191869 -0.00346537 0.0286365 -0.0292343 0.0223852 -0.045378
internal_weight=628.015 606.692 114.559 56.7681 492.133 465.428 57.7912 21.3229 26.7047 15.1281
internal_count=2541 2455 465 230 1990 1881 235 86 109 61
is_linear=0
shrinkage=0.05


Tree=17
num_leaves=12
num_cat=0
split_feature=39 127 3 111 25 95 38 87 115 2 6
split_gain=7.69378 8.97925 7.26171 12.0157 6.91173 6.7257 8.87614 7.6057 5.98523 6.28494 1.57365
threshold=9.5277777777777803 0.51140578939688586 1.3617186666666667 1.0584887847067712 12.500000000000002 -0.53560499999999989 2.4126795000000008 -0.81789509999999987 1.221427311355044 1.4346203333333336 6.166666666666667
decision_type=2 2 2 2 2 2 2 2 2 2 2
left_child=5 2 4 -4 -2 10 7 -7 -3 -10 -1
right_child=1 8 3 -5 -6 6 -8 -9 9 -11 -12
leaf_value=-0.013340841797160986 -0.0058581226209889689 0.024357899944147873 0.0082445824583294424 0.047522192536072975 0.011545208619146645 -0.038470584178697934 0.036040518995769585 -0.0038942689669691334 -0.02504622971899767 0 -0.063348666255279254
leaf_weight=6.9600388109683973 144.22158700227737 9.6773360818624479 126.05335555970669 23.550010085105896 92.219451144337654 19.630209058523178 9.8199321627616865 91.593123912811279 54.226406559348106 43.403487533330917 6.4530060142278671
leaf_count=28 584 39 512 96 375 79 40 369 218 175 26
internal_value=-1.48334e-05 0.00279818 0.00643255 0.015034 0.000739182 -0.01065 -0.00626239 -0.0107307 -0.00975371 -0.0138546 -0.0435946
internal_weight=627.808 493.352 386.044 149.603 236.441 134.456 121.043 111.223 107.307 97.6299 13.413
internal_count=2541 1999 1567 608 959 542 488 448 432 393 54
is_linear=0
shrinkage=0.05


Tree=18
num_leaves=12
num_cat=0
split_feature=106 74 124 114 107 23 9 81 35 17 23
split_gain=7.21298 7.49989 7.80125 8.50803 6.94425 5.9066 4.83006 6.04853 4.76697 6.26746 1.52107
threshold=2.2250000000000005 1.0000000180025095e-35 0.63865803767138729 1.9989503597224301 1.0000000180025095e-35 0.93435750000000006 1.0713286666666668 -0.23822150000000006 1.5357142857142858 1.1195648000000002 0.93435750000000006
decision_type=2 2 2 2 2 2 2 2 2 2 2
left_child=5 6 4 -4 -3 -1 10 -8 9 -7 -2
right_child=1 2 3 -5 -6 8 7 -9 -10 -11 -12
leaf_value=-0.04790858570067251 -0.015123536019319523 -0.028743152756626578 0.034202763499088705 -0.0068818214748659597 0.0023233551598214686 0.043157453745821174 0.021153515699648115 -0.021105586899409459 -0.031615859894056915 -0.011063203650858807 -0.061808872145060673
leaf_weight=12.423598334193228 8.6732345074415189 17.588475301861763 37.316186130046844 15.63909377157688 465.95408679544926 7.1354278326034608 11.859734550118445 21.588061034679413 10.686105713248251 12.439801529049872 6.1881179809570304
leaf_count=50 35 71 157 64 1882 29 48 87 43 50 25
internal_value=-1.40375e-05 0.00136791 0.00315652 0.02124 0.00103316 -0.01969 -0.0171426 -0.00449102 -0.00534364 0.0074078 -0.0403864
internal_weight=627.492 584.807 536.498 52.9553 483.543 42.6849 48.3091 33.4478 30.2613 19.5752 14.8614
internal_count=2541 2369 2174 221 1953 172 195 135 122 79 60
is_linear=0
shrinkage=0.05


Tree=19
num_leaves=14
num_cat=0
split_feature=39 127 17 68 82 126 31 78 16 39 115 124 96
split_gain=6.94278 7.89207 7.08956 9.06408 6.57989 8.3863 6.71925 9.40196 7.99162 6.26484 5.42205 5.00065 3.35128
threshold=9.5277777777777803 0.51140578939688586 0.61778940000000004 0.31666666666666671 0.30268200000000012 0.21440210010696548 1.4717119500000002 -0.33333333333333331 1.1671162000000002 12.633333333333335 1.221427311355044 0.59897426200554571 0.31937280000000007
decision_type=2 2 2 2 2 2 2 2 2 2 2 2 2
left_child=4 2 9 -4 6 -6 7 -1 -8 -2 -3 -12 -7
right_child=1 10 3 -5 5 12 8 -9 -10 -11 11 -13 -14
leaf_value=-0.03408782482405092 -0.044576582683070694 0.023309630301485713 0.011657620938606917 -0.0076569876309988977 0.0041498885814757218 -0.066229085874355206 -0.014690041973142604 0.0016635176374905744 0.031114624001393743 0.0088444355798857083 -0.017225993736753636 0.01646855961966593 -0.012591117836977726
leaf_weight=29.563140451908112 11.640579730272295 9.6596354544162732 294.48699142038822 72.446237593889236 8.8787300735712069 11.918888568878176 13.408730983734129 39.850412786006927 22.773705452680588 6.8968785703182212 87.339012056589127 10.277260482311247 7.9355469793081275
leaf_count=119 47 39 1198 294 36 48 54 161 92 28 351 42 32
internal_value=-3.47355e-05 0.00263522 0.00605135 0.00769786 -0.0101453 -0.0311813 -0.00371337 -0.0131207 0.0128567 -0.0227067 -0.00912054 -0.0130405 -0.0488201
internal_weight=627.076 492.747 385.471 366.933 134.329 28.7332 105.596 69.4136 36.1824 18.5375 107.276 97.6163 19.8544
internal_count=2541 1999 1567 1492 542 116 426 280 146 75 432 393 80
is_linear=0
shrinkage=0.05


Tree=20
num_leaves=10
num_cat=0
split_feature=51 40 124 10 124 100 106 126 10
split_gain=7.04015 7.56456 9.03252 8.27929 5.23509 5.61795 5.38656 4.99443 1.2873
threshold=3.1666666666666674 3.7250000000000005 0.65165739014084612 2.4764516666666672 0.46934208318610854 0.34848484848484856 3.1750000000000003 0.26573058091089308 1.2244930000000003
decision_type=2 2 2 2 2 2 2 2 2
left_child=1 2 3 -1 6 -6 -3 8 -2
right_child=7 4 -4 -5 5 -7 -8 -9 -10
leaf_value=-0.011602329407925098 -0.012284484245995937 0 0.039582984916647565 0.016375622582101054 0.0044869023393771931 0.021958156134269154 -0.0391365976649704 0.0030842292258912904 -0.057928943119597315
leaf_weight=205.59984520077705 6.7059844583272961 39.644805461168289 9.1613724827766401 28.084921255707741 253.07109707593918 59.429138839244843 10.422798186540602 6.1828163266181937 8.4121669530868513
leaf_count=829 27 160 39 114 1029 242 42 25 34
internal_value=-3.66612e-05 0.000898288 -0.00581735 -0.00797136 0.00553754 0.0080284 -0.00888296 -0.0277005 -0.0428027
internal_weight=626.715 605.414 242.846 233.685 362.568 312.5 50.0676 21.301 15.1182
internal_count=2541 2455 982 943 1473 1271 202 86 61
is_linear=0
shrinkage=0.05


Tree=21
num_leaves=14
num_cat=0
split_feature=112 11 100 124 37 102 127 34 17 122 23 92 98
split_gain=6.83596 8.5899 10.2374 8.18748 11.1029 9.98727 6.51227 8.3779 7.33394 7.20201 5.50376 4.16526 3.84214
threshold=0.51288694034808036 8.4166666666666696 0.34848484848484856 0.55511614402170695 0.8810159500000001 5.5000000000000009 0.68395335010408875 4.9500000000000011 0.96160780000000023 55.750000000000007 1.7358550000000001 -1.0416666666666665 0.19999999999999982
decision_type=2 2 2 2 2 2 2 2 2 2 2 2 2
left_child=1 2 11 4 -3 -5 7 9 -9 -2 -8 -1 -4
right_child=6 3 12 5 -6 -7 10 8 -10 -11 -12 -13 -14
leaf_value=0 0.028436275607107493 -0.046317787003405053 0.039281427049992601 -0.010656470875670889 -0.0034904336928122909 0.018526897379201487 -0.04958178836646631 0.018874879707943604 -0.0034659068365360413 -0.018937206812770307 0.0042674005496477979 -0.037679455041942672 -0.0075592914539002803
leaf_weight=7.363696187734603 62.342902705073357 16.427281334996223 6.9377749413251859 41.479609236121178 148.90691091120243 84.556237354874611 8.4505046308040601 47.926975846290588 139.80345740914345 7.1713234037160865 6.2084984779357901 42.667336985468864 6.1750423014163971
leaf_count=30 253 66 28 169 600 346 34 195 569 29 25 172 25
internal_value=-2.98733e-05 -0.00467747 -0.0212784 -0.000848323 -0.00829915 0.0085205 0.00584148 0.0078684 0.00204249 0.0226407 -0.024766 -0.0317934 0.0147078
internal_weight=626.418 354.514 63.1439 291.37 165.334 126.036 271.904 257.245 187.73 69.5142 14.659 50.031 13.1128
internal_count=2541 1436 255 1181 666 515 1105 1046 764 282 59 202 53
is_linear=0
shrinkage=0.05


Tree=22
num_leaves=12
num_cat=0
split_feature=106 124 82 89 17 46 27 17 34 2 26
split_gain=6.50486 5.82426 7.5481 9.84458 8.60251 5.83681 6.28243 5.43209 5.27941 5.60535 2.1168
threshold=2.2250000000000005 0.59257872827267033 0.017714666666666771 -0.34958539999999977 1.2322920000000004 3.1666666666666674 6.5500000000000007 0.92953420000000009 5.0500000000000007 1.0031143333333337 4.2250000000000005
decision_type=2 2 2 2 2 2 2 2 2 2 2
left_child=7 5 3 -3 -4 6 -2 -1 9 -9 -10
right_child=1 2 4 -5 -6 -7 -8 8 10 -11 -12
leaf_value=0.01413271187338986 -0.004903402427870799 -0.00080855278023528538 -0.023404656837918005 0.032742764664806752 0.011058741102316957 0.034136587993778757 0.015165214794254643 -0.0395014944427819 -0.063502113565281029 0.013145352047763226 -0.012369811339311259
leaf_weight=7.6063784807920447 373.51182599365711 32.041804701089859 28.26154200732708 52.6866714656353 45.408707603812218 9.8839607983827573 41.691479980945587 6.9447717666626003 9.9034284055233019 11.398248896002768 6.7028730660676947
leaf_count=31 1506 132 116 218 188 40 169 28 40 46 27
internal_value=-3.95656e-05 0.00126964 0.00946996 0.01961 -0.00162895 -0.00168373 -0.00273654 -0.0187551 -0.0274977 -0.00521382 -0.0475781
internal_weight=626.042 583.486 158.399 84.7285 73.6702 425.087 415.203 42.5557 34.9493 18.343 16.6063
internal_count=2541 2369 654 350 304 1715 1675 172 141 74 67
is_linear=0
shrinkage=0.05


Tree=23
num_leaves=11
num_cat=0
split_feature=51 25 110 124 113 82 38 85 30 70
split_gain=6.48957 6.86304 8.28444 6.80033 7.12797 6.61118 5.8828 5.5717 4.81678 0.795074
threshold=3.1666666666666674 13.900000000000002 0.43281625927441153 0.63941238447349968 0.48254000133895703 -0.034261333333333248 1.3446391500000001 -0.20000000000000009 1.3155788625000002 1.5857142857142861
decision_type=2 2 2 2 2 2 2 2 2 2
left_child=1 3 8 4 -1 -2 -4 -5 -3 -7
right_child=5 2 6 7 -6 9 -8 -9 -10 -11
leaf_value=0.004331272768835796 0.008933360196597899 -0.0055115802213646196 -0.01419421564608574 0 -0.00852492370368493 -0.020402790841812721 0.018078227730037585 0.033378519872379733 0.031218669767023983 -0.064253477989387547
leaf_weight=169.07268053293228 6.4198690652847317 7.8474969863891593 34.928180679678917 20.407601654529572 278.3377932459116 8.6679984927177411 21.958128824830055 22.832251995801926 49.032268315553665 6.1879684925079337
leaf_count=685 26 32 141 85 1123 35 90 97 202 25
internal_value=-3.50931e-05 0.000860283 0.0119221 -0.00162192 -0.00355634 -0.0266128 -0.000776178 0.0168917 0.0252796 -0.0447217
internal_weight=625.692 604.416 113.766 490.65 447.41 21.2758 56.8863 43.2399 56.8798 14.856
internal_count=2541 2455 465 1990 1808 86 231 182 234 60
is_linear=0
shrinkage=0.05


Tree=24
num_leaves=12
num_cat=0
split_feature=2 74 95 124 81 109 95 128 5 124 109
split_gain=6.17376 7.03446 6.3644 6.8071 4.88196 4.21752 4.09756 4.01669 3.96994 2.76156 1.7977
threshold=0.74763000000000013 1.0000000180025095e-35 0.62848714999999999 0.61129693691496423 0.098504500000000009 0.29038950609021558 -0.41932090000000005 0.81882225729139757 3.1666666666666674 0.47879396057437057 0.25816061760109515
decision_type=2 2 2 2 2 2 2 2 2 2 2
left_child=5 4 3 -3 6 7 -2 8 -1 -4 -6
right_child=1 2 9 -5 10 -7 -8 -9 -10 -11 -12
leaf_value=-0.057063988529766962 -0.031382234119144675 -0.0011888950932080985 0 0.012625996067241619 -0.047708777262922823 0.010391381703963606 0.0070574541104164411 0 -0.00054805552951599061 0.043620405164127914 -0.0035361294714266116
leaf_weight=12.648334160447126 8.3953927606344241 410.65051202476025 6.4471152722835567 111.37723089754581 12.329185992479326 6.2083552777767173 22.677948132157326 9.3948338925838453 6.4481617212295523 12.520558625459669 6.1799994260072699
leaf_count=51 34 1659 26 464 50 25 92 38 26 51 25
internal_value=-3.39776e-05 0.00110462 0.002846 0.00168149 -0.0165878 -0.0203012 -0.00242389 -0.0288103 -0.0414456 0.0307023 -0.0364602
internal_weight=625.278 590.578 540.995 522.028 49.5825 34.6997 31.0733 28.4913 19.0965 18.9677 18.5092
internal_count=2541 2401 2200 2123 201 140 126 115 77 77 75
is_linear=0
shrinkage=0.05


Tree=25
num_leaves=12
num_cat=0
split_feature=106 51 93 20 17 17 34 126 22 58 114
split_gain=5.91944 5.77811 7.04287 7.52035 6.38507 4.97211 5.15251 4.18737 3.71248 3.11198 1.49061
threshold=2.2250000000000005 3.1666666666666674 1.0500000000000005 4.7083333333333348 0.68809189999999998 1.1481168000000002 5.2928571428571436 0.26573058091089308 1.5500000000000003 0.90000000000000013 1.5301917917988523
decision_type=2 2 2 2 2 2 2 2 2 2 2
left_child=5 2 4 -4 -2 9 8 10 -7 -1 -3
right_child=1 7 3 -5 -6 6 -8 -9 -10 -11 -12
leaf_value=-0.020268798385826351 -0.021659723392533383 -0.007844718500078866 -0.017450135343878438 0.036288593401566982 0.0021607215251484252 0.0088071505039246708 -0.056674508881767165 0.0036187669357999244 -0.034770114849932039 0.021798249833483135 -0.053494247193328397
leaf_weight=6.1482430398464194 28.653366878628731 6.4621381014585522 6.4305713772773734 26.896107852458954 499.74553416669369 9.1900721639394813 10.874828055500982 6.1824207901954642 6.9075416773557654 9.3062189519405347 8.1054464578628522
leaf_count=25 116 26 26 110 2033 37 44 25 28 38 33
internal_value=-4.11108e-05 0.00120433 0.00226102 0.0242565 0.000736095 -0.0179251 -0.0306802 -0.0238913 -0.00790757 0.00180931 -0.0382607
internal_weight=624.902 582.476 561.726 33.3267 528.399 42.4269 26.9724 20.75 16.0976 15.4545 14.5676
internal_count=2541 2369 2285 136 2149 172 109 84 65 63 59
is_linear=0
shrinkage=0.05


Tree=26
num_leaves=12
num_cat=0
split_feature=74 2 95 76 81 95 112 16 42 57 109
split_gain=5.60805 6.3822 5.83288 6.13239 4.8557 4.55087 9.63853 3.97982 2.72264 2.67471 1.70572
threshold=1.0000000180025095e-35 0.74763000000000013 0.62848714999999999 2.3666666666666671 0.098504500000000009 -0.49985681111111135 0.51675535978846521 1.0680081000000001 0.83333333333333337 2.4500000000000006 0.25816061760109515
decision_type=2 2 2 2 2 2 2 2 2 2 2
left_child=4 7 3 -3 5 -1 -7 8 -2 -4 -6
right_child=1 2 9 -5 10 6 -8 -9 -10 -11 -12
leaf_value=-0.038507844606288893 -0.022726930906948408 0.00027346186581335896 0.041635004043162248 0.02611172736258642 -0.046491189723975659 -0.015321882768099149 0.044483056342771735 -0.051957870114176276 0.0064683189167466862 0 -0.0033060154377008303
leaf_weight=6.1586729139089575 14.111505746841432 498.27082668244839 12.785416558384897 23.325487941503525 12.533690944314005 16.278229042887691 9.5865939259529096 6.9181073307991019 12.372271195054052 6.1113656163215628 6.1784255504608145
leaf_count=25 57 2028 52 95 51 66 39 28 50 25 25
internal_value=-5.41467e-05 0.00128463 0.00269049 0.00157236 -0.0158963 -0.00210384 0.00581389 -0.0194277 -0.00752961 0.0294102 -0.0356598
internal_weight=624.631 573.895 540.493 521.596 50.7356 32.0235 25.8648 33.4019 26.4838 18.8968 18.7121
internal_count=2541 2335 2200 2123 206 130 105 135 107 77 76
is_linear=0
shrinkage=0.05


Tree=27
num_leaves=12
num_cat=0
split_feature=106 74 82 76 124 23 10 101 66 105 13
split_gain=5.37113 5.52113 6.0495 8.93455 7.30005 4.8453 4.40233 5.04895 4.11227 3.96319 0.429428
threshold=2.2250000000000005 1.0000000180025095e-35 0.30928733333333308 1.828571428571429 0.52979769132143839 0.93435750000000006 1.1397323333333336 3.1180555555555558 1.9500000000000002 1.0000000180025095e-35 4.166666666666667
decision_type=2 2 2 2 2 2 2 2 2 2 2
left_child=5 6 4 -4 -3 10 -2 -8 9 -7 -1
right_child=1 2 3 -5 -6 8 7 -9 -10 -11 -12
leaf_value=-0.014798653016537456 0.0091750436578210918 -0.0017885365117282063 -0.013625219526275821 0.018639129856652569 0.011492241665407379 0 -0.010899266848062309 -0.058828104659630044 0.026014872264373507 -0.042362323934077462 -0.057770440026141345
leaf_weight=6.1239000856876356 11.094349831342695 174.59011337161064 100.84447515010834 25.20732456445694 233.45115089416504 15.825058102607732 29.245708242058754 7.5913975089788428 6.595222905278205 7.6604055762290946 6.1380516886711121
leaf_count=25 45 704 410 103 957 64 119 31 27 31 25
internal_value=-5.52769e-05 0.00112696 0.00267458 -0.00668366 0.00569703 -0.0171104 -0.0147984 -0.0233916 -0.00398378 -0.0151685 -0.0428136
internal_weight=624.367 582.025 534.093 126.052 408.041 42.3426 47.9315 36.8371 30.0807 23.4855 12.262
internal_count=2541 2369 2174 513 1661 172 195 150 122 95 50
is_linear=0
shrinkage=0.05


Tree=28
num_leaves=14
num_cat=0
split_feature=112 25 34 122 128 18 108 111 126 127 87 80 37
split_gain=5.29445 7.66273 6.1355 8.25514 6.09109 5.79762 8.57331 5.09677 4.9644 4.83385 4.31289 2.80877 4.88287
threshold=0.51288694034808036 8.1000000000000014 4.9500000000000011 55.750000000000007 0.85979709365348145 11.100000000000001 0.4412398343973894 1.053338064408059 0.13034038308799703 0.58926115357405051 0.49528980000000006 -1.1203603333333334 0.95863160000000014
decision_type=2 2 2 2 2 2 2 2 2 2 2 2 2
left_child=1 11 3 9 10 6 -4 -7 -6 -2 -3 -1 -13
right_child=2 4 5 -5 8 7 -8 -9 -10 -11 -12 12 -14
leaf_value=0 0.029414210613661753 -0.00041344022066515493 -0.046700488820116938 -0.023246845923224516 -0.0058079220326550489 0.013792272442260415 0.013707050273941607 -0.0033349232205802772 0.030561577823563724 -0.0025945557726596048 -0.015385392717185073 -0.01261588025165418 -0.059105085477468969
leaf_weight=7.3534933030605307 56.290032908320427 216.26117499172688 13.819713696837427 9.1250842958688718 11.36990551650524 70.597152858972549 7.4221609681844702 102.20029626786709 23.898015230894089 11.164867877960203 63.832796305418015 20.024770423769954 10.616995856165884
leaf_count=30 230 876 56 37 46 289 30 418 101 45 259 81 43
internal_value=-7.16273e-05 -0.00417558 0.00509861 0.0169915 -0.00141681 8.55083e-05 -0.0236781 0.00341387 0.0176211 0.0234253 -0.00404599 -0.0251677 -0.0316629
internal_weight=623.976 353.357 270.619 76.58 315.362 194.039 21.2419 172.797 35.2679 67.4549 280.094 37.9953 30.6418
internal_count=2541 1436 1105 312 1282 793 86 707 147 275 1135 154 124
is_linear=0
shrinkage=0.05


Tree=29
num_leaves=12
num_cat=0
split_feature=24 87 80 113 11 20 34 117 34 30 81
split_gain=5.13362 5.68631 7.28224 7.20323 5.643 7.7711 6.23633 4.92026 4.79191 4.38827 0.597784
threshold=2.5442510000000005 -0.85230290000000031 -1.0849331666666664 0.49224759615384622 15.16666666666667 4.7083333333333348 5.6333333333333337 68.40000000000002 3.9500000000000006 1.5628651000000002 -0.12938966666666682
decision_type=2 2 2 2 2 2 2 2 2 2 2
left_child=1 2 8 -4 6 -6 -3 9 -1 -2 -9
right_child=7 4 3 -5 5 -7 -8 10 -10 -11 -12
leaf_value=0.03130453044051891 0.027323421982050775 0.0034920210765550085 -0.0020784104752301748 -0.063702075820344636 -0.0092740952705592256 0.021964996815130998 -0.0081224004224260231 0.014982041973686404 -0.011923552555736856 -0.025721321189890102 0.058942120605277398
leaf_weight=7.6122458428144482 6.5526228845119494 244.47992014884949 10.575237378478052 11.589542374014853 26.054768592119217 60.702538445591927 212.62786345183849 6.4858435094356537 23.89962762594223 7.0595777928829193 5.9623170197010023
leaf_count=31 27 993 43 47 106 250 866 27 97 29 25
internal_value=-8.85408e-05 -0.0011309 -0.0165213 -0.0378177 0.000323819 0.0120148 -0.00180733 0.0211227 0 0 0.0425729
internal_weight=623.602 597.542 53.6767 22.1648 543.865 86.7573 457.108 26.0604 31.5119 13.6122 12.4482
internal_count=2541 2433 218 90 2215 356 1859 108 128 56 52
is_linear=0
shrinkage=0.05


Tree=30
num_leaves=11
num_cat=0
split_feature=51 82 39 95 38 96 124 46 6 66
split_gain=5.30624 5.98178 5.96918 6.03855 6.8788 5.90624 5.94634 5.1759 1.41235 0.88746
threshold=3.1666666666666674 -0.034261333333333248 9.5277777777777803 -0.53560499999999989 2.4126795000000008 -0.47453424999999999 0.61129693691496423 1.8333333333333337 6.166666666666667 1.267857142857143
decision_type=2 2 2 2 2 2 2 2 2 2
left_child=2 -2 3 8 -5 7 -7 -4 -1 -3
right_child=1 9 5 4 -6 6 -8 -9 -10 -11
leaf_value=-0.010910029384040279 0.0094394891702351616 -0.060673342003413004 -0.027347024905348224 -0.0083026468986240956 0.033222696376016894 0.0019548998009953984 0.016472629265980091 0.010296385865360082 -0.058110388762948696 -0.017669592258551681
leaf_weight=6.9127877056598646 6.3962253779172924 6.1905663162469855 26.268974661827087 110.0759541541338 9.6579769253730756 340.1004339158535 92.025094404816628 10.733332172036169 6.4303764700889587 8.5926661044359189
leaf_count=28 26 25 107 446 40 1378 386 44 26 35
internal_value=-7.67723e-05 -0.0241646 0.000726158 -0.00847459 -0.00429157 0.00345496 0.00519292 -0.0151284 -0.0396085 -0.0415488
internal_weight=623.384 21.1795 602.205 133.077 119.734 469.128 432.126 37.0023 13.3432 14.7832
internal_count=2541 86 2455 540 486 1915 1764 151 54 60
is_linear=0
shrinkage=0.05


Tree=31
num_leaves=11
num_cat=0
split_feature=2 125 87 40 38 51 109 128 5 24
split_gain=5.00924 4.97217 6.09292 6.04217 7.77182 6.01132 3.7383 3.65195 3.55697 0.937506
threshold=0.74763000000000013 0.092551471427598564 -0.10390900000000013 4.0500000000000007 1.5968639 3.1666666666666674 0.29038950609021558 0.81882225729139757 3.1666666666666674 0.99042330000000012
decision_type=2 2 2 2 2 2 2 2 2 2
left_child=6 2 -2 4 -3 -5 7 8 -1 -4
right_child=1 3 9 5 -6 -7 -8 -9 -10 -11
leaf_value=-0.053396743350065071 -0.05663653131227861 -0.013870698640535421 -0.013542887197639167 0.0093995515305407493 0.0028428687436297399 -0.019957168184231551 0.010298221707981576 0 0 0.011937080979640505
leaf_weight=12.543553188443189 7.1522279679775265 104.94868582487106 6.1987894773483259 254.2430876493454 192.94435878098011 16.80284509062767 6.1898295581340781 9.3553856909275037 6.4334175735712043 6.1823152154684067
leaf_count=51 29 425 25 1042 787 68 25 38 26 25
internal_value=-8.17018e-05 0.000936739 -0.0230586 0.00188731 -0.0029048 0.00732919 -0.0183875 -0.0264965 -0.0385729 0
internal_weight=622.994 588.472 19.5333 568.939 297.893 271.046 34.5222 28.3324 18.977 12.3811
internal_count=2541 2401 79 2322 1212 1110 140 115 77 50
is_linear=0
shrinkage=0.05


Tree=32
num_leaves=14
num_cat=0
split_feature=100 106 95 88 15 3 84 23 46 103 87 37 126
split_gain=4.85899 5.85622 6.63669 8.1966 5.05593 4.69734 4.6926 4.67621 4.54634 5.36139 4.47145 4.43419 0.960224
threshold=0.34848484848484856 2.2250000000000005 -0.73130279999999981 0.21669330000000001 0.77500000000000013 1.3526980000000002 0.75000000000000022 1.0510795000000002 1.8333333333333337 8.5000000000000018 -0.091490200000000063 1.4984713500000002 0.25637475967658346
decision_type=2 2 2 2 2 2 2 2 2 2 2 2 2
left_child=1 7 5 -4 6 -3 -2 12 9 -6 -10 -9 -1
right_child=4 2 3 -5 8 -7 -8 11 10 -11 -12 -13 -14
leaf_value=-0.062843054970047857 0.0035826427618023552 -0.043920924854765037 0.0046601452604756351 -0.010568932910406928 0.028184913058574852 0 -0.045744167963780634 0.011735305679493149 0.016449942861887445 -0.002859064782473694 -0.02021360916779873 -0.028635194628243127 -0.014483822140496759
leaf_weight=6.326731935143469 9.0353672355413419 13.724708169698717 333.08925707638264 118.65511825680733 53.020779713988304 6.8356515765190116 6.3987472355365744 12.784519508481027 14.967484146356584 14.739290133118628 15.843556657433508 11.090286433696745 6.0869098454713821
leaf_count=26 37 56 1359 484 217 28 26 52 61 60 65 45 25
internal_value=-9.19294e-05 -0.00226572 -0.00064879 0.000535131 0.00910628 -0.0277988 -0.0153642 -0.0213879 0.0135558 0.0207616 -0.000874063 -0.00540475 -0.0457057
internal_weight=622.598 508.593 472.305 451.744 114.005 20.5604 15.4341 36.2884 98.5711 67.7601 30.811 23.8748 12.4136
internal_count=2541 2075 1927 1843 466 84 63 148 403 277 126 97 51
is_linear=0
shrinkage=0.05


Tree=33
num_leaves=13
num_cat=0
split_feature=10 72 82 112 106 99 123 93 124 82 84 6
split_gain=4.59114 6.12584 5.83244 8.15282 6.95617 11.3078 6.6289 5.53733 6.33607 5.16586 4.95242 3.49158
threshold=2.3946698333333338 1.6500000000000001 0.30928733333333308 0.48071775552691592 2.5750000000000006 0.26136363636363641 0.46777165789688252 -0.37083333333333329 0.55534133618843073 0.88602250000000016 0.75000000000000022 4.166666666666667
decision_type=2 2 2 2 2 2 2 2 2 2 2 2
left_child=2 7 4 10 5 -1 -6 11 -9 -5 -4 -2
right_child=1 -3 3 9 6 -7 -8 8 -10 -11 -12 -13
leaf_value=0.015430437927544531 0.027244864878442882 -0.027550325731127142 -0.044431885685634921 -0.0096999357471109632 -0.0098407772701945249 -0.018737229609688398 0.0086855072683962083 0.0082286561781082374 0.05417374993424471 0.017248726159581267 0 -0.012115132301806907
leaf_weight=31.222474366426468 6.9923765212297466 6.8619101643562308 22.946768701076511 79.224685177206993 56.558619096875191 85.706252902746201 250.99619135260582 20.711862802505493 15.169575423002241 21.051916286349297 6.8835958540439597 18.051712363958359
leaf_count=128 29 28 93 323 228 349 1027 84 64 86 28 74
internal_value=-0.000104574 0.011993 -0.00169217 -0.0109454 0.00104555 -0.00913626 0.00509567 0.017627 0.0299507 -0.00343423 -0.0336426 0
internal_weight=622.378 67.7874 554.591 130.107 424.484 116.929 307.555 60.9255 35.8814 100.277 29.8304 25.0441
internal_count=2541 279 2262 530 1732 477 1255 251 148 409 121 103
is_linear=0
shrinkage=0.05


Tree=34
num_leaves=10
num_cat=0
split_feature=74 95 95 38 52 88 21 6 22
split_gain=4.57668 5.1408 5.71079 6.80392 5.58887 4.61129 4.36962 5.06915 2.07407
threshold=1.0000000180025095e-35 0.62848714999999999 0.14718889999999987 2.1098540500000005 0.83333333333333337 0.26851580000000003 1.9000000000000001 4.416666666666667 1.4500000000000002
decision_type=2 2 2 2 2 2 2 2 2
left_child=5 2 3 -2 -4 6 7 -1 -3
right_child=1 8 4 -5 -6 -7 -8 -9 -10
leaf_value=0.012892594704661538 0.00035355459710002769 0.046132670894607056 0.008159394593626754 0.019157410008420545 -0.015425295840778931 -0.043017592563400285 0.020503071479295629 -0.028541801483380952 0.0061900580991395455
leaf_weight=8.3382160663604754 373.19220930337906 7.5750389546155956 30.454376935958862 55.307897254824638 93.391990408301353 10.517695948481558 10.00638525187969 21.554094135761261 11.705259308218954
leaf_count=34 1524 31 124 228 380 43 41 88 48
internal_value=-9.19175e-05 0.00111045 0.000111386 0.002936 -0.00920632 -0.0144534 -0.00483331 -0.0153223 0.0258495
internal_weight=622.043 571.627 552.346 428.5 123.846 50.4164 39.8987 29.8923 19.2803
internal_count=2541 2335 2256 1752 504 206 163 122 79
is_linear=0
shrinkage=0.05


Tree=35
num_leaves=11
num_cat=0
split_feature=2 127 87 35 96 82 13 16 128 128
split_gain=4.5926 5.66727 7.87797 5.76347 5.32922 9.95271 9.00173 3.7518 4.10235 5.13947
threshold=0.74763000000000013 0.70179774807957929 -0.13487030000000008 1.8944444444444446 -0.52723879999999979 -0.26592533333333329 6.166666666666667 1.0680081000000001 0.74968161985788184 0.81882225729139757
decision_type=2 2 2 2 2 2 2 2 2 2
left_child=7 4 -3 -4 6 -6 -2 8 -1 -10
right_child=1 2 3 -5 5 -7 -8 -9 9 -11
leaf_value=0.018969962830028414 -0.032276107458848589 -0.053145955907738657 0.033790947558183598 -0.024091520942880532 0.013708576120966671 -0.0010598708018722039 0.023749507061691474 -0.049366600041384982 -0.041547880438706469 0.0045509737444173783
leaf_weight=8.1213937997818011 25.024196460843086 10.319836646318437 6.7286256104707709 8.6207587569951993 161.06802578270435 367.60053609311581 8.0458420962095243 6.8656998425722113 11.071739286184313 8.3631506860256177
leaf_count=33 102 42 27 35 659 1503 33 28 45 34
internal_value=-6.50439e-05 0.000907029 -0.0214564 0 0.00205411 0.00336258 -0.0168807 -0.0176222 -0.00651034 -0.020012
internal_weight=621.83 587.408 25.6692 15.3494 561.739 528.669 33.07 34.422 27.5563 19.4349
internal_count=2541 2401 104 62 2297 2162 135 140 112 79
is_linear=0
shrinkage=0.05


Tree=36
num_leaves=11
num_cat=0
split_feature=51 82 39 38 127 88 124 95 0 91
split_gain=4.49385 5.39651 5.17186 7.77482 10.4078 7.39754 5.23256 6.53108 5.76378 0.950536
threshold=3.1666666666666674 -0.034261333333333248 11.050000000000002 1.6079194000000003 0.2792771391027361 -0.61778649999999979 0.46934208318610854 0.17649445000000022 1.5833333333333337 -1.8999999999999992
decision_type=2 2 2 2 2 2 2 2 2 2
left_child=2 -2 3 4 -1 -5 7 -4 -8 -3
right_child=1 9 6 5 -6 -7 8 -9 -10 -11
leaf_value=-0.031549750617703924 0.0093889645146854155 -0.051600850518257114 0 -0.027406349909626329 0.00099179106507486705 0.0053240519602086684 0.00053030329891487807 -0.044031672178565344 0.015104634894030744 -0.0093124835000086888
leaf_weight=49.472755298018456 6.3851511627435711 8.6042781472206116 37.925799146294594 18.188821732997894 42.206282079219818 157.12839175760746 152.13118024170399 9.861534044146536 133.49125476181507 6.1168886423110935
leaf_count=200 26 35 154 74 171 642 623 40 551 25
internal_value=-7.0436e-05 -0.0222799 0.000662911 -0.00441634 -0.01618 0.00150858 0.00488096 -0.00984693 0.00754528 -0.0389198
internal_weight=621.512 21.1063 600.406 266.996 91.679 175.317 333.41 47.7873 285.622 14.7212
internal_count=2541 86 2455 1087 371 716 1368 194 1174 60
is_linear=0
shrinkage=0.05


Tree=37
num_leaves=13
num_cat=0
split_feature=100 114 11 41 31 90 38 15 54 87 91 118
split_gain=4.30322 8.65488 5.74281 5.81642 5.54443 8.10227 6.59048 4.5881 5.91471 8.22748 4.36064 3.71994
threshold=0.34848484848484856 1.5091081586315898 7.166666666666667 4.4722222222222232 0.78535846000000009 1.2750000000000004 2.2575630785714291 0.77500000000000013 0.90000000000000013 -0.25613659999999999 0.55000000000000027 59.800000000000004
decision_type=2 2 2 2 2 2 2 2 2 2 2 2
left_child=1 2 -1 -4 5 -3 -6 10 9 -9 -2 -10
right_child=7 4 3 -5 6 -7 -8 8 11 -11 -12 -13
leaf_value=-0.046381251799528699 0.0078802749573963181 0.039086900809252575 0.0028132862250572956 -0.018315641850874625 -0.0021247614391035358 -0.010952225133910871 0.024452556427861708 0.017825393947332541 0 -0.033212729180029349 -0.039081549882465844 0.027082691790181662
leaf_weight=11.494325056672094 7.2979876697063437 21.164355710148815 52.003690421581268 71.89972710609436 316.65288591384888 10.12144787609577 24.157580554485321 15.404849365353586 15.987294003367422 13.511036038398741 8.112182289361952 53.315414935350418
leaf_count=47 30 87 211 292 1296 41 101 63 65 55 33 220
internal_value=-7.367e-05 -0.00212555 -0.0129444 -0.00909575 0.00170134 0.021512 -2.85815e-05 0.00859295 0.0128577 -0.00466402 -0.0146694 0.0208421
internal_weight=621.123 507.494 135.398 123.903 372.096 31.2858 340.81 113.629 98.2186 28.9159 15.4102 69.3027
internal_count=2541 2075 550 503 1525 128 1397 466 403 118 63 285
is_linear=0
shrinkage=0.05


Tree=38
num_leaves=13
num_cat=0
split_feature=106 88 34 81 81 117 81 97 17 34 2 88
split_gain=4.24646 4.59403 11.9272 8.44061 7.29816 7.20336 6.93457 6.07887 4.47532 4.57481 4.39039 0.773664
threshold=2.2250000000000005 0.21669330000000001 7.2928571428571436 0.4544295000000001 0.25464883333333332 68.40000000000002 0.2811225 1.235714285714286 0.92953420000000009 5.0500000000000007 1.0031143333333337 -0.066837200000000027
decision_type=2 2 2 2 2 2 2 2 2 2 2 2
left_child=8 3 4 6 -3 -5 -2 -4 -1 10 -10 -11
right_child=1 2 7 5 -6 -7 -8 -9 9 11 -12 -13
leaf_value=0.014497711632439958 0.0036132748977196409 -0.03129977535842321 0.040332635221327955 -0.046678281931647768 -0.0040991668899654264 0.004831258618756184 0.031492622846707181 -0.010678074199981643 -0.033821467036187151 -0.060039647493075901 0.013244509969804603 -0.019330637583183704
leaf_weight=7.5008051544427863 387.35748581588268 37.789127230644226 17.040497079491619 13.94730480015278 83.910397708415985 9.2377495467662794 23.478815749287605 6.1342785060405722 6.8234700262546566 7.0046281963586834 11.33499328792095 9.3010396361350995
leaf_count=31 1586 154 70 57 343 38 96 25 28 29 46 38
internal_value=-6.83916e-05 0.000974621 -0.00658589 0.00362256 -0.013139 -0.0247365 0.00540055 0.0248788 -0.015308 -0.0234307 -0.00267403 -0.0421666
internal_weight=620.861 578.896 144.874 434.021 121.7 23.1851 410.836 23.1748 41.9649 34.4641 18.1585 16.3057
internal_count=2541 2369 592 1777 497 95 1682 95 172 141 74 67
is_linear=0
shrinkage=0.05


Tree=39
num_leaves=11
num_cat=0
split_feature=112 11 100 85 109 107 82 96 24 98
split_gain=4.07868 6.57308 8.12753 6.82138 5.59131 6.53281 5.57158 5.01805 3.91361 3.49053
threshold=0.51288694034808036 8.4166666666666696 0.34848484848484856 -1.7499999999999998 0.29255768543639443 1.0000000180025095e-35 0.81669400000000036 0.0051848500000001305 1.4942267000000002 0.19999999999999982
decision_type=2 2 2 2 2 2 2 2 2 2
left_child=1 2 8 -3 5 -2 -7 -5 -1 -4
right_child=4 3 9 7 -6 6 -8 -9 -10 -11
leaf_value=-0.055174834935084564 -0.032697125358130151 -0.044928684329891812 0.037283445124921565 0.0066936565651090326 -0.032634136368935543 0.0054516827910526143 0.036346595192551477 -0.0067107360138638564 -0.017381007531734643 -0.0073550216197527012
leaf_weight=11.077511757612227 9.0462703555822355 7.3653212934732428 6.8828808665275556 162.33005058765411 8.4100211411714536 235.91822978854179 15.524716362357138 119.41486187279224 38.485683634877205 6.1275130063295364
leaf_count=45 37 30 28 662 34 970 64 489 157 25
internal_value=-7.27008e-05 -0.00369123 -0.0182654 -0.000312433 0.00447074 0.00598012 0.0076937 0.000831856 -0.027741 0.0136668
internal_weight=620.583 351.684 62.5736 289.11 268.899 260.489 251.443 281.745 49.5632 13.0104
internal_count=2541 1436 255 1181 1105 1071 1034 1151 202 53
is_linear=0
shrinkage=0.05


Tree=40
num_leaves=11
num_cat=0
split_feature=74 95 95 17 121 81 95 112 20 64
split_gain=4.05272 4.69548 4.96854 6.93911 5.31708 4.29764 3.79126 8.08479 2.28536 1.16543
threshold=1.0000000180025095e-35 0.62848714999999999 0.14718889999999987 0.58124830000000005 38.32500000000001 0.098504500000000009 -0.49985681111111135 0.51675535978846521 5.5500000000000007 1.3666666666666669
decision_type=2 2 2 2 2 2 2 2 2 2
left_child=5 2 3 -2 -4 6 -1 -8 -3 -7
right_child=1 8 4 -5 -6 9 7 -9 -10 -11
leaf_value=-0.034430878815682013 -0.033835140053161759 0.00045085278448868735 0.0039377035340777541 0.0039223728753141679 -0.016662037685751373 -0.0081705550654631726 -0.012708831995442413 0.042076712698219942 0.040621853759894411 -0.044893704028742175
leaf_weight=6.0569097101688412 11.33303816616535 9.2346664071083087 46.092510655522346 415.97357505559921 77.527683481574059 8.2970279604196566 16.162053793668751 9.4857105910778028 9.947784945368765 10.184786915779112
leaf_count=25 46 38 189 1706 315 34 66 39 41 42
internal_value=-8.59412e-05 0.00104109 8.1969e-05 0.00272757 -0.00861012 -0.0136358 -0.000607896 0.00649565 0.024741 -0.0322397
internal_weight=620.296 570.109 550.927 427.307 123.62 50.1865 31.7047 25.6478 19.1825 18.4818
internal_count=2541 2335 2256 1752 504 206 130 105 79 76
is_linear=0
shrinkage=0.05


Tree=41
num_leaves=10
num_cat=0
split_feature=51 82 93 81 17 17 90 11 91
split_gain=3.98176 4.97098 4.84869 7.75023 4.82388 6.66998 6.20101 3.76989 0.828043
threshold=3.1666666666666674 -0.034261333333333248 1.0500000000000005 0.4544295000000001 0.68809189999999998 0.94768325999999992 1.2750000000000004 12.16666666666667 -1.8999999999999992
decision_type=2 2 2 2 2 2 2 2 2
left_child=2 -2 4 7 6 -6 -1 -4 -3
right_child=1 8 3 -5 5 -7 -8 -9 -10
leaf_value=-0.00071965039590599458 0.0091517618988846659 -0.0491894175778212 0 -0.016413852327276962 0.014561303483850391 -0.0015587266756099739 -0.049212571463187131 0.042879140747986627 -0.0086046293354558375
leaf_weight=21.16292288899422 6.3735561817884472 8.5463309586048126 6.5546169430017498 9.2870345562696439 73.254450365900993 458.60857628285885 10.34828110039234 19.801780134439468 6.0953041762113545
leaf_count=86 26 35 27 38 301 1879 42 82 25
internal_value=-8.63661e-05 -0.0210377 0.000599172 0.0182599 -0.000459961 0.000590841 -0.0192065 0.0324587 -0.0371209
internal_weight=620.033 21.0152 599.018 35.6434 563.374 531.863 31.5112 26.3564 14.6416
internal_count=2541 86 2455 147 2308 2180 128 109 60
is_linear=0
shrinkage=0.05


Tree=42
num_leaves=12
num_cat=0
split_feature=24 74 91 82 82 6 106 117 30 15 81
split_gain=3.96113 4.38182 5.46562 4.97819 7.93853 4.37673 4.25162 4.08449 4.00118 2.88114 0.795701
threshold=2.5442510000000005 1.0000000180025095e-35 1.6653345369377351e-16 0.30928733333333308 0.39794449999999998 6.416666666666667 2.3250000000000006 68.40000000000002 1.5628651000000002 1.1000000000000003 -0.12938966666666682
decision_type=2 2 2 2 2 2 2 2 2 2 2
left_child=1 2 5 6 -5 -1 -3 8 -2 -4 -9
right_child=7 3 9 4 -6 -7 -8 10 -10 -11 -12
leaf_value=0.0092662812103209338 0.025826045384179597 -0.011207412843389424 -0.057815877497883722 -0.034064537224657764 -0.0017546534043703902 -0.032923613340069095 0.0047211265736219477 0.011240908598865069 -0.025073835652117106 -0.0094671898642038066 0.05504052602215307
leaf_weight=22.371888428926471 6.4354648292064685 44.723503246903419 8.4089352041482943 23.551159337162971 102.844551846385 7.243620589375495 375.21923223137856 6.3541058301925659 7.022333100438118 9.8263711482286435 5.7874888181686384
leaf_count=92 27 184 35 96 420 30 1536 27 29 40 25
internal_value=-9.50199e-05 -0.00101836 -0.0153799 0.000173935 -0.00838753 -0.000158066 0.00288338 0.0186896 0 -0.0362085 0.038523
internal_weight=619.789 594.189 47.8508 546.338 126.396 29.6155 419.943 25.5994 13.4578 18.2353 12.1416
internal_count=2541 2433 197 2236 516 122 1720 108 56 75 52
is_linear=0
shrinkage=0.05


Tree=43
num_leaves=11
num_cat=0
split_feature=2 127 87 125 127 109 24 5 37 31
split_gain=3.96078 4.90728 7.31323 5.09318 6.70354 3.38316 3.4367 3.46453 3.24902 2.871
threshold=0.74763000000000013 0.70179774807957929 -0.13487030000000008 0.14525175446775973 0.58741128593725611 0.29038950609021558 1.1793418000000002 2.8333333333333335 1.9271491000000001 1.4522117999999999
decision_type=2 2 2 2 2 2 2 2 2 2
left_child=5 3 -3 9 -5 6 -1 -8 -4 -2
right_child=1 2 8 4 -6 -7 7 -9 -10 -11
leaf_value=0.0017225342811126238 0.049711669097797312 -0.05076136588071789 0.020236541112618332 0.0020585816150081242 -0.027546546335656688 0.01075824251275825 -0.050945902591074267 -0.004440997556824625 -0.023591128535978081 0.0031996087746437641
leaf_weight=6.1197767257690456 7.6314213871955898 10.238463655114176 9.1789898872375471 523.46390007436275 18.730059921741486 6.1537986844778052 12.170293569564821 9.8062807321548444 6.1047378629446021 9.8831149190664274
leaf_count=25 31 42 37 2150 76 25 50 40 25 40
internal_value=-9.95631e-05 0.000798252 -0.0200625 0.00187274 0.000894997 -0.0164464 -0.0242882 -0.0334673 0 0.0277568
internal_weight=619.481 585.231 25.5222 559.708 542.194 34.2501 28.0964 21.9766 15.2837 17.5145
internal_count=2541 2401 104 2297 2226 140 115 90 62 71
is_linear=0
shrinkage=0.05


Tree=44
num_leaves=8
num_cat=0
split_feature=33 2 96 82 13 124 121
split_gain=3.88158 5.004 4.71195 7.80115 7.53866 3.55725 3.49683
threshold=2.5500000000000003 0.74763000000000013 -0.52723879999999979 -0.26592533333333329 6.166666666666667 0.47934335265142924 40.940000000000012
decision_type=2 2 2 2 2 2 2
left_child=-1 5 4 -4 -3 -2 -7
right_child=1 2 3 -5 -6 6 -8
leaf_value=0.033807579171625288 0.0030889316834247604 -0.031451612823739164 0.010720029101574007 -0.0022288713797334828 0.018002378307523072 -0.041155215905417541 0
leaf_weight=7.2808157801628104 8.5219590067863447 25.457104101777077 164.20039215683937 381.32381680607796 8.7230975329875928 16.843125805258754 6.8569893836975089
leaf_count=30 35 104 675 1564 36 69 28
internal_value=-9.23892e-05 -0.000631813 0.000364596 0.00158969 -0.0172563 -0.0195345 -0.0294893
internal_weight=619.207 611.926 579.704 545.524 34.1802 32.2221 23.7001
internal_count=2541 2511 2379 2239 140 132 97
is_linear=0
shrinkage=0.05


Tree=45
num_leaves=15
num_cat=0
split_feature=10 87 115 36 96 34 34 103 124 34 88 62 20 117
split_gain=3.73945 6.08223 7.09093 7.01378 6.54737 5.91771 8.56733 4.52863 7.56476 5.94441 4.36975 5.11549 3.33173 2.96708
threshold=2.3946698333333338 -0.81789509999999987 1.5091081586315898 1.6833333333333336 0.1725047499999999 5.6333333333333337 6.7750000000000012 9.5000000000000018 0.58024271845771558 8.5500000000000025 0.25340750000000017 0.36666666666666675 7.7750000000000012 71.700000000000003
decision_type=2 2 2 2 2 2 2 2 2 2 2 2 2 2
left_child=1 2 3 -1 -4 10 13 9 -9 -3 11 -2 -8 -7
right_child=5 7 4 -5 -6 6 12 8 -10 -11 -12 -13 -14 -15
leaf_value=-0.025080750717753193 0.047610551999799244 0.00086744636784533309 -0.043681841137853158 0.04050812261100864 0.0055738945633059724 -0.04192904892557018 0.045180492186719247 -0.018819629659538328 0.010519622023383647 0.028919455722980061 0 0 0 0
leaf_weight=6.1100696921348554 19.377668201923374 390.16356787085533 24.892731532454494 7.5331560224294662 6.5499284118413916 10.942946732044225 7.1116904914379102 68.482550546526909 28.985320255160332 19.174574345350266 9.7186529636383039 6.2876433432102194 6.4934040755033493 7.1756835877895346
leaf_count=25 81 1600 102 31 27 45 30 278 120 79 40 26 27 30
internal_value=-7.99377e-05 -0.00152123 -0.018913 0.00801301 -0.0320245 0.0108874 -0.00344819 0 -0.00956862 0.00237061 0.0248557 0.035393 0.0237366 -0.0266501
internal_weight=619 551.892 45.0859 13.6432 31.4427 67.1077 31.7237 506.806 97.4679 409.338 35.384 25.6653 13.6051 18.1186
internal_count=2541 2262 185 56 129 279 132 2077 398 1679 147 107 57 75
is_linear=0
shrinkage=0.05


Tree=46
num_leaves=13
num_cat=0
split_feature=100 114 94 95 6 11 76 114 124 90 87 94
split_gain=3.64832 7.40039 5.12018 6.3483 5.22742 4.89173 4.31441 7.04725 5.77069 4.08543 3.9384 3.46993
threshold=0.34848484848484856 1.5091081586315898 0.68933365000000013 -0.5763594999999998 7.8333333333333348 7.166666666666667 1.8819444444444446 1.5237986680144238 0.59143973288306084 -0.25000000000000006 0.4896521000000002 -0.57831450000000018
decision_type=2 2 2 2 2 2 2 2 2 2 2 2
left_child=1 5 3 -3 -4 -1 7 9 -9 -2 -7 -8
right_child=6 2 4 -5 -6 10 11 8 -10 -11 -12 -13
leaf_value=-0.043059268040514249 0 -0.023130397097811606 -0.02054926300657544 0.0064677601537486834 0.0071071381873571253 -0.003570861713293827 0 -0.019160317543514493 0.011424298757653426 0.034587595020792269 -0.027515245048429511 0.045352789628807372
leaf_weight=11.38864593207836 14.641415804624556 17.777776807546616 45.083065941929817 284.46392570436001 23.112019285559654 101.82252648472786 5.9882290363311794 37.396819993853569 22.867499247193336 20.678078189492226 21.875927060842514 11.51822108030319
leaf_count=47 60 73 185 1172 95 414 25 152 96 85 89 48
internal_value=-6.29183e-05 -0.00196176 0.00157865 0.00449138 -0.0104864 -0.011978 0.00792963 0.00302929 -0.0067417 0.0208044 -0.00839306 0.0303739
internal_weight=618.614 505.524 370.437 302.242 68.1951 135.087 113.09 95.5838 60.2643 35.3195 123.698 17.5065
internal_count=2541 2075 1525 1245 280 550 466 393 248 145 503 73
is_linear=0
shrinkage=0.05


Tree=47
num_leaves=14
num_cat=0
split_feature=113 11 85 34 32 122 124 103 125 113 88 102 9
split_gain=3.5531 5.68885 6.08131 5.4887 7.06566 6.91836 5.17543 5.15676 4.30184 6.04507 5.28346 4.2771 3.4548
threshold=0.48711305965191981 8.4166666666666696 -1.7499999999999998 4.9500000000000011 11.563492063492065 55.750000000000007 0.55511614402170695 4.5000000000000009 0.37125095145326431 0.5114213933713404 0.47168590000000016 10.500000000000002 1.4275493333333336
decision_type=2 2 2 2 2 2 2 2 2 2 2 2 2
left_child=3 8 -3 5 12 11 -4 -6 9 -2 -10 -1 -5
right_child=1 2 6 4 7 -7 -8 -9 10 -11 -12 -13 -14
leaf_value=0.028113024510925816 -0.034183056981850604 -0.042494106462690195 -0.0049108780553218179 -0.046031896751731811 0.018894385894663759 -0.021277853180579218 0.0087002169770835462 -0.0014978147889183231 -0.033910899105030673 0.022515780727158971 0.0054977158688433829 0 0
leaf_weight=51.972331747412682 6.0779048502445248 7.3380678743123999 160.00771428644657 10.804349184036257 37.85424679517746 9.0377967059612256 120.90000456571579 137.42856922745705 35.577512308955193 12.511885836720465 8.0766313821077329 14.669875577092169 6.072885423898696
leaf_count=215 25 30 649 44 157 37 502 567 146 51 33 60 25
internal_value=-6.1977e-05 -0.00345 -0.000291971 0.00418188 -7.39187e-05 0.0154999 0.000779926 0.00270467 -0.0170481 0.000627175 -0.0255402 0.0214676 -0.0302656
internal_weight=618.33 350.49 288.246 267.84 192.16 75.68 280.908 175.283 62.2439 18.5898 43.6541 66.6422 16.8772
internal_count=2541 1436 1181 1105 793 312 1151 724 255 76 179 275 69
is_linear=0
shrinkage=0.05


Tree=48
num_leaves=11
num_cat=0
split_feature=24 87 80 113 74 10 96 95 36 34
split_gain=3.61032 4.28419 6.41066 5.75362 4.18022 4.80165 4.34691 4.06374 4.14226 3.83386
threshold=2.5442510000000005 -0.85230290000000031 -1.0849331666666664 0.49224759615384622 1.0000000180025095e-35 1.1397323333333336 0.61371850000000028 -0.30824903571428564 2.2678571428571432 3.9500000000000006
decision_type=2 2 2 2 2 2 2 2 2 2
left_child=1 2 9 -4 5 -3 -6 -2 -9 -1
right_child=7 4 3 -5 6 -7 -8 8 -10 -11
leaf_value=0.029361732224166714 -0.0078054591198124055 0.0098303807102790731 -0.0019020849003541602 -0.057922522795405343 0.0025947726446769424 -0.02468118279876718 -0.024831349589998334 0.046995050690205237 0 -0.0096311904598732068
leaf_weight=7.4733788371086147 7.3134950101375606 11.4734890460968 10.505038872361185 11.392613559961317 482.80689188838005 31.622497648000717 13.650765746831892 11.901294633746149 6.1538526117801657 23.575895488262177
leaf_count=31 31 47 43 47 1981 131 56 51 26 97
internal_value=-7.36417e-05 -0.000957993 -0.0144141 -0.034488 0.000294195 -0.0143447 0.00169174 0.0179378 0.0308518 0
internal_weight=617.869 592.501 52.9469 21.8977 539.554 43.096 496.458 25.3686 18.0551 31.0493
internal_count=2541 2433 218 90 2215 178 2037 108 77 128
is_linear=0
shrinkage=0.05


Tree=49
num_leaves=10
num_cat=0
split_feature=51 82 93 81 17 17 63 115 70
split_gain=3.59312 4.52048 4.46288 6.95636 4.393 5.77643 5.65761 3.50674 0.789927
threshold=3.1666666666666674 -0.034261333333333248 1.0500000000000005 0.4544295000000001 0.68809189999999998 0.94768325999999992 1.1000000000000003 2.4328117907984321 1.5857142857142861
decision_type=2 2 2 2 2 2 2 2 2
left_child=2 -2 4 7 6 -6 -1 -4 -3
right_child=1 8 3 -5 5 -7 -8 -9 -10
leaf_value=-0.044332991578112407 0.0085066792791448666 -0.013586032681073884 0.042020310041021587 -0.015074325944297718 0.013594020299824547 -0.0014395616974558307 0 0 -0.053249561749528655
leaf_weight=11.75719027221203 6.3508032709360149 8.5540406703948957 18.856443181633953 9.2833125591278058 72.900614857673645 456.88724584877491 19.673121497035027 7.2966320216655722 5.9735914319753638
leaf_count=48 26 35 79 38 301 1879 80 30 25
internal_value=-7.8509e-05 -0.0200477 0.000568976 0.0175634 -0.000444481 0.000556624 -0.0183577 0.0311184 -0.0354943
internal_weight=617.533 20.8784 596.655 35.4364 561.218 529.788 31.4303 26.1531 14.5276
internal_count=2541 86 2455 147 2308 2180 128 109 60
is_linear=0
shrinkage=0.05


Tree=50
num_leaves=9
num_cat=0
split_feature=95 95 17 32 123 106 20 84
split_gain=3.50388 5.94765 5.64137 5.58113 5.78003 4.87547 2.95497 2.04328
threshold=0.62848714999999999 0.14718889999999987 0.58124830000000005 10.450000000000001 0.65045334761624873 2.5750000000000006 5.5500000000000007 -0.33333333333333359
decision_type=2 2 2 2 2 2 2 2
left_child=1 2 -1 7 -5 -4 -2 -3
right_child=6 3 5 4 -6 -7 -8 -9
leaf_value=-0.030479153128276051 0 0 -0.0057070717832719527 -0.018300647672099487 0.013727081816972096 0.0058955256015809435 0.03638384286968932 0.032905891598270828
leaf_weight=12.00972907245159 10.365670606493952 6.1337227076292038 119.52377328276634 104.14872863888741 13.700888678431509 332.70242817699909 10.843306079506872 7.8199707120656949
leaf_count=49 43 25 492 426 57 1372 45 32
internal_value=-8.51987e-05 -0.000890681 0.00168299 -0.0102765 -0.0140723 0.0027128 0.0193209 0.0172352
internal_weight=617.248 596.039 464.236 131.803 117.85 452.226 21.209 13.9537
internal_count=2541 2453 1913 540 483 1864 88 57
is_linear=0
shrinkage=0.05


Tree=51
num_leaves=8
num_cat=0
split_feature=33 2 96 37 60 124 121
split_gain=3.41917 4.37311 4.19535 5.14783 4.67742 3.25921 3.24281
threshold=2.5500000000000003 0.74763000000000013 -0.52723879999999979 1.2392244000000001 0.26666666666666672 0.47934335265142924 40.940000000000012
decision_type=2 2 2 2 2 2 2
left_child=-1 5 3 -3 -4 -2 -7
right_child=1 2 4 -5 -6 6 -8
leaf_value=0.031854626201776537 0.0032043879182944088 -0.04546965490095331 0.020068168246878598 -0.0013699288806465558 0.0002473530049857835 -0.03921048071600134 0
leaf_weight=7.2217705100774756 8.4798741787672025 9.7109393477439863 31.019796848297119 24.354323700070381 512.74221670627594 16.711808189749721 6.8289584368467322
leaf_count=30 35 40 128 100 2111 69 28
internal_value=-7.26369e-05 -0.0005841 0.000341895 -0.0163055 0.00150461 -0.0183126 -0.0279156
internal_weight=617.07 609.848 577.827 34.0653 543.762 32.0206 23.5408
internal_count=2541 2511 2379 140 2239 132 97
is_linear=0
shrinkage=0.05


Tree=52
num_leaves=14
num_cat=0
split_feature=100 114 31 90 94 46 50 109 15 54 87 39 84
split_gain=3.35022 6.55068 4.8604 6.44268 6.33482 4.57061 6.63765 6.60954 3.99238 4.98574 7.46409 4.00296 3.94477
threshold=0.34848484848484856 1.5091081586315898 0.78535846000000009 1.2750000000000004 0.7600317000000002 1.8333333333333337 1.0000000180025095e-35 0.23678547156988597 0.77500000000000013 0.90000000000000013 -0.25613659999999999 9.5277777777777803 0.75000000000000022
decision_type=2 2 2 2 2 2 2 2 2 2 2 2 2
left_child=1 5 3 -3 -4 7 -7 -1 12 10 -10 -11 -2
right_child=8 2 4 -5 -6 6 -8 -9 9 11 -12 -13 -14
leaf_value=-0.025102749517279067 0.0029943032265951621 0.035948332815879676 0.0024081835846789471 -0.008431796726633474 -0.017358229684001084 0 -0.044804176514685115 0.0026406121660487798 0.017098871944230595 -0.0018331411217307235 -0.031598440877541205 0.025092462937288659 -0.042022368480853244
leaf_weight=28.406731382012367 8.9439741224050504 20.845379203557972 292.54346790909767 10.072621941566466 45.943921253085136 15.668600752949713 20.38216669857502 70.344123065471649 15.257566526532175 13.734203636646269 13.498495787382124 54.863191947340965 6.3685377538204184
leaf_count=116 37 87 1208 41 189 64 83 287 63 56 55 229 26
internal_value=-6.27349e-05 -0.00188732 0.00144163 0.0201123 -0.000170719 -0.0113215 -0.0266573 -0.00501046 0.00760758 0.0116375 -0.00437369 0.0190343 -0.0140915
internal_weight=616.873 504.207 369.405 30.918 338.487 134.802 36.0508 98.7509 112.666 97.3535 28.7561 68.5974 15.3125
internal_count=2541 2075 1525 128 1397 550 147 403 466 403 118 285 63
is_linear=0
shrinkage=0.05


Tree=53
num_leaves=12
num_cat=0
split_feature=106 17 18 2 86 95 88 34 81 3 103
split_gain=3.36595 3.97129 4.58899 4.30444 4.06146 3.8811 5.09315 9.57214 8.16312 4.77028 1.06679
threshold=2.2250000000000005 0.92953420000000009 12.100000000000001 0.91875466666666672 0.33333333333333348 -0.73130279999999981 0.21669330000000001 7.2928571428571436 0.4544295000000001 1.3526980000000002 6.5000000000000009
decision_type=2 2 2 2 2 2 2 2 2 2 2
left_child=1 -1 3 -3 -4 9 8 -8 -7 10 -2
right_child=5 2 4 -5 -6 6 7 -9 -10 -11 -12
leaf_value=0.014332889676852848 -0.0072393026549750807 -0.030346750403624091 -0.053426385339041253 0.021149466399432403 0 0.0066219187051071455 -0.011972175567158275 0.022212942913639303 -0.023083032171542731 0.0084189630595113661 -0.045060949120916377
leaf_weight=7.4238276630640021 7.2807276248931947 5.928635671734809 12.250930815935137 8.7928743809461576 7.120345175266265 382.85653315484524 121.0406339019537 22.888294830918312 23.023357406258583 8.2065473496913892 9.7298232764005643
leaf_count=31 30 25 51 36 29 1578 497 95 95 34 40
internal_value=-6.84097e-05 -0.0137166 -0.0214837 0 -0.0368546 0.000852287 0.00182799 -0.00607513 0.00476144 -0.0177721 -0.0329497
internal_weight=616.543 41.5166 34.0928 14.7215 19.3713 575.026 549.809 143.929 405.88 25.2171 17.0106
internal_count=2541 172 141 61 80 2369 2265 592 1673 104 70
is_linear=0
shrinkage=0.05


Tree=54
num_leaves=12
num_cat=0
split_feature=10 81 1 11 20 99 12 4 18 117 44
split_gain=3.311 5.69093 6.74399 4.01559 8.57114 5.99363 4.65295 5.91592 4.66926 4.16509 3.43343
threshold=2.6273750000000002 0.43964833333333336 1.8333333333333337 14.833333333333334 4.5500000000000007 0.73863636363636376 5.166666666666667 17.833333333333339 18.100000000000005 66.300000000000011 1.0000000180025095e-35
decision_type=2 2 2 2 2 2 2 2 2 2 2
left_child=3 2 10 6 9 -6 8 -8 -1 -5 -2
right_child=1 -3 -4 4 5 -7 7 -9 -10 -11 -12
leaf_value=0.00078760807857153065 0.0081082946209160289 -0.01935149947682023 -0.010169712483916446 -0.047029943931877566 0.021488566717437162 -0.021953621253000179 -0.020976423044440175 0.021188866886390226 -0.016365572469215262 -0.00011695647279856732 0.058809250182096033
leaf_weight=371.83064161241055 8.6513508409261757 7.1443463563919059 6.9384535104036322 6.7737366110086468 68.355646833777428 7.0345299243926993 59.471116200089455 7.6720703691244116 42.991837933659554 17.968109264969826 11.37467749416828
leaf_count=1527 37 30 29 28 286 29 244 32 177 74 48
internal_value=-7.64891e-05 0.0147446 0.0259354 -0.0010545 0.00787238 0.0165462 -0.00302511 -0.0151844 -0.000904971 -0.016231 0.0407115
internal_weight=616.207 34.1088 26.9645 582.098 100.132 75.3902 481.966 67.1432 414.822 24.7418 20.026
internal_count=2541 144 114 2397 417 315 1980 276 1704 102 85
is_linear=0
shrinkage=0.05


Tree=55
num_leaves=10
num_cat=0
split_feature=95 95 17 32 108 4 22 24 117
split_gain=3.22058 5.11672 5.11565 5.06429 5.21403 4.29366 2.8176 3.59067 1.91297
threshold=0.62848714999999999 0.14718889999999987 0.58124830000000005 10.450000000000001 0.58457207966148739 11.16666666666667 1.4500000000000002 1.8234961999999999 68.40000000000002
decision_type=2 2 2 2 2 2 2 2 2
left_child=1 2 -1 8 -5 -4 -2 -8 -3
right_child=6 3 5 4 -6 -7 7 -9 -10
leaf_value=-0.02911060317861467 0.040610563243502845 0 -0.0058590944153902339 -0.020955209731239849 0 0.0053492832848532883 -0.018824058983347498 0.029480061592815743 0.032818281602521794
leaf_weight=11.992436230182646 7.8919356465339687 6.6413464546203596 109.28979752957821 75.77603705227375 41.928643822669983 341.93667748570442 7.2689727842807752 5.9575346559286118 7.2675461173057556
leaf_count=49 33 27 449 311 172 1415 30 25 30
internal_value=-7.81764e-05 -0.000853915 0.00152956 -0.00956795 -0.0131986 0.00251703 0.0185619 0 0.0166278
internal_weight=615.951 594.832 463.219 131.614 117.705 451.226 21.1184 13.2265 13.9089
internal_count=2541 2453 1913 540 483 1864 88 55 57
is_linear=0
shrinkage=0.05


Tree=56
num_leaves=13
num_cat=0
split_feature=68 112 24 38 39 38 38 101 110 91 33 74
split_gain=3.12541 5.59118 5.92942 8.71814 3.8503 7.34914 6.51685 5.72953 5.27242 6.8966 5.33604 0.433242
threshold=0.41428571428571431 0.53617788461538474 1.7788838 1.4294776500000002 10.950000000000001 1.6079194000000003 1.2932246500000002 3.8660714285714293 0.48565277282276925 -1.3666666666666663 5.4500000000000011 0.23611111111111113
decision_type=2 2 2 2 2 2 2 2 2 2 2 2
left_child=4 2 3 -2 5 6 -1 -7 9 -6 -10 -4
right_child=1 -3 11 -5 8 7 -8 -9 10 -11 -12 -13
leaf_value=0.0036530546430133212 -0.033814996538439369 0.018086869952088618 -0.019254861975881207 0.028284514811995773 0.03256618754562994 0.0048776488132966471 -0.025288884266799146 -0.032713608369665699 0 0.0051555737485052336 -0.032881671979358172 -0.064926593063741073
leaf_weight=24.703195467591286 11.041812866926195 8.6741078048944456 6.353313595056532 9.2890384495258314 26.420190066099167 150.72925387322903 57.185830622911453 9.6829520016908628 88.277886569499969 203.52170372009277 13.476838633418081 6.4049875289201736
leaf_count=100 45 36 26 38 110 623 234 40 363 844 56 26
internal_value=-6.57784e-05 -0.0131788 -0.0231317 -0.00310224 0.000822607 -0.00385101 -0.0160161 0.00211015 0.00438824 0.00864892 -0.00474377 -0.04887
internal_weight=615.761 41.7633 33.0892 20.3309 573.998 242.301 81.889 160.412 331.697 229.942 101.755 12.7583
internal_count=2541 171 135 83 2370 997 334 663 1373 954 419 52
is_linear=0
shrinkage=0.05


Tree=57
num_leaves=10
num_cat=0
split_feature=51 93 81 82 34 3 90 11 11
split_gain=3.24359 4.17021 6.21896 4.1146 4.05608 5.22486 5.20813 3.42863 0.776878
threshold=3.1666666666666674 1.0500000000000005 0.4544295000000001 -0.034261333333333248 4.6333333333333337 1.4882733333333333 0.19999999999999987 12.16666666666667 14.833333333333334
decision_type=2 2 2 2 2 2 2 2 2
left_child=1 4 7 -2 6 -6 -1 -3 -5
right_child=3 2 -4 8 5 -7 -8 -9 -10
leaf_value=0 0.0078712316287991354 0 -0.013633274828630941 -0.046208677247204184 -0.00668527361987059 0.0050071060589624797 0.021254936206841307 0.039994734241932874 -0.0075506047691727019
leaf_weight=87.453506276011467 6.3362048864364651 6.4840759783983257 9.2617364525794965 8.0345929563045484 293.34840846061707 135.9691586792469 42.692428052425385 19.447109594941139 6.3639265596866599
leaf_count=360 26 27 38 34 1208 563 177 82 26
internal_value=-6.86426e-05 0.000542298 0.0170287 -0.0191092 -0.000434096 -0.00286296 0.00715757 0.0299363 -0.0339694
internal_weight=615.391 594.656 35.1929 20.7347 559.464 429.318 130.146 25.9312 14.3985
internal_count=2541 2455 147 86 2308 1771 537 109 60
is_linear=0
shrinkage=0.05


Tree=58
num_leaves=8
num_cat=0
split_feature=33 2 127 87 125 124 121
split_gain=3.10143 3.75708 3.95723 7.08365 4.48706 2.99206 3.03349
threshold=2.5500000000000003 0.74763000000000013 0.70179774807957929 -0.13487030000000008 0.14525175446775973 0.47934335265142924 40.940000000000012
decision_type=2 2 2 2 2 2 2
left_child=-1 5 4 -4 -3 -2 -7
right_child=1 2 3 -5 -6 6 -8
leaf_value=0.030431376579839575 0.0034646858092308992 0.025757901555032658 -0.050195031422912019 0 0.00035153493266051211 -0.037294428041028942 0
leaf_weight=7.1744363754987708 8.4435978680849093 17.168459594249725 9.6175824701786059 15.184628784656523 534.17504504323006 16.598356828093532 6.8136847913265219
leaf_count=30 35 70 40 62 2207 69 28
internal_value=-6.10471e-05 -0.000552339 0.000299909 -0.0187202 0.0012784 -0.017028 -0.0263061
internal_weight=615.176 608.001 576.146 24.8022 551.344 31.8556 23.412
internal_count=2541 2511 2379 102 2277 132 97
is_linear=0
shrinkage=0.05


Tree=59
num_leaves=10
num_cat=0
split_feature=24 3 87 100 74 95 117 111 94
split_gain=3.05294 4.07146 5.19027 5.10412 4.25665 3.81202 4.38444 3.75076 3.76383
threshold=2.5442510000000005 2.3590733333333334 -0.81789509999999987 0.36931818181818188 1.0000000180025095e-35 -0.30824903571428564 65.750000000000014 1.0507815254248154 -0.3700788499999999
decision_type=2 2 2 2 2 2 2 2 2
left_child=1 2 3 -1 -4 -2 -7 -3 -9
right_child=5 7 4 -5 -6 6 -8 8 -10
leaf_value=-0.024548626477211125 -0.0082669263927347258 -0.0057585030690838453 -0.015480651791561535 0.01406601609842578 0.0010030489802465886 0 0.046131976308781575 0 0.045614983976594331
leaf_weight=41.936698794364929 7.2531257718801525 8.4348210245370883 41.580039143562317 8.2250798940658552 469.9379076808691 6.0513746589422253 11.744057998061178 7.7478677630424526 12.019772693514822
leaf_count=174 31 35 173 34 1935 25 52 32 50
internal_value=-4.3086e-05 -0.000862162 -0.00188574 -0.0170885 -0.000266904 0.0166189 0.0293223 0.0171778 0.0291783
internal_weight=614.931 589.882 561.68 50.1618 511.518 25.0486 17.7954 28.2025 19.7676
internal_count=2541 2433 2316 208 2108 108 77 117 82
is_linear=0
shrinkage=0.05


Tree=60
num_leaves=11
num_cat=0
split_feature=95 95 52 92 26 28 95 75 57 38
split_gain=2.99895 4.57613 5.09637 4.89015 4.73301 6.01725 5.87552 4.27201 2.52194 8.48034
threshold=0.62848714999999999 0.14718889999999987 0.83333333333333337 -0.19999999999999998 2.2250000000000005 1.2361111111111114 -0.24541814999999986 1.9500000000000002 2.6333333333333337 1.5032694500000001
decision_type=2 2 2 2 2 2 2 2 2 2
left_child=1 4 7 -4 6 -6 -1 -3 9 -2
right_child=8 2 3 -5 5 -7 -8 -9 -10 -11
leaf_value=0.0055766561575764061 -0.0096247065500680469 0.019715033792105773 0.0041080536065552639 -0.020838467224460425 -0.0037915869963681386 0.0080758431964802393 -0.033409766430988051 -0.016607327559567484 -0.0019561007321768453 0.058779385420222922
leaf_weight=14.144558072090147 5.9879454672336605 22.687035173177719 21.730432704091072 76.837627172470093 179.04712083935738 249.24454645812511 19.766187101602554 10.12509962916374 6.2188416421413413 8.8295643180608732
leaf_count=58 25 93 90 315 738 1035 82 42 26 37
internal_value=-3.4233e-05 -0.00078622 -0.00903765 -0.0148505 0.00146574 0.00300092 -0.0160219 0.00686832 0.0179884 0.0291145
internal_weight=614.619 593.583 131.38 98.5681 462.202 428.292 33.9107 32.8121 21.0364 14.8175
internal_count=2541 2453 540 405 1913 1773 140 135 88 62
is_linear=0
shrinkage=0.05


Tree=61
num_leaves=10
num_cat=0
split_feature=51 88 93 81 88 124 115 101 66
split_gain=3.00571 3.87602 3.73899 5.67341 4.03636 4.25058 3.22622 3.09271 2.40567
threshold=3.1666666666666674 0.16616740000000033 1.0500000000000005 0.4544295000000001 -0.89118620000000004 0.60931364088399464 2.4328117907984321 2.5634920634920637 1.267857142857143
decision_type=2 2 2 2 2 2 2 2 2
left_child=2 8 4 6 7 -6 -4 -1 -2
right_child=1 -3 3 -5 5 -7 -8 -9 -10
leaf_value=0.0024816169719881851 -0.022468303977427082 -0.047224929378778549 0.03921289078238549 -0.012932850730579508 -0.0016136832871098358 0.0095976785930935692 0 -0.03045407150880159 0.016040975995473505
leaf_weight=7.0077245384454754 6.6538970619440096 6.632909730076789 18.503952026367191 9.2455057054758054 430.0082806199789 103.52479636669159 7.2556483298540106 18.110254526138306 7.3567943871021271
leaf_count=29 28 28 79 38 1762 442 30 75 30
internal_value=-3.14533e-05 -0.0184065 0.00055331 0.0162049 -0.000365278 0.000482074 0.0286238 -0.0196077 0
internal_weight=614.3 20.6436 593.656 35.0051 558.651 533.533 25.7596 25.118 14.0107
internal_count=2541 86 2455 147 2308 2204 109 104 58
is_linear=0
shrinkage=0.05


Tree=62
num_leaves=9
num_cat=0
split_feature=33 68 33 54 3 34 93 3
split_gain=2.932 3.67136 5.25073 4.44232 3.33728 8.36474 7.65846 1.49004
threshold=2.5500000000000003 0.41428571428571431 4.0500000000000007 1.1000000000000003 1.4882733333333333 5.0500000000000007 -0.7321428571428571 1.1191828333333336
decision_type=2 2 2 2 2 2 2 2
left_child=-1 4 7 -4 5 -2 -6 -3
right_child=1 2 3 -5 6 -7 -8 -9
leaf_value=0.029658014784181799 0.0097746320752309448 -0.003602695580877838 0.031656528377016081 -0.013428488545007333 -0.011430337672196422 -0.0070244716764329852 0.011229065977980828 -0.04557983371112586
leaf_weight=7.151715859770774 99.997362717986107 6.1548414230346706 7.0243209004402187 15.993517547845839 46.295248091220856 266.11332735419273 153.7218953371048 11.50569938123226
leaf_count=30 413 25 29 66 192 1100 639 47
internal_value=-3.33877e-05 -0.000513808 -0.0148748 0 0.000454331 -0.00228574 0.0057049 -0.034607
internal_weight=613.958 606.806 40.6784 23.0178 566.128 366.111 200.017 17.6605
internal_count=2541 2511 167 95 2344 1513 831 72
is_linear=0
shrinkage=0.05


Tree=63
num_leaves=12
num_cat=0
split_feature=34 80 34 26 10 94 16 12 42 93 116
split_gain=2.96632 4.44478 4.20877 8.59191 7.12479 6.02278 5.4988 4.22309 3.5952 0.88441 0.472817
threshold=8.5500000000000025 0.62980316666666691 5.6333333333333337 2.2916666666666674 2.4662533333333339 0.89066370000000006 1.0875878000000003 2.8333333333333335 1.4166666666666667 0.20000000000000004 0.50767580728450279
decision_type=2 2 2 2 2 2 2 2 2 2 2
left_child=2 9 4 8 5 -1 -5 -6 -4 -2 -3
right_child=1 10 3 6 7 -7 -8 -9 -10 -11 -12
leaf_value=0.0016980033209110191 0.0069237424799199355 -0.013232045336383103 -0.062123437325941291 0.023676688241916724 0.05260764644189924 -0.037275987895855678 -0.0054525764705517258 0.0083093885267710495 -0.0043528034168929296 0.047930780936411503 0.0017250510973471106
leaf_weight=301.11208294332027 5.9614159911870974 6.053766727447508 8.4641823768615705 16.067814379930496 9.6152227967977542 9.2248421609401685 217.5511822104454 19.189779281616211 6.8529879450798026 7.6640751212835312 6.0621464848518372
leaf_count=1241 25 25 35 66 41 38 904 81 28 32 25
internal_value=-3.14128e-05 0.0161668 -0.000851559 -0.00584024 0.00266963 0.000262886 -0.00314364 0.0260428 -0.0411916 0.0351082 -0.00237522
internal_weight=613.819 25.7414 588.078 248.936 339.142 310.337 233.619 28.805 15.3172 13.6255 12.1159
internal_count=2541 107 2434 1033 1401 1279 970 122 63 57 50
is_linear=0
shrinkage=0.05


Tree=64
num_leaves=12
num_cat=0
split_feature=106 17 18 2 86 107 118 88 39 81 88
split_gain=3.0202 3.75731 4.12701 3.80779 3.75655 3.54749 8.04274 3.57642 5.04348 5.00376 0.576615
threshold=2.2250000000000005 0.92953420000000009 12.100000000000001 0.91875466666666672 0.33333333333333348 1.0000000180025095e-35 65.750000000000014 -0.77852089999999974 11.52777777777778 -0.54402799999999996 -0.14867350000000004
decision_type=2 2 2 2 2 2 2 2 2 2 2
left_child=1 -1 3 -3 -4 6 -2 8 -7 -9 -8
right_child=5 2 4 -5 -6 7 10 9 -10 -11 -12
leaf_value=0.014289370083739828 -0.057188088399805798 -0.028890075935092907 -0.051300188158500432 0.019695552437102703 0 -0.031635914919264839 0.01451931167640603 0.013652460631934912 0.0035255451078814227 0.00047755462828795079 -0.0024924166604062882
leaf_weight=7.3780573010444632 7.4739698320627239 5.8634171932935706 12.118804618716242 8.7727907896041852 7.0936082005500785 17.741050213575363 5.984662890434266 87.947936028242111 17.20832833647728 429.49293646216393 6.578860238194463
leaf_count=31 31 25 51 36 29 73 25 365 72 1776 27
internal_value=-1.57416e-05 -0.0129973 -0.0206192 0 -0.0352629 0.000853043 -0.0191129 0.00170087 -0.0133158 0.00283531 0.00239782
internal_weight=613.654 41.2267 33.8486 14.6362 19.2124 572.428 20.0375 552.39 34.9494 517.441 12.5635
internal_count=2541 172 141 61 80 2369 83 2286 145 2141 52
is_linear=0
shrinkage=0.05


Tree=65
num_leaves=15
num_cat=0
split_feature=100 114 44 69 116 64 41 110 69 109 10 2 81 127
split_gain=2.79395 5.81492 4.78837 9.36081 6.63017 4.30781 5.10308 4.11986 7.0783 6.14885 5.30956 3.36056 2.81783 0.363057
threshold=0.34848484848484856 1.5091081586315898 1.0000000180025095e-35 0.86607142857142871 0.79486308878288447 0.77500000000000013 4.4722222222222232 0.15868122997754966 1.4365079365079367 0.22735274214316878 1.3278550000000002 1.5045006666666669 0.073976833333333394 0.39284153217276846
decision_type=2 2 2 2 2 2 2 2 2 2 2 2 2 2
left_child=1 5 4 -4 -3 11 -7 8 -2 13 -11 -1 -10 -9
right_child=7 2 3 -5 -6 6 -8 9 12 10 -12 -13 -14 -15
leaf_value=-0.0027896664877819647 -0.050711020368894258 0.011760838171130956 -0.03417532346094624 0 -0.01600460465746302 -0.0016704298721247951 -0.023531668341424679 0.060400736517869529 -0.010769838746741346 -0.010604124817991613 0.015395508161719782 0.038659001452173734 0.030711170976176927 0.015985237040197466
leaf_weight=9.3590114116668683 6.8203622400760677 147.29075722396374 21.337525501847267 175.73067601025105 22.882128208875656 54.325146540999413 64.419158324599266 5.7149133533239347 6.2667340785264951 27.833339363336563 52.963629275560379 6.1472380310297003 6.2907899618148804 5.9378089755773544
leaf_count=38 28 612 88 731 94 224 263 25 26 115 221 25 26 25
internal_value=-1.88443e-05 -0.00169591 0.00144539 -0.00368331 0.00766359 -0.0106057 -0.0140453 0.00700717 -0.0123139 0.0116804 0.00580761 0.0119595 0.00705491 0.044772
internal_weight=613.319 501.492 367.241 197.068 170.173 134.251 118.744 111.828 19.3779 92.4497 80.797 15.5062 12.5575 11.6527
internal_count=2541 2075 1525 819 706 550 487 466 80 386 336 63 52 50
is_linear=0
shrinkage=0.05


Tree=66
num_leaves=13
num_cat=0
split_feature=113 98 4 87 124 0 11 90 109 109 117 82
split_gain=2.79915 5.00237 8.48631 7.85625 6.38735 8.10531 7.39189 5.04741 4.75582 5.25613 6.95249 4.87396
threshold=0.48711305965191981 -0.40000000000000002 11.583333333333334 0.37383450000000001 0.55595585550446203 2.4166666666666674 8.4166666666666696 -1.8999999999999997 0.29255768543639443 0.2638757434162966 71.700000000000003 0.81669400000000036
decision_type=2 2 2 2 2 2 2 2 2 2 2 2
left_child=8 2 3 -2 5 -3 -6 -4 9 11 -11 -1
right_child=1 4 7 -5 6 -7 -8 -9 -10 10 -12 -13
leaf_value=-0.0012989075989507631 -0.00085350777247789229 -0.020235748065254452 -0.021778621358877329 -0.053902960033269831 -0.025080303139210086 0.011977905188561039 0.010454464828230776 0.01907532258921972 -0.030541948888018595 0.029604075284573594 -0.0012815552511738486 0.030467004755913758
leaf_weight=176.98911832273006 44.197863861918449 110.78900142014027 6.4808158725500098 7.8097071051597586 17.282457992434502 20.896033376455307 67.427284672856331 72.793503493070602 8.3535991907119733 41.606865406036377 26.531925141811371 11.873320281505583
leaf_count=737 182 454 27 32 72 85 283 301 34 174 110 50
internal_value=-1.68742e-05 -0.00304511 0.00439415 -0.0106295 -0.00778779 -0.0146954 0.00241327 0.0148829 0.00375963 0.00518243 0.01701 0.00058474
internal_weight=613.031 347.677 131.282 52.0076 216.395 131.685 84.7097 79.2743 265.355 257.001 68.1388 188.862
internal_count=2541 1436 542 214 894 539 355 328 1105 1071 284 787
is_linear=0
shrinkage=0.05


Tree=67
num_leaves=10
num_cat=0
split_feature=51 126 96 13 124 108 103 29 10
split_gain=2.84404 3.5627 3.38562 4.04924 3.79877 5.02265 4.04742 3.55463 1.22404
threshold=3.1666666666666674 0.26573058091089308 -0.52723879999999979 6.166666666666667 0.64019225820804471 0.2366871960493456 77.500000000000014 1.3875000000000002 1.2244930000000003
decision_type=2 2 2 2 2 2 2 2 2
left_child=2 8 3 7 6 -6 -4 -1 -2
right_child=1 -3 4 -5 5 -7 -8 -9 -10
leaf_value=-0.039093797165608228 -0.0044903340455246608 0.0073484241974253496 0.00090784081544703155 0.012094467607960393 -0.014920405845774956 0.023305550670016731 -0.033138963306195854 0 -0.045330448207173107
leaf_weight=15.298211321234705 6.5289650857448596 6.1018172353506079 501.79664216935635 8.133313372731207 8.5809783935546857 38.209640711545944 7.8592119812965384 12.107610732316969 7.9397996068000793
leaf_count=63 27 25 2069 34 37 170 32 50 34
internal_value=-2.82147e-05 -0.0179349 0.00053889 -0.0140718 0.00158531 0.0150835 0.000221038 -0.0237498 -0.0316155
internal_weight=612.556 20.5706 591.986 35.5391 556.446 46.7906 509.656 27.4058 14.4688
internal_count=2541 86 2455 147 2308 207 2101 113 61
is_linear=0
shrinkage=0.05


Tree=68
num_leaves=10
num_cat=0
split_feature=82 64 39 28 106 92 96 123 95
split_gain=2.84927 10.2585 6.49595 6.5448 6.16901 5.91782 5.61439 5.9691 3.20542
threshold=0.017714666666666771 2.9000000000000004 9.5277777777777803 1.8875000000000002 3.6250000000000004 -0.68888888888888855 -0.45892331250000001 0.45880108812589021 0.047541949999999951
decision_type=2 2 2 2 2 2 2 2 2
left_child=4 2 5 -4 6 -2 8 -8 -1
right_child=1 -3 3 -5 -6 -7 7 -9 -10
leaf_value=0 -0.045675673825176843 0.054307523295520757 0.0035457462064660767 -0.016829030730346133 -0.032673192185015597 -0.0079255892539844778 -0.0081502118497741478 0.010166686249799002 -0.02825656088845668
leaf_weight=28.323094800114632 16.737286537885666 6.1742465943098059 151.46716175973415 51.487066000699997 10.52519617974758 37.240836054086685 50.567413628101349 242.79894217848778 16.891433551907539
leaf_count=117 70 26 628 214 44 154 206 1012 70
internal_value=-3.73662e-05 -0.00403748 -0.00583851 -0.00143511 0.00283746 -0.0211583 0.00418156 0.00682259 -0.0116493
internal_weight=612.213 263.107 256.932 202.954 349.106 53.9781 338.581 293.366 45.2145
internal_count=2541 1092 1066 842 1449 224 1405 1218 187
is_linear=0
shrinkage=0.05


Tree=69
num_leaves=10
num_cat=0
split_feature=95 95 52 110 17 32 127 22 24
split_gain=2.78012 3.99885 4.6763 4.94427 4.54586 4.48352 4.26676 2.67842 3.11275
threshold=0.62848714999999999 0.14718889999999987 0.83333333333333337 0.17371273872847756 0.58124830000000005 11.878571428571432 0.51140578939688586 1.4500000000000002 1.8234961999999999
decision_type=2 2 2 2 2 2 2 2 2
left_child=1 4 5 -4 -1 -3 -6 -2 -9
right_child=7 2 3 -5 6 -7 -8 8 -10
leaf_value=-0.027644600749476025 0.038869337705685139 0.031594213434118328 0 -0.02236756014548678 0.0048688172996672104 -0.0048838935290114512 -0.0069152107949083941 -0.018042158486453283 0.027258655212050117
leaf_weight=11.912508800625799 7.7950400710105923 11.221772402524946 35.172797173261642 63.109142482280731 353.76624883711338 21.428697124123573 94.403508186340332 7.2498087435960752 5.8589212447404861
leaf_count=49 33 46 145 260 1475 89 389 30 25
internal_value=-5.19336e-05 -0.000780064 -0.00850742 -0.0140912 0.00132427 0.00673387 0.00226542 0.0173476 0
internal_weight=611.918 591.015 130.932 98.2819 460.082 32.6505 448.17 20.9038 13.1087
internal_count=2541 2453 540 405 1913 135 1864 88 55
is_linear=0
shrinkage=0.05


Tree=70
num_leaves=10
num_cat=0
split_feature=34 18 33 27 88 14 18 41 128
split_gain=2.74179 4.2835 4.07324 8.92857 6.77911 5.74598 5.62084 4.83125 2.6176
threshold=8.5500000000000025 19.900000000000002 5.4500000000000011 6.7000000000000002 0.21403810000000004 1.1000000000000003 21.900000000000002 5.5277777777777786 0.84064600711742832
decision_type=2 2 2 2 2 2 2 2 2
left_child=2 8 3 4 -1 -5 7 -4 -2
right_child=1 -3 6 5 -6 -7 -8 -9 -10
leaf_value=0.0028040187134076838 0.046944322213739266 -0.0055620491674735206 -0.005294852145859506 -0.0019503264390176832 -0.012470763947198177 0.037288848394997957 0.029591883455247714 -0.029169548909728213 0
leaf_weight=313.27001561224461 9.5964962542057055 10.147242605686186 107.00688116252422 10.602134525775908 93.004178449511528 25.913488194346428 7.6254366785287848 28.641629055142403 5.8754726797342292
leaf_count=1298 40 42 446 44 384 109 33 120 25
internal_value=-4.44481e-05 0.0155594 -0.000837065 0.00144181 -0.000591947 0.0248149 -0.00818769 -0.0108784 0.0319439
internal_weight=611.683 25.6192 586.064 442.79 406.274 36.5156 143.274 135.649 15.472
internal_count=2541 107 2434 1835 1682 153 599 566 65
is_linear=0
shrinkage=0.05


Tree=71
num_leaves=8
num_cat=0
split_feature=33 2 12 6 34 124 121
split_gain=2.68874 3.26924 3.73678 10.1406 6.85061 2.80753 2.82497
threshold=2.5500000000000003 0.74763000000000013 5.166666666666667 4.416666666666667 5.6333333333333337 0.47934335265142924 40.940000000000012
decision_type=2 2 2 2 2 2 2
left_child=-1 5 4 -4 -3 -2 -7
right_child=1 2 3 -5 -6 6 -8
leaf_value=0.028480677236159768 0.0038652715090241041 0.0082015890686375562 -0.030790655817222741 0.00068156777171155284 -0.0041574842913388995 -0.035702992233144791 0
leaf_weight=7.1022678464651099 8.3793040215969103 245.0324828773737 32.551326423883438 95.795727401971817 199.47961659729481 16.428287148475651 6.7499787956476203
leaf_count=30 35 1015 135 400 829 69 28
internal_value=-3.43067e-05 -0.000498453 0.000291486 -0.00709018 0.00254621 -0.0159423 -0.0250348
internal_weight=611.519 604.417 572.859 128.347 444.512 31.5576 23.1783
internal_count=2541 2511 2379 535 1844 132 97
is_linear=0
shrinkage=0.05


Tree=72
num_leaves=13
num_cat=0
split_feature=106 23 35 38 10 79 10 123 52 109 80 27
split_gain=2.79264 3.66585 4.06205 4.03267 3.40603 4.97918 5.50019 5.28715 4.42319 5.49792 1.13157 1.03067
threshold=2.2250000000000005 0.93435750000000006 1.5357142857142858 1.5237456333333337 0.70564550000000004 0.83333333333333337 1.4344761666666668 0.6600694920096648 0.83333333333333337 0.22716262462242248 -0.48476833333333341 5.2666666666666675
decision_type=2 2 2 2 2 2 2 2 2 2 2 2
left_child=1 10 3 -3 8 7 -7 -6 9 -2 -1 -10
right_child=4 2 -4 -5 5 6 -8 -9 11 -11 -12 -13
leaf_value=-0.0060967546336373512 0 0.030951796666980391 -0.026060893073894177 -0.011103597467035065 0.00019513843536490545 -0.021455310041045724 0.00034827381274507547 0.017611319804294687 0.0088369812586835805 0.06489882773507058 -0.051630171827363153 -0.016718317109161888
leaf_weight=5.7681698501110077 7.2967259138822573 10.879462257027631 10.459313571453093 7.9522262364625922 388.19013129174709 50.870056807994843 55.520987004041672 49.030095145106316 6.3314757198095304 6.9982846975326538 5.8732185959815961 6.1775908023118973
leaf_count=25 30 45 43 34 1607 211 231 210 26 29 25 25
internal_value=-2.54097e-05 -0.0125555 -0.00100199 0.0110071 0.00080663 0 -0.00971406 0.00229803 0.017878 0.0361093 -0.0352912 -0.000385602
internal_weight=611.348 40.9324 29.291 18.8317 570.415 543.611 106.391 437.22 26.8041 14.295 11.6414 12.5091
internal_count=2541 172 122 79 2369 2259 442 1817 110 59 50 51
is_linear=0
shrinkage=0.05


Tree=73
num_leaves=10
num_cat=0
split_feature=95 112 102 29 58 25 20 109 20
split_gain=2.63279 3.52278 5.63773 5.84277 5.27791 4.67036 4.24018 4.19934 2.57531
threshold=0.62848714999999999 0.51288694034808036 10.500000000000002 2.1055555555555561 1.6333333333333335 7.2250000000000005 5.1000000000000005 0.2976478154486803 5.5500000000000007
decision_type=2 2 2 2 2 2 2 2 2
left_child=1 5 3 -3 -4 6 -1 -7 -2
right_child=8 2 4 -5 -6 7 -8 -9 -10
leaf_value=-0.054939076102767714 0 0.0096205739270261801 -0.02391366670602528 -0.022071435112278864 0.0088733050829094429 -0.0038723655137791629 0 0.027818063691873958 0.033076419897924439
leaf_weight=7.5693255811929685 10.222093850374224 196.74782399833202 30.823959484696388 13.91582217812538 16.522222638130188 307.57811224460602 7.5990738272666931 9.534865275025366 10.614032804965971
leaf_count=32 43 823 127 58 69 1273 32 39 45
internal_value=-1.79894e-05 -0.000728865 0.00354306 0.00719648 -0.011491 -0.00419663 -0.030726 -0.00267788 0.0169425
internal_weight=611.127 590.291 258.01 210.664 47.3462 332.281 15.1684 317.113 20.8361
internal_count=2541 2453 1077 881 196 1376 64 1312 88
is_linear=0
shrinkage=0.05


Tree=74
num_leaves=11
num_cat=0
split_feature=10 88 34 34 3 92 46 88 46 89
split_gain=2.56733 4.93856 4.57833 6.59776 3.84616 4.23597 3.739 7.4549 6.05668 1.66076
threshold=2.6273750000000002 0.39490739999999996 5.7750000000000012 6.7750000000000012 2.3590733333333334 -0.10000000000000002 1.8333333333333337 0.17149919999999999 1.4166666666666667 -0.20104939999999996
decision_type=2 2 2 2 2 2 2 2 2 2
left_child=4 2 -2 -4 6 9 8 -8 -1 -6
right_child=1 -3 3 -5 5 -7 7 -9 -10 -11
leaf_value=-0.0024088193109602818 0.044051925147707546 -0.021978846133911892 -0.022686054065428687 0.040345950154680142 -0.01728851460049248 0.03847792164422946 -0.0016705105639152841 -0.028114567989759445 0.012968162423877428 0.013432129355795235
leaf_weight=325.1998310983181 12.618811026215555 5.8800126612186423 8.9964856505393964 5.9732036292552939 6.972797915339469 11.620302304625509 110.03497399389744 36.398438990116119 78.329158797860146 8.804139122366907
leaf_count=1346 55 25 38 26 29 49 458 151 327 37
internal_value=-1.82954e-05 0.0131505 0.0228936 0.000285523 -0.000889539 0.0168839 -0.00189474 -0.00872886 0.000477091 0
internal_weight=610.828 33.4685 27.5885 14.9697 577.36 27.3972 549.962 146.433 403.529 15.7769
internal_count=2541 144 119 64 2397 115 2282 609 1673 66
is_linear=0
shrinkage=0.05


Tree=75
num_leaves=11
num_cat=0
split_feature=106 58 1 107 118 36 19 10 2 88
split_gain=2.59411 3.406 5.00357 3.111 7.13713 3.34527 5.71453 4.47537 2.80232 0.514089
threshold=2.2250000000000005 0.90000000000000013 1.8333333333333337 1.0000000180025095e-35 65.750000000000014 0.86607142857142871 3.3666666666666671 1.2424525000000004 1.0031143333333337 -0.14867350000000004
decision_type=2 2 2 2 2 2 2 2 2 2
left_child=1 -1 8 4 -2 6 -5 -7 -3 -6
right_child=3 2 -4 5 9 7 -8 -9 -10 -11
leaf_value=-0.03564516259891648 -0.054053596449393553 -0.016148932546858483 -0.037702011335665586 -0.020081721073800698 0.013722004194135065 -0.0081496012086213418 0.02222152412369173 0.002964677377695017 0.019010825218551873 -0.0022327757029095784
leaf_weight=10.471640080213545 7.3943151086568859 5.8593537509441438 6.7609550803899756 7.8551484942436209 5.9433693140745172 116.9345595985651 40.37417659163475 384.76970101892948 17.721176654100418 6.5525837093591663
leaf_count=44 31 25 29 32 25 481 167 1606 74 27
internal_value=-1.23828e-05 -0.0121105 -0.0015146 0.00078624 -0.0179667 0.00158664 0.0140479 0.0002637 0.00793855 0.00210535
internal_weight=610.637 40.8131 30.3415 569.824 19.8903 549.934 48.2293 501.704 23.5805 12.496
internal_count=2541 172 128 2369 83 2286 199 2087 99 52
is_linear=0
shrinkage=0.05


Tree=76
num_leaves=12
num_cat=0
split_feature=54 87 91 33 24 82 106 96 103 64 70
split_gain=2.52149 5.27387 6.81529 4.88951 3.96084 3.78966 5.73781 5.49312 5.3989 7.89004 5.90196
threshold=0.67500000000000016 0.45070240000000011 -2.3666666666666658 4.8660714285714297 1.2978595000000002 0.017714666666666771 3.6250000000000004 -0.43468355000000003 8.5000000000000018 1.5500000000000003 1.0500000000000003
decision_type=2 2 2 2 2 2 2 2 2 2 2
left_child=1 2 4 -4 -1 6 7 -2 10 -10 -7
right_child=5 -3 3 -5 -6 8 -8 -9 9 -11 -12
leaf_value=0 -0.0089298422885842541 -0.043345015857220295 -0.015069759411256359 0.02021411280998105 0.0425411061110599 -0.014548004343491315 -0.03160551295440335 0.0095763054695263434 -0.033933756293817473 0.0056382961931392929 0.0064413820461436677
leaf_weight=7.0114907622337368 44.505725264549255 8.4212943762540799 67.581870198249817 9.4744441807270032 10.155878469347952 44.947101131081581 8.8727569431066495 241.08803978562355 29.715696185827255 17.711779966950417 120.88274604082108
leaf_count=29 184 35 282 40 43 186 37 1004 124 74 503
internal_value=-2.95443e-05 -0.00721537 -0.00303991 -0.00988749 0.0237959 0.00133624 0.00507643 0.00649683 -0.00359447 -0.0183118 0.000399537
internal_weight=610.369 102.645 94.2237 77.0563 17.1674 507.724 294.467 285.594 213.257 47.4275 165.83
internal_count=2541 429 394 322 72 2112 1225 1188 887 198 689
is_linear=0
shrinkage=0.05


Tree=77
num_leaves=9
num_cat=0
split_feature=29 32 17 63 17 65 1 20
split_gain=2.57024 5.3589 3.62831 6.59284 4.93433 5.79638 4.90441 3.84379
threshold=0.5277777777777779 16.633333333333336 0.68809189999999998 1.1000000000000003 0.94768325999999992 0.55000000000000016 0.83333333333333337 6.4500000000000011
decision_type=2 2 2 2 2 2 2 2
left_child=1 -1 3 -2 5 -4 -6 -5
right_child=2 -3 4 7 6 -7 -8 -9
leaf_value=0.046912363760546527 -0.047591615233855723 -0.0040214852819400702 0.018374652463979076 -0.02558950402646093 -0.011592631300725218 -0.015503675423652108 0.00080222921903875958 0.016256677880202991
leaf_weight=7.8173961043357876 10.39143778383732 8.4129354953765851 64.624134585261345 8.0775320231914538 97.799534678459167 13.237300157546995 386.87100945413113 12.869000285863875
leaf_count=33 43 35 270 33 404 55 1615 53
internal_value=-3.64369e-05 0.018908 -0.000669151 -0.0169758 0.000179058 0.0118574 -0.00161464 0
internal_weight=610.1 16.2303 593.87 31.338 562.532 77.8614 484.671 20.9465
internal_count=2541 68 2473 129 2344 325 2019 86
is_linear=0
shrinkage=0.05


Tree=78
num_leaves=14
num_cat=0
split_feature=74 91 64 117 10 96 82 25 71 6 106 114 24
split_gain=2.55052 3.73229 3.60724 4.63147 7.16825 6.62347 3.99691 6.94001 4.49379 3.17783 2.57892 2.43836 1.22238
threshold=1.0000000180025095e-35 1.6653345369377351e-16 2.1000000000000005 73.850000000000009 2.1543500000000004 -0.11596764999999985 0.30928733333333308 14.300000000000002 0.43650793650793657 6.166666666666667 2.7250000000000005 1.5237986680144238 1.7579513000000002
decision_type=2 2 2 2 2 2 2 2 2 2 2 2 2
left_child=1 9 6 5 -5 -4 8 -8 -2 10 -1 -3 -13
right_child=2 11 3 4 -6 -7 7 -9 -10 -11 -12 12 -14
leaf_value=-0.0044472698580808375 -0.00014728220809088403 -0.050167919545211437 0.02273177186477468 -0.0005108681555857223 0.049826205509729958 -0.013611800708383047 -0.014849641200673154 0.015651970567469975 0.016184200253913424 -0.022878942001890987 0.02683421613450368 -0.023274942122541348 0.0017111447911431479
leaf_weight=8.7765551805496269 326.99276922643185 7.2108619958162334 20.8266781270504 9.457093223929407 14.575821056962011 27.814175635576248 94.131216153502464 20.852920815348625 46.432566031813622 8.9045215249061567 11.518160060048102 5.9666566699743253 6.4090437889099121
leaf_count=37 1361 31 87 39 63 116 390 87 192 38 48 25 27
internal_value=-3.62529e-05 -0.0109582 0.000842252 0.0111938 0.0287918 0.00108673 -0.000615584 -0.00879968 0.00178767 0 0.0113848 -0.0272698 -0.00743666
internal_weight=609.869 48.7858 561.083 72.6738 24.0329 48.6409 488.409 114.984 373.425 29.1992 20.2947 19.5866 12.3757
internal_count=2541 206 2335 305 102 203 2030 477 1553 123 85 83 52
is_linear=0
shrinkage=0.05


Tree=79
num_leaves=14
num_cat=0
split_feature=100 114 31 94 108 98 46 110 69 109 101 81 127
split_gain=2.52663 4.84103 4.3278 4.93828 4.85693 4.0619 5.13204 3.71471 6.16858 5.68168 4.50107 2.55072 0.286009
threshold=0.34848484848484856 1.5091081586315898 0.78535846000000009 0.7600317000000002 0.81791724214259376 1.4214285714285719 1.8333333333333337 0.15868122997754966 1.4365079365079367 0.22735274214316878 2.7386363636363638 0.073976833333333394 0.39284153217276846
decision_type=2 2 2 2 2 2 2 2 2 2 2 2 2
left_child=1 5 4 -4 -3 6 -1 8 -2 12 -11 -10 -9
right_child=7 2 3 -5 -6 -7 -8 9 11 10 -12 -13 -14
leaf_value=0 -0.047603870543171202 0.029848363781378468 0.0019810378480563415 -0.015543726660468516 -0.013034753473604549 -0.042207169396464794 -0.022961751380462248 0.05834284775812168 -0.010504331581360694 0.014569030532451278 -0.0091910088788759985 0.029044878718051059 0.015216087624169584
leaf_weight=90.51508629322052 6.7901316136121777 23.931810125708584 288.94879798591137 45.508158355951309 6.473187878727912 8.637699365615843 34.494038954377174 5.5798777341842634 6.227720379829405 51.63933476805687 28.670197144150734 6.2400498539209366 5.886048212647438
leaf_count=372 28 101 1208 189 27 36 142 25 26 216 120 26 25
internal_value=-3.79797e-05 -0.00164078 0.00122519 -0.000293661 0.0190022 -0.00978736 -0.00683329 0.00666227 -0.0116733 0.011133 0.00546314 0.00626414 0.0432112
internal_weight=609.542 498.509 364.862 334.457 30.405 133.647 125.009 111.033 19.2579 91.7755 80.3095 12.4678 11.4659
internal_count=2541 2075 1525 1397 128 550 514 466 80 386 336 52 50
is_linear=0
shrinkage=0.05


Tree=80
num_leaves=9
num_cat=0
split_feature=33 68 16 16 41 11 20 97
split_gain=2.45637 3.15157 4.45379 7.99558 4.44538 3.08078 6.5461 5.55858
threshold=2.5500000000000003 0.41428571428571431 1.4329482 1.8299763000000002 4.1833333333333345 14.833333333333334 4.5500000000000007 -0.5527777777777777
decision_type=2 2 2 2 2 2 2 2
left_child=-1 5 4 -4 -3 7 -7 -2
right_child=1 2 3 -5 -6 6 -8 -9
leaf_value=0.02728402155612308 -0.011522940345871547 0 0.028958708649445913 -0.029428863285744025 -0.046712899378512515 -0.014041748551265526 0.016052036573252236 0.0015894302240458203
leaf_weight=7.0574285537004462 101.51933062076569 6.0388203412294414 11.567575454711916 9.9111498892307264 12.829920306801794 21.356499299407005 73.162290319800377 365.72885891795158
leaf_count=30 421 25 48 41 53 89 310 1524
internal_value=-4.04592e-05 -0.000488342 -0.0138491 0 -0.0309764 0.000405314 0.00865308 -0.00117125
internal_weight=609.172 602.114 40.3475 21.4787 18.8687 561.767 94.5188 467.248
internal_count=2541 2511 167 89 78 2344 399 1945
is_linear=0
shrinkage=0.05


Tree=81
num_leaves=11
num_cat=0
split_feature=51 82 34 107 22 16 124 68 109 91
split_gain=2.43388 3.6916 2.92299 5.63849 4.82556 4.49153 4.2179 3.92403 2.57857 0.697922
threshold=3.1666666666666674 -0.034261333333333248 4.6833333333333345 1.0000000180025095e-35 0.70833333333333337 0.80012910000000004 0.57233981011928137 0.2678571428571429 0.23767501404648622 -1.8999999999999992
decision_type=2 2 2 2 2 2 2 2 2 2
left_child=2 -2 4 6 8 -6 -4 -5 -1 -3
right_child=1 9 3 7 5 -7 -8 -9 -10 -11
leaf_value=0.002709131306474918 0.0086996678095158861 -0.042055585879904003 -0.049967391925564729 0.0036176452082412568 -0.024982829873165698 0.0067983240718943912 0 -0.0059752707932617969 0.057039743004453962 -0.0049942586657180819
leaf_weight=6.3255887776613218 6.2765593826770809 8.1577840596437454 9.1929321587085706 261.25346674025059 10.930343896150587 110.67937383055687 5.9366351068019858 177.94894278049469 6.2856831699609756 5.9300120919942829
leaf_count=26 26 35 38 1092 46 462 25 740 26 25
internal_value=-3.39058e-05 -0.016684 0.000484711 -0.00134152 0.00700038 0.00335356 -0.030398 -0.000160218 0.0356631 -0.0311342
internal_weight=608.917 20.3644 588.553 454.332 134.221 121.61 15.1296 439.202 12.6113 14.0878
internal_count=2541 86 2455 1895 560 508 63 1832 52 60
is_linear=0
shrinkage=0.05


Tree=82
num_leaves=10
num_cat=0
split_feature=24 95 117 3 11 20 110 111 76
split_gain=2.35721 3.462 3.74102 3.1906 3.70138 6.93518 5.82001 3.30219 2.53845
threshold=2.5442510000000005 -0.30824903571428564 65.750000000000014 2.3590733333333334 15.16666666666667 4.5500000000000007 0.61719106957063585 1.0555339722006392 1.267857142857143
decision_type=2 2 2 2 2 2 2 2 2
left_child=3 -2 -3 4 6 -6 -1 8 -5
right_child=1 2 -4 7 5 -7 -8 -9 -10
leaf_value=-0.0020981322112917445 -0.0089830782721847212 0 0.043079828808201152 0.026874425024379808 -0.016019520035252033 0.016213831338978902 -0.02826356137776094 0.038569657795491985 -0.0098236853056878071
leaf_weight=450.67411240935326 7.0905386954546001 5.9808932393789318 11.344981387257574 5.9498075246810975 20.21945033967495 63.691314652562141 21.870552629232407 9.0837738215923292 12.74940551817417
leaf_count=1870 31 25 52 25 84 271 91 38 54
internal_value=-3.06602e-05 0.0147851 0.0271999 -0.00075948 -0.00167746 0.00776072 -0.00347185 0.0153087 8.6412e-05
internal_weight=608.655 24.4164 17.3259 584.238 556.455 83.9108 472.545 27.783 18.6992
internal_count=2541 108 77 2433 2316 355 1961 117 79
is_linear=0
shrinkage=0.05


Tree=83
num_leaves=12
num_cat=0
split_feature=106 23 35 84 95 111 34 127 3 80 23
split_gain=2.30633 3.28502 3.56822 3.42765 3.03727 4.31673 3.98369 3.42574 1.11086 1.05767 0.86901
threshold=2.2250000000000005 0.93435750000000006 1.5357142857142858 -0.99999999999999956 -0.73130279999999981 1.0538533970737365 8.8500000000000032 0.70179774807957929 1.234318666666667 -0.48476833333333341 1.3470344000000003
decision_type=2 2 2 2 2 2 2 2 2 2 2
left_child=1 9 3 -3 5 -2 7 -6 -7 -1 -8
right_child=4 2 -4 -5 6 8 10 -9 -10 -11 -12
leaf_value=-0.0048492623807711655 -0.038132186448440013 -0.012481427837505729 -0.024187163409529273 0.027126929961833957 0.0017833746388539618 -0.0085397960851375989 0.0048584738501913395 -0.016730043395209053 0.017489944009667868 -0.048926513696055642 0.041236821673029063
leaf_weight=5.7141789048910141 10.88914465904236 6.5777963846921947 10.380500242114065 12.124187991023065 503.92606356739998 8.0891378968954069 7.2650713026523572 25.022772192955017 5.9117797166109076 5.7517495304346067 6.6480194926261902
leaf_count=25 45 28 43 51 2103 34 30 104 25 25 28
internal_value=-2.65372e-05 -0.0114739 -0.000459563 0.0107318 0.000721851 -0.0158397 0.00160086 0.000783302 0 -0.0331222 0.0271933
internal_weight=608.3 40.5484 29.0825 18.702 567.752 24.8901 542.862 528.949 14.0009 11.4659 13.9131
internal_count=2541 172 122 79 2369 104 2265 2207 59 50 58
is_linear=0
shrinkage=0.05


Tree=84
num_leaves=6
num_cat=0
split_feature=33 68 113 2 110
split_gain=2.31322 2.84575 2.91447 3.266 2.83288
threshold=2.5500000000000003 0.53571428571428581 0.54145522888978392 0.91875466666666672 0.32723401685971815
decision_type=2 2 2 2 2
left_child=-1 2 3 -2 -4
right_child=1 -3 4 -5 -6
leaf_value=0.02652544062405824 -0.011293908210273986 -0.025174080944154915 0 0.00060567864862921816 0.03848357540836074
leaf_weight=7.0299219340085974 63.41050973534584 10.437456578016279 10.18534477055073 508.40450848639011 8.5414870232343656
leaf_count=30 266 43 42 2125 35
internal_value=-3.44032e-05 -0.000471692 0 -0.000644032 0.0189026
internal_weight=608.009 600.979 590.542 571.815 18.7268
internal_count=2541 2511 2468 2391 77
is_linear=0
shrinkage=0.05


Tree=85
num_leaves=14
num_cat=0
split_feature=34 26 3 17 63 24 126 36 88 125 23 54 92
split_gain=2.31476 7.04057 6.5101 7.37738 6.13227 7.30091 9.32304 8.72596 5.61366 6.69324 6.32147 5.4974 3.32091
threshold=5.6333333333333337 2.2916666666666674 1.4882733333333333 0.94768325999999992 1.2250000000000003 1.4419307000000003 0.30214775623340268 0.81666666666666676 0.21669330000000001 0.17179776901415153 1.2101282000000002 0.77500000000000013 -0.31666666666666671
decision_type=2 2 2 2 2 2 2 2 2 2 2 2 2
left_child=4 12 3 -3 8 7 -7 -6 9 -1 -10 -4 -2
right_child=1 2 11 -5 5 6 -8 -9 10 -11 -12 -13 -14
leaf_value=-0.01505727427911039 -0.063730591086831295 0.005006181947295847 -0.013807597050830732 -0.01462567739745582 0.010024124004187925 0.011064553208423472 -0.035750819080845118 -0.025103229222866948 -0.023085667318911318 0.020047771394645156 0.015854013356613877 0.019296421289919929 -0.0096198748242980869
leaf_weight=13.202906727790831 5.8562183529138592 78.702656805515289 13.678857773542402 109.61919328570366 22.218703180551529 89.181040078401566 10.755196258425711 57.838305115699768 22.568815588951111 103.52557149529457 16.534518182277679 53.759403809905052 10.444520458579062
leaf_count=55 25 329 58 457 93 374 44 238 94 434 69 228 43
internal_value=-2.15648e-05 -0.0035228 -0.00122641 -0.00617401 0.00266847 -0.00340747 0.00522662 -0.0147339 0.00998228 0.0155582 -0.00538881 0.0117475 -0.0345098
internal_weight=607.886 272.061 255.76 188.322 335.825 179.993 99.9362 80.057 155.832 116.728 39.1033 67.4383 16.3007
internal_count=2541 1140 1072 786 1401 749 418 331 652 489 163 286 68
is_linear=0
shrinkage=0.05


Tree=86
num_leaves=10
num_cat=0
split_feature=95 95 52 15 95 81 75 22 24
split_gain=2.28746 3.5467 4.26887 4.40521 4.02965 4.32877 3.56006 2.38519 2.76664
threshold=0.62848714999999999 0.14718889999999987 0.83333333333333337 0.63333333333333341 0.13201775000000018 0.4544295000000001 1.9500000000000002 1.4500000000000002 1.8234961999999999
decision_type=2 2 2 2 2 2 2 2 2
left_child=1 4 6 -4 5 -1 -3 -2 -9
right_child=7 2 3 -5 -6 -7 -8 8 -10
leaf_value=0.0021867964030112125 0.036252909563503417 0.018389753055082971 0.0071835865799123131 -0.018456726166402523 0.036263925986401192 -0.014814962429830925 -0.014839293730387762 -0.017554695643980212 0.025476760649259352
leaf_weight=409.62321077287197 7.6675543189048794 22.469503611326218 17.346765398979187 80.322596743702888 7.1332200318574897 39.948601320385933 9.9248098284006101 7.1971938163042051 5.76433065533638
leaf_count=1716 33 93 72 333 30 167 42 30 25
internal_value=-3.41446e-05 -0.000703392 -0.00800887 -0.0133694 0.00128082 0.000535536 0.00657243 0.0158425 0
internal_weight=607.398 586.769 130.064 97.6694 456.705 449.572 32.3943 20.6291 12.9615
internal_count=2541 2453 540 405 1913 1883 135 88 55
is_linear=0
shrinkage=0.05


Tree=87
num_leaves=12
num_cat=0
split_feature=100 29 94 30 123 95 30 46 15 0 36
split_gain=2.27581 3.82379 4.67599 7.65202 4.45512 4.08838 3.61757 3.97037 6.62873 3.93359 3.25853
threshold=0.34848484848484856 0.5277777777777779 0.57196825000000029 2.0100228000000002 0.611885361486317 -0.036911800000000043 1.1336692428571431 1.8333333333333337 0.77500000000000013 0.83333333333333337 1.6833333333333336
decision_type=2 2 2 2 2 2 2 2 2 2 2
left_child=1 5 3 -3 -4 -1 9 8 -8 -2 -9
right_child=6 2 4 -5 -6 -7 7 10 -10 -11 -12
leaf_value=0 0.056332538920638754 -0.002529274001825284 -0.0031856759151284277 0.019544278885732607 -0.028022001038062839 0.051709651025171791 -0.021108167757812078 -0.026400287760555693 0.016625191787535659 0 0.0058702779039854006
leaf_weight=7.6499258577823639 6.2166686058044416 354.00933164358139 55.235732018947601 43.135873973369598 30.867835998535156 5.8060172945260984 12.640607059001921 17.043212458491329 57.275572344660759 7.7309818267822266 9.6045308709144575
leaf_count=32 26 1475 228 184 131 25 53 71 243 32 41
internal_value=-1.49552e-05 -0.00154282 -0.00239022 0 -0.0128829 0.0234916 0.00635604 0.00222234 0.00889662 0.0295667 -0.013169
internal_weight=607.216 496.705 483.249 397.145 86.1036 13.4559 110.512 96.5639 69.9162 13.9477 26.6477
internal_count=2541 2075 2018 1659 359 57 466 408 296 58 112
is_linear=0
shrinkage=0.05


Tree=88
num_leaves=14
num_cat=0
split_feature=22 111 38 94 17 17 24 53 89 121 38 87 111
split_gain=2.22858 7.24466 4.95078 5.24038 4.74519 4.36634 5.57007 5.13296 4.02426 3.52767 2.8818 1.68701 0.156803
threshold=0.63333333333333341 1.0559496315847359 1.18855855 0.014391199999999828 0.61778940000000004 0.94768325999999992 1.3905051000000002 0.58333333333333337 -0.31526879999999979 40.675000000000011 1.2577734000000003 0.44442900000000002 1.058558502960548
decision_type=2 2 2 2 2 2 2 2 2 2 2 2 2
left_child=1 2 9 -4 8 7 -7 -6 -2 -1 12 -10 -3
right_child=4 10 3 -5 5 6 -8 -9 11 -11 -12 -13 -14
leaf_value=0 0.0036286017981163447 0.059606653661704825 -0.013311743380987149 0.036886930499964291 0.016491659208786237 -0.01123268615891812 0.0012086972020842455 -0.011683672868121015 -0.0069985243760161469 -0.039770002041906588 0 -0.051828538786035383 0.017634635789310574
leaf_weight=7.7213322520256069 6.3105173110961941 6.9416719377040881 7.0097058564424541 10.307767376303671 69.570274218916893 121.11288465559483 321.87204343080521 18.053786411881447 6.9320330470800391 10.239215090870855 6.1020698547363272 8.7741101384162885 6.0093072503805161
leaf_count=32 26 29 29 43 293 503 1353 76 29 42 25 36 25
internal_value=-2.00873e-06 0.00948004 -0.00280133 0.0142206 -0.00103998 0 -0.00209782 0.010056 -0.0232685 -0.0217352 0.0337189 -0.0366386 0.0463755
internal_weight=606.957 54.3311 35.278 17.3175 552.626 530.609 442.985 87.6241 22.0167 17.9605 19.053 15.7061 12.951
internal_count=2541 225 146 72 2316 2225 1856 369 91 74 79 65 54
is_linear=0
shrinkage=0.05


Tree=89
num_leaves=12
num_cat=0
split_feature=27 33 14 25 108 88 81 23 81 101 39
split_gain=2.20024 8.39006 6.82433 5.96421 4.51036 3.80421 7.66798 6.95334 6.04599 5.29391 2.91807
threshold=6.7000000000000002 5.4500000000000011 0.90000000000000013 16.100000000000005 0.11895907663937028 -0.77852089999999974 -0.53660816666666644 1.5960624000000003 -0.45736866666666665 2.5505050505050506 12.050000000000002
decision_type=2 2 2 2 2 2 2 2 2 2 2
left_child=5 2 -2 -3 -4 9 7 -7 -8 -1 -11
right_child=1 3 4 -5 -6 6 8 -9 -10 10 -12
leaf_value=0.0085753955768534829 -0.019056064104578344 0.0062538513838436768 0 -0.047040173717330304 0.04286607190611845 0.004867690891750133 -0.028654166295734074 0.038951949506459749 -0.0012677889050495379 -0.042777827437952068 0
leaf_weight=10.492869079113005 5.7541056275367728 8.980867803096773 6.4955887198448208 7.9800176024436942 24.271530330181122 72.450764745473862 20.613121017813683 19.779366537928581 406.27193039655685 15.26722724735737 8.3150994181632978
leaf_count=44 24 39 27 34 104 303 86 84 1697 64 35
internal_value=0 0.00951043 0.0234041 -0.0172599 0.0332689 -0.00101664 0 0.013053 -0.00277093 -0.0169551 -0.0302356
internal_weight=606.672 53.4821 36.5212 16.9609 30.7671 553.19 519.115 92.2301 426.885 34.0752 23.5823
internal_count=2541 228 155 73 131 2313 2170 387 1783 143 99
is_linear=0
shrinkage=0.05


Tree=90
num_leaves=10
num_cat=0
split_feature=46 90 54 89 84 36 46 78 10
split_gain=2.23618 3.78207 3.52054 5.40176 5.78604 4.32386 3.55524 7.1276 4.22319
threshold=3.1666666666666674 -0.45000000000000001 0.67500000000000016 0.025377600000000004 -2.1666666666666656 1.6833333333333336 2.1666666666666674 1.0000000180025095e-35 0.64857566666666677
decision_type=2 2 2 2 2 2 2 2 2
left_child=2 -2 3 4 -1 -5 8 -8 -4
right_child=1 -3 6 5 -6 -7 7 -9 -10
leaf_value=0.005792385223795978 0.041372739303658951 -0.0034812621983436238 0.027385476125278571 -0.011202371631055126 -0.03014707388955425 0.019106316706317419 0.0037653770898313089 -0.031031901791603624 0.0015214798495284635
leaf_weight=12.278229296207426 7.6319830417633057 6.1147360354661924 15.808822661638258 22.646976143121719 38.28666327893734 21.214974343776703 30.865631386637688 23.663947775959969 427.85454927384853
leaf_count=51 32 26 66 95 160 91 129 99 1792
internal_value=0 0.0191473 -0.000556742 -0.00940952 -0.0205075 0.0024418 0.00103653 -0.0107219 0.00261504
internal_weight=606.367 13.7467 592.62 94.4268 50.5649 43.862 498.193 54.5296 443.663
internal_count=2541 58 2483 397 211 186 2086 228 1858
is_linear=0
shrinkage=0.05


Tree=91
num_leaves=12
num_cat=0
split_feature=34 33 106 27 14 88 87 3 80 123 115
split_gain=2.19495 3.8799 7.84798 7.23372 6.40078 5.41039 4.87222 3.79711 3.7511 0.899516 0.547482
threshold=8.5500000000000025 5.4500000000000011 2.5750000000000006 6.7000000000000002 0.90000000000000013 0.21403810000000004 0.90373529999999991 0.71871300000000005 0.62980316666666691 0.61303175239946239 1.7670525606469003
decision_type=2 2 2 2 2 2 2 2 2 2 2
left_child=1 3 6 5 -5 -1 -3 -4 9 -2 -10
right_child=8 2 7 4 -6 -7 -8 -9 10 -11 -12
leaf_value=0.0027460631758357921 0.045310080337463095 -0.040286972017509103 -0.020621146490264881 -0.018131773951785481 0.032506884876147515 -0.010964437396834607 0.00028593057988703037 0.0027921426809099405 0.0021415000823337316 0.0056385930767328257 -0.01428837396893122
leaf_weight=310.85359987616539 7.0362697094678897 24.025105848908428 19.972628101706505 5.751555159687995 30.098849982023239 92.225868627429008 7.1051667034625998 90.883094534277916 5.9538918882608396 6.266361340880394 6.0221481919288635
leaf_count=1298 30 101 83 24 129 384 30 385 25 27 25
internal_value=0 -0.000703001 -0.00791544 0.00152913 0.0227544 -0.000286576 -0.0297498 -0.00112582 0.0140666 0.031819 -0.00273144
internal_weight=606.195 580.916 141.986 438.93 35.8504 403.079 31.1303 110.856 25.2787 13.3026 11.976
internal_count=2541 2434 599 1835 153 1682 131 468 107 57 50
is_linear=0
shrinkage=0.05


Tree=92
num_leaves=10
num_cat=0
split_feature=51 93 28 108 34 90 107 79 57
split_gain=2.19952 3.31867 4.85423 6.72355 3.27027 4.18453 3.91349 3.22353 1.21796
threshold=3.1666666666666674 1.0500000000000005 1.5857142857142861 0.37150264797316401 4.6333333333333337 0.19999999999999987 1.0000000180025095e-35 1.0000000180025095e-35 1.5500000000000003
decision_type=2 2 2 2 2 2 2 2 2
left_child=1 4 -3 -4 5 -1 -6 -2 -9
right_child=7 2 3 -5 6 -7 -8 8 -10
leaf_value=0 0.0087768073637903617 0.039544427505726933 -0.02834288474820934 0.024637521513115726 -0.027374883151876968 0.019287398747101597 -0.0014803020933238052 -0.041388312976810247 -0.0015172210496081874
leaf_weight=86.113881394267082 5.7448962628841427 12.12383811175823 9.7776197940111178 12.42817674577236 14.538774967193602 41.860173270106316 408.92704086005688 8.2878894954919797 6.0972189307212821
leaf_count=360 25 52 41 54 61 177 1710 35 26
internal_value=0 0.00051651 0.0154075 0 -0.000346229 0.00652005 -0.00254953 -0.0159006 -0.0289357
internal_weight=605.9 585.77 34.3296 22.2058 551.44 127.974 423.466 20.13 14.3851
internal_count=2541 2455 147 95 2308 537 1771 86 61
is_linear=0
shrinkage=0.05


Tree=93
num_leaves=13
num_cat=0
split_feature=74 91 74 0 42 76 18 118 6 90 114 2
split_gain=2.21569 3.46418 3.01034 6.91196 7.89187 4.89839 4.87734 3.67942 2.79651 2.38172 2.12079 1.17427
threshold=1.0000000180025095e-35 1.6653345369377351e-16 0.29285714285714287 0.41666666666666669 2.1666666666666674 1.0500000000000003 7.9000000000000012 101.75000000000001 6.166666666666667 -0.54999999999999982 1.5237986680144238 1.8449241666666671
decision_type=2 2 2 2 2 2 2 2 2 2 2 2
left_child=1 8 6 5 -5 -4 -2 -8 9 -1 -3 -12
right_child=2 10 3 4 -6 -7 7 -9 -10 -11 11 -13
leaf_value=0 -0.03719204506566319 -0.047831507246239163 0 0.0039362752497392956 -0.019758055261316926 -0.046297812512609365 0.0040979482267933841 0.037415151326776329 -0.021170850439777785 0.034557766209050982 0.0017464065462071102 -0.022808574185698226
leaf_weight=13.900454774498941 5.6796850562095633 7.0592015981674221 7.4153902679681805 185.60003724694252 42.186353728175163 13.905605405569075 294.6590841114521 8.0458597391843778 8.7963922023773176 6.1633684933185604 6.3759716302156431 5.8846545219421387
leaf_count=59 24 31 31 778 175 58 1235 34 38 26 27 25
internal_value=0 -0.0102275 0.00084095 -0.00312647 -0.000300583 -0.0297112 0.00420711 0.00526843 0 0.0111111 -0.0260648 -0.00709979
internal_weight=605.672 48.18 557.492 249.107 227.786 21.321 308.385 302.705 28.8602 20.0638 19.3198 12.2606
internal_count=2541 206 2335 1042 953 89 1293 1269 123 85 83 52
is_linear=0
shrinkage=0.05


Tree=94
num_leaves=15
num_cat=0
split_feature=112 98 4 87 124 0 11 90 128 128 17 87 0 94
split_gain=2.17168 4.53992 6.93426 6.52597 4.78342 7.31309 6.12965 4.32929 4.22697 5.27806 5.48394 4.65501 4.62157 1.84468
threshold=0.51288694034808036 -0.40000000000000002 11.583333333333334 0.37383450000000001 0.55595585550446203 2.4166666666666674 8.4166666666666696 -1.8999999999999997 0.70445332877563727 0.75030246931055422 1.6482755000000002 -0.40171559999999989 1.4166666666666667 0.22125185000000028
decision_type=2 2 2 2 2 2 2 2 2 2 2 2 2 2
left_child=1 2 3 -1 5 -3 -6 -4 11 10 -10 -2 -11 -13
right_child=8 4 7 -5 6 -7 -8 -9 9 12 -12 13 -14 -15
leaf_value=-0.00011853325220884044 0.0053176896474896231 -0.018537544968173083 -0.019901270837048339 -0.04888584858754294 -0.023587306774126744 0.012206185281342045 0.0090285228036340801 0.017944951847827777 0.043845825240707154 -0.0045326342266441512 -0.0026370888049956592 -0.054708678531662946 0.0098289967706755646 -0.0047189000487233941
leaf_weight=43.697995379567146 9.5237357318401354 109.66417366266251 6.3835540115833274 7.6562917679548255 17.036894962191582 20.665169402956963 66.486361384391785 71.82415933907032 15.848867416381838 103.90326200425625 6.9513178914785376 6.4000357687473279 113.19988088309765 6.0703408718109131
leaf_count=182 40 454 27 32 72 85 283 301 66 438 29 26 481 25
internal_value=0 -0.00267618 0.00445318 -0.00913905 -0.00722883 -0.0132262 0.00158371 0.0140123 0.00335689 0.00545765 0.0280579 -0.0166238 0.00273716 -0.0362433
internal_weight=605.312 343.415 129.562 51.3543 213.853 130.329 83.5233 78.2077 261.897 239.903 22.8002 21.9941 217.103 12.4704
internal_count=2541 1436 542 214 894 539 355 328 1105 1014 95 91 919 51
is_linear=0
shrinkage=0.05


Tree=95
num_leaves=11
num_cat=0
split_feature=95 95 2 70 57 109 95 99 54 38
split_gain=2.10411 3.12084 4.47043 6.69654 4.03623 3.67783 5.66254 3.9149 2.32033 4.99765
threshold=0.62848714999999999 0.14718889999999987 1.3581850000000002 0.88750000000000007 1.5500000000000003 0.21721834293298975 -0.39164335 0.11805555555555557 2.2666666666666671 1.5032694500000001
decision_type=2 2 2 2 2 2 2 2 2 2
left_child=1 5 4 -4 -3 6 -1 -7 9 -2
right_child=8 2 3 -5 -6 7 -8 -9 -10 -11
leaf_value=-0.026250677800677677 -0.0016885435051338172 0.01408660437371121 0.0091162502611008781 -0.022361465197373934 -0.017620781092602452 0.015721020423771635 0 0.0012488649243114589 -0.0035090531958451078 0.049868475433066918
leaf_weight=26.463463366031647 5.8604096323251751 33.174921736121178 19.536967009305954 64.497963950037956 12.331669986248015 57.410112246870995 82.802376553416252 288.08579787611961 6.2741408348083487 8.3304575234651548
leaf_count=112 25 139 81 268 52 244 348 1209 27 36
internal_value=0 -0.000643695 -0.00751421 -0.0144342 0.00422508 0.0012159 -0.00657625 0.0038364 0.0152894 0.0265759
internal_weight=604.768 584.303 129.542 84.0349 45.5066 454.762 109.266 345.496 20.465 14.1909
internal_count=2541 2453 540 349 191 1913 460 1453 88 61
is_linear=0
shrinkage=0.05


Tree=96
num_leaves=13
num_cat=0
split_feature=106 17 103 38 10 79 91 123 52 39 113 27
split_gain=2.10771 3.12525 3.63454 4.43617 2.79422 4.35524 4.79981 4.65889 3.59445 4.93413 2.3596 0.80191
threshold=2.2250000000000005 1.1481168000000002 5.5000000000000009 1.5275348900000003 0.70564550000000004 0.83333333333333337 1.4500000000000004 0.6600694920096648 0.83333333333333337 14.950000000000001 0.50579846262472872 5.2666666666666675
decision_type=2 2 2 2 2 2 2 2 2 2 2 2
left_child=1 10 -3 -4 8 7 -7 -6 9 -2 -1 -10
right_child=4 2 3 -5 5 6 -8 -9 11 -11 -12 -13
leaf_value=-0.0077632647487329426 0.060670812245859289 -0.042545937480319984 0.018126410744844536 -0.033425461339662975 0.00016253096397055261 -0.0044305292552117631 -0.037639903282640476 0.016633471020779136 0.0079880802859080384 0 0.028578396536824847 -0.014704557181872481
leaf_weight=8.7186778932809812 6.7697829902172106 10.888792142271997 8.4356211274862272 6.1715903878211966 384.52353003621101 92.854330256581306 12.438632145524023 48.311013281345367 6.2391277402639371 7.1745379567146301 5.9129010140895835 6.1354284286499023
leaf_count=37 29 47 35 27 1607 390 52 210 26 30 26 25
internal_value=0 -0.0109996 -0.0216825 -0.00119687 0.000720035 0 -0.00914127 0.0021503 0.0163228 0.0329903 0.00461316 0
internal_weight=604.574 40.1276 25.496 14.6072 564.446 538.128 105.293 432.835 26.3189 13.9443 14.6316 12.3746
internal_count=2541 172 109 62 2369 2259 442 1817 110 59 63 51
is_linear=0
shrinkage=0.05


Tree=97
num_leaves=11
num_cat=0
split_feature=96 37 37 45 51 3 123 123 86 69
split_gain=2.15488 4.3249 10.1125 5.0948 2.77147 3.00866 2.99087 4.47005 4.1388 1.15307
threshold=-0.52723879999999979 1.2392244000000001 1.4984713500000002 1.5833333333333337 3.1666666666666674 1.6077190000000001 0.6600694920096648 0.62252885263088642 -0.59999999999999964 1.3541666666666667
decision_type=2 2 2 2 2 2 2 2 2 2
left_child=1 -1 -3 -4 6 9 7 -2 -8 -6
right_child=4 2 3 -5 5 -7 8 -9 -10 -11
leaf_value=-0.038302619585449886 0.0022419793721527416 0.040707529523505537 -0.048066698967838078 0 -0.046775443221523709 0.0053721627153985761 -0.0069163435594391436 -0.010786704085004194 0.021043382399567854 -0.0057626826404846634
leaf_weight=9.8581609278917295 416.47613257169724 8.6653571426868456 8.5229267776012438 8.7594310194253904 6.3091907799243945 5.9665499329566947 15.605691343545912 77.043755412101746 40.027358964085579 7.0511715263128281
leaf_count=42 1737 36 35 37 27 26 67 329 175 30
internal_value=0 -0.0117917 0 -0.0225114 0.000687961 -0.0172609 0.00144077 8.92542e-05 0.0123339 -0.0305206
internal_weight=604.286 35.8059 25.9477 17.2824 568.48 19.3269 549.153 493.52 55.6331 13.3604
internal_count=2541 150 108 72 2391 83 2308 2066 242 57
is_linear=0
shrinkage=0.05


Tree=98
num_leaves=6
num_cat=0
split_feature=33 68 96 39 82
split_gain=2.04916 2.53922 2.76448 4.5435 2.88648
threshold=2.6333333333333337 0.53571428571428581 0.61371850000000028 12.816666666666668 0.88602250000000016
decision_type=2 2 2 2 2
left_child=-1 2 4 -4 -2
right_child=1 -3 3 -5 -6
leaf_value=0.021852638167385169 -5.8962656123303925e-05 -0.023884104501172159 -0.043602231138695637 0.0017151795519507404 0.017466484768281287
leaf_weight=9.4604504853486997 543.9244374781847 10.351869300007818 8.4864686280488986 8.5067383795976621 23.324994876980782
leaf_count=41 2286 43 36 36 99
internal_value=0 -0.00046292 0 -0.0193031 0.000603154
internal_weight=604.055 594.595 584.243 16.9932 567.249
internal_count=2541 2500 2457 72 2385
is_linear=0
shrinkage=0.05


Tree=99
num_leaves=15
num_cat=0
split_feature=112 34 122 98 4 37 89 126 128 0 103 103 79 34
split_gain=2.04552 4.14736 4.67754 3.96454 6.4016 9.44554 4.67073 6.07979 5.78743 3.67296 3.65869 3.55024 3.94017 3.38418
threshold=0.51288694034808036 4.9500000000000011 55.750000000000007 -0.40000000000000002 11.583333333333334 1.3032743000000002 -0.4269363000000001 0.28757075854509134 0.79666776183043575 1.1666666666666667 7.5000000000000009 14.500000000000002 1.0000000180025095e-35 6.1214285714285728
decision_type=2 2 2 2 2 2 2 2 2 2 2 2 2 2
left_child=3 2 10 4 5 -1 7 -5 -8 -6 -2 13 -13 -3
right_child=1 11 -4 6 9 -7 8 -9 -10 -11 -12 12 -14 -15
leaf_value=0.015052074935812282 0.026418501426630936 -0.0050756818710650199 -0.016844899320940625 -0.0011002442927482035 0.02596643325803499 -0.027004012459070598 -0.020069991411295555 0.044029386191938961 -0.0012386423929903927 0.0026129378858980143 0 0 -0.050220336607038424 0.0086868811616563693
leaf_weight=20.789584964513779 43.643818542361259 90.172383010387421 8.7895623445510846 30.733010470867157 32.741278246045113 30.435193836688995 82.470055103302002 8.1175546050071699 92.086571961641312 45.194240435957909 21.058836504817009 7.6434489190578443 6.3268123865127563 83.780215159058571
leaf_count=87 187 379 37 130 137 127 342 33 389 191 88 32 26 356
internal_value=0 0.00324678 0.013259 -0.00261396 0.00404075 -0.00901675 -0.00687485 0.00794283 -0.010484 0.013262 0.0183036 -0.000453558 -0.0240077 0.00127871
internal_weight=603.983 261.415 73.4922 342.567 129.16 51.2248 213.407 38.8506 174.557 77.9355 64.7027 187.923 13.9703 173.953
internal_count=2541 1105 312 1436 542 214 894 163 731 328 275 793 58 735
is_linear=0
shrinkage=0.05


Tree=100
num_leaves=13
num_cat=0
split_feature=74 10 45 89 111 74 0 103 81 109 81 22
split_gain=1.99661 3.49609 3.6721 3.3298 3.232 2.70749 6.17731 6.80282 4.75118 7.79444 4.98407 3.12642
threshold=1.0000000180025095e-35 1.1397323333333336 1.1666666666666667 0.11189720000000015 1.0529896057199926 0.29285714285714287 0.41666666666666669 15.500000000000002 -0.54402799999999996 0.22008094884523347 -0.45736866666666665 1.1000000000000003
decision_type=2 2 2 2 2 2 2 2 2 2 2 2
left_child=1 -1 3 -3 -4 8 11 -8 9 -2 -10 -7
right_child=5 2 4 -5 -6 6 7 -9 10 -11 -12 -13
leaf_value=0.011610941809116636 -0.0084590592707674741 -0.018437450768179868 0 0.023345123365604768 -0.046667204781632034 0 0.0018004271187130909 -0.032491209385492791 -0.028798871930989747 0.026928363573970673 0.0024092914546877536 -0.039598431067404016
leaf_weight=11.057745173573492 19.780066952109337 10.268435195088388 6.9338269382715252 7.2457879632711402 12.330090105533598 6.0033176392316845 212.68251386284828 14.473142698407171 12.484239786863325 46.860872238874435 228.17464393377304 15.237773984670637
leaf_count=47 84 44 30 31 54 25 893 60 52 199 958 64
internal_value=0 -0.00976391 -0.0176512 0 -0.0321541 0.000776674 -0.00298513 -0.000298136 0.00397941 0.0157159 0.000470985 -0.0281668
internal_weight=603.532 47.8359 36.7781 17.5142 19.2639 555.697 248.397 227.156 307.3 66.6409 240.659 21.2411
internal_count=2541 206 159 75 84 2335 1042 953 1293 283 1010 89
is_linear=0
shrinkage=0.05


Tree=101
num_leaves=10
num_cat=0
split_feature=24 87 31 114 110 13 76 9 102
split_gain=1.97389 3.22864 5.23425 3.7131 3.20025 3.13831 8.18324 5.1828 2.92229
threshold=2.5442510000000005 -0.81789509999999987 1.9023996999999999 1.64747526596091 0.13635004620653418 3.1666666666666674 1.7750000000000001 0.52897916666666689 6.5000000000000009
decision_type=2 2 2 2 2 2 2 2 2
left_child=1 2 3 -1 -2 6 -3 -7 -6
right_child=4 5 -4 -5 8 7 -8 -9 -10
leaf_value=-0.027230581054571087 -0.010227183556698629 0 0.015762339199352202 0.0043134698352336491 0 -0.034038113734263901 0.035501162801261588 -0.00012782438452947785 0.039816985652850002
leaf_weight=36.074936032295227 6.5202624499797848 62.869508028030396 10.768014907836912 8.7175927609205228 6.3686221539974239 10.671410992741583 21.090217053890228 428.95274364948273 11.103676334023474
leaf_count=153 29 262 46 37 28 45 89 1801 51
internal_value=-1.31238e-06 -0.00067639 -0.0120608 -0.0200394 0.0136685 0.000457048 0.00932196 -0.00113982 0.0253635
internal_weight=603.137 579.144 55.5605 44.7925 23.9926 523.584 83.9597 439.624 17.4723
internal_count=2541 2433 236 190 108 2197 351 1846 79
is_linear=0
shrinkage=0.05


Tree=102
num_leaves=14
num_cat=0
split_feature=34 26 3 6 63 24 126 36 95 23 54 85 95
split_gain=2.00396 5.86251 5.77639 6.43098 5.75303 6.08401 8.06945 7.67489 5.71669 4.84937 4.78869 4.53239 3.57724
threshold=5.6333333333333337 2.2916666666666674 1.4882733333333333 6.416666666666667 1.2250000000000003 1.4419307000000003 0.30214775623340268 0.81666666666666676 0.12609819999999997 0.73018280000000024 0.77500000000000013 -1.2249999999999996 0.0075980999999999419
decision_type=2 2 2 2 2 2 2 2 2 2 2 2 2
left_child=4 12 3 -3 8 7 -7 -6 11 -10 -4 -1 -2
right_child=1 2 10 -5 5 6 -8 -9 9 -11 -12 -13 -14
leaf_value=-0.004405505239368516 -0.049118205677120719 -0.016580086859306318 -0.012685711714727266 0.0017370472485715837 0.0095035004111275728 0.010001282801398788 -0.0336379483405514 -0.023525280392738164 0.029093766146699996 -0.012459198146952186 0.018213146303238333 0.020587159652507958 0
leaf_weight=18.360417455434799 9.8427887260913867 79.605186522006989 13.56325316429138 107.5107609629631 21.95681457221508 88.346930548548698 10.715251252055166 57.478625223040581 7.1577748209238043 38.279598906636238 53.264848813414574 90.547547668218613 6.2293847501277915
leaf_count=78 42 332 58 454 93 374 44 238 30 161 228 383 26
internal_value=0 -0.00327104 -0.00115462 -0.00583657 0.00251409 -0.0033875 0.00449228 -0.0137695 0.00963891 -0.00435106 0.0111103 0.0159171 -0.0317559
internal_weight=602.859 270.016 253.944 187.116 332.843 178.498 99.0622 79.4354 154.345 45.4374 66.8281 108.908 16.0722
internal_count=2541 1140 1072 786 1401 749 418 331 652 191 286 461 68
is_linear=0
shrinkage=0.05


Tree=103
num_leaves=6
num_cat=0
split_feature=3 3 3 57 31
split_gain=2.4633 4.63194 3.11397 3.92976 3.14657
threshold=0.29817166666666672 0.38315616666666669 0.56542616666666679 1.5500000000000003 0.78535846000000009
decision_type=2 2 2 2 2
left_child=-1 -2 3 -3 -4
right_child=1 2 4 -5 -6
leaf_value=-0.032501777972951874 0.044603022750909979 0.0040751778312555264 0.016660484616415689 -0.034623464267736208 -0.00025274115603678458
leaf_weight=4.799703136086463 4.8321532607078543 7.948323771357539 27.749020278453827 13.449045196175573 543.61606615781784
leaf_count=20 20 34 119 56 2292
internal_value=-1.41412e-06 0.000229951 -0.000122076 -0.0184758 0.000508986
internal_weight=602.394 597.595 592.762 21.3974 571.365
internal_count=2541 2521 2501 90 2411
is_linear=0
shrinkage=0.05


Tree=104
num_leaves=14
num_cat=0
split_feature=100 114 44 126 69 41 27 39 30 5 30 26 128
split_gain=1.96228 3.89226 4.19131 9.80786 7.886 4.02406 5.55646 4.89915 3.20813 4.70852 3.78566 6.76996 4.36724
threshold=0.34848484848484856 1.5091081586315898 1.0000000180025095e-35 0.27030102252381388 0.86607142857142871 4.4722222222222232 6.4500000000000011 9.5277777777777803 1.1336692428571431 3.5833333333333335 1.6707100500000005 2.9000000000000004 0.79666776183043575
decision_type=2 2 2 2 2 2 2 2 2 2 2 2 2
left_child=1 5 3 -3 -4 7 -7 -1 9 -2 11 -10 -12
right_child=8 2 4 -5 -6 6 -8 -9 10 -11 12 -13 -14
leaf_value=-0.014736961083790884 0.05311965478911275 0.00041495656909396267 -0.03184770091884917 0.030477960563094805 0 -0.023398681283803242 0.0085775386728023494 0.013824752106395386 0.028994686261110417 0 -0.0052540070594655078 -0.015398850589585081 0.02523777969743753
leaf_weight=26.022111237049103 7.2592856734991056 132.82935053110123 21.046304523944855 34.313962042331696 172.53004324436188 59.424468785524368 14.325107485055922 32.393597334623337 9.1609432399272901 6.5281219184398651 15.562168031930922 43.414350718259811 27.515355318784714
leaf_count=110 31 563 88 143 731 245 60 135 39 27 65 183 121
internal_value=0 -0.00142679 0.00114535 0.00702871 -0.00368768 -0.00877831 -0.0164871 0.000226109 0.00594271 0.0279281 0.00200025 -0.00633345 0.0132187
internal_weight=602.325 492.885 360.72 167.143 193.576 132.165 73.7496 58.4157 109.44 13.7874 95.6528 52.5753 43.0775
internal_count=2541 2075 1525 706 819 550 305 245 466 58 408 222 186
is_linear=0
shrinkage=0.05


Tree=105
num_leaves=6
num_cat=0
split_feature=3 3 3 31 101
split_gain=2.2571 4.22893 2.79681 2.8558 2.82312
threshold=0.29817166666666672 0.38315616666666669 0.56542616666666679 0.78535846000000009 2.7735042735042739
decision_type=2 2 2 2 2
left_child=-1 -2 4 -4 -3
right_child=1 2 3 -5 -6
leaf_value=-0.031108841125470826 0.042719318314345091 0.0012186284627501316 0.015907268864607933 -0.00022269656278660639 -0.030724227106554189
leaf_weight=4.7963330894708625 4.8084842562675467 7.6728369593620327 27.668663576245308 543.27361083030701 13.725533723831175
leaf_count=20 20 32 119 2292 58
internal_value=0 0.000235903 -9.61158e-05 0.000498009 -0.0174951
internal_weight=601.945 597.149 592.341 570.942 21.3984
internal_count=2541 2521 2501 2411 90
is_linear=0
shrinkage=0.05


Tree=106
num_leaves=6
num_cat=0
split_feature=3 3 3 57 46
split_gain=2.07655 3.90195 2.51192 3.4833 2.6398
threshold=0.29817166666666672 0.38315616666666669 0.56542616666666679 1.5500000000000003 1.8333333333333337
decision_type=2 2 2 2 2
left_child=-1 -2 3 -3 -4
right_child=1 2 4 -5 -6
leaf_value=-0.029854388242312003 0.041115950457654954 0.0044196875938859112 0.0027592334436327567 -0.031887392087623832 -0.004633000189277414
leaf_weight=4.7901482284069052 4.7857670038938513 7.9334576576948193 401.18858306109905 13.44890086352825 169.69518132507801
leaf_count=20 20 34 1693 56 718
internal_value=0 0.000226626 -8.82459e-05 -0.0165869 0.000470203
internal_weight=601.842 597.052 592.266 21.3824 570.884
internal_count=2541 2521 2501 90 2411
is_linear=0
shrinkage=0.05


Tree=107
num_leaves=13
num_cat=0
split_feature=106 23 37 41 24 10 51 123 52 39 27 13
split_gain=1.92754 2.92298 2.91885 3.15967 2.66301 2.59131 3.6121 3.27004 3.23684 4.58813 0.732521 0.611297
threshold=2.2250000000000005 0.93435750000000006 1.4984713500000002 5.2428571428571438 1.5180013000000001 0.70564550000000004 3.4166666666666674 0.6600694920096648 0.83333333333333337 14.950000000000001 5.2666666666666675 4.166666666666667
decision_type=2 2 2 2 2 2 2 2 2 2 2 2
left_child=1 11 4 -4 -3 8 7 -7 9 -2 -10 -1
right_child=5 2 3 -5 -6 6 -8 -9 10 -11 -12 -13
leaf_value=-0.0054202734789117208 0.058597844264563326 0.028541684733397646 7.2015435707040726e-05 -0.041935764078818667 -0.006627470402599903 -0.00076752742936766105 -0.028580278460295157 0.011704667748950844 0.0080105736456237767 0 -0.013872505544431391 -0.044766846675409123
leaf_weight=5.637056350708006 6.6643588840961474 9.7002053260803276 5.962399482727049 6.2776260077953339 6.7089647352695456 468.17483481764793 9.8766973912715894 57.719455733895302 6.2128885239362699 7.1537184417247772 6.1108404099941254 5.5781402885913849
leaf_count=25 29 41 25 27 29 1964 43 252 26 30 25 25
internal_value=0 -0.0105431 -1.28319e-05 -0.0192365 0.0117358 0.000700829 0 0.000526077 0.0157756 0.0316535 0 -0.0311462
internal_weight=601.777 39.8644 28.6492 12.24 16.4092 561.913 535.771 525.894 26.1418 13.8181 12.3237 11.2152
internal_count=2541 172 122 52 70 2369 2259 2216 110 59 51 50
is_linear=0
shrinkage=0.05


Tree=108
num_leaves=13
num_cat=0
split_feature=96 106 82 36 12 36 70 22 29 45 30 9
split_gain=1.93204 4.10723 3.66052 7.52917 6.46927 4.78944 5.93398 5.31704 2.72618 2.28854 3.57156 1.19161
threshold=-0.52723879999999979 2.7928571428571431 -0.26592533333333329 2.2678571428571432 5.166666666666667 1.8452380952380956 1.2111111111111115 0.63333333333333341 1.2928571428571431 1.8333333333333337 1.5774612000000001 1.3911743333333335
decision_type=2 2 2 2 2 2 2 2 2 2 2 2
left_child=1 11 3 4 -2 7 -7 -4 -5 10 -3 -1
right_child=2 9 5 8 -6 6 -8 -9 -10 -11 -12 -13
leaf_value=-0.0066514110808828329 0.015492317738260465 -0.028550915049523624 0.011510248228846387 0 -0.0081502544904087145 -0.0081391073558626376 0.014918154262758387 -0.0083059233372152954 -0.047259240618162279 0.024959560312212536 0.015286898044917627 -0.04822373933865598
leaf_weight=7.1324429214000684 123.90095238387585 9.1710749566555041 36.486946731805801 5.7859407663345319 33.927984103560448 40.210404232144356 75.143657922744751 243.64196874201298 6.8295179307460785 6.5154258757829657 6.1868130564689627 6.5143539905548096
leaf_count=31 525 38 153 25 144 169 322 1024 29 28 26 27
internal_value=0 -0.0112105 0.000651181 0.00681946 0.0100758 -0.0018916 0.0064502 -0.00551524 -0.0279957 0.00030832 -0.0079796 -0.0318474
internal_weight=601.447 35.5201 565.927 170.444 157.829 395.483 115.354 280.129 12.6155 21.8733 15.3579 13.6468
internal_count=2541 150 2391 723 669 1668 491 1177 54 92 64 58
is_linear=0
shrinkage=0.05


Tree=109
num_leaves=14
num_cat=0
split_feature=34 75 37 100 37 106 5 63 95 101 98 124 4
split_gain=1.89822 5.67622 7.88416 7.46194 6.21531 5.85528 5.57034 5.89243 5.64928 5.3279 4.9762 3.72527 0.834569
threshold=5.6333333333333337 1.2111111111111115 1.0606866500000003 0.24038461538461542 1.1710900000000002 2.7250000000000005 6.8333333333333348 1.2250000000000003 0.12609819999999997 3.3923076923076927 1.4214285714285719 0.56625170209268105 16.416666666666668
decision_type=2 2 2 2 2 2 2 2 2 2 2 2 2
left_child=6 3 11 5 -4 -2 7 8 -1 -9 -5 -3 -8
right_child=1 2 4 10 -6 -7 12 9 -10 -11 -12 -13 -14
leaf_value=0.014735272488799418 -0.019061554758370312 0.047091764520737871 -0.034492588093857315 -0.040936384552390043 0.0015799328397943539 0.0096555805127017721 0.050301607647224238 -0.0093335663079960329 -0.0058828800737980502 0.013317253888299536 0 0 0.0069905795776039996
leaf_weight=105.45765283703804 29.100134298205376 12.418286353349687 11.990656867623327 26.959771290421486 131.33041290938854 40.863046333193779 5.859817221760748 142.19633156061172 43.514894381165504 29.275515392422676 9.9941653460264188 6.5690732151269904 5.6366068422794342
leaf_count=448 124 51 50 112 559 172 25 595 183 125 43 29 25
internal_value=0 -0.00319064 0.00245071 -0.0121613 -0.00130964 -0.00168458 0.00244763 0.00100627 0.00838025 -0.00512168 -0.030112 0.0319817 0.0353264
internal_weight=601.166 269.226 162.308 106.917 143.321 69.9632 331.941 320.444 148.973 171.472 36.9539 18.9874 11.4964
internal_count=2541 1140 689 451 609 296 1401 1351 631 720 155 80 50
is_linear=0
shrinkage=0.05


Tree=110
num_leaves=14
num_cat=0
split_feature=100 114 44 123 35 41 3 76 114 76 91 20 100
split_gain=1.9009 3.49475 3.80495 6.07702 5.88224 3.51645 5.37609 5.18935 3.1259 5.96764 5.05036 4.18124 3.51386
threshold=0.34848484848484856 1.5091081586315898 1.0000000180025095e-35 0.51356956376232288 1.9500000000000002 4.4722222222222232 1.6077190000000001 1.3541666666666667 1.5237986680144238 1.8819444444444446 0.39999999999999991 4.366666666666668 0.42261904761904767
decision_type=2 2 2 2 2 2 2 2 2 2 2 2 2
left_child=1 5 3 -3 -4 6 -1 -7 11 10 -10 -2 -13
right_child=8 2 4 -5 -6 7 -8 -9 9 -11 -12 12 -14
leaf_value=-0.0078081695784479252 -0.0075757117422620111 0.02420883798407901 -7.6974763376944392e-05 0.0010622510075470372 -0.027353311790303272 -0.0024313622164152085 0.026547974952699446 -0.030559437910513979 0.0034475013399285549 0.032699451176088759 -0.025443418887862158 0.056344757760182732 0.01256130025170198
leaf_weight=44.124084368348122 9.7130349278449994 37.383627325296402 171.24845758080482 129.27740272879601 21.936163440346718 41.64227083325386 14.166274249553679 31.987415909767151 36.129835218191147 10.247782334685324 22.289669886231422 7.3122081905603435 23.400669768452644
leaf_count=185 41 156 725 550 94 173 60 132 153 46 95 31 100
internal_value=0 -0.00138907 0.00104469 0.00666589 -0.00355661 -0.00836186 5.01542e-06 -0.0155669 0.00587618 0 -0.0069769 0.0167454 0.02601
internal_weight=600.859 491.766 359.846 166.661 193.185 131.92 58.2904 73.6297 109.093 68.6673 58.4195 40.4259 30.7129
internal_count=2541 2075 1525 706 819 550 245 305 466 294 248 172 131
is_linear=0
shrinkage=0.05


Tree=111
num_leaves=9
num_cat=0
split_feature=95 95 2 70 57 95 82 20
split_gain=1.86757 2.5967 4.09606 6.17423 3.53575 3.50149 3.23343 2.27523
threshold=0.62848714999999999 0.14718889999999987 1.3581850000000002 0.88750000000000007 1.5500000000000003 0.13201775000000018 0.88602250000000016 5.5500000000000007
decision_type=2 2 2 2 2 2 2 2
left_child=1 5 4 -4 -3 6 -1 -2
right_child=7 2 3 -5 -6 -7 -8 -9
leaf_value=-0.00048191189403595834 0 0.013668626201892043 0.0090885915640758711 -0.021171862777650183 -0.015963151868505498 0.033968213112208198 0.01857753917940563 0.030008043305571802
leaf_weight=422.07960198819637 9.9824776053428668 32.962181463837624 19.439299046993256 64.222812876105309 12.266748279333113 7.0060288161039344 22.347890421748161 10.279637470841406
leaf_count=1787 43 139 81 268 52 30 96 45
internal_value=0 -0.00058638 -0.00687258 -0.0135258 0.00437902 0.00110913 0.00040379 0.0144979
internal_weight=600.587 580.325 128.891 83.6621 45.2289 451.434 444.427 20.2621
internal_count=2541 2453 540 349 191 1913 1883 88
is_linear=0
shrinkage=0.05


Tree=112
num_leaves=15
num_cat=0
split_feature=39 37 125 126 76 82 12 112 30 121 39 5 9 10
split_gain=1.90455 5.52927 6.2058 7.18896 4.55435 4.35025 2.85571 6.11037 4.14738 3.66356 3.45227 6.06954 5.0727 2.00614
threshold=9.5277777777777803 1.0606866500000003 0.41296527996759907 0.23911460701715462 1.828571428571429 0.35323700000000008 5.166666666666667 0.49678951972010188 1.0570600500000003 38.32500000000001 10.133928571428573 5.166666666666667 0.83015600000000001 1.5187381666666671
decision_type=2 2 2 2 2 2 2 2 2 2 2 2 2 2
left_child=1 2 5 -4 13 -1 10 9 -9 -8 11 -2 -12 -3
right_child=6 4 3 -5 -6 -7 7 8 -10 -11 12 -13 -14 -15
leaf_value=0.030420353451685863 0.031448962978037863 -0.01052940683868097 0.0046521122104331543 -0.02684519394520948 0.0058784605417570891 -0.0086525883757235054 0.00030337973855402121 0.036425778909612211 -5.9705094982103337e-05 -0.027419888615030148 -0.015917823898214438 -0.003945285797823191 0.0042570391410818569 -0.049754131578753788
leaf_weight=22.152786418795589 27.142548888921738 10.496374040842062 40.760577693581581 28.71513257920742 6.5769934803247443 7.2620845735073081 12.728616476058958 7.3752914369106284 75.903746053576469 34.325256004929543 33.737108170986176 16.979403838515282 264.15757718682289 12.122306078672407
leaf_count=93 115 44 173 121 29 31 54 31 324 144 142 72 1117 51
internal_value=0 -0.00542276 0 -0.00785283 -0.0241557 0.0191626 0.00142813 -0.00467487 0.00297209 -0.0190297 0.00390642 0.0169346 0.00175931 -0.0348851
internal_weight=600.436 128.086 98.8906 69.4757 29.1957 29.4149 472.35 130.333 83.279 47.0539 342.017 44.122 297.895 22.6187
internal_count=2541 542 418 294 124 124 1999 553 355 198 1446 187 1259 95
is_linear=0
shrinkage=0.05


Tree=113
num_leaves=13
num_cat=0
split_feature=15 70 27 101 89 6 33 10 81 67 109 16
split_gain=1.87924 7.06403 8.70723 6.62949 6.4523 5.78925 5.84673 4.4632 7.2164 4.50996 3.10958 2.78652
threshold=1.6333333333333335 1.9500000000000002 5.366666666666668 3.1180555555555558 0.31208439999999998 7.416666666666667 4.8166666666666673 2.6273750000000002 0.33137699999999998 0.31666666666666671 0.26982737807822316 1.1448623000000002
decision_type=2 2 2 2 2 2 2 2 2 2 2 2
left_child=1 7 10 5 11 6 -2 9 -9 -1 -3 -5
right_child=3 2 -4 4 -6 -7 -8 8 -10 -11 -12 -13
leaf_value=-0.0085954306924766952 -0.0015074875750553125 0.021233091776091499 0.066035748561146301 -0.0017457789895456246 0.010029396978362781 -0.033645646162600511 0.026808031671030987 0.040829048306238687 -0.016826357304833336 0.0023284258995843652 -0.016548739230079088 -0.048957118009130704
leaf_weight=140.30918940901756 74.359795093536377 11.464905679225927 8.2187603712081891 6.6708188354969087 7.1706041097640982 9.9247155189514142 22.048296183347702 14.917185276746752 6.0862083584070197 274.44400964677334 7.7485435903072348 16.730793386697769
leaf_count=590 315 50 35 28 32 42 94 67 27 1157 33 71
internal_value=0 0.00147794 0.0256279 -0.00516868 -0.0253227 0.000341987 0.00466363 0 0.0218443 -0.00125859 0.00345765 -0.0381713
internal_weight=600.094 463.189 27.4322 136.905 30.5722 106.333 96.4081 435.757 21.0034 414.753 19.2134 23.4016
internal_count=2541 1959 118 582 131 451 409 1841 94 1747 83 99
is_linear=0
shrinkage=0.05


Tree=114
num_leaves=12
num_cat=0
split_feature=74 10 101 112 82 82 84 10 112 91 91
split_gain=1.87585 3.2104 3.71192 3.86545 2.49752 7.64819 9.2198 6.27724 3.21159 8.57581 4.64033
threshold=1.0000000180025095e-35 1.1397323333333336 3.1180555555555558 0.52380526399491101 0.30928733333333308 0.39794449999999998 -1.1666666666666661 2.3447316666666671 0.47422611930383962 -0.29166666666666657 -1.6653345369377346e-16
decision_type=2 2 2 2 2 2 2 2 2 2 2
left_child=1 -1 3 -3 8 6 -6 -7 9 -2 -10
right_child=4 2 -4 -5 5 7 -8 -9 10 -11 -12
leaf_value=0.010921230464403612 0.033247347492451791 -0.018762573928278403 -0.048093498962705289 0.018621544993488334 0.009375958666609693 -0.0040357709326425198 -0.050724581789671423 0.031012275613660784 -0.00507181907006405 -0.0031580584000401469 0.0061852716647254995
leaf_weight=10.989357322454451 28.002246931195259 21.095698565244678 7.1976987868547431 8.0848154425621015 7.6847616285085705 92.155834168195724 16.424815446138382 13.749065682291983 169.23943834006786 31.297166392207146 193.88593411445618
leaf_count=47 118 92 32 35 33 387 68 61 713 132 823
internal_value=0 -0.00948397 -0.017113 -0.00647434 0.000782847 -0.00512151 -0.0299662 0.000294154 0.00272599 0.0134703 0.000801918
internal_weight=599.807 47.3676 36.3782 29.1805 552.439 130.014 24.1096 105.905 422.425 59.2994 363.125
internal_count=2541 206 159 127 2335 549 101 448 1786 250 1536
is_linear=0
shrinkage=0.05


Tree=115
num_leaves=12
num_cat=0
split_feature=39 101 124 38 41 70 48 4 2 32 20
split_gain=1.9063 4.80633 5.02924 4.87805 4.49768 12.2292 4.99148 4.49695 4.78713 4.72219 0.653792
threshold=10.950000000000001 3.8660714285714293 0.65698194041261249 1.6079194000000003 4.1833333333333345 0.88750000000000007 1.1666666666666667 10.41666666666667 1.0345418333333336 10.050000000000002 6.1000000000000005
decision_type=2 2 2 2 2 2 2 2 2 2 2
left_child=1 2 3 -1 5 -2 -7 8 -6 -9 -3
right_child=4 10 -4 -5 7 6 -8 9 -10 -11 -12
leaf_value=-0.012984143066816452 -0.041291758890233198 -0.043284366559500603 0.038482641892241654 0.0020421429027168087 0 0.045321033348780203 0.0081640518282577162 0.04386945233481096 -0.029904795835467554 0.0014067469211456502 -0.0061529027348677431
leaf_weight=79.188649103045464 6.4619663655757895 7.3953100442886335 6.4863310754299155 152.90809567272663 27.967689707875252 19.350400060415268 24.653278902173042 5.8923010230064383 22.788578689098358 240.13147568702698 6.1769489645957947
leaf_count=329 27 31 32 647 118 82 104 25 95 1024 27
internal_value=0 -0.00334312 -0.00141406 -0.00290385 0.00235804 0.0160033 0.0262587 0 -0.0134093 0.00279962 -0.0313983
internal_weight=599.401 252.155 238.583 232.097 347.246 50.4656 44.0037 296.78 50.7563 246.024 13.5723
internal_count=2541 1066 1008 976 1475 213 186 1262 213 1049 58
is_linear=0
shrinkage=0.05


Tree=116
num_leaves=9
num_cat=0
split_feature=29 103 17 63 17 65 1 20
split_gain=1.83693 4.14881 2.77574 5.48508 3.44047 4.7161 3.57624 3.12903
threshold=0.5277777777777779 6.5000000000000009 0.68809189999999998 1.1000000000000003 0.94768325999999992 0.55000000000000016 0.83333333333333337 6.4500000000000011
decision_type=2 2 2 2 2 2 2 2
left_child=1 -1 3 -2 5 -4 -6 -5
right_child=2 -3 4 7 6 -7 -8 -9
leaf_value=-0.0087918660464717056 -0.043330850777768333 0.036820317800750062 0.016118222104800684 -0.022617828287185626 -0.0098418139902876119 -0.01464881291545325 0.0008125565806029639 0.015397107658702478
leaf_weight=6.27480824291706 10.061586156487467 9.5145496129989606 63.162900775671005 7.9789846688509014 96.491320133209229 12.972744420170782 379.91289815306664 12.621367931365965
leaf_count=26 43 42 270 33 404 55 1615 53
internal_value=0 0.0162716 -0.000501768 -0.0149284 0.000234002 0.0101057 -0.00125675 0
internal_weight=598.991 15.7894 583.202 30.6619 552.54 76.1356 476.404 20.6004
internal_count=2541 68 2473 129 2344 325 2019 86
is_linear=0
shrinkage=0.05


Tree=117
num_leaves=11
num_cat=0
split_feature=54 102 85 84 18 2 113 113 88 70
split_gain=1.8244 4.52907 4.46228 5.61346 3.00577 2.97457 5.22976 4.99976 2.63337 2.04154
threshold=0.67500000000000016 3.5000000000000004 1.0000000180025095e-35 -2.8333333333333326 7.9000000000000012 1.2014586666666669 0.4696803196803197 0.52617872807017563 -0.25349799999999995 1.9500000000000002
decision_type=2 2 2 2 2 2 2 2 2 2
left_child=1 8 3 -3 -2 7 -7 -6 -1 -4
right_child=4 2 9 -5 5 6 -8 -9 -10 -11
leaf_value=-0.0012209839723230217 -0.030098060624347257 0.029191332860959197 -0.04665160520176212 -0.010428284445454543 0.0034793270066311808 0.0093852455400972885 -0.003711190812393135 0.033184497260105285 0.03439496868483672 -0.0022883939577865611
leaf_weight=5.8052031248807898 6.3848551064729682 9.1170250177383405 10.648758322000505 59.619375839829445 85.502310037612915 102.60141123831272 286.05923335254192 17.555198401212692 8.6527448743581754 6.7635700851678839
leaf_count=25 27 39 45 254 360 440 1211 74 37 29
internal_value=0 -0.00614457 -0.0108783 -0.00411301 0.00120504 0.00177324 -0.00011037 0.0092902 0.0177059 -0.0331951
internal_weight=598.71 100.607 86.1487 68.7364 498.103 491.718 388.661 103.058 14.4579 17.4123
internal_count=2541 429 367 293 2112 2085 1651 434 62 74
is_linear=0
shrinkage=0.05


Tree=118
num_leaves=10
num_cat=0
split_feature=88 101 88 39 106 124 27 7 24
split_gain=1.79554 4.38172 3.29589 3.08289 2.87834 6.07645 4.95191 2.07221 1.46465
threshold=-0.77852089999999974 2.5505050505050506 -0.73287542999999999 11.52777777777778 2.9750000000000005 0.462761071165053 2.6333333333333337 1.1666666666666667 1.6648745000000005
decision_type=2 2 2 2 2 2 2 2 2
left_child=1 -1 -2 7 6 -6 -4 -3 -5
right_child=2 3 4 8 5 -7 -8 -9 -10
leaf_value=0.012489455284905084 0.032544561034534611 -0.0093795055481343398 0.022161655229199786 -0.018412568448083012 -0.015820930695281055 0.0080044012462412596 -0.0043124690483491738 -0.058712583285935697 0.013357126295410891
leaf_weight=11.03917759656906 7.0137627720832816 7.879323288798334 17.274676322937012 6.1135199517011625 28.989946648478508 192.79449914395809 315.00514782965183 6.3727759122848511 6.0061038136482239
leaf_count=47 30 34 74 26 121 824 1332 27 26
internal_value=0 -0.0104968 0.00067567 -0.0220503 0.000124264 0.00460867 -0.00272373 -0.03712 0
internal_weight=598.489 37.4109 561.078 26.3717 554.064 221.784 332.28 14.2521 12.1196
internal_count=2541 160 2381 113 2351 945 1406 61 52
is_linear=0
shrinkage=0.05


Tree=119
num_leaves=14
num_cat=0
split_feature=36 82 80 80 36 15 97 26 99 81 31 24 76
split_gain=1.79655 6.86884 4.31126 7.6317 4.86692 4.34624 3.51095 3.40844 3.27736 3.11942 2.5807 2.19939 0.814091
threshold=2.2678571428571432 -0.19343799999999989 -1.0712491666666666 -0.75783478333333298 2.0500000000000003 1.5500000000000003 -0.78333333333333321 3.1000000000000005 0.32051282051282054 -0.37047133333333332 1.5305403000000004 2.2841721000000006 1.9500000000000002
decision_type=2 2 2 2 2 2 2 2 2 2 2 2 2
left_child=2 11 6 5 -5 -4 -1 10 -8 -9 -3 12 -2
right_child=1 7 3 4 -6 -7 8 9 -10 -11 -12 -13 -14
leaf_value=-0.010021833582820886 -0.016686053579873041 -0.034821021529623804 -0.035487291954785123 -3.9472019191056453e-06 0.019683592706317907 -0.00028312447645289758 -0.0017390497834497316 0.036613771418292911 0.029052430565167781 0 0.002878399073633841 0 -0.060304647902109633
leaf_weight=8.0338292568922025 7.7619558274745959 6.6150763034820539 22.213594868779182 423.20439107716084 32.489917442202568 18.886404141783714 7.6630069166421881 9.4258592724800092 31.103757530450821 12.735456347465517 5.8455192446708679 6.1453759372234336 6.1169800609350204
leaf_count=34 33 28 94 1788 140 81 33 41 136 55 25 27 26
internal_value=0 -0.00859509 0.000835852 -0.000445747 0.00133027 -0.0208888 0.0152109 0.00372841 0.0218179 0.0163321 -0.0145209 -0.0314444 -0.0420319
internal_weight=598.241 54.6462 543.595 496.794 455.694 41.1 46.8006 34.6219 38.7668 22.1613 12.4606 20.0243 13.8789
internal_count=2541 235 2306 2103 1928 175 203 149 169 96 53 86 59
is_linear=0
shrinkage=0.05


Tree=120
num_leaves=13
num_cat=0
split_feature=15 70 27 101 89 6 33 103 95 34 109 103
split_gain=1.841 6.29312 8.12521 5.82638 5.778 5.2438 5.26167 3.85718 5.28984 4.10662 2.84472 2.55929
threshold=1.6333333333333335 1.9500000000000002 5.366666666666668 3.1180555555555558 0.31208439999999998 7.416666666666667 4.8166666666666673 14.500000000000002 -0.045415000000000309 8.5500000000000025 0.26982737807822316 7.5000000000000009
decision_type=2 2 2 2 2 2 2 2 2 2 2 2
left_child=1 7 10 5 11 6 -2 9 -9 -1 -3 -5
right_child=3 2 -4 4 -6 -7 -8 8 -10 -11 -12 -13
leaf_value=7.6920082575535767e-06 -0.0016712977850748035 0.020080238398929705 0.063634445729964836 -0.047271418877523425 0.0092721455444888749 -0.032395657010565113 0.025255129644172359 -0.032920204862166617 0.0034542312606589153 0.022400814496648908 -0.016207255947025153 -0.00274374841514425
leaf_weight=379.03848165273666 74.124241307377815 11.357788473367696 8.101149305701254 16.131759807467468 7.1227051913738242 9.8938698470592481 21.923283785581589 19.242010340094566 15.080632686614988 20.931460112333298 7.7178208380937567 7.2449235618114463
leaf_count=1606 315 50 35 68 32 42 94 81 64 90 33 31
internal_value=0 0.00144741 0.0243464 -0.00514177 -0.024037 4.31502e-06 0.00415647 0 -0.0158772 0.00135722 0.00283206 -0.0362012
internal_weight=597.91 461.469 27.1768 136.441 30.4994 105.941 96.0475 434.293 34.3226 399.97 19.0756 23.3767
internal_count=2541 1959 118 582 131 451 409 1841 145 1696 83 99
is_linear=0
shrinkage=0.05


Tree=121
num_leaves=10
num_cat=0
split_feature=82 106 106 103 98 36 118 123 71
split_gain=1.8228 5.97093 5.24664 4.86527 6.40921 4.38861 4.31751 4.05796 3.9698
threshold=0.017714666666666771 3.7750000000000004 3.6250000000000004 8.5000000000000018 0.70714285714285741 0.76388888888888895 98.000000000000014 0.61303175239946239 0.43650793650793657
decision_type=2 2 2 2 2 2 2 2 2
left_child=2 3 6 5 -5 -2 8 -8 -1
right_child=1 -3 -4 4 -6 -7 7 -9 -10
leaf_value=-0.00036788584474640692 0.027704408520324516 0.042062113580670961 -0.03062031012893883 -0.026786373061531685 0.01234737891003326 -0.0028568181651131941 0.033723576746794402 -0.0024147290351147423 0.016617676576405668
leaf_weight=263.97526378929615 11.438553869724272 5.8771863728761664 10.367380559444426 43.168517991900444 11.095346868038176 185.25958077609539 20.455745771527294 8.1933986544609052 37.75936259329319
leaf_count=1122 49 25 44 184 47 787 87 36 160
internal_value=0 -0.00322684 0.0023406 -0.00464862 -0.0178013 -0.00069554 0.00361507 0.0219691 0.00164041
internal_weight=597.59 256.839 340.751 250.962 54.2639 196.698 330.384 28.6491 301.735
internal_count=2541 1092 1449 1067 231 836 1405 123 1282
is_linear=0
shrinkage=0.05


Tree=122
num_leaves=8
num_cat=0
split_feature=33 68 112 24 75 100 93
split_gain=1.82544 2.28738 3.90817 4.50147 2.73216 4.36035 3.96451
threshold=2.5500000000000003 0.41428571428571431 0.5435943294495148 1.7788838 1.5277777777777779 1.0000000180025095e-35 0.70714285714285741
decision_type=2 2 2 2 2 2 2
left_child=-1 4 3 -3 5 -2 -6
right_child=1 2 -4 -5 6 -7 -8
leaf_value=0.023981266042007326 -0.013189606589348965 -0.0022493783007650476 0.019308686197043349 -0.042385171686257508 0.0097490621898791326 0.0004773624774861086 -0.0046812574660087978
leaf_weight=6.8008302599191657 71.271709859371185 21.130121141672134 6.0081324726343146 12.36474998295307 142.54869897663593 272.15159307420254 65.136872857809067
leaf_count=30 303 89 26 52 609 1153 279
internal_value=0 -0.000361572 -0.0118739 -0.0193144 0.000393072 -0.00224388 0.00498291
internal_weight=597.413 590.612 39.503 33.4949 551.109 343.423 207.686
internal_count=2541 2511 167 141 2344 1456 888
is_linear=0
shrinkage=0.05


Tree=123
num_leaves=13
num_cat=0
split_feature=96 106 82 36 12 11 60 11 5 27 97 110
split_gain=1.77464 3.7703 3.13201 6.38507 5.53804 4.813 5.28707 5.09381 2.19212 1.94701 2.75608 0.795758
threshold=-0.52723879999999979 2.7928571428571431 -0.26592533333333329 2.2678571428571432 5.166666666666667 14.16666666666667 0.26666666666666672 18.833333333333339 4.166666666666667 4.5500000000000007 0.099999999999999936 0.30533892385583461
decision_type=2 2 2 2 2 2 2 2 2 2 2 2
left_child=1 11 3 4 -2 6 -4 -7 -5 -3 -11 -1
right_child=2 9 5 8 -6 7 -8 -9 -10 10 -12 -13
leaf_value=-0.04269158710637682 0.014454595556857477 -0.019956739109061618 0.019530418117642702 -0.044388411266363927 -0.007402034970271686 0.016460800250272155 -0.0060742001814213034 -0.019980188083525915 0 -0.0027381374779266924 0.033511274550156685 -0.0046622665419179411
leaf_weight=7.4835342317819578 122.90886111557484 5.8018507659435299 19.845067948102951 6.3146244436502439 33.812014073133469 56.713242217898369 306.68253892660141 9.4921254217624647 6.2331429421901703 8.868379741907118 6.9927565902471533 6.0535830110311508
leaf_count=32 525 25 85 27 144 245 1297 41 27 37 30 26
internal_value=0 -0.0107728 0.000646659 0.00637529 0.00940505 -0.00170532 -0.00431051 0.0102726 -0.0256767 0.000224318 0.0113175 -0.0306155
internal_weight=597.202 35.2001 562.002 169.269 156.721 392.733 326.528 66.2054 12.5478 21.663 15.8611 13.5371
internal_count=2541 150 2391 723 669 1668 1382 286 54 92 67 58
is_linear=0
shrinkage=0.05


Tree=124
num_leaves=14
num_cat=0
split_feature=34 5 63 95 75 37 100 99 101 82 98 41 4
split_gain=1.75533 5.0028 5.1526 5.14749 4.82825 6.96178 6.75264 5.53253 4.82614 4.42532 4.25455 3.66965 0.815552
threshold=5.6333333333333337 6.8333333333333348 1.2250000000000003 0.12609819999999997 1.2111111111111115 1.0606866500000003 0.24038461538461542 0.13392857142857145 3.3923076923076927 -0.53723609999999999 1.4214285714285719 3.8166666666666669 16.416666666666668
decision_type=2 2 2 2 2 2 2 2 2 2 2 2 2
left_child=1 2 3 -1 6 11 9 -7 -4 -2 -8 -6 -3
right_child=4 12 8 -5 5 7 10 -9 -10 -11 -12 -13 -14
leaf_value=0.014029589214792835 0.021364411509299838 0.048398975073296747 -0.0087625571813703396 -0.0056806319798717872 0 0.019014070717269321 -0.038557565345034323 -0.0062929328437820765 0.01288300176024452 -0.0085559321908829748 0 0.045441138680764125 0.0058852423543841598
leaf_weight=104.62440387904644 14.57623206079006 5.7716998159885389 141.45038087666035 43.312486931681633 6.6705821007490185 25.057561784982681 26.751971766352654 117.38472335040569 28.973356857895851 54.727049738168716 9.9025481194257718 12.091664522886274 5.5681264251470566
leaf_count=448 62 25 595 183 28 108 112 501 125 234 43 52 25
internal_value=0 0.00237212 0.000995931 0.00792379 -0.00307006 0.00212419 -0.011386 -0.00139099 -0.00473728 -0.00133735 -0.0285173 0.0300613 0.0337443
internal_weight=596.863 329.7 318.361 147.937 267.162 161.205 105.958 142.442 170.424 69.3033 36.6545 18.7622 11.3398
internal_count=2541 1401 1351 631 1140 689 451 609 720 296 155 80 50
is_linear=0
shrinkage=0.05


Tree=125
num_leaves=13
num_cat=0
split_feature=100 100 15 39 17 116 39 82 89 29 123 26
split_gain=1.78409 3.28811 4.90756 4.63682 4.42331 4.21255 5.06794 2.82276 4.48476 5.36453 3.90694 1.94299
threshold=0.34848484848484856 0.24038461538461542 0.55000000000000016 10.316666666666668 1.5983394000000002 0.75950518684047696 10.950000000000001 0.60976150000000018 0.2246810000000001 1.3875000000000002 0.47891929926672211 4.366666666666668
decision_type=2 2 2 2 2 2 2 2 2 2 2 2
left_child=1 2 3 -1 -4 6 -3 8 10 -10 -2 -9
right_child=7 5 4 -5 -6 -7 -8 11 9 -11 -12 -13
leaf_value=0.046055531251400078 -0.012715564119610804 -0.019163274163435613 -0.0044440980885613966 0.00059768200266436546 0.0075765314827430652 -0.040674368070213546 0.0043331431728290465 0 -0.047188318443903615 0.0042861196643539162 0.013327101615112913 0.044480658084942885
leaf_weight=10.202435702085497 15.881749063730238 37.6236851811409 258.87113915383816 16.058997511863708 106.28774809837341 9.2805684953927976 50.131445840001106 6.7607609033584577 8.2087716013193113 7.5037401914596549 63.081724271178246 6.6430553942918777
leaf_count=43 67 157 1099 68 455 39 214 29 34 32 275 29
internal_value=0 -0.00133341 0.00059657 0.0211335 -0.000797533 -0.00955521 -0.00527965 0.00573685 0.00199908 -0.0208286 0.0073704 0.026695
internal_weight=596.536 488.456 391.42 26.2614 365.159 97.0357 87.7551 108.08 94.676 15.7125 78.9635 13.4038
internal_count=2541 2075 1665 111 1554 410 371 466 408 66 342 58
is_linear=0
shrinkage=0.05


Tree=126
num_leaves=6
num_cat=0
split_feature=3 3 3 57 46
split_gain=1.86881 3.44311 2.15038 3.19216 2.58731
threshold=0.29817166666666672 0.38315616666666669 0.56542616666666679 1.2250000000000003 1.8333333333333337
decision_type=2 2 2 2 2
left_child=-1 -2 3 -3 -4
right_child=1 2 4 -5 -6
leaf_value=-0.028439575538996405 0.038945483366794154 0.0091631339334871352 0.0027438336385242866 -0.027859717858762841 -0.0046077111599106338
leaf_weight=4.7327312976121894 4.6976173222064963 5.8714388906955746 397.54261313378811 15.307762682437895 168.1384723931551
leaf_count=20 20 25 1693 65 718
internal_value=0 0.000244236 -4.62225e-05 -0.0153913 0.000466212
internal_weight=596.291 591.558 586.86 21.1792 565.681
internal_count=2541 2521 2501 90 2411
is_linear=0
shrinkage=0.05


Tree=127
num_leaves=15
num_cat=0
split_feature=15 80 89 99 118 70 27 80 10 81 32 51 126 84
split_gain=1.77728 6.39879 8.75612 6.76637 6.22153 5.83593 7.43234 3.91525 3.76526 6.52527 4.20006 3.41609 2.53355 2.32402
threshold=1.6333333333333335 -0.011565833333333273 -0.32806739999999995 0.21111111111111114 73.850000000000009 1.9500000000000002 5.366666666666668 -0.53110683333333319 2.6273750000000002 0.33137699999999998 10.450000000000001 2.1666666666666674 0.24429354120626404 -0.66666666666666674
decision_type=2 2 2 2 2 2 2 2 2 2 2 2 2 2
left_child=5 2 7 13 -4 8 12 -2 10 -10 -1 -5 -7 -3
right_child=1 3 4 11 -6 6 -8 -9 9 -11 -12 -13 -14 -15
leaf_value=0.01653920899000506 -0.038323945015426103 -0.007059752685475232 0.022670514722717475 -0.040173694502575671 -0.0084567777754353101 0.02406685980285362 0.061543401240679078 0 0.038754292872845007 -0.016187887385072309 -0.0025734519194750942 0 -0.0098035301642660864 0.028788519438273881
leaf_weight=29.724881559610367 14.24971152842045 8.2659221291542035 45.249912887811661 26.201857477426529 21.061006605625153 8.27623955905438 7.9713902026414862 8.4750975966453534 14.602859556674959 6.0465898513793936 382.74689647555351 6.5279445052146903 10.749909520149229 6.0607867687940589
leaf_count=125 61 35 196 110 89 38 35 36 67 27 1622 28 45 27
internal_value=0 -0.00502786 0.00238784 -0.0198573 0.0120626 0.00145604 0.0235803 -0.0230541 0 0.0203519 -0.0010385 -0.0323787 0.00289918 0.00573212
internal_weight=596.211 136.092 89.0357 47.0565 66.3109 460.119 26.9975 22.7248 433.121 20.6494 412.472 32.7298 19.0261 14.3267
internal_count=2541 582 382 200 285 1959 118 97 1841 94 1747 138 83 62
is_linear=0
shrinkage=0.05


Tree=128
num_leaves=9
num_cat=0
split_feature=96 39 82 81 10 54 58 64
split_gain=1.70812 3.42837 2.40913 4.72781 4.56536 2.34164 4.38267 3.2766
threshold=0.61371850000000028 12.816666666666668 0.88602250000000016 0.1491653333333334 1.3867805000000002 0.77500000000000013 2.3666666666666671 0.77500000000000013
decision_type=2 2 2 2 2 2 2 2
left_child=2 -2 5 4 -4 6 -1 -7
right_child=1 -3 3 -5 -6 7 -8 -9
leaf_value=-0.015540818326650352 -0.035950589149731892 0.0026102136247384885 0 -0.015236802309866166 0.048302083917346694 0.012655333911995695 0.0059876640665557342 -0.00018207883519656053
leaf_weight=60.504433766007423 8.792137563228609 8.66691145300865 5.9667374491691652 6.0281921774148932 10.88764615356922 54.593607470393181 33.567916184663773 406.80478145182133
leaf_count=258 38 37 25 26 48 232 145 1732
internal_value=0 -0.0149954 0.000454288 0.0160258 0.0302349 -0.000124975 -0.0073507 0.00125282
internal_weight=595.812 17.459 578.353 22.8826 16.8544 555.471 94.0723 461.398
internal_count=2541 75 2466 99 73 2367 403 1964
is_linear=0
shrinkage=0.05


Tree=129
num_leaves=11
num_cat=0
split_feature=127 17 125 127 111 110 93 69 47 127
split_gain=1.71995 3.84371 3.56255 5.00908 3.23052 3.20282 2.86951 2.04755 2.01579 1.86706
threshold=0.70179774807957929 1.2569295000000003 0.14525175446775973 0.58741128593725611 1.0520366818125551 0.31710264525831117 -0.6416666666666665 1.267857142857143 1.0000000180025095e-35 0.74364378368391193
decision_type=2 2 2 2 2 2 2 2 2 2
left_child=2 -2 6 5 -3 -4 -1 -8 -5 -6
right_child=1 4 3 8 9 -7 7 -9 -10 -11
leaf_value=-0.00012486019214042731 -0.042227752645284222 -0.027117948391294239 -0.0023938510425570228 0 -0.002122861765966458 0.0054823894166729659 0.048793389191259522 0.0016357327245455908 -0.037439238375533195 0.02743926410170688
leaf_weight=6.8073085397481945 6.6932878494262722 6.7386000752449062 310.77322834730148 8.9882501661777514 5.9799751937389365 215.61229334771633 7.9721605926752073 6.3937095105648041 11.328492879867552 8.3259900063276273
leaf_count=29 29 29 1326 38 25 922 33 27 48 35
internal_value=0 -0.0119579 0.000578839 -0.000127102 0 0.000741799 0.0202452 0.0325316 -0.0239637 0.0124841
internal_weight=595.613 27.7379 567.875 546.702 21.0446 526.386 21.1732 14.3659 20.3167 14.306
internal_count=2541 118 2423 2334 89 2248 89 60 86 60
is_linear=0
shrinkage=0.05


Tree=130
num_leaves=11
num_cat=0
split_feature=51 82 25 23 61 38 10 36 123 114
split_gain=1.74471 3.02811 2.50639 6.67092 5.33793 5.2875 4.39043 4.33905 3.79245 0.835961
threshold=3.1666666666666674 -0.034261333333333248 13.900000000000002 1.8694436000000005 0.22500000000000003 0.89098390000000005 0.79230183333333348 1.267857142857143 0.66107129097324446 1.5301917917988523
decision_type=2 2 2 2 2 2 2 2 2 2
left_child=2 -2 6 4 -4 -5 7 -1 -8 -3
right_child=1 9 3 5 -6 -7 8 -9 -10 -11
leaf_value=0.034618245972881732 0.0083601581750933525 -0.0031510835121959023 -0.0034192908280497036 -0.038407606295005836 0.029204768467507983 0.0017440294691989 -0.003937893272645307 -0.0064584021174181848 0.010593505843238319 -0.040066475064263404
leaf_weight=15.478782221674921 6.1286020278930691 6.2323384881019575 14.125884503126143 8.5564402937889081 39.723902001976967 45.261864453554153 397.09703804552555 7.1816482543945304 48.268903106451035 7.2989871948957443
leaf_count=66 26 27 61 36 174 194 1679 30 215 33
internal_value=0 -0.014313 0.000473643 0.00737341 0.0198289 -0.00431166 -0.00101936 0.0197641 -0.00223076 -0.0278915
internal_weight=595.354 19.6599 575.694 107.668 53.8498 53.8183 468.026 22.6604 445.366 13.5313
internal_count=2541 86 2455 465 235 230 1990 96 1894 60
is_linear=0
shrinkage=0.05


Tree=131
num_leaves=9
num_cat=0
split_feature=95 33 25 27 123 88 29 20
split_gain=1.69177 2.27443 5.28153 5.13822 5.03619 4.99869 4.11532 2.14752
threshold=0.62848714999999999 5.4500000000000011 17.900000000000002 6.7000000000000002 0.57685833905412598 0.21403810000000004 1.1833333333333336 5.5500000000000007
decision_type=2 2 2 2 2 2 2 2
left_child=1 3 6 5 -5 -1 -3 -2
right_child=7 2 -4 4 -6 -7 -8 -9
leaf_value=0.0025141512457039191 0 -0.0096488452981636427 -0.047801553725390467 0.039984470898457615 0 -0.01120523808770023 0.0077608929720630257 0.029068048859736607
leaf_weight=306.84229409694672 9.9019153267145175 94.808041736483574 6.3463950604200354 15.286107510328291 19.386684000492096 83.330151438713074 48.924925222992897 10.153625026345251
leaf_count=1305 43 405 27 66 86 352 212 45
internal_value=0 -0.000549588 -0.00587866 0.00122491 0.0194154 -0.000309269 -0.00336464 0.0138783
internal_weight=594.98 574.925 150.079 424.845 34.6728 390.172 143.733 20.0555
internal_count=2541 2453 644 1809 152 1657 617 88
is_linear=0
shrinkage=0.05


Tree=132
num_leaves=15
num_cat=0
split_feature=97 91 41 76 113 14 11 4 95 113 56 116 41 83
split_gain=1.70052 4.92449 5.45514 4.82685 4.56909 4.56649 7.21987 5.16552 7.41484 4.50477 4.05856 3.73705 3.60949 2.85644
threshold=-0.58571428571428552 -1.0999999999999994 5.366666666666668 0.89444444444444449 0.47226107226107233 1.3666666666666669 14.833333333333334 11.16666666666667 -0.063331809999999975 0.46710503535343045 0.22500000000000003 0.24511649849160458 4.5857142857142863 -1.8333333333333333
decision_type=2 2 2 2 2 2 2 2 2 2 2 2 2 2
left_child=5 2 11 4 -3 7 13 12 -9 -5 -8 -2 -1 -7
right_child=1 3 -4 9 -6 6 10 8 -10 -11 -12 -13 -14 -15
leaf_value=0.0043660368476748706 0.03866115259201483 -0.0078260422607989034 -0.0088537841935548423 0.0083116285822068918 0.03652778438849754 0 0.024443655725559642 0.00036585089691926155 0.044455198553414545 -0.0045359285912388182 -0.01756718317743268 0 -0.024706954537749581 -0.033902992299301153
leaf_weight=15.399331986904143 22.688616082072262 5.9643974602222469 10.716536968946455 86.042081192135811 15.644267514348028 8.3169610500335676 13.274862721562387 39.689668387174606 12.66405515372753 295.71923767030239 7.536997824907302 7.4876705259084693 21.235626444220543 32.395990490913391
leaf_count=65 98 25 46 373 67 36 58 170 54 1258 33 32 90 136
internal_value=0 0.00152436 0.017848 -4.68909e-05 0.0222691 -0.00460762 -0.0150767 0.00216194 0.0126013 -0.00149554 0.00682926 0.0289142 -0.0113664 -0.0273686
internal_weight=594.776 444.263 40.8928 403.37 21.6087 150.513 61.5248 88.9887 52.3537 381.761 20.8119 30.1763 36.635 40.713
internal_count=2541 1899 176 1723 92 642 263 379 224 1631 91 130 155 172
is_linear=0
shrinkage=0.05


Tree=133
num_leaves=11
num_cat=0
split_feature=96 37 37 45 60 114 106 94 20 60
split_gain=1.66855 3.46277 8.54489 4.00705 2.50308 4.4909 4.10641 3.00553 4.97355 3.50442
threshold=-0.52723879999999979 1.2392244000000001 1.4984713500000002 1.5833333333333337 0.26666666666666672 1.5237986680144238 2.5750000000000006 0.66348496000000023 7.3000000000000016 0.45000000000000007
decision_type=2 2 2 2 2 2 2 2 2 2
left_child=1 -1 -3 -4 5 -2 -7 9 -9 -6
right_child=4 2 3 -5 7 6 -8 8 -10 -11
leaf_value=-0.034517161587244216 -0.010578007193724624 0.038014984765294364 -0.043316040912225205 0 -0.020523329646539638 -0.0019185403439250896 0.039417159276549874 -0.019857570435878526 0.0036985239421514406 0.0024289308047316001
leaf_weight=9.5701157599687559 9.3201389163732546 8.4665233492851275 8.4332543313503283 8.5311489552259427 15.994970187544821 5.7391618341207531 16.250447794795036 45.91161347925663 36.742294862866402 429.46144163608551
leaf_count=42 40 36 35 37 68 25 72 195 158 1833
internal_value=0 -0.010457 0 -0.0206788 0.00064715 0.0141712 0.0268397 -8.54117e-05 -0.0088694 0.00144867
internal_weight=594.421 35.001 25.4309 16.9644 559.42 31.3097 21.9896 528.11 82.6539 445.456
internal_count=2541 150 108 72 2391 137 97 2254 353 1901
is_linear=0
shrinkage=0.05


Tree=134
num_leaves=15
num_cat=0
split_feature=15 80 89 99 94 70 27 12 11 25 17 89 29 109
split_gain=1.67691 5.83551 7.8208 6.05049 5.74909 5.10056 6.85262 3.5341 7.02892 5.69369 3.45755 3.13277 2.59503 2.46322
threshold=1.6333333333333335 -0.011565833333333273 -0.32806739999999995 0.21111111111111114 -0.71925919999999999 1.9500000000000002 5.366666666666668 4.166666666666667 14.833333333333334 10.633333333333335 1.6753733000000002 0.10079940000000011 1.7638888888888891 0.26982737807822316
decision_type=2 2 2 2 2 2 2 2 2 2 2 2 2 2
left_child=5 2 10 12 -4 7 13 9 -9 -1 -2 -5 -3 -7
right_child=1 3 4 11 -6 6 -8 8 -10 -11 -12 -13 -14 -15
leaf_value=-0.0020894136710194167 0.00052683902709028962 0.027693873983318514 -0.0081735946964930414 -0.043061873226953061 0.021692302957878155 0.018670849868922344 0.059142319057586268 -0.011856624284849257 0.00797774135714918 0.013261956125760994 -0.034920510554140201 -0.0053056785592988983 -0.010411790668712673 -0.015196181176942179
leaf_weight=139.55510132014751 7.271282613277438 6.7672672569751722 21.209712326526642 20.372073829174042 44.818450883030891 11.218216538429266 7.7756858319044104 128.04077014327049 64.497460454702377 99.745788335800171 15.358759328722952 12.304790765047072 7.4722630977630615 7.6856450885534278
leaf_count=595 31 30 92 86 193 50 35 541 281 424 66 52 32 33
internal_value=0 -0.00489507 0.00218023 -0.0190753 0.0113739 0.00141473 0.022224 0 -0.00494717 0.00412986 -0.0218746 -0.0309088 0.00504571 0.00231793
internal_weight=594.093 135.575 88.6582 46.9164 66.0282 458.519 26.6795 431.839 192.538 239.301 22.63 32.6769 14.2395 18.9039
internal_count=2541 582 382 200 285 1959 118 1841 822 1019 97 138 62 83
is_linear=0
shrinkage=0.05


Tree=135
num_leaves=12
num_cat=0
split_feature=93 40 2 110 82 101 88 31 20 90 121
split_gain=1.72439 3.26117 4.64303 4.25831 6.85281 4.22588 3.65363 3.50184 3.18965 3.12433 3.31907
threshold=1.0500000000000005 5.2250000000000005 1.4921536666666668 0.32723401685971815 0.53110683333333364 3.577380952380953 0.073090000000000058 1.3910447000000004 4.7083333333333348 -0.94999999999999984 40.940000000000012
decision_type=2 2 2 2 2 2 2 2 2 2 2
left_child=1 3 6 5 -5 -1 -3 -4 -2 -10 -11
right_child=8 2 7 4 -6 -7 -8 -9 9 10 -12
leaf_value=-0.00085796552494809891 -0.012624223079306546 -0.038240981343268726 -0.010003825502371217 0.010591827118018933 -0.016275567389281667 -0.020688104278828778 0 0.023629836007287561 -0.00072729553340656217 0.054324312362169058 0.0080629380459804802
leaf_weight=275.99901333451271 8.8948463946580869 18.882795467972759 19.859197705984119 160.04200667142868 25.658207580447197 29.692571088671684 12.098193347454069 10.973371565341948 10.070818394422533 7.6477959305048016 13.826938137412069
leaf_count=1176 38 80 85 686 109 128 52 48 44 34 61
internal_value=0 -0.000767079 -0.0115317 0.000506152 0.00654446 -0.00300832 -0.0249711 0.000762019 0.00980608 0.0178606 0.0284468
internal_weight=593.646 553.205 61.8136 491.392 185.7 305.692 30.981 30.8326 40.4404 31.5456 21.4747
internal_count=2541 2364 265 2099 795 1304 132 133 177 139 95
is_linear=0
shrinkage=0.05


Tree=136
num_leaves=9
num_cat=0
split_feature=51 88 29 32 17 62 17 66
split_gain=1.65338 3.25245 2.16394 4.29439 2.87571 3.94313 3.47145 1.31864
threshold=3.1666666666666674 0.16616740000000033 0.5277777777777779 16.633333333333336 0.68809189999999998 0.22500000000000003 0.94768325999999992 1.267857142857143
decision_type=2 2 2 2 2 2 2 2
left_child=2 7 3 -1 5 -4 -6 -2
right_child=1 -3 4 -5 6 -7 -8 -9
leaf_value=0.044737600738262037 -0.015030078738170105 -0.041099039993313553 0 -0.0015905227517940259 0.010910220776616712 -0.040665723198348845 -0.00073485169623713556 0.014332670859590713
leaf_weight=7.114366963505744 6.194473937153818 6.1912999749183646 20.044817179441456 8.0236553102731687 72.574255600571632 9.1110498309135419 456.97344534099102 7.1359965950250626
leaf_count=32 28 28 85 34 313 39 1952 30
internal_value=0 -0.013989 0.000452145 0.0185069 0 -0.0150857 0.000784414 0
internal_weight=593.363 19.5218 573.842 15.138 558.704 29.1559 529.548 13.3305
internal_count=2541 86 2455 66 2389 124 2265 58
is_linear=0
shrinkage=0.05


Tree=137
num_leaves=10
num_cat=0
split_feature=34 18 33 27 33 17 13 41 64
split_gain=1.63306 3.47687 2.94801 5.31344 4.31072 4.16238 4.01697 3.8359 1.58786
threshold=8.5500000000000025 19.900000000000002 5.4500000000000011 6.7000000000000002 7.5500000000000007 1.6549267000000003 3.8333333333333335 4.1339285714285721 1.3666666666666669
decision_type=2 2 2 2 2 2 2 2 2
left_child=2 8 3 7 6 -5 -4 -1 -2
right_child=1 -3 4 5 -6 -7 -8 -9 -10
leaf_value=0.0063957425842910256 0.0014741534982584733 -0.0066837568857779682 0.0016965430466593966 0.030076296875229926 0.023367341119753124 -0.0049499070986721806 -0.015897730286736949 -0.0039107287781390268 0.042702694179285114
leaf_weight=137.04674458503723 7.03796334564686 9.8139424026012403 43.794186532497406 25.761046513915062 9.0047603547573072 8.7822078466415388 86.197570070624352 257.84988936781883 7.790446862578392
leaf_count=586 30 42 187 115 40 38 372 1096 35
internal_value=0 0.0122823 -0.000613574 0.00134066 -0.00697491 0.0198758 -0.00962082 -0.000200508 0.0276228
internal_weight=593.079 24.6424 568.436 429.44 138.997 34.5433 129.992 394.897 14.8284
internal_count=2541 107 2434 1835 599 153 559 1682 65
is_linear=0
shrinkage=0.05


Tree=138
num_leaves=15
num_cat=0
split_feature=68 3 69 74 17 16 10 39 87 87 63 3 29 83
split_gain=1.63689 4.76618 8.08419 7.02496 5.3319 5.14937 3.1326 2.90254 4.81505 6.54317 4.98875 4.20064 5.13702 4.76479
threshold=0.31666666666666671 0.92077583333333346 1.6125000000000003 0.10555555555555557 1.1481168000000002 1.4879449 1.6170666666666669 9.5277777777777803 -0.22614410000000004 -0.81789509999999987 0.90000000000000013 0.78340850000000006 1.5634920634920637 0.83333333333333359
decision_type=2 2 2 2 2 2 2 2 2 2 2 2 2 2
left_child=7 5 3 -3 -4 -2 -7 8 9 -1 -10 13 -13 -9
right_child=1 2 4 -5 -6 6 -8 11 10 -11 -12 12 -14 -15
leaf_value=-0.016808143521990886 -0.018842915074575674 -0.028202731641585883 0 0.0053493746815434697 -0.068763875724866322 0 0.045625043609817867 0.0016011739775653195 0.00065317780944921166 0.017933947793893217 -0.02993834961137298 0.0097551803207514502 -0.0034458630862000839 -0.027669006502096083
leaf_weight=20.80149182677269 6.7386143207550075 20.303861901164055 6.0016519725322715 52.945969507098198 8.2573191970586759 8.5503098517656344 9.6042227894067747 30.775772273540497 17.997375443577766 32.737702399492264 29.821669653058052 226.16932536661625 101.58343267440796 20.617777347564697
leaf_count=93 29 87 26 226 34 37 41 131 77 139 126 970 437 88
internal_value=0 -0.00544364 -0.0112284 -0.00353199 -0.0446666 0.0126094 0.0272685 0.00123279 -0.00607409 0.0034582 -0.0176231 0.00332852 0.00551353 -0.00949094
internal_weight=592.906 112.402 87.5088 73.2498 14.259 24.8931 18.1545 480.505 101.358 53.5392 47.819 379.146 327.753 51.3935
internal_count=2541 480 373 313 60 107 78 2061 435 232 203 1626 1407 219
is_linear=0
shrinkage=0.05


Tree=139
num_leaves=13
num_cat=0
split_feature=67 108 88 127 46 46 101 111 78 38 1 113
split_gain=1.60945 6.05032 5.60598 4.80986 4.62377 3.82735 5.86199 6.28964 6.05822 5.03395 4.18601 2.4292
threshold=0.31666666666666671 0.6599818243653861 0.21403810000000004 0.63083931615102606 0.41666666666666669 1.8333333333333337 3.9198717948717952 1.0530596107622652 -0.33333333333333331 1.3255037000000003 2.1666666666666674 0.49357258517563868
decision_type=2 2 2 2 2 2 2 2 2 2 2 2
left_child=1 2 4 -4 -1 6 8 -8 -2 11 -11 -7
right_child=5 -3 3 -5 -6 9 7 -9 -10 10 -12 -13
leaf_value=-0.033408933436963099 -0.0057492671427531953 -0.04349950272114856 -0.027245664982766923 0.01574413027236695 0.0031561945975421739 -0.0029302257608985038 0.0058105083683321424 -0.050705267651347224 0.011580330620903665 0.0064479500008823663 -0.03368188928646753 -0.055155018082032582
leaf_weight=7.8754164129495612 63.855061538517475 7.9556401371955863 31.714078605175018 5.8437132686376563 216.20685474574566 6.4659424573183042 7.0372182875871649 8.488190218806265 187.41970334947109 36.044945240020752 6.8669690638780585 6.6792924106121063
leaf_count=34 276 34 136 25 928 27 31 37 800 155 30 28
internal_value=0 -0.0028977 -0.00131183 -0.0190252 0.00150624 0.00232557 0.00494657 -0.0232612 0.00697293 -0.00914064 0 -0.0350244
internal_weight=592.453 269.596 261.64 37.5578 224.082 322.857 266.8 15.5254 251.275 56.0571 42.9119 13.1452
internal_count=2541 1157 1123 161 962 1384 1144 68 1076 240 185 55
is_linear=0
shrinkage=0.05


Tree=140
num_leaves=11
num_cat=0
split_feature=100 122 9 1 38 54 89 111 38 67
split_gain=1.59613 3.67783 3.61756 2.15002 4.47123 4.13861 4.38379 3.47022 2.61553 0.779136
threshold=0.55050505050505061 34.920000000000009 0.96513233333333348 2.8333333333333335 1.55366395 0.67500000000000016 0.076254200000000064 1.0513414635458467 1.8845257000000004 0.38750000000000007
decision_type=2 2 2 2 2 2 2 2 2 2
left_child=3 -2 -3 5 -5 6 -1 -7 -6 -4
right_child=1 2 9 4 8 7 -8 -9 -10 -11
leaf_value=-0.021099408498312693 -0.017184173081195152 -0.0010424278957718218 0.0099248953711662258 -0.0087186327483616474 0.054586698858266391 0.0070838612300386699 0.0010459348334828425 -0.0023689996744968036 0.0005363536797646668 0.046865408848492301
leaf_weight=49.024171441793442 6.4030124396085766 8.2129753082990664 7.5075783431530025 8.4597778618335742 6.2433603554964048 136.94822897017002 32.896471098065376 321.66270715743303 6.1694360822439194 8.5027242153882963
leaf_count=209 27 35 33 37 27 589 144 1375 27 38
internal_value=0 0.0108444 0.0206231 -0.000694249 0.0144821 -0.00139827 -0.0116983 0.000354252 0.0334931 0.0340844
internal_weight=592.03 30.6263 24.2233 561.404 20.8726 540.532 81.9206 458.611 12.4128 16.0103
internal_count=2541 133 106 2408 91 2317 353 1964 54 71
is_linear=0
shrinkage=0.05


Tree=141
num_leaves=7
num_cat=0
split_feature=33 46 124 54 89 33
split_gain=1.59868 1.95885 3.03296 2.74201 4.8169 4.19124
threshold=2.5500000000000003 3.1666666666666674 0.55595585550446203 0.67500000000000016 -0.13543990000000003 2.9500000000000006
decision_type=2 2 2 2 2 2
left_child=-1 3 -3 4 -2 -5
right_child=1 2 -4 5 -6 -7
leaf_value=0.02255490953960888 -0.023805358411883998 0.040540599001077801 -0.00036109050063392494 -0.028889744649475836 0 0.0013486803448385125
leaf_weight=6.7046379446983329 32.913808584213257 6.3650197535753232 6.0191247016191483 10.679130941629408 57.289272531867027 471.84268794953823
leaf_count=30 141 28 26 46 248 2022
internal_value=0 -0.000362852 0.0183835 -0.000886694 -0.00887059 0.000517674
internal_weight=591.814 585.109 12.3841 572.725 90.2031 482.522
internal_count=2541 2511 54 2457 389 2068
is_linear=0
shrinkage=0.05


Tree=142
num_leaves=11
num_cat=0
split_feature=127 87 35 125 127 96 18 68 20 47
split_gain=1.619 3.5568 3.93876 3.06093 4.68272 2.93344 2.68272 2.63613 3.59258 1.73976
threshold=0.70179774807957929 -0.13487030000000008 1.8944444444444446 0.14525175446775973 0.58741128593725611 0.61371850000000028 10.450000000000001 0.18333333333333338 5.366666666666668 1.0000000180025095e-35
decision_type=2 2 2 2 2 2 2 2 2 2
left_child=3 6 -3 7 5 -5 -2 -1 -9 -6
right_child=1 2 -4 4 9 -7 -8 8 -10 -11
leaf_value=0.042744457138769038 0 0.029710757249861938 -0.017481451132571414 0.0014597637299761758 -0.00023173770498378335 -0.020386866785352755 -0.050651951965965593 -0.015193867321742617 0.031568425978935777 -0.035947144492400322
leaf_weight=6.8457538932561901 5.6768967062234896 7.0297227501869193 8.185678765177725 508.39543074369431 8.8974809199571627 14.675381869077681 6.5780810117721558 8.2162906825542432 5.9324631541967383 11.225034311413763
leaf_count=29 24 29 36 2184 38 64 29 35 25 48
internal_value=0 -0.011692 0.00172615 0.000524524 -0.000124448 0.000713692 -0.0309971 0.018831 0.00190219 -0.0232808
internal_weight=591.658 27.4704 15.2154 564.188 543.193 523.071 12.255 20.9945 14.1488 20.1225
internal_count=2541 118 65 2423 2334 2248 53 89 60 86
is_linear=0
shrinkage=0.05


Tree=143
num_leaves=13
num_cat=0
split_feature=34 107 3 93 16 124 3 79 32 60 22 89
split_gain=1.54692 4.19465 3.70979 6.85207 4.79926 3.65595 3.57503 8.1925 6.4443 5.68602 5.74022 4.60339
threshold=4.6833333333333345 1.0000000180025095e-35 1.6002980000000002 -0.7321428571428571 1.4628745000000003 0.57948360454500969 1.1815445000000002 -0.58333333333333315 11.563492063492065 1.3666666666666669 0.70833333333333337 -0.10467410000000003
decision_type=2 2 2 2 2 2 2 2 2 2 2 2
left_child=6 5 4 -4 -3 -2 7 -1 -9 11 -11 -8
right_child=1 2 3 -5 -6 -7 9 8 -10 10 -12 -13
leaf_value=-0.022510387661893654 -0.043701334033201658 -0.012292473441360273 -0.01541158906043077 0.014308769193441108 0.0005846095447262946 0 -0.0026481701141108952 0.05733303869461686 0.0072229727348254074 0.023549705495051421 -0.019741683471757164 0.02730021784272731
leaf_weight=8.023715674877165 9.7449353337287885 99.497383058071136 22.729233428835869 84.851169906556606 235.12570951879025 5.7134269028902045 21.177387058734894 12.025929257273676 18.828282296657562 7.4381530433893195 42.892365723848343 23.331149190664291
leaf_count=34 42 423 97 368 1010 25 91 52 81 32 182 104
internal_value=0 -0.00145509 -0.000416515 0.00748495 -0.00312052 -0.0262963 0.00463662 0.0172253 0.0295105 -0.0001281 -0.0120356 0.0122069
internal_weight=591.379 457.662 442.203 107.58 334.623 15.4584 133.717 38.8779 30.8542 94.8391 50.3305 44.5085
internal_count=2541 1965 1898 465 1433 67 576 167 133 409 214 195
is_linear=0
shrinkage=0.05


Tree=144
num_leaves=10
num_cat=0
split_feature=82 106 106 103 91 12 118 111 106
split_gain=1.59537 5.29146 4.60959 4.33559 6.10842 5.01574 3.73508 3.66412 3.45264
threshold=0.017714666666666771 3.7750000000000004 3.6250000000000004 8.5000000000000018 0.86666666666666703 2.5833333333333335 98.000000000000014 1.0551124852456708 2.8583333333333338
decision_type=2 2 2 2 2 2 2 2 2
left_child=2 3 6 5 -5 -2 8 -8 -1
right_child=1 -3 -4 4 -6 -7 7 -9 -10
leaf_value=-0.0032386474191100295 -0.023883582421406698 0.039901568782338685 -0.028709041220487092 -0.025732960444577214 0.012693010494974824 0.001872190671154362 0.034862177446663929 0 0.0074098520759154525
leaf_weight=159.93671967089176 20.042611598968506 5.762731820344924 10.34076778590679 42.703113503754139 10.940561249852179 174.43612261116505 16.755305260419849 11.517423644661902 138.45361955463886
leaf_count=685 87 25 44 184 47 749 73 50 597
internal_value=0 -0.00304972 0.00218776 -0.00440415 -0.0168921 -0.00063497 0.00340305 0.0205974 0.00154351
internal_weight=590.889 253.885 337.004 248.122 53.6437 194.479 326.663 28.2727 298.39
internal_count=2541 1092 1449 1067 231 836 1405 123 1282
is_linear=0
shrinkage=0.05


Tree=145
num_leaves=12
num_cat=0
split_feature=93 79 117 117 41 39 9 11 35 28 96
split_gain=1.53995 3.01247 6.39743 6.09196 3.54155 6.47896 5.47714 2.91837 4.42204 3.70936 0.852925
threshold=1.0500000000000005 0.83333333333333337 98.000000000000014 75.300000000000011 4.1339285714285721 9.0500000000000025 0.52897916666666689 11.583333333333334 2.1125000000000003 1.5857142857142861 0.094816200000000031
decision_type=2 2 2 2 2 2 2 2 2 2 2
left_child=1 4 3 -3 5 -1 -6 -2 10 -10 -9
right_child=7 2 -4 -5 6 -7 -8 8 9 -11 -12
leaf_value=-0.0054082811104156914 -0.015990113653065189 -0.0055629873751186186 0.033197127470044371 -0.039988127594793199 -0.039023197650634694 0.014553264020598628 -0.00088891095642919943 0.054078508103046929 0.020918326357561558 -0.018712754025733563 0.0092294879245420486
leaf_weight=61.710876166820526 6.6258952617645255 69.345980077981949 6.6745061278343192 16.588217258453369 8.9062687456607801 102.4276230186224 284.84907782077789 6.3539609014987928 11.182574898004534 10.259142853319643 5.6363873779773712
leaf_count=265 29 296 29 70 39 441 1224 29 49 45 25
internal_value=0 -0.000751582 -0.00897227 -0.0131669 0.000818017 0.00675828 -0.00234319 0.00928327 0.0160633 0 0.0391784
internal_weight=590.561 550.503 92.6087 85.9342 457.894 164.138 293.755 40.058 33.4321 21.4417 11.9903
internal_count=2541 2364 395 366 1969 706 1263 177 148 94 54
is_linear=0
shrinkage=0.05


Tree=146
num_leaves=14
num_cat=0
split_feature=71 96 48 124 83 61 96 81 64 99 75 97 124
split_gain=1.57194 5.71674 5.93271 4.72265 4.48161 3.59713 2.73956 3.26286 3.09693 3.93782 3.46471 2.35972 2.28476
threshold=0.43650793650793657 -0.094513849999999774 1.5833333333333337 0.54871644903966132 -1.0000000180025095e-35 1.0000000180025095e-35 -0.52723879999999979 -0.27806783333333335 2.1000000000000005 0.45804195804195807 1.0500000000000003 -0.099999999999999908 0.57869287790747259
decision_type=2 2 2 2 2 2 2 2 2 2 2 2 2
left_child=6 4 3 -3 -2 -6 7 -1 10 -10 -8 -4 -9
right_child=1 2 11 -5 5 -7 8 12 9 -11 -12 -13 -14
leaf_value=-0.035819962327462138 -0.0051607723498649253 0.027743114153130546 0 -0.012811512594366076 0 0.043984575173793138 -0.010187588361529609 -0.016704800477089943 0 0.025203385037357841 0.00057645510050002109 -0.039843418263874851 0.017295085410540475
leaf_weight=11.129084080457689 7.3611629158258465 15.144978955388071 6.1088877767324474 10.197830885648726 5.5163154900074032 18.054675832390785 93.031596779823303 10.17360143363476 38.994809076189995 24.786022990942001 331.05356086790562 10.998912334442137 7.6717658191919318
leaf_count=47 31 64 26 44 24 78 397 45 172 107 1425 47 34
internal_value=0 0.00673391 -0.00422324 0.00965921 0.0229984 0.0336795 -0.00103706 -0.015718 -3.25093e-05 0.0100438 -0.00168564 -0.0269471 0
internal_weight=590.223 73.3828 42.4506 25.3428 30.9322 23.571 516.84 28.9745 487.866 63.7808 424.085 17.1078 17.8454
internal_count=2541 314 181 108 133 102 2227 126 2101 279 1822 73 79
is_linear=0
shrinkage=0.05


Tree=147
num_leaves=12
num_cat=0
split_feature=91 56 27 124 32 60 106 75 109 125 114
split_gain=1.60784 5.89661 4.60368 4.36185 6.07282 3.60352 2.91558 2.62292 6.88086 3.30102 1.40965
threshold=1.8333333333333337 0.36666666666666675 3.5500000000000003 0.57640257436930864 18.050000000000004 0.26666666666666672 2.5750000000000006 0.87301587301587313 0.26317802923529182 0.64901700688640285 1.5301917917988523
decision_type=2 2 2 2 2 2 2 2 2 2 2
left_child=5 3 -3 4 -2 6 -1 8 -7 -9 -8
right_child=1 2 -4 -5 -6 7 10 9 -10 -11 -12
leaf_value=-0.0014352296494696062 -0.043291851936891147 0.046191439505988419 -0.0031871672578846211 0.0068190654767506052 0 -0.029606391794350734 0.0024662123911607134 -0.00023890158420634733 0.0057658440686386763 0.01311239384731798 0.046003339367763373
leaf_weight=5.8278151005506542 20.251501709222797 6.3266748338937751 8.4761315584182721 9.2610389441251737 10.283689647912977 24.436427265405655 5.7660976946353903 415.16310754418373 25.391333058476448 50.268587037920952 8.4922571480274183
leaf_count=26 87 27 37 41 44 104 25 1787 108 216 39
internal_value=0 -0.0081552 0.0163406 -0.0186696 -0.0279567 0.000774654 0.0210357 0 -0.0108388 0.00112092 0.0329893
internal_weight=589.945 54.599 14.8028 39.7962 30.5352 535.346 20.0862 515.259 49.8278 465.432 14.2584
internal_count=2541 236 64 172 131 2305 90 2215 212 2003 64
is_linear=0
shrinkage=0.05


Tree=148
num_leaves=13
num_cat=0
split_feature=80 87 113 94 7 11 36 123 10 97 109 99
split_gain=1.52354 5.90541 5.28522 3.45787 5.87547 3.67561 3.3931 3.12966 3.03666 3.02515 3.00616 2.93129
threshold=-1.0712491666666666 -0.71219109999999974 0.48711305965191981 -0.53595544999999978 0.83333333333333337 15.16666666666667 2.2678571428571432 0.54956266075129767 1.80345 -0.78333333333333321 0.27085316381107793 0.32051282051282054
decision_type=2 2 2 2 2 2 2 2 2 2 2 2
left_child=6 2 10 4 -3 -5 9 -8 -4 -1 -2 -11
right_child=1 3 8 5 -6 -7 7 -9 -10 11 -12 -13
leaf_value=-0.0087203108858815576 -0.012220765452359049 0.042130946797610647 -0.0080136893182049529 -0.0026420528506989754 0 0.0094670586718128349 -0.033774482256107283 0.0067816435824606643 -0.04828766905439541 -0.0014437108143235508 0.027037712036609637 0.027610835060693562
leaf_weight=7.9488829523324958 11.783222258090975 12.181502878665922 12.62501595914364 373.03116223961115 25.286665558815002 73.723218247294426 7.2957757562398893 7.0500937253236771 13.989789471030234 7.5268317162990561 6.6689886450767508 30.525479182600975
leaf_count=34 52 52 56 1592 108 327 32 31 59 33 29 136
internal_value=0 -0.000912481 -0.018058 0.000614147 0.0150462 -0.000515463 0.00740875 -0.0114423 -0.0319759 0.0144698 5.815e-05 0.0206936
internal_weight=589.637 529.29 45.067 484.223 37.4682 446.754 60.3471 14.3459 26.6148 46.0012 18.4522 38.0523
internal_count=2541 2275 196 2079 160 1919 266 63 115 203 81 169
is_linear=0
shrinkage=0.05


Tree=149
num_leaves=15
num_cat=0
split_feature=12 112 6 12 112 2 34 3 68 27 126 121 5 5
split_gain=1.59763 4.72066 3.66826 8.27383 4.84745 3.27499 4.34724 6.67607 5.03062 3.93855 3.24054 4.79339 3.08203 2.28362
threshold=5.166666666666667 0.49678951972010188 5.166666666666667 6.166666666666667 0.6208172616269072 0.77431770000000011 5.6333333333333337 1.6002980000000002 0.18333333333333338 5.366666666666668 0.24369441132807743 39.385000000000005 2.4166666666666674 4.166666666666667
decision_type=2 2 2 2 2 2 2 2 2 2 2 2 2 2
left_child=5 10 3 -3 -4 9 8 -8 -7 12 13 -12 -1 -2
right_child=1 2 4 -5 -6 6 7 -9 -10 -11 11 -13 -14 -15
leaf_value=-0.024540639680207116 -0.021351288957940421 -0.0327961765917534 0.016921782305166722 0.016077491693506817 -0.023367462148781257 0.020320341002408267 -0.0076645417068903644 0.015345069683775032 0.0027301038751024916 -0.047840085802937082 0 -0.0409215132277179 0.011196075496886393 0.012807934715096399
leaf_weight=9.0157793611288124 7.0724437981843975 18.292147338390354 45.65997788310051 13.378636732697485 7.0713684260845175 55.418260954320431 154.81128825247288 37.668550461530685 181.05666194856167 5.9998187869787207 9.7939894050359744 19.773032888770103 12.906900033354757 11.368661776185034
leaf_count=40 31 78 201 58 30 239 665 165 777 26 42 84 56 49
internal_value=0 -0.00486754 0.00174968 -0.01076 0.010254 0.00134896 0.00254125 -0.00284707 0.00713116 -0.0146932 -0.0173197 -0.0273127 -0.00174896 0
internal_weight=589.288 132.41 84.4021 31.6708 52.7313 456.877 428.955 192.48 236.475 27.9225 48.0081 29.567 21.9227 18.4411
internal_count=2541 573 367 136 231 1968 1846 830 1016 122 206 126 96 80
is_linear=0
shrinkage=0.05


Tree=150
num_leaves=11
num_cat=0
split_feature=34 18 116 92 47 116 95 116 124 128
split_gain=1.53034 3.2232 3.10897 5.20181 5.80692 2.90285 4.99274 3.17257 2.71387 2.21275
threshold=8.5500000000000025 19.900000000000002 0.79486308878288447 -0.23611111111111102 0.41666666666666669 0.5943510838342505 -0.37566520000000009 0.5035370625083545 0.5515946317604804 0.84064600711742832
decision_type=2 2 2 2 2 2 2 2 2 2
left_child=2 9 5 8 -5 7 -7 -1 -4 -2
right_child=1 -3 3 4 -6 6 -8 -9 -10 -11
leaf_value=0.00059129455647740443 0.040851439801996049 -0.006148632491413078 0.033921611173396336 -0.034991526669506945 0.0041781356850219952 -0.015607934358630072 0.031388272928846425 -0.017185258072366951 -0.0051716613460841207 0
leaf_weight=465.92762449383736 9.070462033152582 9.7857605069875699 6.4665705859661085 26.090583920478821 11.011364981532095 5.8270992040634182 17.43053050339222 25.415561854839325 6.2596931457519531 5.5628119558095923
leaf_count=2013 40 42 28 110 47 25 75 109 27 25
internal_value=0 0.0119401 -0.000597676 -0.0124345 -0.0222497 0.000473388 0.0173943 -0.00025971 0.0120742 0.0268544
internal_weight=588.848 24.419 564.429 49.8282 37.1019 514.601 23.2576 491.343 12.7263 14.6333
internal_count=2541 107 2434 212 157 2222 100 2122 55 65
is_linear=0
shrinkage=0.05


Tree=151
num_leaves=9
num_cat=0
split_feature=34 20 17 25 39 41 23 22
split_gain=1.50413 1.80007 5.49512 6.34839 5.63034 4.99323 6.11268 5.88745
threshold=2.7500000000000004 5.1000000000000005 1.7797060000000002 11.675000000000002 14.050000000000002 4.4722222222222232 1.1316859600000002 1.5500000000000003
decision_type=2 2 2 2 2 2 2 2
left_child=-1 5 4 -4 -3 6 -2 -7
right_child=1 2 3 -5 -6 7 -8 -9
leaf_value=0.024221677033517811 -0.0074790551432891974 -0.0036236560847828017 0.035976808149619489 -0.00027016867884433431 0.013566165261452094 -0.00014024163932260716 0.01678142902708352 -0.022536502796661154
leaf_weight=5.3112529516220084 49.728650406002998 259.23842258751392 22.739262953400612 19.18847231566906 57.102742075920105 70.180768594145775 49.288250878453255 55.874902352690697
leaf_count=23 215 1115 99 84 251 301 212 241
internal_value=0 -0.000313878 0.00179204 0.0186036 -0.000330191 -0.00388034 0.00414436 -0.0105603
internal_weight=588.653 583.341 358.269 41.9277 316.341 225.073 99.0169 126.056
internal_count=2541 2518 1549 183 1366 969 427 542
is_linear=0
shrinkage=0.05


Tree=152
num_leaves=12
num_cat=0
split_feature=12 106 103 103 113 82 16 19 126 126 88
split_gain=1.57236 3.31967 4.16759 3.7067 5.96107 4.21569 3.07075 4.11428 6.53421 5.18686 2.84342
threshold=4.166666666666667 2.2250000000000005 5.5000000000000009 4.5000000000000009 0.49613337851035427 -0.11742815000000002 0.80012910000000004 3.7750000000000004 0.28587746358425264 0.26715108514648933 -0.0049230999999998462
decision_type=2 2 2 2 2 2 2 2 2 2 2
left_child=1 2 -1 4 -3 -5 -2 9 -9 -8 -4
right_child=6 3 10 5 -6 -7 7 8 -10 -11 -12
leaf_value=-0.035619365418964037 -0.030061462036806364 0.03044991698225278 -0.016713395155859692 0.0080485562535647683 0 -0.005224847112603825 0 -0.00131829677415687 -0.029089377472066875 0.032017465403245952 0.025931633237215874
leaf_weight=11.531603440642359 9.2637935280799848 29.758405461907387 6.4188954681158066 108.51747573912144 37.21384459733963 128.79766209423542 32.480198830366135 176.58253916352987 23.906866535544395 17.41121931374073 6.538514167070387
leaf_count=52 40 129 29 471 159 550 140 767 101 74 29
internal_value=0 0.00224533 -0.0147074 0.00381717 0.0141536 0.000643201 -0.00295005 -0.00163246 -0.00500588 0.0107732 0.00153976
internal_weight=588.421 328.776 24.489 304.287 66.9723 237.315 259.645 250.381 200.489 49.8914 12.9574
internal_count=2541 1419 110 1309 288 1021 1122 1082 868 214 58
is_linear=0
shrinkage=0.05


Tree=153
num_leaves=10
num_cat=0
split_feature=51 88 93 81 11 91 24 12 95
split_gain=1.52732 2.72021 2.57055 3.72901 3.51882 2.31222 5.10418 2.59908 1.20636
threshold=3.1666666666666674 0.16616740000000033 1.0500000000000005 0.4544295000000001 11.833333333333334 -2.3666666666666658 1.3094138000000002 4.166666666666667 -0.20122384999999979
decision_type=2 2 2 2 2 2 2 2 2
left_child=2 8 5 4 -4 6 -1 -7 -2
right_child=1 -3 3 -5 -6 7 -8 -9 -10
leaf_value=-0.0060058587934790492 -0.015177424031899023 -0.038610861938779939 -0.0045618787691201826 -0.0095489434324727562 0.034171386964579102 0.0016381007363374296 0.037752404207547607 -0.0055543720976668782 0.013063640432074428
leaf_weight=10.588562637567522 6.0946791321039209 6.0548085048794738 4.9910943061113384 8.8020717054605466 19.185048073530197 310.78601033985615 11.309283047914503 203.19248507916927 7.0956988483667383
leaf_count=45 27 28 22 38 87 1341 50 872 31
internal_value=0 -0.0135495 0.000422042 0.0137977 0.0243254 -0.000332141 0.0150715 -0.00111349 0
internal_weight=588.1 19.2452 568.855 32.9782 24.1761 535.876 21.8978 513.978 13.1904
internal_count=2541 86 2455 147 109 2308 95 2213 58
is_linear=0
shrinkage=0.05


Tree=154
num_leaves=14
num_cat=0
split_feature=71 53 109 125 117 10 41 125 128 111 48 123 34
split_gain=1.50362 5.42281 5.29997 5.56527 5.38209 3.75101 2.4941 6.99009 6.57581 3.98434 3.90833 4.6397 3.66885
threshold=0.43650793650793657 0.58333333333333337 0.23725953425582186 0.65479326373342295 68.40000000000002 1.1517100000000002 4.1339285714285721 0.40609390412195173 0.68872916812237817 1.0516006657115775 1.4166666666666667 0.51668377800750587 3.5277777777777781
decision_type=2 2 2 2 2 2 2 2 2 2 2 2 2
left_child=6 2 3 -2 -4 -3 7 9 -9 -1 12 -12 -8
right_child=1 5 4 -5 -6 -7 10 8 -10 -11 11 -13 -14
leaf_value=0 -0.017222598369543315 0.0056922568542819626 0.04800221234850819 0.022584923092352896 0 -0.038697003729725191 0.021778849246433325 -0.052046616730257705 -2.8888734350643461e-05 0.026068441645604307 -0.010691339769968479 0.0076018577918895609 -0.010139663654549186
leaf_weight=23.218349367380142 18.56835912168026 5.6918489187955847 15.549591630697252 14.897238269448279 9.6087109595537168 8.6922215819358808 7.6285493373870841 5.6366499811410895 96.459153294563293 40.791614830493927 47.219180673360825 114.90737002342939 179.00926995277405
leaf_count=100 80 25 67 64 41 37 33 24 420 175 200 503 772
internal_value=0 0.0066008 0.0138448 0 0.0307153 -0.0186536 -0.00101788 0.00386962 -0.00386272 0.0168415 -0.00349301 0.00193459 -0.00845945
internal_weight=587.878 73.008 58.6239 33.4656 25.1583 14.3841 514.87 166.106 102.096 64.01 348.764 162.127 186.638
internal_count=2541 314 252 144 108 62 2227 719 444 275 1508 703 805
is_linear=0
shrinkage=0.05


Tree=155
num_leaves=14
num_cat=0
split_feature=97 81 62 59 58 98 111 63 26 40 89 15 124
split_gain=1.54528 3.60786 3.65455 3.79684 3.72156 3.08626 6.73065 6.13809 5.24837 2.89952 5.49349 4.63581 2.59227
threshold=-0.68333333333333302 0.46401250000000022 0.36666666666666675 1.0000000180025095e-35 1.9000000000000001 -0.40000000000000002 1.0563639791580972 1.3666666666666669 4.9000000000000012 3.683333333333334 0.025377600000000004 2.1000000000000005 0.54025227847988555
decision_type=2 2 2 2 2 2 2 2 2 2 2 2 2
left_child=1 2 3 -1 -4 6 7 -2 -8 10 -7 -11 -3
right_child=5 12 4 -5 -6 9 8 -9 -10 11 -12 -13 -14
leaf_value=0.016574410153549289 0.021011917193472451 -0.049067295428699503 0 -0.0045613959218639248 -0.035021780720910771 -0.012292696638648409 0.047799501056058791 -0.0094482759464216554 0 0.0049557130063617961 0.0065634011247028643 -0.032229142639033335 -8.1937998413221281e-07
leaf_weight=34.254724398255348 24.64672277867794 6.6323199421167356 19.027078032493591 47.252535179257393 13.232901871204374 109.10637918114662 15.73750287294388 44.594765208661556 7.0353215187788001 196.12733060121536 54.92559152841568 7.5021627247333518 7.5173655450344086
leaf_count=150 108 29 83 203 56 471 70 193 30 846 238 32 32
internal_value=0 -0.00489477 -0.00136376 0.00380848 -0.0156567 0.00129663 0.00947034 0.000827074 0.032507 -0.000633517 -0.00567431 0.00319059 -0.0280207
internal_weight=587.593 127.917 113.767 81.5073 32.26 459.676 92.0143 69.2415 22.7728 367.661 164.032 203.629 14.1497
internal_count=2541 553 492 353 139 1988 401 301 100 1587 709 878 61
is_linear=0
shrinkage=0.05


Tree=156
num_leaves=13
num_cat=0
split_feature=108 80 123 24 92 25 87 100 63 106 111 71
split_gain=1.50706 5.60662 5.06885 4.75257 3.67622 3.6313 3.99376 5.86588 4.72955 3.98271 3.32448 2.58546
threshold=0.22755161834862908 -0.44407450000000009 0.64540636870488988 1.2978595000000002 -0.19999999999999998 13.900000000000002 0.53656160000000008 0.19090909090909094 1.9000000000000001 2.7928571428571431 1.052944114708821 0.18333333333333338
decision_type=2 2 2 2 2 2 2 2 2 2 2 2
left_child=1 4 3 -3 -1 6 8 -8 -2 11 -11 -7
right_child=5 2 -4 -5 -6 9 7 -9 -10 10 -12 -13
leaf_value=-0.04512499653191087 -0.00049499694447273227 -0.002202191984990639 -0.029877011980656534 0.025868335168601105 0 0 0.0041830411949028085 -0.021091906270736472 0.016329128657770819 0.018147171495934849 -0.010537339853575217 0.032319263868092217
leaf_weight=11.982324540615084 288.51746846735477 45.100337840616703 10.651550844311712 19.815914765000343 7.6182402223348609 6.290093973279002 35.649388790130615 50.983670637011528 46.954486735165119 15.819229662418364 23.967648357152939 23.782548382878304
leaf_count=52 1244 195 47 85 33 28 152 220 202 71 105 107
internal_value=0 -0.00579395 0 0.00587035 -0.0289328 0.00104593 -0.000598868 -0.0101917 0.00175273 0.0115579 0 0.0250014
internal_weight=587.133 95.1684 75.5678 64.9163 19.6006 491.965 422.105 86.6331 335.472 69.8595 39.7869 30.0726
internal_count=2541 412 327 280 85 2129 1818 372 1446 311 176 135
is_linear=0
shrinkage=0.05


Tree=157
num_leaves=14
num_cat=0
split_feature=12 113 30 18 34 77 34 3 10 89 108 53 79
split_gain=1.51722 4.37151 3.48707 4.75601 2.96751 3.40746 2.77448 4.58955 4.45119 4.35384 4.07191 3.45371 3.08171
threshold=5.166666666666667 0.50321048027989834 1.0570600500000003 14.900000000000002 7.6125000000000007 0.18333333333333338 5.6333333333333337 1.6002980000000002 1.7207250000000001 0.42683690000000002 0.23324922780519927 0.58333333333333337 0.4166666666666668
decision_type=2 2 2 2 2 2 2 2 2 2 2 2 2
left_child=6 2 -2 -4 5 -3 9 11 -9 10 -1 -8 -11
right_child=1 4 3 -5 -6 -7 7 8 -10 12 -12 -13 -14
leaf_value=-0.0076470512816688083 0.032931636902261051 0.0064517770337783947 -0.011355628394596209 0.013744714777659654 0.0098409253474552837 -0.027879020776288673 -0.003305153993617701 0.029587389245227289 -0.0016288943273150341 0 0.0098109086322051911 -0.024011269128550755 -0.035448811419113734
leaf_weight=36.001968383789062 7.150269389152526 5.8259747922420493 47.50214096903801 29.312842801213264 5.9242706894874564 35.963213920593262 131.0399758964777 17.777740076184273 22.015037506818771 13.128070123493673 200.48577766120434 25.200837701559067 9.4238972067832929
leaf_count=155 31 25 206 130 26 155 565 79 96 58 866 108 41
internal_value=0 -0.00477881 0.0015803 -0.00108117 -0.0167986 -0.0218854 0.00129349 -0.00303214 0.011475 0.00475834 0.00692163 -0.00709439 -0.0151344
internal_weight=586.752 131.679 83.9653 76.815 47.7135 41.7892 455.073 196.034 39.7928 259.04 236.488 156.241 22.552
internal_count=2541 573 367 336 206 180 1968 848 175 1120 1021 673 99
is_linear=0
shrinkage=0.05


Tree=158
num_leaves=13
num_cat=0
split_feature=31 31 56 100 20 68 110 81 39 38 96 3
split_gain=1.56404 3.45913 3.67583 3.69722 3.65892 2.32667 3.74707 6.32901 5.51084 2.43474 2.99312 2.17883
threshold=0.78535846000000009 0.68427802500000012 0.36666666666666675 0.17424242424242428 6.4500000000000011 0.31666666666666671 0.31710264525831117 -0.24640666666666641 12.15 2.4811494000000005 -0.014831240000000022 1.551493
decision_type=2 2 2 2 2 2 2 2 2 2 2 2
left_child=1 2 3 -1 -3 9 7 -7 -8 10 -2 -11
right_child=5 4 -4 -5 -6 6 8 -9 -10 11 -12 -13
leaf_value=0.0016383346729195944 0.0038347017200119726 0 0.023077554667613416 -0.043542451964145107 0.039299136135807711 -0.033682369073032015 0.019519633899080343 0 -0.013177249965081753 0.042497965722236519 -0.0045361379985466698 0
leaf_weight=5.7797493338584918 237.48947909474373 9.899330675601961 5.5625022053718558 7.0869095176458359 12.566637083888052 26.300986140966415 23.662011876702309 29.796457946300507 25.109920501708984 5.5081494450569135 192.22135408967733 5.3817424103617668
leaf_count=25 1023 44 25 30 56 112 102 128 110 27 834 25
internal_value=0 0.00923162 -0.00461007 -0.0209868 0.0224295 -0.000788412 -0.00748797 -0.0162894 0.00175473 0.0007063 0 0.0230318
internal_weight=586.365 40.8951 18.4292 12.8667 22.466 545.47 104.869 56.0974 48.7719 440.601 429.711 10.8899
internal_count=2541 180 80 55 100 2361 452 240 212 1909 1857 52
is_linear=0
shrinkage=0.05


Tree=159
num_leaves=8
num_cat=0
split_feature=95 84 91 6 125 54 38
split_gain=1.4653 1.99812 3.33871 4.16125 2.55523 1.96197 4.26448
threshold=0.62848714999999999 3.8333333333333339 1.8333333333333337 7.166666666666667 0.63620409753271978 2.2666666666666671 1.5032694500000001
decision_type=2 2 2 2 2 2 2
left_child=1 2 4 -4 -1 6 -2
right_child=5 -3 3 -5 -6 -7 -8
leaf_value=-0.0012295556924409024 -0.0020613179634946686 0.024647282153402048 -0.026918416506169912 0.0024524535317149089 0.00906613223594014 -0.00406381404962245 0.046027203821767677
leaf_weight=449.25704599171877 5.63147220015526 6.6278826296329489 25.451929613947868 16.694540947675705 68.453036718070507 6.0665648877620688 7.9313086271286011
leaf_count=1944 25 29 110 73 297 27 36
internal_value=0 -0.000536734 -0.000967439 -0.0143383 5.0229e-05 0.013025 0.0238563
internal_weight=586.114 566.484 559.857 42.1465 517.71 19.6293 13.5628
internal_count=2541 2453 2424 183 2241 88 61
is_linear=0
shrinkage=0.05


Tree=160
num_leaves=12
num_cat=0
split_feature=100 122 5 124 22 111 38 17 97 89 111
split_gain=1.45979 3.23964 4.22549 1.99565 1.87611 5.58265 4.10561 2.87708 3.23906 2.80451 2.30706
threshold=0.55050505050505061 44.195000000000007 4.8333333333333348 0.54184629064550516 0.63333333333333341 1.0559496315847359 1.18855855 0.61778940000000004 0.95000000000000029 -0.31526879999999979 1.0594904883072824
decision_type=2 2 2 2 2 2 2 2 2 2 2
left_child=4 2 -2 -3 5 6 -1 9 -9 -6 -7
right_child=1 3 -4 -5 7 10 -8 8 -10 -11 -12
leaf_value=-0.020198002083090423 0.018978233735298361 0 -0.026810174586394939 0.04778382296120165 0.0017636053756394992 0.047726138897428293 0.013904822357629824 -0.0023189484943731617 0.010301026885340923 -0.031604890556723574 0.0035712900553335641
leaf_weight=17.058336108922958 9.124123960733419 6.2009311318397504 8.6435173004865629 6.2233340591192245 6.0792369693517712 9.0625113397836703 15.220173582434652 429.72008536010981 56.015122011303902 14.297409191727636 8.3253986239433271
leaf_count=73 40 27 38 28 26 40 66 1862 244 62 35
internal_value=0 0.0104697 -0.000874185 0.0292736 -0.000643248 0.00837527 -0.00268052 -0.00164163 -0.000742711 -0.0196938 0.0306478
internal_weight=585.97 30.1919 17.7676 12.4243 555.778 49.6664 32.2785 506.112 485.735 20.3766 17.3879
internal_count=2541 133 78 55 2408 214 139 2194 2106 88 75
is_linear=0
shrinkage=0.05


Tree=161
num_leaves=11
num_cat=0
split_feature=31 54 115 33 96 80 88 81 81 33
split_gain=1.44331 3.1868 3.76006 3.83489 2.20312 2.74529 2.19694 5.93963 5.77666 1.34911
threshold=0.78535846000000009 2.5000000000000004 1.5301917917988523 6.5357142857142865 0.61371850000000028 -0.15338083333333322 0.21403810000000004 0.48716500000000024 0.03181200000000018 6.6500000000000012
decision_type=2 2 2 2 2 2 2 2 2 2
left_child=1 2 -1 -4 6 -6 7 -2 -8 -3
right_child=4 9 3 -5 5 -7 8 -9 -10 -11
leaf_value=-0.0011512143142779366 0.0031072205017806352 -0.025688555370762124 0.047433317039966255 0 0 -0.035182669149853275 -0.027833136155814994 -0.026197616310768276 -0.00026966009367941304 0.00053766839672136403
leaf_weight=10.624766215682032 383.08530455827713 5.9803740084171277 11.90462885797024 6.318012297153472 6.3846943378448477 9.2169197797775251 23.257805705070496 16.887566730380058 106.21658325940371 5.7995581179857254
leaf_count=47 1661 26 53 29 28 40 101 73 458 25
internal_value=0 0.00894533 0.0183611 0.0318069 -0.00071261 -0.0186646 -5.51548e-05 0.00168297 -0.00577955 -0.00983259
internal_weight=585.676 40.6273 28.8474 18.2226 545.049 15.6016 529.447 399.973 129.474 11.7799
internal_count=2541 180 129 82 2361 68 2293 1734 559 51
is_linear=0
shrinkage=0.05


Tree=162
num_leaves=10
num_cat=0
split_feature=2 2 33 2 19 20 16 128 128
split_gain=1.43381 3.86672 5.39177 2.77106 3.28432 2.91794 2.73143 1.89603 3.0745
threshold=0.74763000000000013 0.83210383333333349 3.6333333333333337 0.89738450000000014 2.5500000000000003 4.9000000000000012 1.0987484000000001 0.74968161985788184 0.81882225729139757
decision_type=2 2 2 2 2 2 2 2 2
left_child=6 2 -2 5 -5 -3 7 -1 -9
right_child=1 3 -4 4 -6 -7 -8 8 -10
leaf_value=0.016639404309923798 -0.00036458701693955608 -0.037286335444290199 0.050202389051211049 0.033862926138946467 0 0 -0.039200408640337608 -0.02865439208541113 0.007588491812606811
leaf_weight=7.5646667480468812 7.9356098622083691 9.1540276110172289 8.2504587918519956 6.2567202299833289 515.14338483661413 6.9028895795345298 5.6500752717256537 10.64667631685734 7.9059910476207724
leaf_count=33 35 40 35 28 2233 30 25 48 34
internal_value=0 0.000559329 0.0239227 -9.45469e-05 0.000459819 -0.0199989 -0.0102028 -0.000871562 -0.0110545
internal_weight=585.411 553.643 16.1861 537.457 521.4 16.0569 31.7674 26.1173 18.5527
internal_count=2541 2401 70 2331 2261 70 140 115 82
is_linear=0
shrinkage=0.05


Tree=163
num_leaves=11
num_cat=0
split_feature=74 10 45 111 64 98 67 110 66 89
split_gain=1.43133 2.81093 3.19761 2.59615 2.53335 3.87854 2.74707 6.02393 3.76702 2.49571
threshold=1.0000000180025095e-35 1.1397323333333336 1.1666666666666667 1.0529896057199926 2.6333333333333337 1.3875000000000004 0.31666666666666671 0.34095201377510226 1.3541666666666667 0.11721099999999997
decision_type=2 2 2 2 2 2 2 2 2 2
left_child=1 -1 9 -4 6 -6 7 -2 -8 -3
right_child=4 2 3 -5 5 -7 8 -9 -10 -11
leaf_value=0.010901421212941468 -0.013530085305552983 -0.014678259056695534 0 -0.042894412024873346 0.042786176178589153 0 0.023569476687381151 0.0023997372252173776 0.0015212660072862448 0.022493551044728822
leaf_weight=10.547181278467177 96.521225616335869 10.304239735007288 6.5925768613815334 11.750872924923895 7.8966876566410056 8.1019639521837217 20.706097327172756 141.14025701582432 265.0828100591898 6.5179005414247504
leaf_count=47 415 46 30 54 36 35 91 613 1145 29
internal_value=0 -0.00843208 -0.0157544 -0.0296195 0.000689647 0.0196902 0 -0.00388991 0.00336967 0
internal_weight=585.162 45.7128 35.1656 18.3434 539.449 15.9987 523.45 237.661 285.789 16.8221
internal_count=2541 206 159 84 2335 71 2264 1028 1236 75
is_linear=0
shrinkage=0.05


Tree=164
num_leaves=16
num_cat=0
split_feature=17 121 31 123 80 96 81 17 123 114 9 106 26 59 94
split_gain=1.39527 4.31668 4.48965 3.62832 5.9621 4.47096 3.39864 3.29733 4.79797 4.02091 3.19665 5.34339 4.33676 2.71714 2.27023
threshold=0.94768325999999992 39.385000000000005 0.90042939500000008 0.57685833905412598 -0.019128999999999948 -0.084098700000000068 0.1323863333333333 1.0490600000000001 0.55809407013442791 1.4225005983122394 1.0713286666666668 2.5750000000000006 4.7333333333333343 0.36666666666666675 0.080066900000000066
decision_type=2 2 2 2 2 2 2 2 2 2 2 2 2 2 2
left_child=1 2 6 5 -5 -3 -1 8 9 -2 11 -9 -12 -10 -4
right_child=7 3 14 4 -6 -7 -8 10 13 -11 12 -13 -14 -15 -16
leaf_value=-0.022823863763656388 0 0.026909773090692202 0.0049174820471364553 0.019875051190395024 -0.021743135792093266 -0.0040353624867905044 0.022385427604065131 -0.021477850993363579 0.018222247072227787 -0.043802012784291515 0.0082892286449865703 0 -0.0040587480075771464 -0.015014743693197833 0.053982300045052056
leaf_weight=7.0985705852508563 6.4171792119741466 19.043017372488976 6.5541443526744834 9.4755970388650876 33.143228024244308 22.160881072282791 7.5367132425308228 39.057289317250252 11.568408742547037 15.159535199403761 170.92012007534504 102.33346327394247 114.38701927661896 10.623263821005819 9.3858495503663999
leaf_count=31 27 82 28 42 146 96 33 171 51 65 740 443 497 47 42
internal_value=0 0.00490277 0.0207142 -0.00045138 -0.0111002 0.00938042 0 -0.0012309 -0.0141453 -0.0304634 6.85248e-06 -0.00599637 0.00316708 0.000194222 0.0382408
internal_weight=584.864 114.398 30.5753 83.8227 42.6188 41.2039 14.6353 470.466 43.7684 21.5767 426.698 141.391 285.307 22.1917 15.94
internal_count=2541 500 134 366 188 178 64 2041 190 92 1851 614 1237 98 70
is_linear=0
shrinkage=0.05


Tree=165
num_leaves=14
num_cat=0
split_feature=71 53 109 114 117 10 96 29 124 108 41 37 81
split_gain=1.43507 4.85177 4.62108 5.9317 4.90728 3.3394 2.43244 3.67082 2.76239 4.16522 3.58764 2.18452 0.597936
threshold=0.43650793650793657 0.58333333333333337 0.23725953425582186 1.7670525606469003 68.40000000000002 1.1517100000000002 -0.52723879999999979 1.3875000000000002 0.64130619298706393 0.29831201791608297 4.1339285714285721 1.5097882000000002 -0.27042783333333326
decision_type=2 2 2 2 2 2 2 2 2 2 2 2 2
left_child=6 2 3 -2 -4 -3 7 12 10 -10 -8 -9 -1
right_child=1 5 4 -5 -6 -7 8 11 9 -11 -12 -13 -14
leaf_value=-0.048367220455667589 -0.034167556788536786 0.0053143871273100109 0.045871923143100173 0.012943388875476287 0 -0.036426932017953481 0.0049125857887584359 0.018970689160219999 -0.0080324836201877761 0.02404429801267649 -0.0045050121491140138 -0.016918374239604978 -0.011243428307948486
leaf_weight=5.8742994219064704 7.9312557727098456 5.6475832611322394 15.381534010171892 25.279912352561951 9.5326822400093061 8.6168013364076597 149.23630148172379 8.0985759347677213 12.478432208299635 26.290641747415066 295.39059030264616 6.6401505917310706 8.008366212248804
leaf_count=25 34 25 67 110 41 37 645 36 57 127 1272 29 36
internal_value=0 0.00652042 0.0134209 0 0.0292705 -0.0173595 -0.000954556 -0.0148686 0 0.0125203 -0.00122792 0 -0.032506
internal_weight=584.407 72.3898 58.1254 33.2112 24.9142 14.2644 512.017 28.6214 483.396 38.7691 444.627 14.7387 13.8827
internal_count=2541 314 252 144 108 62 2227 126 2101 184 1917 65 61
is_linear=0
shrinkage=0.05


Tree=166
num_leaves=14
num_cat=0
split_feature=15 101 70 27 6 38 21 103 95 34 82 126 99
split_gain=1.40017 5.23661 4.49473 6.45134 4.29676 4.26486 4.07391 3.03299 4.50726 3.34232 2.44501 2.11088 1.55662
threshold=1.6333333333333335 3.1180555555555558 1.9500000000000002 5.366666666666668 7.416666666666667 1.4178859000000001 1.5500000000000003 14.500000000000002 -0.045415000000000309 8.5500000000000025 0.10488400000000032 0.24429354120626404 0.26136363636363641
decision_type=2 2 2 2 2 2 2 2 2 2 2 2 2
left_child=2 4 7 11 5 -2 12 9 -9 -1 -8 -4 -3
right_child=1 6 3 -5 -6 -7 10 8 -10 -11 -12 -13 -14
leaf_value=5.8044705056352564e-05 -0.012292141584681183 -0.0099050756325652113 0.021666249595112694 0.057168808771186498 -0.029106718888434038 0.011007985796401002 -0.023905549461105513 -0.030099598653693223 0.0036594674354821404 0.020594510519076788 0.015253164384759261 -0.0098804108899839121 -0.054751710579574342
leaf_weight=370.83679392933846 24.800395771861076 7.1591877341270473 7.9265091344714227 7.5957325696945182 9.676612660288809 68.960438475012779 6.1084450334310514 18.843026995658875 14.78142052143812 20.258183628320694 7.8120904415845871 10.576003193855284 8.700435519218443
leaf_count=1606 106 31 38 35 42 303 27 81 64 90 36 45 37
internal_value=0 -0.00450933 0.00130651 0.0210507 0.000404263 0.00425262 -0.0226591 0 -0.0141379 0.00129914 0 0.00148844 -0.0392614
internal_weight=584.035 133.218 450.818 26.0982 103.437 93.7608 29.7802 424.719 33.6244 391.095 13.9205 18.5025 15.8596
internal_count=2541 582 1959 118 451 409 131 1841 145 1696 63 83 68
is_linear=0
shrinkage=0.05


Tree=167
num_leaves=14
num_cat=0
split_feature=54 102 128 85 89 111 28 17 111 13 75 17 88
split_gain=1.408 3.88112 3.641 4.35044 2.58449 2.48407 4.19418 4.65937 4.51625 4.13067 4.01564 3.53295 2.23897
threshold=0.67500000000000016 3.5000000000000004 0.83850630402748383 1.0000000180025095e-35 0.20892122000000005 1.0513414635458467 1.3875000000000002 1.0751195000000002 1.0503751904377465 7.8333333333333348 1.8166666666666669 1.0137284000000002 -0.25349799999999995
decision_type=2 2 2 2 2 2 2 2 2 2 2 2 2
left_child=1 12 3 -3 -4 6 8 -8 -2 10 -7 -11 -1
right_child=5 2 4 -5 -6 9 7 -9 -10 11 -12 -13 -14
leaf_value=-0.00020491887024460555 -0.015623733715583697 0.0025794363480465816 -0.040444059805355155 -0.029327578462666405 0 -0.002619510899851663 -0.00095951320833768949 0.020410174114514779 0.017395916084290378 0.0014292760472536541 0.011147724721341866 -0.038304245441806481 0.032348794335205037
leaf_weight=5.650621533393859 32.949931457638741 51.480486989021301 13.296420782804491 11.914219096302984 6.9809875562787047 257.45402197539806 34.687922567129135 64.357998237013817 12.9245088994503 5.6154966503381756 65.517666414380074 12.347445935010908 8.416220694780348
leaf_count=25 142 225 58 51 33 1112 150 284 57 25 288 54 37
internal_value=0 -0.00547109 -0.00996137 -0.00300293 -0.0282026 0.00107675 0.00658942 0.0124915 -0.00508156 -0.0011327 4.47493e-05 -0.0238259 0.0168078
internal_weight=583.594 97.739 83.6721 63.3947 20.2774 485.855 144.92 99.0459 45.8744 340.935 322.972 17.9629 14.0668
internal_count=2541 429 367 276 91 2112 633 434 199 1479 1400 79 62
is_linear=0
shrinkage=0.05


Tree=168
num_leaves=13
num_cat=0
split_feature=34 107 111 79 124 18 30 33 17 80 126 37
split_gain=1.37993 3.63466 3.34743 3.78034 3.3313 3.21946 3.20212 3.44712 4.88938 4.57777 3.36632 2.20207
threshold=4.6833333333333345 1.0000000180025095e-35 1.0648785996612087 1.0000000180025095e-35 0.57948360454500969 12.700000000000001 1.5705538500000003 3.683333333333334 1.6753733000000002 -0.20842550000000001 0.28205365231635193 1.0606866500000003
decision_type=2 2 2 2 2 2 2 2 2 2 2 2
left_child=6 4 5 -4 -2 -3 7 8 -1 -9 11 -8
right_child=1 2 3 -5 -6 -7 10 9 -10 -11 -12 -13
leaf_value=0.026389557412622396 -0.041466256438759175 -0.0080626240988218006 0.041032350375895713 0 0 0.0013606930651352297 0 0.0036013481781590872 -0.0044978902972725781 -0.022908579492461421 -0.0052894837691404399 0.03983196639886414
leaf_weight=23.568087548017502 9.5734768956899625 126.79994614422321 9.1422048211097735 7.8085611909627906 5.6727938354015341 292.59678436070681 5.7312077134847703 33.877222418785095 21.601353108882904 26.184789836406708 6.4338736534118643 14.343136042356489
leaf_count=105 42 543 40 34 25 1281 25 149 95 111 27 64
internal_value=0 -0.00135004 -0.00036799 0.0206102 -0.0246259 -0.00138181 0.0044469 0 0.0107578 -0.00732305 0.019658 0.0298979
internal_weight=583.333 451.594 436.347 16.9508 15.2463 419.397 131.74 105.231 45.1694 60.062 26.5082 20.0743
internal_count=2541 1965 1898 74 67 1824 576 460 200 260 116 89
is_linear=0
shrinkage=0.05


Tree=169
num_leaves=13
num_cat=0
split_feature=82 64 39 85 25 118 51 71 9 3 109 30
split_gain=1.36376 6.31564 4.41531 4.86478 4.38103 3.30259 3.71054 3.03538 4.11153 3.32789 2.38926 0.852555
threshold=0.017714666666666771 2.9000000000000004 9.5277777777777803 0.20000000000000015 9.4500000000000011 98.000000000000014 1.1666666666666667 0.43650793650793657 0.82437483333333339 1.4882733333333333 0.25341016007991474 1.6023388500000004
decision_type=2 2 2 2 2 2 2 2 2 2 2 2
left_child=5 2 3 -2 -4 7 11 9 -9 -1 -8 -7
right_child=1 -3 4 -5 -6 6 10 8 -10 -11 -12 -13
leaf_value=-0.0058338734922023724 -0.027533848607245101 0.044749071413490479 0.018536422627794199 0.0028826202499758545 -0.0036639043736805977 0.055052040222742599 -0.013081694535109807 -0.014239425857039932 0.022577056477898289 0.0055409073756038461 0.022292398129700398 0.0092502806058917565
leaf_weight=166.49169954657555 35.294552989304066 5.6237955689430228 24.387264415621758 16.014027208089828 169.12639269977808 5.7600973099470156 9.5746621489524859 7.5487386584281913 29.752766221761703 100.48834645748138 7.3780826628208152 5.5656663775444031
leaf_count=722 155 26 105 69 737 26 41 33 130 439 33 25
internal_value=0 -0.0028102 -0.00428367 -0.017211 -0.000528178 0.00206594 0.0181473 0.000353084 0.0136438 -0.00136125 0 0.0391774
internal_weight=583.006 250.446 244.822 51.3086 193.514 332.56 28.2785 304.282 37.3015 266.98 16.9527 11.3258
internal_count=2541 1092 1066 224 842 1449 125 1324 163 1161 74 51
is_linear=0
shrinkage=0.05


Tree=170
num_leaves=6
num_cat=0
split_feature=29 32 84 57 81
split_gain=1.35795 3.31404 1.94378 4.55015 2.59712
threshold=0.5277777777777779 16.633333333333336 3.8333333333333339 3.1000000000000005 0.97561133333333339
decision_type=2 2 2 2 2
left_child=1 -1 3 4 -2
right_child=2 -3 -4 -5 -6
leaf_value=0.037824116909095443 -0.00094508400340591499 -0.00257008258437199 0.024140822282962746 -0.035656526369443595 0.016741146154623701
leaf_weight=7.0543786734342566 531.82078438997269 8.1442293077707273 6.8204334974288932 8.248169392347334 20.524496525526047
leaf_count=33 2318 35 30 35 90
internal_value=0 0.0142696 -0.000411991 -0.000842199 -0.000168458
internal_weight=582.612 15.1986 567.414 560.593 552.345
internal_count=2541 68 2473 2443 2408
is_linear=0
shrinkage=0.05


Tree=171
num_leaves=6
num_cat=0
split_feature=3 3 29 3 32
split_gain=1.33892 2.95262 1.65209 3.36246 2.90852
threshold=0.29817166666666672 0.38315616666666669 0.5277777777777779 0.56542616666666679 16.633333333333336
decision_type=2 2 2 2 2
left_child=-1 -2 4 -4 -3
right_child=1 2 3 -5 -6
leaf_value=-0.024441559544048072 0.036485065489556691 0.038714698843364481 -0.020758014856617907 9.5744788988931937e-05 0
leaf_weight=4.5506546646356574 4.5683563500642768 6.4920662790536863 18.897988051176071 540.60475604981184 7.4110509157180786
leaf_count=20 20 31 82 2356 32
internal_value=0 0.000232907 -3.18843e-05 -0.000555192 0.0162967
internal_weight=582.525 577.974 573.406 559.503 13.9031
internal_count=2541 2521 2501 2438 63
is_linear=0
shrinkage=0.05


Tree=172
num_leaves=13
num_cat=0
split_feature=22 111 112 109 36 17 17 24 95 94 110 95
split_gain=1.33609 5.06101 3.36113 4.09582 2.69582 2.45727 2.88615 4.14679 3.34302 2.73912 2.00878 1.59167
threshold=0.63333333333333341 1.0559496315847359 0.52263506728258691 0.27265224368562485 0.95000000000000007 0.61778940000000004 0.94768325999999992 1.3905051000000002 -0.089193566666666765 0.67694600000000038 0.52453925391984246 -0.19037839999999992
decision_type=2 2 2 2 2 2 2 2 2 2 2 2
left_child=1 2 3 -1 -3 9 8 -8 -7 11 -4 -2
right_child=5 4 10 -5 -6 6 7 -9 -10 -11 -12 -13
leaf_value=-0.029739839337236642 -0.019182100872000847 0.041101881132956652 0.033473464183298315 0.012602847462206091 0 -0.00075450902755869566 -0.0097512389827905006 0.0011735862977142126 0.01804887909558078 -0.037019502924360993 0 0.014440744007793544
leaf_weight=15.416638374328615 5.5214167982339859 12.133504137396814 6.3744562566280347 6.0918599963188163 5.9256764501333228 40.828274592757225 116.8208831474185 309.33606718480587 42.852458573877811 8.6984495520591718 5.8077422380447388 6.5747400820255297
leaf_count=67 25 54 28 26 25 180 503 1353 189 38 25 28
internal_value=0 0.00759148 -0.00265651 -0.0154986 0.0284695 -0.000751472 0 -0.00171996 0.00838358 -0.0171942 0.0156798 0
internal_weight=582.382 51.7499 33.6907 21.5085 18.0592 530.632 509.838 426.157 83.6807 20.7946 12.1822 12.0962
internal_count=2541 225 146 93 79 2316 2225 1856 369 91 53 53
is_linear=0
shrinkage=0.05


Tree=173
num_leaves=13
num_cat=0
split_feature=68 3 38 24 24 96 109 121 2 58 38 79
split_gain=1.33022 3.19657 3.28549 5.12497 2.02169 9.18553 5.41423 5.1077 3.75761 3.63646 2.90226 1.19439
threshold=0.41428571428571431 1.0485676666666668 1.4294776500000002 1.7788838 1.1745408000000002 -0.081829399999999816 0.2359767843189691 40.675000000000011 0.75667433333333356 2.7000000000000006 2.0157485000000004 1.0000000180025095e-35
decision_type=2 2 2 2 2 2 2 2 2 2 2 2
left_child=4 11 -3 -4 5 6 -1 -7 10 -10 -6 -2
right_child=1 2 3 -5 8 7 -8 -9 9 -11 -12 -13
leaf_value=0 0 -0.042601089815047143 0.022070005742373298 -0.026815255632845432 -0.029046303659762802 0.010966029515975091 0.035893442505980935 -0.01863892386040264 -0.00045642579389300585 0.025199193804841227 0.0047714439209377082 0.025243205181025727
leaf_weight=17.246066465973854 5.6597729176282865 8.7948445826768893 8.2365623712539691 10.84272852540016 18.784698098897938 22.183888927102089 29.665199056267738 33.629934936761856 402.35542318224907 13.243355467915533 5.5913362205028525 5.7565446645021439
leaf_count=76 25 38 36 47 84 98 127 146 1755 59 25 25
internal_value=0 -0.0087612 -0.0183897 -0.00317316 0.000654523 0.00698256 0.0232825 -0.0060061 -0.000722043 0.000299615 -0.0194365 0.0103085
internal_weight=581.99 39.2905 27.8741 19.0793 542.7 102.725 46.9113 55.8138 439.975 415.599 24.376 11.4163
internal_count=2541 171 121 83 2370 447 203 244 1923 1814 109 50
is_linear=0
shrinkage=0.05


Tree=174
num_leaves=9
num_cat=0
split_feature=33 85 115 86 106 12 6 34
split_gain=1.35732 2.00375 4.76586 2.98901 2.56957 2.13837 5.221 3.38848
threshold=2.6333333333333337 -1.2249999999999996 1.5301917917988523 0.33333333333333348 2.9250000000000003 5.166666666666667 4.416666666666667 5.2928571428571436
decision_type=2 2 2 2 2 2 2 2
left_child=-1 2 4 -4 -2 7 -7 -3
right_child=1 5 3 -5 -6 6 -8 -9
leaf_value=0.01833268501714581 -0.0027895147533418979 0.0077725004244855681 -0.030367504418370102 0.0019767530019350918 0.035103154612028224 -0.022003580789889912 0.00056579510906605687 -0.0013477554463479479
leaf_weight=8.9324037432670575 7.2417101413011533 166.82384696602821 23.337572857737545 6.0517336279153815 5.6835335940122604 32.804874390363693 89.673576697707176 241.05597525835037
leaf_count=41 33 725 103 28 25 142 395 1049
internal_value=0 -0.00031003 -0.010701 -0.0222161 0.0116065 0.000443492 -0.00520354 0.00227005
internal_weight=581.605 572.673 42.3146 29.3893 12.9252 530.358 122.478 407.88
internal_count=2541 2500 189 131 58 2311 537 1774
is_linear=0
shrinkage=0.05


Tree=175
num_leaves=9
num_cat=0
split_feature=111 91 56 27 6 60 114 17
split_gain=1.30707 1.5852 5.14359 4.04954 3.90472 3.16185 2.74889 2.47905
threshold=1.04028162884867 1.8333333333333337 0.36666666666666675 3.5500000000000003 7.166666666666667 0.26666666666666672 1.5091081586315898 0.94768325999999992
decision_type=2 2 2 2 2 2 2 2
left_child=-1 5 4 -4 -3 6 -2 -7
right_child=1 2 3 -5 -6 7 -8 -9
leaf_value=-0.024702753198651804 -0.001177826256019882 -0.030190821699939863 0.043448791911116551 -0.0029732739544329786 0 0.0080276834500596344 0.03241037582093733 -0.0012130562995765458
leaf_weight=4.300964042544364 5.7198709398508099 23.543786004185677 6.1924426257610312 8.3730558305978757 15.051002487540243 86.211178794503212 13.695295661687849 418.30539983510971
leaf_count=18 25 103 27 37 67 380 64 1820
internal_value=0 0.000238494 -0.00779088 0.015074 -0.0178456 0.00116173 0.0204929 0.000279838
internal_weight=581.393 577.092 53.1603 14.5655 38.5948 523.932 19.4152 504.517
internal_count=2541 2523 234 64 170 2289 89 2200
is_linear=0
shrinkage=0.05


Tree=176
num_leaves=11
num_cat=0
split_feature=100 122 9 1 38 54 19 111 38 41
split_gain=1.2994 3.12427 3.10939 1.88388 3.68187 3.43364 3.51311 2.68928 2.22866 0.393398
threshold=0.55050505050505061 34.920000000000009 0.96513233333333348 2.8333333333333335 1.55366395 0.67500000000000016 5.1000000000000005 1.0513414635458467 1.8845257000000004 4.2111111111111121
decision_type=2 2 2 2 2 2 2 2 2 2
left_child=3 -2 -3 5 -5 6 -1 -7 -6 -4
right_child=1 2 9 4 8 7 -8 -9 -10 -11
leaf_value=-0.014912331654354483 -0.015646534347265272 -0.00059278229228575455 0.0057659712375537422 -0.0069968402777452303 0.051168767673945209 0.0063671612050437299 0.014240418532903058 -0.0020219430425287392 4.447203690040354e-05 0.040058000601418758
leaf_weight=70.757834628224373 6.3076201677322414 8.0193555951118487 5.529460906982421 8.2524349391460436 6.0307326316833478 134.44442722946405 9.5365834608674032 316.22675675153732 6.0690658688545227 9.9930172860622388
leaf_count=310 27 35 25 37 27 589 43 1375 27 46
internal_value=0 0.00999439 0.0192594 -0.000549898 0.0138314 -0.0012201 -0.0107022 0.000378554 0.0313034 0.0319569
internal_weight=581.167 29.8495 23.5418 551.318 20.3522 530.966 80.2944 450.671 12.0998 15.5225
internal_count=2541 133 106 2408 91 2317 353 1964 54 71
is_linear=0
shrinkage=0.05


Tree=177
num_leaves=12
num_cat=0
split_feature=89 37 29 11 97 11 2 97 15 37 35
split_gain=1.3165 3.50516 2.71042 2.22846 3.87249 7.77199 2.65023 2.37029 4.53106 3.77198 1.4125
threshold=-0.67987579999999992 1.5162356500000003 1.3875000000000002 16.166666666666668 -0.31428571428571433 18.833333333333339 1.7813993333333336 -0.79999999999999993 1.1000000000000003 1.7998445000000001 1.4722222222222225
decision_type=2 2 2 2 2 2 2 2 2 2 2
left_child=1 2 -1 7 5 -5 -6 8 -2 -9 -3
right_child=3 10 -4 4 6 -7 -8 9 -10 -11 -12
leaf_value=-0.011405486463123216 -0.033262490497444869 -0.040843846203948625 0.024755970356060315 0.045422232421265335 -0.022434889170605168 -0.003635981128938732 0.010727742538869697 -0.00014486235965564969 -0.001677936122125148 0.017528922482459346 -0.00031433645609359922
leaf_weight=9.5082174092531222 14.018233016133307 8.1244229823350889 8.0940799564123136 15.662035241723062 10.142377570271494 12.083124935626982 10.329718098044394 390.93908172100782 64.408883213996887 31.284426674246788 6.3239127546548835
leaf_count=42 61 35 35 70 44 54 48 1703 283 138 28
internal_value=0 -0.00967295 0.00297175 0.000601343 0.0107853 0.0229345 -0.00365291 -0.000299335 -0.00830064 0.00108485 -0.0275097
internal_weight=580.919 32.0506 17.6023 548.868 48.2173 27.7452 20.4721 500.651 78.4271 422.224 14.4483
internal_count=2541 140 77 2401 216 124 92 2185 344 1841 63
is_linear=0
shrinkage=0.05


Tree=178
num_leaves=9
num_cat=0
split_feature=88 41 96 88 11 106 124 116
split_gain=1.27765 3.81673 2.96643 2.75199 2.44031 2.01059 4.80685 4.01319
threshold=-0.77852089999999974 3.7638888888888893 -0.26973039999999998 -0.73287542999999999 13.500000000000002 2.9750000000000005 0.462761071165053 0.79486308878288447
decision_type=2 2 2 2 2 2 2 2
left_child=1 -1 -3 -2 -4 7 -7 -5
right_child=3 2 4 5 -6 6 -8 -9
leaf_value=-0.039829655951749886 0.030013460465484421 -0.026747235966398532 -0.0009560524664056747 -0.00031656511185847549 0.029689511959604481 -0.014461336237272469 0.0070012033606067711 -0.019392118594685953
leaf_weight=6.9001369029283515 6.8585297912359229 7.0347887724638012 14.355503737926485 292.23081051558256 7.7973677366971961 28.167821332812309 187.06999216973782 30.199862152338028
leaf_count=30 30 30 64 1275 36 121 824 131
internal_value=0 -0.00898029 0 0.000610262 0.00848745 8.73497e-05 0.00390732 -0.00231227
internal_weight=580.615 36.0878 29.1877 544.527 22.1529 537.668 215.238 322.431
internal_count=2541 160 130 2381 100 2351 945 1406
is_linear=0
shrinkage=0.05


Tree=179
num_leaves=16
num_cat=0
split_feature=12 9 8 103 79 88 102 106 109 108 20 96 9 86 127
split_gain=1.29564 3.7377 4.37944 3.00496 5.99595 4.1927 2.72546 5.22447 4.48549 7.68931 5.46319 3.96132 3.76123 2.21434 1.56217
threshold=4.166666666666667 1.5769830000000002 1.4166666666666667 10.500000000000002 -1.0000000180025095e-35 0.21403810000000004 7.5000000000000009 3.1250000000000004 0.2494501015382686 0.41234984466252994 4.5500000000000007 0.13156579999999998 1.8848916666666671 1.0000000180025095e-35 0.3380227980137524
decision_type=2 2 2 2 2 2 2 2 2 2 2 2 2 2 2
left_child=1 3 13 5 -5 -1 8 12 10 -10 -2 -9 -8 -3 -4
right_child=6 2 14 4 -6 -7 7 11 9 -11 -12 -13 -14 -15 -16
leaf_value=0.0064518878497961778 -0.020708224808337221 0.0037335796581186536 -0.016686189550384853 0.0036535215941535804 -0.02925684624902198 -0.0086039277754459426 0.0049997527560650904 0.033452515556178418 -0.0031074824202108895 -0.037253339504892992 0.0080363125037846497 -0.0036178725018152801 -0.019983836222132123 0.051109007444544469 0.015208697382062545
leaf_weight=186.70754928141832 20.489699572324753 6.7463722974062028 7.4561648517847043 27.258358970284462 22.849082544445992 58.301423773169518 38.246462844312191 20.107102826237682 53.743231847882271 25.668478645384312 68.479404896497726 7.2573133260011664 21.92833836376667 9.3812844604253751 5.705392450094223
leaf_count=818 90 30 33 119 99 253 165 90 235 110 302 33 97 42 25
internal_value=0 0.0020796 0.0188311 0.000190251 -0.0106542 0.00264561 -0.00267017 0.00411386 -0.00649577 -0.0150924 0.000704071 0.0220774 -0.00346505 0.0355857 0
internal_weight=580.326 324.406 29.2892 295.116 50.1074 245.009 255.92 87.5392 168.381 79.4117 88.9691 27.3644 60.1748 16.1277 13.1616
internal_count=2541 1419 130 1289 218 1071 1122 385 737 345 392 123 262 72 58
is_linear=0
shrinkage=0.05


Tree=180
num_leaves=9
num_cat=0
split_feature=34 46 35 39 69 78 109 34
split_gain=1.30011 1.483 5.21809 4.98643 4.74991 3.33522 7.54306 4.20762
threshold=2.7500000000000004 1.8333333333333337 0.77500000000000013 11.225000000000001 1.3541666666666667 -0.33333333333333331 0.214029696512788 5.2928571428571436
decision_type=2 2 2 2 2 2 2 2
left_child=-1 5 4 -4 -3 6 -2 -7
right_child=1 2 3 -5 -6 7 -8 -9
leaf_value=0.022801605557927377 -0.027275552566613643 0.036255878417451502 -0.018618013638698555 0 -0.009708009546632073 0.013771781304926177 0.00060325497438140001 2.1336034455439157e-05
leaf_weight=5.1763701885938636 28.446210652589798 12.905322134494783 61.029369100928307 83.397485002875328 6.5200147926807395 85.513158142566681 120.09648610651493 176.77969409525394
leaf_count=23 126 57 266 368 28 372 529 772
internal_value=0 -0.000260578 -0.00433804 -0.00788218 0.0186604 0.0012508 -0.00454793 0.00472946
internal_weight=579.864 574.688 163.852 144.427 19.4253 410.836 148.543 262.293
internal_count=2541 2518 719 634 85 1799 655 1144
is_linear=0
shrinkage=0.05


Tree=181
num_leaves=15
num_cat=0
split_feature=15 80 89 118 99 70 27 53 80 10 81 32 109 84
split_gain=1.28948 5.0799 6.48571 5.31344 4.84238 4.17988 6.02196 3.26015 3.24804 2.96098 5.69937 3.38872 2.01377 1.67504
threshold=1.6333333333333335 -0.011565833333333273 -0.32806739999999995 73.850000000000009 0.21111111111111114 1.9500000000000002 5.366666666666668 1.0000000180025095e-35 -0.53110683333333319 2.6273750000000002 0.33137699999999998 10.450000000000001 0.26982737807822316 -0.66666666666666674
decision_type=2 2 2 2 2 2 2 2 2 2 2 2 2 2
left_child=5 2 8 -4 13 9 12 -6 -2 11 -11 -1 -7 -3
right_child=1 4 3 -5 7 6 -8 -9 -10 10 -12 -13 -14 -15
leaf_value=0.015127054436543228 -0.033953669289449304 -0.0063891972954834694 0.020905488846333947 -0.0082270408787314554 0 0.016749481300434819 0.055666256534134456 -0.038590264921542161 0 0.036126474252830353 -0.015787228157000534 -0.0022972064184919598 -0.014336210386957343 0.024491751429474677
leaf_weight=28.790667742490768 13.825297161936762 7.9898153245449066 43.743633136153221 20.411175519227982 9.726399213075636 10.855457238852983 7.4551175236701956 22.329748645424843 8.2674822360277158 14.033346340060236 5.8645726293325415 373.15334877371788 7.4932342469692221 5.7475154399871808
leaf_count=125 61 35 196 89 42 50 35 96 36 67 27 1622 33 27
internal_value=0 -0.00432707 0.00233904 0.0108854 -0.0177322 0.00127794 0.0204253 -0.0283631 -0.0197101 0 0.0184099 -0.000890601 0.00138573 0.00392342
internal_weight=579.687 132.041 86.2476 64.1548 45.7935 447.646 25.8038 32.0561 22.0928 421.842 19.8979 401.944 18.3487 13.7373
internal_count=2541 582 382 285 200 1959 118 138 97 1841 94 1747 83 62
is_linear=0
shrinkage=0.05


Tree=182
num_leaves=10
num_cat=0
split_feature=51 82 91 24 29 33 69 114 41
split_gain=1.26874 2.54681 2.23281 5.56359 2.28919 2.1403 2.50501 1.92366 0.289459
threshold=3.1666666666666674 -0.034261333333333248 -2.3666666666666658 1.3094138000000002 1.5634920634920637 2.5500000000000003 0.86607142857142871 1.5237986680144238 4.8730158730158744
decision_type=2 2 2 2 2 2 2 2 2
left_child=2 -2 3 4 -1 -4 -7 -3 -5
right_child=1 7 5 8 -6 6 -8 -9 -10
leaf_value=0.010652164107211891 0.0083295604932697217 0 0.027258506018753955 0.051708075974820092 -0.027493972134661274 -0.0096486317419519265 0.00060713398972385381 -0.039720325915967102 0.01144056476372698
leaf_weight=5.8971035182476061 5.8602027446031597 5.2384302318096143 5.9599870890378943 6.1326997727155668 6.0367534756660461 66.477499783039093 464.27207783609629 7.7246902883052826 5.5737823992967606
leaf_count=26 26 23 28 28 26 289 2033 37 25
internal_value=0 -0.012434 0.000436737 0.0151794 -0.00541209 -0.000146667 -0.000599122 -0.0253257 0.0388798
internal_weight=579.173 18.8233 560.35 23.6403 11.9339 536.71 530.75 12.9631 11.7065
internal_count=2541 86 2455 105 52 2350 2322 60 53
is_linear=0
shrinkage=0.05


Tree=183
num_leaves=11
num_cat=0
split_feature=13 112 112 117 106 41 9 81 71 85
split_gain=1.25644 4.73067 5.11456 5.32045 4.14839 3.06732 2.64397 3.19282 1.59863 1.25706
threshold=3.1666666666666674 0.57961715220439336 0.49806520720358843 59.800000000000004 3.1250000000000004 3.2250000000000005 0.52897916666666689 0.72330533333333369 0.29285714285714287 -0.70833333333333326
decision_type=2 2 2 2 2 2 2 2 2 2
left_child=1 2 4 -4 -1 8 9 -8 -2 -7
right_child=5 -3 3 -5 -6 6 7 -9 -10 -11
leaf_value=0.024073509715195923 0 0.03883651798458692 0.016239188235354318 -0.019655281569495531 -0.0063388461817941574 0 -0.00091489871824714441 0.013464181576802216 -0.039954987652074454 -0.034373426108959139
leaf_weight=30.399766221642494 7.6275993138551694 8.5040881782770139 11.997368380427359 36.143841296434402 13.4680989831686 5.2322654128074646 410.27436745911837 41.385729491710663 6.6280696392059326 7.2346390634775144
leaf_count=135 34 38 52 159 59 24 1798 181 28 33
internal_value=0 0.00506625 0.0010234 -0.00954405 0.0136889 -0.00105697 -0.000222344 0.000319036 -0.0231571 -0.0221159
internal_weight=578.896 100.513 92.0091 48.1412 43.8679 478.383 464.127 451.66 14.2557 12.4669
internal_count=2541 443 405 211 194 2098 2036 1979 62 57
is_linear=0
shrinkage=0.05


Tree=184
num_leaves=12
num_cat=0
split_feature=111 87 16 76 82 81 24 26 116 110 20
split_gain=1.24422 3.8773 4.21583 2.49797 2.14432 6.73789 3.45779 3.34536 4.56751 3.41527 1.82781
threshold=1.0470085470085473 -0.43211350000000009 1.7053927000000002 1.4722222222222225 0.88602250000000016 0.1491653333333334 1.4477285000000002 5.7000000000000002 -1.0287462616018257 0.32723401685971815 5.1000000000000005
decision_type=2 2 2 2 2 2 2 2 2 2 2
left_child=1 -1 10 -4 7 6 -6 9 -9 -2 -3
right_child=4 2 3 -5 5 -7 -8 8 -10 -11 -12
leaf_value=-0.03268138245203886 -0.002089189791962983 0.041443655644001133 -0.034587837448325685 0.0003726341327244104 0 -0.021984647451644572 0.04514101335001737 0.023161935192098373 -0.017680380757614422 0.0066301400091278362 0
leaf_weight=10.797397211194037 278.5963980704546 5.5664144754409808 7.4222563654184324 6.4274244755506516 8.2156720757484489 7.1990109086036673 12.293767921626566 6.1110146939754477 47.756695136427879 182.00337394326925 6.2996790707111359
leaf_count=47 1216 25 32 28 36 32 57 27 211 803 27
internal_value=0 -0.0088049 0.000196726 -0.0160636 0.000610277 0.0139197 0.0292831 -3.51604e-05 -0.0117981 0.00125478 0.0228349
internal_weight=578.689 36.5132 25.7158 13.8497 542.176 27.7085 20.5094 514.467 53.8677 460.6 11.8661
internal_count=2541 159 112 60 2382 125 93 2257 238 2019 52
is_linear=0
shrinkage=0.05


Tree=185
num_leaves=12
num_cat=0
split_feature=74 27 88 89 64 13 88 57 87 80 96
split_gain=1.2448 2.8057 3.31974 2.07072 1.99172 5.2319 4.27136 3.78179 3.19776 3.85414 2.156
threshold=1.0000000180025095e-35 5.9000000000000012 0.30846159999999995 0.11721099999999997 2.1000000000000005 4.8333333333333348 0.0096053999999999324 1.5500000000000003 -0.81789509999999987 -1.2503184999999997 0.61371850000000028
decision_type=2 2 2 2 2 2 2 2 2 2 2
left_child=1 2 3 -1 8 7 -7 -6 9 -2 -10
right_child=4 -3 -4 -5 5 6 -8 -9 10 -11 -12
leaf_value=-0.016262139889519241 0.0020884690308165996 0.013787331054487262 -0.045718269884284686 0.0084158988822945115 0.030008769865778467 -0.031973501222419203 0.0092409774228656844 0 0.0016038054693929477 -0.025694153138491771 -0.018221942560091142
leaf_weight=18.238163352012638 17.798621580004692 8.7254114151000959 6.4271863251924506 11.567639231681822 27.094776853919029 10.874237209558489 9.9398497492074949 20.406931489706039 409.17769994586706 25.238696724176407 12.946079075336455
leaf_count=84 80 40 30 52 124 47 44 90 1782 112 56
internal_value=0 -0.00788879 -0.0146817 -0.00509923 0.00068646 0.00862859 -0.0104779 0.0180749 -0.000388707 -0.0132824 0.000835974
internal_weight=578.435 44.9584 36.233 29.8058 533.477 68.3158 20.8141 47.5017 465.161 43.0373 422.124
internal_count=2541 206 166 136 2335 305 91 214 2030 192 1838
is_linear=0
shrinkage=0.05


Tree=186
num_leaves=12
num_cat=0
split_feature=82 64 39 88 25 118 81 0 71 83 95
split_gain=1.23222 5.40926 3.99251 4.60147 3.8952 2.94119 3.76295 3.52188 2.75275 3.52274 3.24559
threshold=0.017714666666666771 2.9000000000000004 9.5277777777777803 0.13379410000000005 9.4500000000000011 98.000000000000014 0.03181200000000018 1.1666666666666667 0.43650793650793657 -1.0000000180025095e-35 -0.5763594999999998
decision_type=2 2 2 2 2 2 2 2 2 2 2
left_child=5 2 3 -2 -4 8 7 -7 10 -10 -1
right_child=1 -3 4 -5 -6 6 -8 -9 9 -11 -12
leaf_value=-0.01961992374856172 -0.026596336077850304 0.041959336751105233 0.017621500975648234 0.0029282269183176042 -0.0034050840437727264 0.027003937262524147 0.040266661521353664 -0.015290198538956263 -0.009710842741434857 0.022320850113042121 0.00021082369135769563
leaf_weight=21.130421720445156 34.683387450873852 5.4363651573657981 24.169193506240845 16.192808300256729 167.75221154093742 7.4081339389085832 10.133246362209318 10.436083644628523 9.0244508236646634 27.843475610017776 243.86072968691587
leaf_count=92 154 26 105 70 737 34 45 46 39 124 1069
internal_value=0 -0.00264705 -0.00401891 -0.0163602 -0.00042036 0.00200819 0.0172717 0.000116361 0.00037605 0.0131104 -0.00125032
internal_weight=578.071 248.234 242.798 50.8762 191.921 329.837 27.9775 17.8442 301.859 36.8679 264.991
internal_count=2541 1092 1066 224 842 1449 125 80 1324 163 1161
is_linear=0
shrinkage=0.05


Tree=187
num_leaves=12
num_cat=0
split_feature=89 82 29 37 29 100 92 123 123 35 88
split_gain=1.22087 4.92385 3.30309 3.17205 2.49472 2.05683 3.20645 2.20159 1.3662 1.1788 0.726886
threshold=-0.67987579999999992 -0.77473666666666652 1.2928571428571431 1.5162356500000003 1.3875000000000002 0.57738095238095244 -1.0000000180025095e-35 0.34226545792651736 0.56904552004516262 1.4722222222222225 0.052519500000000059
decision_type=2 2 2 2 2 2 2 2 2 2 2
left_child=3 2 10 4 -1 7 -7 -3 -4 -5 -2
right_child=1 5 8 9 -6 6 -8 -9 -10 -11 -12
leaf_value=-0.011080452138696358 0.052841492347811228 0.023373155076403911 -0.013460331678485073 -0.038677422342565299 0.023704258919480872 0.029889490538993986 -0.0019439562768869914 -0.0017140569155839011 0.017483179827951622 -0.00045037850793144493 0.0099205039869213335
leaf_weight=9.4626517444849068 6.8192138522863406 7.7047486007213584 5.814534127712248 8.10050220787525 8.0380155295133573 12.981325730681421 11.976493224501608 488.57914490252733 6.134812518954277 6.2949379533529273 5.7881304919719696
leaf_count=42 31 33 25 35 35 58 53 2148 27 28 26
internal_value=0 0.000586128 0.0220503 -0.00933122 0.00261118 -0.000369637 0.013201 -0.00117782 0 -0.026324 0.0389878
internal_weight=577.695 545.798 24.5567 31.8961 17.5007 521.242 24.9578 496.284 11.9493 14.3954 12.6073
internal_count=2541 2401 109 140 77 2292 111 2181 52 63 57
is_linear=0
shrinkage=0.05


Tree=188
num_leaves=11
num_cat=0
split_feature=34 18 116 92 98 20 94 6 123 128
split_gain=1.23 2.78342 2.64091 4.40109 4.99937 2.72116 4.67166 3.18742 2.0125 1.91248
threshold=8.5500000000000025 19.900000000000002 0.79486308878288447 -0.23611111111111102 1.0857142857142861 7.4500000000000011 1.1019395499999998 7.8333333333333348 0.54040205966109167 0.84064600711742832
decision_type=2 2 2 2 2 2 2 2 2 2
left_child=2 9 5 8 -5 7 -7 -1 -4 -2
right_child=1 -3 3 4 -6 6 -8 -9 -10 -11
leaf_value=0.0008508518942459309 0.038272713326740239 -0.0057600865695860981 0.031119755869556315 -0.034173934620451756 0.00066538844530775318 -0.017455264783786978 0.02050024669269496 0.021728554659947941 -0.0019223758584609165 0
leaf_weight=435.7419142127037 8.7961194813251513 9.5468709617853147 5.8731235414743406 23.331507980823517 13.107603579759596 42.575266979634762 7.9860830605030051 18.539071083068848 6.6057097315788269 5.4064231514930716
leaf_count=1913 40 42 26 99 58 189 36 84 29 25
internal_value=0 0.0109353 -0.000456215 -0.0114758 -0.0206233 0.000533284 -0.0102092 0.00185854 0.0110743 0.0250874
internal_weight=577.51 23.7494 553.76 48.9179 36.4391 504.842 50.5614 454.281 12.4788 14.2025
internal_count=2541 107 2434 212 157 2222 225 1997 55 65
is_linear=0
shrinkage=0.05


Tree=189
num_leaves=14
num_cat=0
split_feature=31 127 73 36 88 81 117 88 81 97 23 20 31
split_gain=1.18841 2.88228 3.15975 2.59952 2.11438 5.17116 6.23444 4.954 4.63371 6.61885 5.62817 1.3106 0.895947
threshold=0.78535846000000009 0.18479818311956356 0.31666666666666671 1.6833333333333336 0.21403810000000004 0.4544295000000001 68.40000000000002 0.0096053999999999324 0.03181200000000018 0.55000000000000004 1.2148930000000002 6.4500000000000011 0.68427802500000012
decision_type=2 2 2 2 2 2 2 2 2 2 2 2 2
left_child=1 2 12 11 5 7 -7 -2 9 -6 -10 -3 -1
right_child=4 3 -4 -5 8 6 -8 -9 10 -11 -12 -13 -14
leaf_value=-0.011332524175697148 0 -0.0053907049831144645 0.038446729709140245 -0.031016089065546662 -0.04494383245103728 -0.044931066084235916 0.0041368402389323029 0.014398996268162751 -0.014314838627154713 0.0049840725997234124 0.0084508736861563065 0.02266797700639335 0.013643162809737855
leaf_weight=5.7496291846036929 314.84489783644676 5.3013197779655474 10.798738509416578 5.7994104027748099 15.206316873431208 12.026280775666239 9.2770957946777326 70.930215403437614 47.196696594357491 8.1740879565477353 59.792705446481705 5.8218934386968613 6.3765431940555573
leaf_count=25 1385 24 49 26 67 53 41 311 204 36 264 27 29
internal_value=0 0.00826368 0.0199696 -0.00503393 -0.000580749 0.00109323 -0.022094 0.00255676 -0.00615686 -0.0259491 -0.00116842 0.00582931 0
internal_weight=577.296 39.8475 22.9249 16.9226 537.448 407.078 21.3034 385.775 130.37 23.3804 106.989 11.1232 12.1262
internal_count=2541 180 103 77 2361 1790 94 1696 571 103 468 51 54
is_linear=0
shrinkage=0.05


Tree=190
num_leaves=12
num_cat=0
split_feature=106 58 105 38 12 9 64 18 102 64 9
split_gain=1.18555 2.64012 2.56761 4.1961 2.02344 3.91929 8.58022 3.54468 3.41489 5.94253 4.86695
threshold=2.2250000000000005 0.90000000000000013 1.0000000180025095e-35 1.5818333500000001 4.166666666666667 1.5932145000000002 1.5500000000000003 12.700000000000001 7.5000000000000009 2.1000000000000005 2.1124571666666672
decision_type=2 2 2 2 2 2 2 2 2 2 2
left_child=1 -1 3 -3 5 7 -7 -2 10 -10 -6
right_child=4 2 -4 -5 8 6 -8 -9 9 -11 -12
leaf_value=-0.029685112599272208 -0.0051633606799236856 0.029701967348878408 -0.020340537027266882 -0.014130518642692902 -0.011792302673897855 0.046490694490986487 -0.0071311865621890421 0.0063014460193604451 0.00046823168827219634 0.048896082667884845 0.0086410951701667484
leaf_weight=9.6004032343626005 110.62674087285995 11.395575895905496 9.4764378517866152 7.2100851833820334 124.58457560837269 14.558267235755922 11.259138435125349 162.01017556339502 75.683166645467281 6.1683286875486365 34.285865962505341
leaf_count=44 482 50 44 34 546 66 50 711 335 28 151
internal_value=0 -0.00841751 0 0.0103113 0.000642585 0.00346204 0.0218475 0.00146483 -0.00264607 0.00526736 -0.00704335
internal_weight=576.859 37.6825 28.0821 18.6057 539.176 298.454 25.8174 272.637 240.722 81.8515 158.87
internal_count=2541 172 128 84 2369 1309 116 1193 1060 363 697
is_linear=0
shrinkage=0.05


Tree=191
num_leaves=9
num_cat=0
split_feature=23 75 37 39 63 114 117 101
split_gain=1.177 1.70889 4.12195 5.11806 4.69617 3.39991 3.71528 2.43554
threshold=0.50979959000000008 0.87301587301587313 1.0317783500000004 9.5277777777777803 1.9000000000000001 1.4225005983122394 98.000000000000014 2.6125000000000003
decision_type=2 2 2 2 2 2 2 2
left_child=-1 5 4 -4 -3 7 -7 -2
right_child=1 2 3 -5 -6 6 -8 -9
leaf_value=0.017038622116765018 0 0.0055334995000675255 -0.020710051427228371 0.00018290426317186498 0.043029307144026974 0.0031713621080347435 -0.03534263181942017 -0.041874986096084414
leaf_weight=9.0043930113315565 5.9410152137279502 76.759500458836555 30.400865413248539 379.43721281737089 9.3806138485670072 49.938063502311707 6.0454801917076102 9.6261442899703962
leaf_count=40 26 335 134 1674 42 222 26 42
internal_value=0 -0.000258765 0.000696656 -0.00129182 0.0106375 -0.00748909 -0.000657431 -0.0275168
internal_weight=576.533 567.529 495.978 409.838 86.1401 71.5507 55.9835 15.5672
internal_count=2541 2501 2185 1808 377 316 248 68
is_linear=0
shrinkage=0.05


Tree=192
num_leaves=14
num_cat=0
split_feature=123 96 125 108 123 3 3 106 5 89 35 96 106
split_gain=1.17853 3.91084 4.68097 3.66014 2.71928 4.63252 6.22156 4.37185 4.19143 3.88414 3.21083 2.22986 2.68032
threshold=0.6600694920096648 -0.17646100000000001 0.10945578009393876 0.77683567850800983 0.62252885263088642 1.4882733333333333 1.4229418333333335 3.2750000000000004 4.166666666666667 0.70794080000000004 1.5357142857142858 -0.25976539999999987 2.7928571428571431
decision_type=2 2 2 2 2 2 2 2 2 2 2 2 2
left_child=4 11 -3 -4 5 6 -1 8 -6 -7 -9 12 -2
right_child=1 2 3 -5 7 9 -8 10 -10 -11 -12 -13 -14
leaf_value=-0.00080591393907628267 -0.017760978219034392 -0.01890117370309094 0.035084235972050279 0 -0.033634838635741869 0.0099120513271214756 -0.03122056443505979 0.035041575787199963 -0.0050416471396893571 -0.021760844525118436 -0.0067566536283900124 -0.031246101835868609 0.020142727945404393
leaf_weight=262.45359504967928 7.8418510109186235 5.3366776704788199 22.983514994382862 8.3312191069126111 20.225685030221939 146.97443331778049 17.326010450720787 7.7117635458707792 47.829778969287872 8.5348348170518857 5.8871626406908035 6.2638668715953818 8.6409645676612836
leaf_count=1142 35 24 111 37 90 645 76 35 215 38 26 28 39
internal_value=0 0.00665194 0.0170399 0.0251077 -0.000727088 0.000744403 -0.00297197 -0.00909045 -0.0146274 0.00772634 0.0142983 -0.00799321 0
internal_weight=576.341 59.3981 36.6514 31.3147 516.943 435.289 279.78 81.6544 68.0555 155.509 13.5989 22.7467 16.4828
internal_count=2541 274 172 148 2267 1901 1218 366 305 683 61 102 74
is_linear=0
shrinkage=0.05


Tree=193
num_leaves=15
num_cat=0
split_feature=22 111 118 3 39 36 38 96 110 6 96 117 38 115
split_gain=1.20126 4.47492 3.04814 2.9906 2.53682 2.44484 1.9078 9.99279 6.75641 5.58554 5.07665 5.15258 4.33837 0.175094
threshold=0.63333333333333341 1.0559496315847359 65.300000000000026 1.6388288333333334 11.612500000000002 0.95000000000000007 1.5968639 -0.078106549999999872 0.31710264525831117 6.416666666666667 -0.17444464999999984 66.300000000000011 1.7336956000000001 2.037229298583858
decision_type=2 2 2 2 2 2 2 2 2 2 2 2 2 2
left_child=1 2 3 -1 -4 13 7 8 -2 -9 12 -12 -8 -3
right_child=6 5 4 -5 -6 -7 10 9 -10 -11 11 -13 -14 -15
leaf_value=-0.031860853687882155 -0.0064438902032891935 0.053508614623390231 0.035024042335691855 0.0048719415782238727 -0.00020241469571001059 0 0.010724905706543214 -0.020728780197833495 0.018118860399328567 0.0011759421694211361 -0.0033053854249496598 0.012684665836385389 -0.013828899432803847 0.014281267560926359
leaf_weight=11.723722025752069 47.798485733568668 5.5647449046373385 5.9692945331335059 5.8110060691833487 9.7168783843517286 5.8758507817983618 20.935877278447151 87.551913604140282 59.0919139534235 37.004636712372303 76.302445933222771 125.6159080862999 70.588779479265213 6.3281302899122238
leaf_count=51 209 25 26 25 44 25 93 382 257 166 334 564 311 29
internal_value=0 0.00726209 -0.002346 -0.0173839 0.011502 0.0270575 -0.000704909 -0.0041581 0.00671371 -0.0138653 0.00185378 0.00640931 -0.00761671 0.0392407
internal_weight=575.88 50.9896 33.2209 17.5347 15.6862 17.7687 524.89 231.447 106.89 124.557 293.443 201.918 91.5247 11.8929
internal_count=2541 225 146 76 70 79 2316 1014 466 548 1302 898 404 54
is_linear=0
shrinkage=0.05


Tree=194
num_leaves=14
num_cat=0
split_feature=15 101 89 126 109 112 70 27 10 81 67 30 109
split_gain=1.22254 4.62195 4.27887 3.85303 5.27526 3.84238 3.70982 5.66255 2.484 4.94409 3.01531 2.30262 1.81782
threshold=1.6333333333333335 3.1180555555555558 0.31208439999999998 0.231103711044885 0.23734483445988805 0.50775240384615394 1.9500000000000002 5.366666666666668 2.6273750000000002 0.33137699999999998 0.31666666666666671 1.2528014500000002 0.26982737807822316
decision_type=2 2 2 2 2 2 2 2 2 2 2 2 2
left_child=6 3 11 4 -2 -5 8 12 10 -10 -1 -3 -8
right_child=1 2 -4 5 -6 -7 7 -9 9 -11 -12 -13 -14
leaf_value=-0.0068713650683697065 -0.034390855151864665 -0.0013834648992898805 0.0072723454093452759 -0.0021866112402458113 0.0033180524053442908 0.020147075393741987 0.015760836038910993 0.054030407094134161 0.033934868638221559 -0.014392257044795213 0.0022313437302671261 -0.043180793527130008 -0.013997015449426071
leaf_weight=135.3002927005291 14.819133371114733 7.5093734711408677 6.7299137860536566 37.91849273443222 17.100989937782288 31.889491513371468 10.723645180463796 7.270729959011077 13.708731859922411 5.8302576169371596 264.1303468644619 15.031715422868727 7.4095546156167975
leaf_count=590 65 33 32 166 77 143 50 35 67 27 1157 66 33
internal_value=0 -0.00419901 -0.0214007 0.000423973 -0.0131826 0.00745011 0.00127938 0.0194644 1.39627e-05 0.0170815 -0.000736637 -0.0320306 0.000891946
internal_weight=575.373 130.999 29.271 101.728 31.9201 69.808 444.374 25.4039 418.97 19.539 399.431 22.5411 18.1332
internal_count=2541 582 131 451 142 309 1959 118 1841 94 1747 99 83
is_linear=0
shrinkage=0.05


Tree=195
num_leaves=10
num_cat=0
split_feature=86 110 37 37 82 37 11 112 52
split_gain=1.21323 2.81066 1.87252 6.2888 5.5228 4.35159 5.52452 3.15803 2.55652
threshold=1.7000000000000004 0.43096125682332581 1.4984713500000002 1.6148022000000002 -0.26592533333333329 1.4485757500000001 11.583333333333334 0.47422611930383962 1.1666666666666667
decision_type=2 2 2 2 2 2 2 2 2
left_child=2 -2 5 4 -4 8 -7 -5 -1
right_child=1 -3 3 7 -6 6 -8 -9 -10
leaf_value=-0.0057855435182321106 0.038673397542561126 0 0 0.02238076417987786 -0.032237149000141546 -0.0018621052778038209 0.042890028048594105 -0.001482898470875465 0.0031015054093799575
leaf_weight=120.13525988161564 5.6781722754240027 9.17030982673168 20.753984913229942 14.570497214794157 31.013651698827744 9.6155120134353655 12.872560784220694 109.15687285363674 241.9079532623291
leaf_count=525 25 41 91 66 135 42 58 489 1069
internal_value=0 0.0136696 -0.000357394 -0.00469295 -0.0192051 0.00149864 0.0223614 0.00108339 7.01573e-06
internal_weight=574.875 14.8485 560.026 175.495 51.7676 384.531 22.4881 123.727 362.043
internal_count=2541 66 2475 781 226 1694 100 555 1594
is_linear=0
shrinkage=0.05


Tree=196
num_leaves=14
num_cat=0
split_feature=94 6 27 33 1 2 2 34 92 88 24 121 72
split_gain=1.16846 3.92117 4.29781 3.9724 3.97939 3.53696 6.39373 4.30614 3.60276 4.00624 2.62664 2.44372 2.14571
threshold=0.57196825000000029 4.8333333333333348 5.7083333333333348 5.354166666666667 1.5833333333333337 1.880425 1.9685496666666669 5.9500000000000011 1.0166666666666673 0.21403810000000004 1.1981193000000003 48.315000000000012 0.95000000000000007
decision_type=2 2 2 2 2 2 2 2 2 2 2 2 2
left_child=5 2 10 11 -5 8 12 -8 9 -1 -2 -3 -7
right_child=1 3 -4 4 -6 6 7 -9 -10 -11 -12 -13 -14
leaf_value=0.00070791161291654714 0.017190832219105074 0.033628251570404562 -0.055983390629850853 0 -0.029988731128360414 0 0.015031524235158321 -0.0068359350280281887 0.031271662620052189 -0.011724546582822385 -0.026351930761890321 0 0.046403204790397556
leaf_weight=278.27828194946051 5.4859263747930544 11.195562437176706 6.3032221049070349 55.977769047021866 12.562769852578638 5.7398340404033688 39.564786903560162 46.662186555564404 7.2212509512901297 81.182929635047913 5.7251163870096207 5.9943440556526175 12.778305500745772
leaf_count=1226 25 50 27 250 55 26 178 207 32 356 25 27 57
internal_value=0 -0.00476016 -0.0256332 0 -0.00568671 0.00108782 0.00919833 0.00268191 -0.00111172 -0.00198594 -0.00128747 0.0205507 0.0352874
internal_weight=574.672 103.245 17.5143 85.7304 68.5405 471.428 104.745 86.227 366.682 359.461 11.211 17.1899 18.5181
internal_count=2541 459 77 382 305 2082 468 385 1614 1582 50 77 83
is_linear=0
shrinkage=0.05


Tree=197
num_leaves=12
num_cat=0
split_feature=82 81 118 82 82 91 98 23 25 31 14
split_gain=1.18496 5.48049 2.99529 2.74085 4.12886 5.99886 5.23735 2.87199 4.12313 3.17273 1.52823
threshold=0.88602250000000016 0.1491653333333334 66.300000000000011 0.30928733333333308 0.39794449999999998 -1.0999999999999994 0.5833333333333337 1.8694436000000005 13.900000000000002 1.3173027000000002 1.3666666666666669
decision_type=2 2 2 2 2 2 2 2 2 2 2
left_child=3 2 -2 7 5 -5 -6 8 -1 -9 -4
right_child=1 -3 10 4 6 -7 -8 9 -10 -11 -12
leaf_value=0.0009341975716512024 0 -0.020771107874707588 0.0073327055931358028 0.0066386097732259799 -0.0091793396625778068 -0.040871342031633111 0.019670750363191505 -0.019830354564742626 0.017945648852763379 0.0010440419757194246 0.053182537032421588
leaf_weight=334.97374192625284 7.0228347033262315 7.9721645936369887 6.623278543353079 7.416039481759074 62.00036583095789 17.652486145496368 19.594239413738251 30.630842834711075 40.119288563728333 32.969488635659218 7.3293065205216408
leaf_count=1472 31 36 30 34 274 76 86 136 183 148 35
internal_value=0 0.00971979 0.0240016 -0.000493608 -0.00770625 -0.0251829 -0.00149159 0.00115988 0.00292954 -0.00838673 0.0367076
internal_weight=574.304 28.9476 20.9754 545.356 106.663 25.0685 81.5946 438.693 375.093 63.6003 13.9526
internal_count=2541 132 96 2409 470 110 360 1939 1655 284 65
is_linear=0
shrinkage=0.05


Tree=198
num_leaves=10
num_cat=0
split_feature=107 118 111 79 31 90 81 38 112
split_gain=1.19962 4.63674 1.81847 3.19572 2.11655 3.67559 2.75939 1.1885 0.489367
threshold=1.0000000180025095e-35 65.750000000000014 1.065381134317634 0.33333333333333326 0.78535846000000009 1.2750000000000004 0.50923750000000034 1.6791893000000002 0.50063613231552173
decision_type=2 2 2 2 2 2 2 2 2
left_child=1 -1 4 7 5 -2 -6 -4 -3
right_child=2 8 3 -5 6 -7 -8 -9 -10
leaf_value=-0.042262480895160492 0.021724342126488248 0.014572523879091963 0.0018215739452956334 -0.0053633270157666564 0.00049681073213362085 -0.01008908625541154 -0.009828370880269657 0.043867655223406514 0
leaf_weight=6.9929499849677113 26.255403846502304 5.6407743543386442 5.7202948629856127 7.6611294150352469 423.97344396263361 10.420809254050253 74.036656707525253 6.9834065437316895 6.2234179377555847
leaf_count=32 120 25 25 34 1874 47 325 32 27
internal_value=0 -0.0120249 0.000479319 0.0147908 0 0.0113302 -0.000954603 0.0300981 0.00381072
internal_weight=573.908 18.8571 555.051 20.3648 534.686 36.6762 498.01 12.7037 11.8642
internal_count=2541 84 2457 91 2366 167 2199 57 52
is_linear=0
shrinkage=0.05


Tree=199
num_leaves=14
num_cat=0
split_feature=36 82 80 80 55 95 39 96 52 24 76 22 40
split_gain=1.17905 4.82403 3.17573 5.64751 2.66033 2.60392 3.25202 2.45749 3.55701 2.09138 1.12725 0.862963 0.500696
threshold=2.2678571428571432 -0.19343799999999989 -1.0712491666666666 -0.99117233333333343 1.0000000180025095e-35 -0.23006805000000011 10.414285714285716 -0.27750650000000004 1.5000000000000002 2.2841721000000006 1.9500000000000002 2.2916666666666674 3.8660714285714293
decision_type=2 2 2 2 2 2 2 2 2 2 2 2 2
left_child=2 9 7 12 -5 10 -7 -1 -9 11 -3 -2 -4
right_child=1 5 3 4 -6 6 -8 8 -10 -11 -12 -13 -14
leaf_value=0.037137630061970787 -0.0080760895272407561 0 -0.046675442489594841 -0.010130220496479677 0.0018797179199261903 -0.023638921761477957 0.01347590090524229 -0.01276418167616352 0.018033623389881626 0 0.033044372767072533 -0.049918213834413444 -0.007184640919920349
leaf_weight=8.579426243901251 5.9377750456333178 5.655454680323599 5.8799723386764509 50.41587732732296 415.07395020872355 11.861369282007219 8.3972156643867475 12.855645537376402 22.87704636156559 5.8397624194622031 7.1916380971670151 7.5280579775571823 5.5415385961532593
leaf_count=39 26 25 26 224 1828 53 38 58 106 27 33 33 25
internal_value=0 -0.00702679 0.000770961 -0.000328255 0.000452845 0.00333881 -0.00599254 0.0134509 0.00554639 -0.0265534 0.0210344 -0.036758 -0.0336613
internal_weight=573.635 52.4113 521.223 476.911 465.49 33.1057 20.2586 44.3121 35.7327 19.3056 12.8471 13.4658 11.4215
internal_count=2541 235 2306 2103 2052 149 91 203 164 86 58 59 51
is_linear=0
shrinkage=0.05


end of trees

feature_importances:
Column_95=58
Column_34=53
Column_82=52
Column_124=52
Column_17=50
Column_106=47
Column_3=46
Column_81=45
Column_88=44
Column_38=41
Column_39=39
Column_2=36
Column_10=36
Column_96=36
Column_24=35
Column_109=34
Column_87=31
Column_123=30
Column_33=29
Column_89=29
Column_111=28
Column_100=27
Column_127=27
Column_20=26
Column_11=25
Column_27=25
Column_74=25
Column_114=25
Column_37=24
Column_112=24
Column_51=23
Column_80=23
Column_126=23
Column_9=22
Column_91=22
Column_103=22
Column_6=21
Column_23=21
Column_36=20
Column_41=20
Column_110=20
Column_128=20
Column_25=19
Column_29=19
Column_94=19
Column_101=19
Column_117=19
Column_15=18
Column_16=18
Column_18=18
Column_31=18
Column_46=18
Column_93=18
Column_113=18
Column_12=17
Column_54=16
Column_92=16
Column_108=16
Column_22=15
Column_63=15
Column_70=15
Column_125=15
Column_32=14
Column_64=14
Column_97=14
Column_30=13
Column_68=13
Column_76=13
Column_84=13
Column_98=13
Column_118=13
Column_5=12
Column_79=12
Column_90=12
Column_121=12
Column_26=11
Column_35=11
Column_99=11
Column_116=11
Column_0=10
Column_4=10
Column_13=10
Column_57=10
Column_102=10
Column_115=10
Column_52=9
Column_69=9
Column_71=9
Column_75=9
Column_85=9
Column_107=9
Column_1=8
Column_58=8
Column_60=7
Column_66=7
Column_86=7
Column_122=7
Column_67=6
Column_14=5
Column_28=5
Column_40=5
Column_42=5
Column_45=5
Column_48=5
Column_53=5
Column_19=4
Column_44=4
Column_56=4
Column_77=4
Column_78=4
Column_83=4
Column_21=3
Column_47=3
Column_59=3
Column_62=3
Column_72=3
Column_73=3
Column_7=2
Column_61=2
Column_65=2
Column_105=2
Column_8=1
Column_50=1
Column_55=1

parameters:
[boosting: gbdt]
[objective: binary]
[metric: binary_logloss]
[tree_learner: serial]
[device_type: cpu]
[data_sample_strategy: bagging]
[data: ]
[valid: ]
[num_iterations: 200]
[learning_rate: 0.05]
[num_leaves: 16]
[num_threads: -1]
[seed: 0]
[deterministic: 0]
[force_col_wise: 0]
[force_row_wise: 0]
[histogram_pool_size: -1]
[max_depth: 4]
[min_data_in_leaf: 25]
[min_sum_hessian_in_leaf: 0.001]
[bagging_fraction: 0.8]
[pos_bagging_fraction: 1]
[neg_bagging_fraction: 1]
[bagging_freq: 0]
[bagging_seed: 3]
[bagging_by_query: 0]
[feature_fraction: 0.8]
[feature_fraction_bynode: 1]
[feature_fraction_seed: 2]
[extra_trees: 0]
[extra_seed: 6]
[early_stopping_round: 0]
[early_stopping_min_delta: 0]
[first_metric_only: 0]
[max_delta_step: 0]
[lambda_l1: 1]
[lambda_l2: 1]
[linear_lambda: 0]
[min_gain_to_split: 0]
[drop_rate: 0.1]
[max_drop: 50]
[skip_drop: 0.5]
[xgboost_dart_mode: 0]
[uniform_drop: 0]
[drop_seed: 4]
[top_rate: 0.2]
[other_rate: 0.1]
[min_data_per_group: 100]
[max_cat_threshold: 32]
[cat_l2: 10]
[cat_smooth: 10]
[max_cat_to_onehot: 4]
[top_k: 20]
[monotone_constraints: ]
[monotone_constraints_method: basic]
[monotone_penalty: 0]
[feature_contri: ]
[forcedsplits_filename: ]
[refit_decay_rate: 0.9]
[cegb_tradeoff: 1]
[cegb_penalty_split: 0]
[cegb_penalty_feature_lazy: ]
[cegb_penalty_feature_coupled: ]
[path_smooth: 0]
[interaction_constraints: ]
[verbosity: -1]
[saved_feature_importance_type: 0]
[use_quantized_grad: 0]
[num_grad_quant_bins: 4]
[quant_train_renew_leaf: 0]
[stochastic_rounding: 1]
[linear_tree: 0]
[max_bin: 255]
[max_bin_by_feature: ]
[min_data_in_bin: 3]
[bin_construct_sample_cnt: 200000]
[data_random_seed: 1]
[is_enable_sparse: 1]
[enable_bundle: 1]
[use_missing: 1]
[zero_as_missing: 0]
[feature_pre_filter: 1]
[pre_partition: 0]
[two_round: 0]
[header: 0]
[label_column: ]
[weight_column: ]
[group_column: ]
[ignore_column: ]
[categorical_feature: ]
[forcedbins_filename: ]
[precise_float_parser: 0]
[parser_config_file: ]
[objective_seed: 5]
[num_class: 1]
[is_unbalance: 0]
[scale_pos_weight: 1]
[sigmoid: 1]
[boost_from_average: 1]
[reg_sqrt: 0]
[alpha: 0.9]
[fair_c: 1]
[poisson_max_delta_step: 0.7]
[tweedie_variance_power: 1.5]
[lambdarank_truncation_level: 30]
[lambdarank_norm: 1]
[label_gain: ]
[lambdarank_position_bias_regularization: 0]
[eval_at: ]
[multi_error_top_k: 1]
[auc_mu_weights: ]
[num_machines: 1]
[local_listen_port: 12400]
[time_out: 120]
[machine_list_filename: ]
[machines: ]
[gpu_platform_id: -1]
[gpu_device_id: -1]
[gpu_use_dp: 0]
[num_gpu: 1]

end of parameters

pandas_categorical:null
