tree
version=v4
num_class=1
num_tree_per_iteration=1
label_index=0
max_feature_idx=128
objective=binary sigmoid:1
feature_names=Column_0 Column_1 Column_2 Column_3 Column_4 Column_5 Column_6 Column_7 Column_8 Column_9 Column_10 Column_11 Column_12 Column_13 Column_14 Column_15 Column_16 Column_17 Column_18 Column_19 Column_20 Column_21 Column_22 Column_23 Column_24 Column_25 Column_26 Column_27 Column_28 Column_29 Column_30 Column_31 Column_32 Column_33 Column_34 Column_35 Column_36 Column_37 Column_38 Column_39 Column_40 Column_41 Column_42 Column_43 Column_44 Column_45 Column_46 Column_47 Column_48 Column_49 Column_50 Column_51 Column_52 Column_53 Column_54 Column_55 Column_56 Column_57 Column_58 Column_59 Column_60 Column_61 Column_62 Column_63 Column_64 Column_65 Column_66 Column_67 Column_68 Column_69 Column_70 Column_71 Column_72 Column_73 Column_74 Column_75 Column_76 Column_77 Column_78 Column_79 Column_80 Column_81 Column_82 Column_83 Column_84 Column_85 Column_86 Column_87 Column_88 Column_89 Column_90 Column_91 Column_92 Column_93 Column_94 Column_95 Column_96 Column_97 Column_98 Column_99 Column_100 Column_101 Column_102 Column_103 Column_104 Column_105 Column_106 Column_107 Column_108 Column_109 Column_110 Column_111 Column_112 Column_113 Column_114 Column_115 Column_116 Column_117 Column_118 Column_119 Column_120 Column_121 Column_122 Column_123 Column_124 Column_125 Column_126 Column_127 Column_128
feature_infos=[0:5.333333333333333] [0:5.333333333333333] [0.33050099999999999:4.4938499999999992] [0.14320686666666665:4.3048899999999994] [4:29] [0.33333333333333331:12.666666666666666] [1:13.666666666666666] [0:5.666666666666667] [0:5] [0.167602:4.2171866666666666] [0.24252733333333332:4.2970433333333338] [2.6666666666666665:27.333333333333332] [0.33333333333333331:11.666666666666666] [0.33333333333333331:11.666666666666666] [0:4.7999999999999998] [0:4.4000000000000004] [0.33050099999999999:4.0464766666666669] [0.18546151999999999:4.0729039999999994] [4.2000000000000002:28.199999999999999] [1.3999999999999999:11.4] [1:12.6] [0:4] [0:4.2000000000000002] [0.238315:3.6216240000000006] [0.3991768:3.890835] [3.5:25] [0.5:9.5999999999999996] [1:10.6] [0:4.666666666666667] [0:3.7999999999999998] [0.33050099999999999:4.0464766666666669] [0.37148795999999995:3.5279179999999997] [6.5999999999999996:27.600000000000001] [2:10.699999999999999] [1.5:11.199999999999999] [0:4] [0.20000000000000001:3.5] [0.238315:3.1571860000000003] [0.51888849999999997:3.890835] [3.5:20.5] [0.5:8.6999999999999993] [1:8.8000000000000007] [0:3] [0:1] [0:1] [0:5] [0:5.333333333333333] [0:1] [0:3] [0:1] [0:1] [0:5.666666666666667] [0:4.666666666666667] [0:1] [0:3] [0:1] [0:1] [0:4.7999999999999998] [0:4] [0:1] [0:3] [0:1] [0:1] [0:4.5999999999999996] [0:4] [0:1] [0:3] [0:1] [0:1] [0:3.8571428571428572] [0.10000000000000001:4] [0:0.90000000000000002] [0:3] [0:1] [0:1] [0:4] [0:3.6666666666666665] [0:1] [-4.666666666666667:4.333333333333333] [-4.333333333333333:5] [-2.8806406:3.0608003333333338] [-1.9888533333333336:2.25536] [-2.1839600000000003:2.7741266666666671] [-3:3] [-6:5.6666666666666679] [-3.7000000000000002:3.3999999999999999] [-3.6000000000000005:3.3999999999999999] [-2.6953765999999999:3.0408246666666665] [-1.5711539999999999:2.0680160000000001] [-1.6701386:1.6839095999999998] [-3:2.7999999999999998] [-5.4000000000000004:5.5999999999999996] [-2.7000000000000002:3.3333333333333339] [-3.1999999999999997:3] [-2.8152651:3.0408246666666665] [-1.3043848:1.4892219999999998] [-1.24064:1.3604118000000001] [-2.6000000000000001:2.3999999999999999] [-3.7999999999999998:4] [0:1] [0:1] [0:6] [2:813] [2:454] [0:1] [0:1] [1.5:4.4000000000000004] [0:2] [0.049896049896049892:0.89438223571835251] [0.072914197677174691:0.33876221498371334] [0.032691212753843235:0.83160083160083165] [1.0298245614035089:1.1666666666666665] [0.28571428571428575:0.78749999999999998] [0.21249999999999997:0.7142857142857143] [0.93584070796460161:2.6441495778045843] [0.93584070796460161:2.6441495778045843] [-1.7083088698399826:1.7083088698399826] [34.299999999999997:104.40000000000001] [34.299999999999997:104.40000000000001] [0:3] [0:3] [23.919999999999998:73.939999999999998] [23.919999999999998:73.939999999999998] [0.24328653363052855:0.84072240050212665] [0.31036959567482014:0.73150093608075939] [0.028473020452169921:0.92682090563524189] [0.055726320125861581:0.36697039250683411] [0.014263135010841982:0.87289057270910297] [0.52124898599174629:0.9479430261458609]
tree_sizes=1653 1620 1704 1707 1721 1731 1611 1484 1455 1622 1609 1395 1349 1638 1631 1585 1587 1266 1342 1606 1188 1812 1376 1152 1375 1372 1416 1410 1203 1281 1819 1159 1498 1420 1736 1180 1246 1187 1421 1494 1809 1489 1246 1717 1399 1262 1256 1180 1693 980 1722 1273 1592 1288 1246 998 1351 1558 1390 1685 1200 1389 1259 1455 1240 1463 1161 1103 1051 1508 1267 1579 1281 1600 1184 1394 1152 1306 1800 1806 1292 1597 1727 1271 1697 1763 989 1465 1780 1170 1550 1474 1335 1479 1243 1264 1689 1137 1518 1721 1780 1202 1530 1708 992 1385 1588 1241 1396 1798 1682 1340 1265 1691 1262 1400 1664 1679 1264 974 1707 1384 1398 994 1134 1559 1462 1047 1624 1674 1797 1549 1571 1064 1075 1261 1661 1652 1149 1467 1463 1031 1377 1579 1668 1248 1833 1436 1153 1050 1373 1691 1282 1702 1074 1274 1157 1251 1791 1250 1285 1473 1254 1588 1509 1520 1506 1781 1661 1562 1162 1797 1681 1394 1459 1357 1471 983 1261 1596 1703 1284 1376 984 1291 1477 1742 1077 1710 1075 1587 1613 1564 1663 1492 1482 1067 1659 1559 1762

Tree=0
num_leaves=15
num_cat=0
split_feature=128 63 38 97 34 68 74 2 44 82 90 82 9 0
split_gain=17.3228 15.8627 15.6054 12.6903 10.0808 7.57241 7.89175 7.07076 8.567 8.48334 6.13931 5.3724 3.41552 2.80845
threshold=0.78270724755597276 0.90000000000000013 1.9398372500000003 0.95000000000000029 5.5857142857142863 0.35416666666666669 1.0000000180025095e-35 1.8893613333333337 1.0000000180025095e-35 -0.4587598333333332 -0.54999999999999982 -0.068841499999999986 1.0969530000000003 0.83333333333333337
decision_type=2 2 2 2 2 2 2 2 2 2 2 2 2 2
left_child=2 3 7 4 -2 6 -3 9 -9 -1 -4 -7 -5 -12
right_child=1 5 10 12 -6 11 -8 8 -10 -11 13 -13 -14 -15
leaf_value=1.3288277551068206 1.3250563506196344 1.3139440694814095 1.3122579048805552 1.3607998680232674 1.270514712641315 1.3418654357792335 1.3504807860793002 1.3554183113494049 1.3030944498724284 1.2935128906964337 1.3287488754732899 1.3047076151983856 1.3186533883925502 1.3656209140693867
leaf_weight=18.208532333374023 19.367257118225098 13.904697418212889 7.9455413818359366 12.249376296997072 18.043000221252441 16.222146987915039 160.73168087005615 14.401293754577638 14.897890090942381 76.310303688049316 4.1383028030395534 19.201725006103516 4.634899139404296 20.36044979095459
leaf_count=110 117 84 48 74 109 98 971 87 90 461 25 116 28 123
internal_value=1.32875 1.33654 1.3156 1.31308 1.29662 1.34289 1.34722 1.30736 1.32875 1.30077 1.34525 1.32299 1.34652 1.35814
internal_weight=420.617 264.355 156.262 54.2945 37.4103 210.06 174.636 123.818 29.2992 94.5188 32.4443 35.4239 16.8843 24.4988
internal_count=2541 1597 944 328 226 1269 1055 748 177 571 196 214 102 148
is_linear=0
shrinkage=1


Tree=1
num_leaves=14
num_cat=0
split_feature=109 38 79 66 111 27 87 39 100 60 87 110 2
split_gain=23.0957 11.6406 11.4233 13.4002 13.2709 11.3244 10.8638 10.051 11.1484 6.85581 6.33558 6.1379 5.73778
threshold=0.27822887943214997 1.6426091000000003 0.83333333333333337 1.6833333333333336 1.0479740271139504 5.9000000000000012 -0.19990349999999998 8.8500000000000032 0.16025641025641027 2.1000000000000005 0.57237599999999988 0.30683630521245409 1.1835583333333335
decision_type=2 2 2 2 2 2 2 2 2 2 2 2 2
left_child=1 5 4 -4 -3 6 -1 11 12 -10 -7 -2 -9
right_child=7 2 3 -5 -6 10 -8 8 9 -11 -12 -13 -14
leaf_value=-0.040792825028981128 -0.094743474698784497 -0.017367779891621953 -0.049673050297638965 0.018159142881971537 0.028047899884578498 0.032208024032431858 -0.0029977590801283501 -0.0035280774270199365 -0.0098751190298017218 0.041105725045911756 -0.0025424729801409376 -0.011814174141721642 -0.071741785758754423
leaf_weight=23.612644135951996 6.6718067079782468 16.534882545471191 12.403010785579683 13.775062426924704 116.17946508526802 28.442171350121498 101.10219819843769 6.6691998094320324 53.782092198729515 6.3303148597478858 18.980272710323334 5.827123612165451 10.193550884723662
leaf_count=142 40 100 75 84 705 172 611 40 323 38 115 35 61
internal_value=0 0.00608984 0.0158521 -0.0127848 0.0219281 -0.002672 -0.0108189 -0.0224072 -0.0143605 -0.00310349 0.0175017 -0.0635243 -0.0492703
internal_weight=420.504 331.03 158.892 26.1781 132.714 172.137 124.715 89.4741 76.9752 60.1124 47.4224 12.4989 16.8628
internal_count=2541 2004 964 159 805 1040 753 537 462 361 287 75 101
is_linear=0
shrinkage=0.05


Tree=2
num_leaves=15
num_cat=0
split_feature=109 38 34 95 79 74 19 100 12 3 111 89 2 102
split_gain=20.8763 10.6411 10.829 13.2599 10.4591 12.3686 9.45635 8.86834 11.9339 13.5658 7.91715 7.56004 7.574 6.56592
threshold=0.27822887943214997 1.6426091000000003 6.7750000000000012 0.21314884999999997 0.83333333333333337 1.0000000180025095e-35 5.6333333333333337 0.16025641025641027 3.5833333333333335 1.5299241666666668 1.0513073584982755 -0.34958539999999977 1.1835583333333335 8.5000000000000018
decision_type=2 2 2 2 2 2 2 2 2 2 2 2 2 2
left_child=1 2 3 -1 5 -3 -6 11 9 -9 -10 -2 -13 -4
right_child=7 4 13 -5 6 -7 -8 8 10 -11 -12 12 -14 -15
leaf_value=-0.0012817853890061031 0 -0.034125239086823793 0.030449590588326365 -0.041150261196200306 -0.034875409170666977 0.025285663505407036 0.02351590439154147 -0.059455234762498532 0.035579468549648371 0.0030551016414260986 -0.0094245401736790489 -0.0074499688031515066 -0.092650525785621676 -0.013721590924622953
leaf_weight=106.02673515677452 4.417966544628146 7.8799781948328009 31.496049135923386 25.922334402799606 16.918187394738201 123.10044240951538 9.4715210497379285 19.407718703150753 13.843675985932348 12.435403749346731 25.243858128786087 5.5298755913972846 9.5900557041168195 8.9208797812461835
leaf_count=639 26 48 191 156 101 757 58 115 83 74 151 33 55 54
internal_value=0 0.00578887 -0.0025477 -0.00974092 0.015194 0.0211011 -0.0119993 -0.0211994 -0.0116988 -0.0341715 0.00575725 -0.0510069 -0.0669867 0.0193969
internal_weight=420.205 329.736 172.366 131.949 157.37 130.98 26.3897 90.4686 70.9307 31.8431 39.0875 19.5379 15.1199 40.4169
internal_count=2541 2004 1040 795 964 805 159 537 423 189 234 114 88 245
is_linear=0
shrinkage=0.05


Tree=3
num_leaves=15
num_cat=0
split_feature=109 88 34 38 95 34 48 74 73 100 90 93 96 103
split_gain=18.7452 10.5007 9.91924 11.0399 11.6361 7.57507 10.0937 7.39802 7.18841 6.94553 6.12049 5.24946 5.17251 3.41136
threshold=0.27822887943214997 -0.27840030000000021 6.7750000000000012 1.6426091000000003 0.21314884999999997 5.6333333333333337 2.1666666666666674 1.0000000180025095e-35 0.43650793650793657 0.17424242424242428 -0.62499999999999989 -0.1357142857142857 -0.32559715000000006 7.5000000000000009
decision_type=2 2 2 2 2 2 2 2 2 2 2 2 2 2
left_child=2 9 3 4 -1 6 -3 -5 -7 -2 13 -11 -12 -4
right_child=1 5 10 7 -6 8 -8 -9 -10 11 12 -13 -14 -15
leaf_value=-0.0012173763875470969 -0.036145549991871508 -0.032597136010274606 0.0072747014258598246 -0.031496685396643506 -0.038268343665748085 -0.02378845746324619 0.022055218299183998 0.01536956452200104 -0.11480252484117513 -0.0028332150048695662 0 0.038892654698642379 0.033901261441089743 -0.040168665297296298
leaf_weight=106.10550031065941 7.5627887994050971 37.459340944886208 8.2449475824832898 7.5562366545200339 26.539488777518272 7.6936192065477353 8.9285760372877103 110.12626993656158 4.6618224680423737 13.43807737529278 12.33159080147743 11.721232950687407 53.11673840880394 4.4501445442438117
leaf_count=639 43 220 51 45 156 45 53 682 27 79 76 70 328 27
internal_value=0 -0.0199765 0.00549918 0.000414562 -0.0092355 -0.0324971 -0.0207793 0.011699 -0.0678974 0.00131515 0.0209446 0.0154383 0.0272287 -0.00742389
internal_weight=419.936 91.4655 328.471 250.327 132.645 58.7434 46.3879 117.683 12.3554 32.7221 78.1434 25.1593 65.4483 12.6951
internal_count=2541 537 2004 1522 795 345 273 727 72 192 482 149 404 78
is_linear=0
shrinkage=0.05


Tree=4
num_leaves=15
num_cat=0
split_feature=109 128 89 88 34 80 88 88 100 84 96 102 3 93
split_gain=16.9352 10.8441 11.2376 9.27956 8.20374 10.79 6.91746 9.20523 6.26502 5.96967 5.60614 5.41174 4.97308 4.93464
threshold=0.27822887943214997 0.84849304177989704 -0.37053229999999998 -0.27840030000000021 6.7750000000000012 -0.072689666666666639 -0.14867350000000004 0.21898400000000032 0.17424242424242428 1.0000000180025095e-35 -0.20735329999999982 11.500000000000002 1.2132043333333336 -0.1357142857142857
decision_type=2 2 2 2 2 2 2 2 2 2 2 2 2 2
left_child=1 4 9 8 5 -1 12 -8 -2 -3 -4 -6 -5 -10
right_child=3 2 10 6 11 -7 7 -9 13 -11 -12 -13 -14 -15
leaf_value=0.007592849890242212 -0.033947141333932916 -0.046978281451723967 0 -0.010656435186728151 0.0248600196289595 -0.015178267381669839 -0.0021449292583731361 -0.048335140945101787 -0.0026972450589742222 0.010249042772277027 0.041191089151750251 -0.012226546469059756 -0.096798737780547706 0.037900403496815657
leaf_weight=96.58906178176403 7.7107440531253806 6.3888113349676123 9.3570365309715253 4.5123738795518857 45.839360192418098 106.87764568626881 31.561968356370926 17.732136353850365 13.459566101431848 8.7548291236162168 43.63761442899704 9.8069637119770032 5.9095083624124527 11.459588855504988
leaf_count=590 43 39 58 26 287 646 183 102 79 54 270 60 34 70
internal_value=-2.44163e-06 0.0052225 0.0228298 -0.0189116 0.00033016 -0.00413963 -0.0305165 -0.0203854 0.0011156 -0.0122114 0.0338098 0.0173409 -0.0680776 0.0147853
internal_weight=419.597 327.251 68.1383 92.3459 259.113 203.467 59.716 49.2941 32.6299 15.1436 52.9947 55.6463 10.4219 24.9192
internal_count=2541 2004 421 537 1583 1236 345 285 192 93 328 347 60 149
is_linear=0
shrinkage=0.05


Tree=5
num_leaves=15
num_cat=0
split_feature=123 63 38 17 121 43 82 82 68 2 52 90 11 31
split_gain=12.8427 13.9531 13.2249 11.2909 10.7446 8.52684 8.25421 7.01346 7.35483 6.87652 6.30029 5.95779 4.77527 4.74445
threshold=0.53180334833413856 0.90000000000000013 1.9398372500000003 1.1289897000000002 50.305000000000014 0.41666666666666669 -0.49473900000000004 0.034746666666666655 0.31666666666666671 2.396196666666667 2.4166666666666674 -0.54999999999999982 12.833333333333334 1.7865751000000001
decision_type=2 2 2 2 2 2 2 2 2 2 2 2 2 2
left_child=2 3 5 9 -5 6 -1 10 -9 -2 -3 -4 -7 -13
right_child=1 7 11 4 -6 12 -8 8 -10 -11 -12 13 -14 -15
leaf_value=0.0023653648581425674 0.026638272408184144 0.024725826447247658 -0.015751702921859102 -0.050967463935640736 0.010571019799339105 0.014735431333832733 -0.033996569252388656 0.0089558811973150642 -0.02668324422503714 -0.031622752864847663 -0.018313194883913135 0.040006052043598778 -0.022633854433661595 -0.0091143960762434806
leaf_weight=16.385035902261734 17.251546904444698 102.8793922662735 8.0003227740526217 23.95444476604462 7.7794641852378836 23.68610580265522 74.048411205410957 80.922412291169167 16.300953522324562 5.4881428331136695 7.192243203520774 19.506947502493862 11.867436736822127 4.0419240295886985
leaf_count=98 106 634 48 142 47 140 433 500 97 34 45 122 70 25
internal_value=-2.9952e-05 0.00663123 -0.0113858 -0.0152873 -0.034492 -0.0188031 -0.0269077 0.0126768 0.00226058 0.00973125 0.0213239 0.0163653 0.000616102 0.0295104
internal_weight=419.305 261.769 157.536 54.4736 31.7339 125.987 90.4334 207.295 97.2234 22.7397 110.072 31.5492 35.5535 23.5489
internal_count=2541 1605 936 329 189 741 531 1276 597 140 679 195 210 147
is_linear=0
shrinkage=0.05


Tree=6
num_leaves=14
num_cat=0
split_feature=109 128 89 39 88 41 106 41 27 10 74 84 68
split_gain=14.6757 9.69214 10.4578 8.25734 10.9106 8.80983 7.11427 6.64864 10.9459 8.01562 5.56473 5.44525 5.41475
threshold=0.27822887943214997 0.84849304177989704 -0.37053229999999998 8.8500000000000032 0.21898400000000032 4.1833333333333345 2.6157894736842109 4.354166666666667 5.4500000000000011 1.3508293333333334 1.0000000180025095e-35 1.0000000180025095e-35 0.29285714285714287
decision_type=2 2 2 2 2 2 2 2 2 2 2 2 2
left_child=1 7 11 12 5 -5 -6 9 -9 -1 -4 -3 -2
right_child=3 2 10 4 6 -7 -8 8 -10 -11 -12 -13 -14
leaf_value=-0.014020343080808691 -0.014935209428936195 -0.044635396070138812 -0.010298078679491384 0.026555260293655611 0 -0.01296430600231949 -0.069010926374750842 -0.01667458462148769 0.0091554589876680619 0.019009692889728973 0.037941995287229073 0.009681061165263509 -0.089555570870321899
leaf_weight=21.806875333189964 7.897079721093176 6.5190222114324561 4.62087857723236 19.248893201351166 5.4472424983978263 45.092390105128288 10.262918099761007 95.527724847197533 67.883965417742729 73.571316719055176 47.037728145718575 8.6777588129043561 5.5521351844072342
leaf_count=132 44 39 28 112 31 262 57 580 415 456 300 54 31
internal_value=-2.80203e-05 0.00487306 0.0217056 -0.0174976 -0.0102882 -0.000150613 -0.0463211 0.0002653 -0.00564981 0.0108719 0.0325638 -0.0118495 -0.0532666
internal_weight=419.146 325.645 66.8554 93.5007 80.0514 64.3413 15.7102 258.79 163.412 95.3782 51.6586 15.1968 13.4492
internal_count=2541 2004 421 537 462 374 88 1583 995 588 328 93 75
is_linear=0
shrinkage=0.05


Tree=7
num_leaves=13
num_cat=0
split_feature=109 33 46 20 33 89 122 36 100 89 46 102
split_gain=13.3194 8.53665 12.2798 10.0129 10.0078 7.31093 7.73169 6.95569 7.74801 8.08812 6.41349 4.19694
threshold=0.27822887943214997 5.878571428571429 0.83333333333333337 4.4500000000000011 5.6125000000000007 0.29723599999999989 40.940000000000012 2.3166666666666669 0.24038461538461542 -0.033752499999999845 1.8333333333333337 11.500000000000002
decision_type=2 2 2 2 2 2 2 2 2 2 2 2
left_child=1 2 3 -1 -4 11 -7 8 9 -2 -10 -3
right_child=7 5 4 -5 -6 6 -8 -9 10 -11 -12 -13
leaf_value=-0.061575636211004807 -0.012709727392444843 0.032159530613169583 0.008446050583919517 -0.0073354538738678787 -0.040532679605675595 0.017067289282420909 -0.050443531875920614 0.031052838282722806 0.012254253863220392 -0.054380824614390588 -0.034609784457136611 0
leaf_weight=11.500541687011717 32.070439085364342 52.704016789793968 189.70885755121708 36.8531823605299 9.7817690670490247 8.1430343538522703 6.1720249056816092 5.4708627313375464 24.230782032012939 23.239345774054527 9.2225115299224836 9.7508125901222211
leaf_count=69 183 336 1162 226 61 52 38 32 141 128 53 60
internal_value=-4.955e-05 0.00464152 0 -0.0222354 0.00560486 0.0190951 -0.0101688 -0.0166133 -0.0204214 -0.0317613 0 0.026645
internal_weight=418.848 324.614 247.844 48.3537 199.491 76.7699 14.3151 94.2339 88.7631 55.3098 33.4533 62.4548
internal_count=2541 2004 1518 295 1223 486 90 537 505 311 194 396
is_linear=0
shrinkage=0.05


Tree=8
num_leaves=13
num_cat=0
split_feature=109 116 56 99 109 63 41 81 3 95 84 101
split_gain=12.6779 11.6379 9.38225 9.30029 10.7247 8.8739 6.81032 6.77466 7.40935 6.04395 7.24153 4.3769
threshold=0.2250489033411317 0.78323835104040374 0.45000000000000007 0.5634920634920636 0.29238121975144432 1.5500000000000003 4.5857142857142863 0.035618499999999949 1.1191828333333336 -0.39164335 1.4166666666666672 1.8452380952380956
decision_type=2 2 2 2 2 2 2 2 2 2 2 2
left_child=2 3 9 4 -2 -5 -4 8 -3 10 -1 -11
right_child=1 7 6 5 -6 -7 -8 -9 -10 11 -12 -13
leaf_value=0.0099986170410987299 0.0041301589231238786 0 0.0025923959846854191 -0.050781647689170852 -0.030259667277490545 0 -0.072558413693821919 0 -0.082342338187669797 -0.015944510630475393 -0.053477977179991844 0.02478009638889591
leaf_weight=13.526962831616403 216.40208841860294 4.8941881209611919 4.2333023548126203 17.434752553701404 24.263067603111267 13.190353885293005 4.231494665145874 7.0629000663757315 9.7071409821510297 4.9011846780776969 5.1366237848997107 93.583355709910393
leaf_count=85 1303 29 27 104 136 79 25 42 58 31 32 590
internal_value=-6.83718e-05 -0.00588334 0.0130377 -0.00279848 0.000345326 -0.0283146 -0.0333892 -0.0404794 -0.0588725 0.0170698 -0.00675994 0.0221109
internal_weight=418.567 292.954 125.613 271.29 240.665 30.6251 8.4648 21.6642 14.6013 117.148 18.6636 98.4845
internal_count=2541 1751 790 1622 1439 183 52 129 87 738 117 621
is_linear=0
shrinkage=0.05


Tree=9
num_leaves=14
num_cat=0
split_feature=109 118 82 92 114 56 89 101 41 95 90 82 21
split_gain=11.473 13.3036 10.3759 9.89548 9.06572 8.50718 7.78844 7.32927 6.05434 5.58626 4.75921 4.74374 1.36359
threshold=0.2250489033411317 66.300000000000011 0.68088966666666673 -0.12678571428571425 1.5091081586315898 0.45000000000000007 -0.55284719999999987 2.3484848484848491 4.5857142857142863 -0.37566520000000009 1.7000000000000004 0.376388 2.1000000000000005
decision_type=2 2 2 2 2 2 2 2 2 2 2 2 2
left_child=5 3 4 7 -3 9 -5 -2 -7 11 -11 -1 -4
right_child=1 2 12 6 -6 8 -8 -9 -10 10 -12 -13 -14
leaf_value=0.0047066895820172061 0.024219320324708228 -0.018109076457332167 0.049696176211853869 0.010535505091571506 0.0064531751915036795 0.0024907978717260957 -0.039784229575410571 -0.015770593895843784 -0.067333707873752535 0.025344923848204155 -0.0068478400417330224 -0.049221109511477373 0.0070705348548025324
leaf_weight=15.637231737375261 15.837768003344534 54.453282043337822 11.029754310846331 6.8075178712606421 113.25337459146976 4.2266405969858152 52.50934162735939 33.570526927709579 4.4047648161649704 86.116023898124695 10.103914141654966 4.0262360572814933 6.3252163529396048
leaf_count=98 95 320 67 41 685 27 308 197 25 549 66 25 38
internal_value=-9.38197e-05 -0.00560152 0.00232566 -0.0194483 -0.00128573 0.0124441 -0.0331014 -0.00173381 -0.031242 0.0163652 0.0214144 -0.00576334 0.0381164
internal_weight=418.302 293.787 185.062 108.725 167.707 124.515 59.3169 49.4083 8.63141 115.883 96.2199 19.6635 17.355
internal_count=2541 1751 1110 641 1005 790 349 292 52 738 615 123 105
is_linear=0
shrinkage=0.05


Tree=10
num_leaves=14
num_cat=0
split_feature=109 38 39 41 79 111 66 18 88 124 36 100 46
split_gain=10.604 7.67464 10.5141 10.3468 9.85886 12.3575 10.8648 9.65799 7.54816 7.24999 6.60666 5.58884 4.60055
threshold=0.27822887943214997 1.6426091000000003 11.121428571428572 4.354166666666667 0.83333333333333337 1.0479740271139504 1.6833333333333336 12.700000000000001 -0.27840030000000021 0.41366538010012638 2.183333333333334 0.17424242424242428 2.1666666666666674
decision_type=2 2 2 2 2 2 2 2 2 2 2 2 2
left_child=1 2 3 -1 5 -3 -6 -4 11 -10 -11 -2 -13
right_child=8 4 7 -5 6 -7 -8 -9 9 10 -12 12 -14
leaf_value=0 -0.028950200419045009 -0.019994348512385154 -0.012553044966909458 -0.045855119553376886 -0.046511209875968476 0.024593874760860002 0.014633509244533341 0.015545026583644468 0.026624091959711008 -0.036403354749426138 0.010157848991327009 0.027695899336915464 -0.018207285594522515
leaf_weight=23.215530574321747 8.0466434955596906 16.073079437017441 47.730008870363235 23.304685994982719 12.705125108361246 109.12212236225605 12.995958462357519 77.245965421199799 4.506887584924697 51.373247131705284 6.6090894043445578 20.089769825339321 5.2150144279003134
leaf_count=141 43 100 285 139 75 705 84 475 25 282 38 119 30
internal_value=-7.10661e-05 0.00415539 -0.00284361 -0.0230457 0.0124054 0.0183602 -0.0143302 0.00440263 -0.0147006 -0.0249279 -0.0301661 0.00317423 0.0160025
internal_weight=418.233 322.392 171.496 46.5202 150.896 125.195 25.7011 124.976 95.8407 62.4892 57.9823 33.3514 25.3048
internal_count=2541 2004 1040 280 964 805 159 760 537 345 320 192 149
is_linear=0
shrinkage=0.05


Tree=11
num_leaves=12
num_cat=0
split_feature=109 25 36 123 13 64 81 103 10 10 37
split_gain=9.93588 8.8211 10.5994 9.18029 9.09905 9.48303 4.26705 4.43032 4.15215 3.23128 2.84041
threshold=0.18054260194896632 8.1000000000000014 1.8166666666666669 0.53180334833413856 2.8333333333333335 1.1000000000000003 -0.90932566666666659 3.5000000000000004 1.5490690000000003 1.8789950000000004 2.0309290000000004
decision_type=2 2 2 2 2 2 2 2 2 2 2
left_child=6 4 3 -3 9 -6 -1 -8 -4 -2 -9
right_child=1 2 8 -5 5 -7 7 10 -10 -11 -12
leaf_value=-0.020943966849754386 -0.016974159601683119 -0.017245885351379404 -0.0035417658941402502 0.0020238258987508129 0.0082905134555223189 -0.061837218806850995 -0.0064216972238397424 0.034656155292940603 0.021058146014647127 0.028678228905190402 0
leaf_weight=3.950295388698577 5.9450698643922788 102.05313938856125 18.65025220811367 144.45405465364456 4.609750464558604 17.720036521553993 7.2255533635616294 38.511271774768829 63.063267439603806 6.6187559366226196 5.149078056216239
leaf_count=25 35 584 114 880 27 104 47 255 397 41 32
internal_value=-6.6657e-05 -0.00319651 -0.000465985 -0.0057892 -0.0267591 -0.0454821 0.0194492 0.0238918 0.014864 0.00373093 0.0300595
internal_weight=417.951 363.114 328.221 246.507 34.8936 22.3298 54.8362 50.8859 81.7135 12.5638 43.6603
internal_count=2541 2182 1975 1464 207 131 359 334 511 76 287
is_linear=0
shrinkage=0.05


Tree=12
num_leaves=12
num_cat=0
split_feature=38 27 67 126 41 95 54 6 95 96 36
split_gain=8.81002 9.95675 12.8032 10.5603 10.309 10.2102 6.9983 5.54365 5.38788 4.34353 2.52261
threshold=2.2112515500000005 5.4500000000000011 0.43650793650793657 0.25021377095989727 4.1833333333333345 0.39265454999999977 2.1000000000000005 6.416666666666667 -0.53560499999999989 -0.1953978499999999 2.5500000000000003
decision_type=2 2 2 2 2 2 2 2 2 2 2
left_child=1 2 4 5 -1 -3 -4 -5 -2 -10 -11
right_child=8 3 6 7 -6 -7 -8 -9 9 10 -12
leaf_value=0 -0.020722307719317871 0.036122690772576627 0.016931729781982392 -0.014805959233529549 -0.024890787009864752 -0.030532449352660418 -0.010057955819093007 0.018761082320228904 0 0.048650077676158532 0
leaf_weight=73.20704810321331 3.958391845226287 43.018976747989655 63.314245283603668 37.826654434204102 109.42601852118969 5.0159235894680014 35.102510586380959 16.272559657692909 6.6814711689949062 19.42580616474152 4.5042335838079444
leaf_count=433 25 271 393 223 639 31 225 101 42 129 29
internal_value=-6.4106e-05 -0.00238656 -0.00734788 0.0107199 -0.0152385 0.027662 0.00679799 -0.00364459 0.0236164 0.0314057 0.0410638
internal_weight=417.754 383.184 281.05 102.134 182.633 48.0349 98.4168 54.0992 34.5699 30.6115 23.93
internal_count=2541 2316 1690 626 1072 302 618 324 225 200 158
is_linear=0
shrinkage=0.05


Tree=13
num_leaves=14
num_cat=0
split_feature=109 118 63 93 109 109 46 56 113 92 90 87 41
split_gain=8.76117 11.3648 15.3137 10.2022 8.55816 8.47588 10.5293 7.60749 5.9137 5.16362 6.29282 6.28373 5.13909
threshold=0.2250489033411317 66.300000000000011 0.90000000000000013 -0.27499999999999986 0.28848792328800177 0.23678547156988597 1.8333333333333337 0.45000000000000007 0.49613337851035427 -0.29999999999999993 1.7000000000000004 -0.32758040000000005 4.5857142857142863
decision_type=2 2 2 2 2 2 2 2 2 2 2 2 2
left_child=7 5 3 -3 -4 8 -7 9 -2 11 -11 -1 -9
right_child=1 2 4 -5 -6 6 -8 12 -10 10 -12 -13 -14
leaf_value=0.016721424888376326 -0.0079330119087110147 -0.045330511467336403 0.014904825520086207 0.0047634734697637486 -0.019473496638270249 -0.00046929635319859918 -0.036355022406701479 0.0011086457200458197 -0.092477706459651504 0.025250299449982451 -0.013135767978315494 -0.032434843628633185 -0.062192940892819751
leaf_weight=12.60872693359852 5.4859838336706144 23.161146581172943 128.58855038881302 14.403538584709166 19.005020797252655 69.86485481262207 29.759656473994255 4.1315528452396375 5.4719188213348389 79.955396041274071 9.8511458933353406 10.728913828730581 4.5786833316087723
leaf_count=83 33 133 788 85 104 405 171 27 32 522 65 68 25
internal_value=-5.72055e-05 -0.00482381 0.00252508 -0.0252008 0.0100403 -0.0174892 -0.0119407 0.0110495 -0.0585355 0.0148824 0.0203907 -0.00422671 -0.0299957
internal_weight=417.595 295.741 185.158 37.5647 147.594 110.582 99.6245 121.854 10.9579 113.144 89.8065 23.3376 8.71024
internal_count=2541 1751 1110 218 892 641 576 790 65 738 587 151 52
is_linear=0
shrinkage=0.05


Tree=14
num_leaves=14
num_cat=0
split_feature=38 27 55 111 126 95 26 78 95 13 128 123 111
split_gain=8.21346 9.18997 11.5528 10.4779 8.4946 8.05318 7.00082 6.50598 5.48864 4.39256 4.32802 5.96432 1.9474
threshold=2.0157485000000004 5.4500000000000011 0.22500000000000003 1.0577879470214078 0.26301603073677632 0.56779685000000013 2.2916666666666674 0.33333333333333326 0.39265454999999977 3.8333333333333335 0.83004920065130283 0.58248501566405542 1.0569348522134903
decision_type=2 2 2 2 2 2 2 2 2 2 2 2 2
left_child=1 2 3 -1 8 -4 9 -6 -3 -2 11 -8 -12
right_child=6 4 5 -5 7 -7 10 -9 -10 -11 12 -13 -14
leaf_value=-0.028502382930887856 0.0036597665150993521 0.026051937311073275 -0.0026944461856682218 0.012334666478948181 0.0091884008245639078 0.042445866600492432 0.018774004018106527 -0.032777817672707037 -0.018210915763602842 -0.053555627569513944 0.051222167993871741 -0.035287739748051924 0.0090121512404120249
leaf_weight=85.251182213425636 5.2158058285713178 55.886601030826569 144.54245246946812 16.718119978904724 17.363552048802376 9.5884172916412336 29.253205731511116 15.594433650374411 5.9028697013854972 4.2416630387306213 15.101571947336199 4.7110958993434897 7.7902652323245993
leaf_count=489 34 357 874 100 101 61 189 91 36 26 102 29 52
internal_value=-9.32447e-05 -0.00327255 -0.00829458 -0.0212667 0.00972455 4.69168e-05 0.0157835 -0.00957647 0.0208044 -0.0198874 0.0228224 0.00905044 0.039929
internal_weight=417.161 350.848 256.1 101.969 94.7475 154.131 66.3136 32.958 61.7895 9.45747 56.8561 33.9643 22.8918
internal_count=2541 2109 1524 589 585 935 432 192 393 60 372 218 154
is_linear=0
shrinkage=0.05


Tree=15
num_leaves=14
num_cat=0
split_feature=109 25 36 118 13 27 26 39 84 111 37 23 94
split_gain=7.83708 7.34594 8.69189 7.87232 7.72567 6.01913 4.53991 4.37996 5.72472 6.85056 4.6878 4.54239 1.2742
threshold=0.18054260194896632 8.1000000000000014 1.8166666666666669 78.050000000000026 2.4166666666666674 4.4500000000000011 2.2916666666666674 10.535714285714286 1.4166666666666672 1.0540479417596187 2.0309290000000004 0.68407470000000015 -0.5692156399999998
decision_type=2 2 2 2 2 2 2 2 2 2 2 2 2
left_child=7 4 3 -3 12 -6 -4 11 10 -10 -9 -1 -2
right_child=1 2 6 -5 5 -7 -8 8 9 -11 -12 -13 -14
leaf_value=-0.0042499496133668645 0 -0.010508088490686105 -0.026446446195258079 0.0093404235250959724 -0.049049323533189672 0 0.017226558550516996 0.034885093810798642 0.016200151780874548 -0.057725391931358096 -0.0091675998145915368 0.044615909300675688 0.030832640410528047
leaf_weight=3.7374752312898663 4.1519669145345688 182.7625860273838 4.7178964018821707 65.286757618188858 21.442151769995693 6.0473521351814261 75.541745483875275 14.597500830888753 3.7004066705703718 5.7920324206352234 6.8720511347055426 18.378453575074673 4.0298992991447431
leaf_count=25 25 1072 29 392 123 34 482 99 25 38 44 128 25
internal_value=-6.29164e-05 -0.00281326 -0.000287008 -0.00506666 -0.0240588 -0.0369726 0.0137502 0.0175761 0.00331728 -0.0253445 0.0187789 0.0343682 0.0131848
internal_weight=417.058 363.98 328.309 248.049 35.6714 27.4895 80.2596 53.0779 30.962 9.49244 21.4696 22.1159 8.18187
internal_count=2541 2182 1975 1464 207 157 511 359 206 63 143 153 50
is_linear=0
shrinkage=0.05


Tree=16
num_leaves=14
num_cat=0
split_feature=33 33 27 38 100 20 102 37 99 4 89 122 58
split_gain=7.41332 9.59496 8.64639 8.70624 7.84524 7.92781 6.56174 5.03184 4.98919 4.43973 3.91768 6.59788 3.53293
threshold=5.878571428571429 5.5357142857142865 6.7000000000000002 2.3581763749999998 0.36931818181818188 7.1000000000000005 9.5000000000000018 2.1688720000000004 0.43650793650793657 17.500000000000004 0.29723599999999989 40.940000000000012 0.90000000000000013
decision_type=2 2 2 2 2 2 2 2 2 2 2 2 2
left_child=1 2 3 -1 5 -3 10 -4 -8 -10 12 -12 -2
right_child=6 4 7 -5 -6 -7 8 -9 9 -11 11 -13 -14
leaf_value=-0.0055513982646557573 0.0060108659615055633 -0.072376745149171626 0.039294073261505122 0.034992828916342325 0.014075979849400727 0 0.012796126538304859 -0.0045778086970535321 0 -0.067160604470919705 0.024268520225763295 -0.049889055513708459 0.037878488722881833
leaf_weight=281.71040320396423 18.150225348770618 11.565520182251936 18.84268926084042 12.658876501023768 4.4136061221361151 5.5362253934144965 7.2743375226855269 6.6471500396728507 4.1067295223474485 4.481084793806076 6.1174369901418668 3.9656977951526642 31.451888978481293
leaf_count=1662 123 69 119 85 28 35 46 42 26 28 42 24 212
internal_value=-4.62476e-05 -0.00330962 -0.000924962 -0.00352601 -0.0349249 -0.0504122 0.0138973 0.0262249 -0.0121889 -0.0376949 0.0217406 -0.00225607 0.0275549
internal_weight=416.922 341.374 319.859 294.369 21.5154 17.1017 75.5474 25.4898 15.8622 8.58781 59.6852 10.0831 49.6021
internal_count=2541 2040 1908 1747 132 104 501 161 100 54 401 66 335
is_linear=0
shrinkage=0.05


Tree=17
num_leaves=11
num_cat=0
split_feature=126 87 76 103 25 27 18 108 12 113
split_gain=7.21048 9.57346 11.3154 10.8856 8.31507 10.3293 7.99603 6.9725 3.685 3.42159
threshold=0.28966272065054161 -0.40171559999999989 1.6833333333333336 7.5000000000000009 6.3000000000000016 2.9000000000000004 8.1000000000000014 0.31508349751383813 3.5833333333333335 0.51999666999667016
decision_type=2 2 2 2 2 2 2 2 2 2
left_child=4 7 3 -3 -1 9 -7 -2 -9 -6
right_child=1 2 -4 -5 5 6 -8 8 -10 -11
leaf_value=-0.04690923034818488 -0.036543642833219196 -0.020024991098276188 0.024207293374577325 -0.089836828429159563 0.044334949569883451 -0.042885413490506674 0.0026925073901070381 0 0.050280706828880431 0
leaf_weight=7.202395260334014 4.5218633115291622 20.700259089469913 5.5922420173883429 9.0499899089336378 18.739655286073688 8.8549256026744825 321.43208490312099 7.9882201552391034 7.2672784328460693 5.4976496249437323
leaf_count=43 25 115 33 50 119 51 1982 46 43 34
internal_value=-2.22264e-05 -0.0168162 -0.0324091 -0.0451186 0.0024383 0.00371059 0.00119388 0.00886071 0.026815 0.0346189
internal_weight=416.847 55.1199 35.3425 29.7502 361.727 354.524 330.287 19.7774 15.2555 24.2373
internal_count=2541 312 198 165 2229 2186 2033 114 89 153
is_linear=0
shrinkage=0.05


Tree=18
num_leaves=12
num_cat=0
split_feature=38 25 2 71 87 13 64 95 96 36 121
split_gain=6.89318 7.98465 8.09134 7.01198 6.80702 6.40636 7.592 4.91964 4.01333 2.45853 2.15699
threshold=2.2112515500000005 7.9000000000000012 0.75667433333333356 1.0000000180025095e-35 -0.20888920000000008 2.8333333333333335 1.1000000000000003 -0.53560499999999989 -0.1953978499999999 2.5500000000000003 44.195000000000007
decision_type=2 2 2 2 2 2 2 2 2 2 2
left_child=1 5 4 -4 -3 10 -7 -2 -9 -10 -1
right_child=7 2 3 -5 -6 6 -8 8 9 -11 -12
leaf_value=0.024322690191392618 -0.020686773509574947 -0.04470999165203237 0.025974096421940804 0 0.012792900094450383 0.006886617913876578 -0.056376525998085805 0 0.046805268420521649 0 -0.015887093180042892
leaf_weight=5.7341322451829928 3.9456431567668906 16.3975123167038 27.161450177431107 303.32202725857496 5.1060750633478156 4.3966054171323803 16.708594888448715 6.5999625027179745 18.158001333475116 4.3907420039176932 4.7536728754639626
leaf_count=35 25 93 164 1846 30 25 95 42 129 29 28
internal_value=-2.67426e-05 -0.00205587 0 0.00210533 -0.0288722 -0.0257356 -0.0412204 0.0213958 0.0292479 0.0390033 0.00194842
internal_weight=416.674 383.58 351.987 330.483 21.5036 31.593 21.1052 33.0943 29.1487 22.5487 10.4878
internal_count=2541 2316 2133 2010 123 183 120 225 200 158 63
is_linear=0
shrinkage=0.05


Tree=19
num_leaves=14
num_cat=0
split_feature=109 39 24 127 95 54 6 86 41 81 46 89 72
split_gain=6.85844 6.30323 8.94164 7.83841 11.1625 6.86472 6.05551 5.56632 4.36589 4.05962 3.87971 2.90778 0.268768
threshold=0.18054260194896632 11.121428571428572 1.7931038000000004 0.2792771391027361 0.3336860000000002 0.77500000000000013 6.416666666666667 -0.72499999999999987 4.2111111111111121 -0.5974649999999998 0.58333333333333337 0.30262930000000005 0.5277777777777779
decision_type=2 2 2 2 2 2 2 2 2 2 2 2 2
left_child=8 2 6 5 -5 -3 -2 -4 11 -10 -11 12 -1
right_child=1 3 7 4 -6 -7 -8 -9 9 10 -12 -13 -14
leaf_value=0.0066562670810980419 -0.011825493768177786 -0.030830373867010197 -0.014249306866879708 0.0010025605812387312 -0.04634347259282301 0.023331349653600068 -0.044033061656466248 0.013688543766604772 -0.030121342164988525 -0.020961494954294918 0.022792531264469736 0 0.048643916372437382
leaf_weight=3.8273948803544107 66.346889585256577 4.8854214400053015 27.272892847657204 129.59012804925442 12.587156340479849 57.1886136084795 21.653478026390076 44.862746454775333 5.6229788661003139 4.5604285523295429 21.484803766012192 3.6901551634073249 12.978937812149523
leaf_count=27 375 28 165 777 72 356 126 283 36 30 147 25 94
internal_value=-1.66098e-05 -0.00257691 -0.0100473 0.00305683 -0.00313424 0.0178547 -0.020718 0.00239179 0.0166395 0.00295203 0.0127908 0.0343403 0.0428007
internal_weight=416.552 364.387 160.136 204.251 142.177 62.074 88.0004 72.1356 52.1647 31.6682 26.0452 20.4965 16.8063
internal_count=2541 2182 949 1233 849 384 501 448 359 213 177 146 121
is_linear=0
shrinkage=0.05


Tree=20
num_leaves=10
num_cat=0
split_feature=96 30 38 126 101 38 11 95 23
split_gain=6.63778 8.20992 7.9613 10.9139 8.64503 9.43797 8.33392 7.15392 5.43234
threshold=-0.61636725000000003 1.5774612000000001 1.6469896500000003 0.30449795510536609 2.4226190476190479 1.4988134500000003 8.4166666666666696 -0.71231750000000005 1.0795974000000002
decision_type=2 2 2 2 2 2 2 2 2
left_child=1 -1 4 7 5 -2 -6 -4 -5
right_child=2 -3 3 8 6 -7 -8 -9 -10
leaf_value=-0.069562023113367455 -0.0068165518374934111 0.00020007428059316503 -0.028029996933569896 0 -0.029897713126058247 -0.054062898477568677 0.0043563496208273008 0.015376743079583269 -0.064294127886734595
leaf_weight=6.5822953283786756 38.203732490539551 6.4311425238847733 8.4380707591772062 4.9577076435089094 18.989434078335762 15.774694815278052 155.69674292951822 155.18440286815166 6.0368870124220848
leaf_count=39 220 41 52 29 107 88 929 1002 34
internal_value=-2.233e-05 -0.033964 0.00103056 0.00914359 -0.00496 -0.0222655 0.000199147 0.0126778 -0.0359569
internal_weight=416.295 13.0134 403.282 174.617 228.665 53.9784 174.686 163.622 10.9946
internal_count=2541 80 2461 1117 1344 308 1036 1054 63
is_linear=0
shrinkage=0.05


Tree=21
num_leaves=16
num_cat=0
split_feature=128 51 49 106 24 92 108 33 81 83 109 88 91 10 126
split_gain=6.34364 11.0403 10.3997 8.22486 11.7134 7.60952 10.9595 7.45858 7.07374 6.67393 6.57682 6.89567 6.12532 4.89365 4.23844
threshold=0.78270724755597276 0.83333333333333337 1.0000000180025095e-35 2.5750000000000006 1.3375647000000002 -0.12678571428571425 0.59013567462643202 3.7750000000000004 -0.15748533333333334 0.50000000000000022 0.29238121975144432 -0.11141840000000013 1.4500000000000004 1.3446956666666667 0.2877956022455162
decision_type=2 2 2 2 2 2 2 2 2 2 2 2 2 2 2
left_child=5 2 7 4 -3 10 9 -2 -4 -7 11 -1 -5 -8 -12
right_child=1 3 8 12 -6 6 13 -9 -10 -11 14 -13 -14 -15 -16
leaf_value=-0.0017789467557718366 -0.038993498896756545 -0.034150910738417771 -0.067736556499782857 0.020797936562404789 0.013387731596703588 -0.034291420715062047 -0.016493860053059244 0.014347854676253559 -0.0061080253037872788 0 -0.059743597369518231 0.030237629650181147 -0.008348392375470564 0.038285095137377295 0
leaf_weight=40.607734434306622 7.2484376132488242 21.093333199620247 10.838924437761309 126.05323688685894 28.82577783614397 55.858749762177467 4.1917471513152114 29.133913189172745 11.341681934893129 16.468239821493626 4.9662521481513959 24.801532156765461 17.791974239051342 10.170518457889555 6.5511938035488129
leaf_count=238 41 127 64 805 185 308 26 185 69 93 25 151 121 68 35
internal_value=-5.30823e-05 0.00479129 -0.0137097 0.0106814 -0.00599398 -0.0078115 -0.0179737 0.00162434 -0.0400038 -0.0261586 0.00308237 0.00988054 0.0168149 0.0190097 -0.029236
internal_weight=415.943 252.327 58.563 193.764 49.9191 163.616 86.6893 36.3824 22.1806 72.327 76.9267 65.4093 143.845 14.3623 11.5174
internal_count=2541 1597 359 1238 312 944 495 226 133 401 449 389 926 94 60
is_linear=0
shrinkage=0.05


Tree=22
num_leaves=12
num_cat=0
split_feature=31 46 56 94 112 87 124 111 18 5 91
split_gain=6.11277 6.68172 9.23977 18.4966 6.7412 12.3364 8.90542 6.71171 3.43363 4.29137 3.91492
threshold=0.78535846000000009 0.83333333333333337 0.29166666666666669 0.098303499999999669 0.50518190361122317 1.1097490999999999 0.50166351010866117 1.0559496315847359 15.500000000000002 4.8333333333333348 2.100000000000001
decision_type=2 2 2 2 2 2 2 2 2 2 2
left_child=8 2 7 -4 5 -3 -6 -2 9 -1 -10
right_child=1 4 3 -5 6 -7 -8 -9 10 -11 -12
leaf_value=0.026465185594895801 0.014121164667569847 -0.0023602870810643457 -0.06593591242766321 0.0050264469998068757 -0.010076605430891544 -0.070187870838375466 0.016159244404906941 -0.024082445912287729 0.048948772725228823 -0.036046314557630625 0
leaf_weight=4.8194099217653292 29.679201140999794 145.78028066456318 18.858063325285912 14.59157323092222 41.71170474588871 6.1684715375304213 114.24848263710737 17.383253142237663 12.509277604520323 4.1199090033769608 5.6367965638637534
leaf_count=30 184 870 107 89 253 37 715 106 87 25 38
internal_value=-7.47734e-05 -0.00181839 -0.0146049 -0.0342816 0.00139962 -0.0058816 0.00880439 0 0.022324 0 0.0343423
internal_weight=415.506 388.421 80.5121 33.4496 307.909 151.949 155.96 47.0625 27.0854 8.93932 18.1461
internal_count=2541 2361 486 196 1875 907 968 290 180 55 125
is_linear=0
shrinkage=0.05


Tree=23
num_leaves=10
num_cat=0
split_feature=96 97 46 128 68 30 88 90 117
split_gain=6.01991 7.2246 8.20146 8.70906 7.47275 7.13374 4.30602 5.85454 3.09466
threshold=-0.61636725000000003 0.95000000000000029 0.83333333333333337 0.70383036765405926 0.29285714285714287 1.5774612000000001 -0.17325719999999997 1.7000000000000004 75.300000000000011
decision_type=2 2 2 2 2 2 2 2 2
left_child=5 2 4 -4 -2 -1 8 -8 -3
right_child=1 6 3 -5 -6 -7 7 -9 -10
leaf_value=-0.064470645000573409 0 -0.021329319490825529 -0.021096368655408426 0.0056940467898615697 -0.031780351405032291 0 0.044633791862551585 0 0.024762960875594361
leaf_weight=6.8281108438968641 35.396687760949135 8.1298425719141942 32.978533238172531 255.16568239033222 36.712534435093403 6.3810620009899139 20.711564220488075 8.1650926023721677 4.8432621583342543
leaf_count=39 216 54 184 1565 211 41 143 54 34
internal_value=-7.64448e-05 0.000930899 -0.0012439 0.00239256 -0.0162929 -0.0321675 0.0204112 0.0309489 -2.6377e-06
internal_weight=415.312 402.103 360.253 288.144 72.1092 13.2092 41.8498 28.8767 12.9731
internal_count=2541 2461 2176 1749 427 80 285 197 88
is_linear=0
shrinkage=0.05


Tree=24
num_leaves=12
num_cat=0
split_feature=74 40 109 62 38 58 30 113 113 58 3
split_gain=5.85646 8.67865 8.23933 7.02199 7.85014 6.67149 5.86515 7.59227 4.17966 3.56865 3.19865
threshold=1.0000000180025095e-35 4.8166666666666673 0.15706224563681312 1.0000000180025095e-35 1.5968639 1.5500000000000003 1.1336692428571431 0.48449519230769239 0.46013328776486678 0.55000000000000016 1.2779498333333337
decision_type=2 2 2 2 2 2 2 2 2 2 2
left_child=1 6 8 5 -5 -4 -1 -8 -2 -10 -3
right_child=2 10 3 4 -6 -7 7 -9 9 -11 -12
leaf_value=0.0066887748960730523 -0.003672506301656111 -0.0032687285966296977 0 -0.012118531707990231 0.0042885274586397263 0.029113210338855739 -0.0055717873508933109 -0.073153355675350334 0 0.050093985295250998 0.043083792788184479
leaf_weight=4.381491199135783 4.6366978138685253 5.9416206181049329 37.491926267743111 143.55452627688646 140.49786587804556 34.438602648675442 9.1727605909109133 11.325195781886576 3.8090603724122074 15.300318479537962 4.5876196920871735
leaf_count=25 34 36 227 830 890 215 54 63 26 113 28
internal_value=-7.43652e-05 -0.0193434 0.00163718 -0.00016231 -0.0038413 0.0135338 -0.0356389 -0.0469026 0.0295507 0.0398802 0.0145756
internal_weight=415.138 35.4087 379.729 355.983 284.052 71.9305 24.8794 20.498 23.7461 19.1094 10.5292
internal_count=2541 206 2335 2162 1720 442 142 117 173 139 64
is_linear=0
shrinkage=0.05


Tree=25
num_leaves=12
num_cat=0
split_feature=38 27 121 126 95 55 6 103 41 10 90
split_gain=5.49256 7.06835 8.71673 8.0959 8.91986 7.4165 4.60125 4.32897 3.76208 3.40334 0.551429
threshold=2.2112515500000005 5.4500000000000011 55.750000000000007 0.25021377095989727 0.39265454999999977 0.22500000000000003 6.416666666666667 9.5000000000000018 4.5857142857142863 1.9853258333333337 0.63333333333333353
decision_type=2 2 2 2 2 2 2 2 2 2 2
left_child=1 2 5 4 -3 -1 -5 9 -4 -2 -11
right_child=7 3 8 6 -6 -7 -8 -9 -10 10 -12
leaf_value=-0.018350547768409425 0 0.033324701844482045 0.04101604469860564 -0.012968758090575645 -0.028691906518143878 -0.0010138417975829037 0.017764733693030513 -0.0098375109396556804 0 0.046236928903972491 0.010051547307895202
leaf_weight=111.66457197070122 5.0363436713814798 40.280145525932312 11.99180030077696 38.400113470852375 5.0931576639413825 151.28267475962639 15.92419523000717 6.7964368909597388 8.5070176944136602 13.796927616000177 6.1977306902408591
leaf_count=636 35 271 84 223 31 916 101 45 54 99 46
internal_value=-6.19971e-05 -0.00185857 -0.00599223 0.00933992 0.0248165 -0.0086072 -0.00289776 0.0194401 0.0240656 0.0293829 0.0384151
internal_weight=414.971 383.144 283.446 99.6976 45.3733 262.947 54.3243 31.8274 20.4988 25.031 19.9947
internal_count=2541 2316 1690 626 302 1552 324 225 138 180 145
is_linear=0
shrinkage=0.05


Tree=26
num_leaves=12
num_cat=0
split_feature=31 111 4 38 2 40 15 91 109 13 95
split_gain=5.36615 5.41457 8.34095 7.46804 8.74005 5.86907 5.34781 3.26981 3.12282 3.08027 2.80166
threshold=0.78535846000000009 1.0577031725336814 12.500000000000002 2.0157485000000004 0.75667433333333356 4.0500000000000007 1.6333333333333335 2.100000000000001 0.22735274214316878 4.8333333333333348 0.014754700000000011
decision_type=2 2 2 2 2 2 2 2 2 2 2
left_child=7 3 10 4 -2 -4 -5 8 -1 -10 -3
right_child=1 2 5 6 -6 -7 -8 -9 9 -11 -12
leaf_value=0.050212319838302835 -0.042040744081050518 0.043062509266099044 -0.021146739081458456 0.025719547459694403 -0.0053464058931297388 0.013878734977224022 -0.0078844915800948077 -0.0017445060911229816 0.029784758248850976 -0.02127786522572921 0.0073892966577447528
leaf_weight=10.171471938490873 17.082876428961754 17.502576567232612 22.868924155831337 30.275761172175407 249.02408373355865 21.891269505023956 15.472199827432631 7.0829155445098868 5.3304926306009275 3.8690573573112488 14.181228138506411
leaf_count=75 94 111 146 210 1473 141 101 48 33 24 85
internal_value=-4.50569e-05 -0.00167102 0.00996718 -0.00470641 -0.00803778 -0.00299492 0.0133594 0.0211916 0.0317065 0.00342653 0.0293401
internal_weight=414.753 388.299 76.444 311.855 266.107 44.7602 45.748 26.4539 19.371 9.19955 31.6838
internal_count=2541 2361 483 1878 1567 287 311 180 132 57 196
is_linear=0
shrinkage=0.05


Tree=27
num_leaves=12
num_cat=0
split_feature=74 40 109 116 128 18 30 113 113 58 17
split_gain=5.22921 7.63196 7.20844 9.4685 7.06418 6.91886 5.21478 6.29657 3.99328 3.44204 3.40486
threshold=1.0000000180025095e-35 4.8166666666666673 0.15706224563681312 0.93676766766060715 0.78270724755597276 16.266666666666669 1.1336692428571431 0.48449519230769239 0.46013328776486678 0.55000000000000016 1.2232108000000002
decision_type=2 2 2 2 2 2 2 2 2 2 2
left_child=1 6 8 4 -4 -5 -1 -8 -2 -10 -3
right_child=2 10 3 5 -6 -7 7 -9 9 -11 -12
leaf_value=0.0064545418895706535 -0.0041403035472161679 -0.0053865025401198391 -0.0062692311311856918 -0.051381215690517804 0.0083095580397690109 0.00039512919411013674 -0.0052202185952587351 -0.066963054153221041 0 0.049051859155918434 0.043054052320906887
leaf_weight=4.3620240241289165 4.5990250930190113 5.7359955757856351 142.31090724468231 14.037664987146856 191.55749401450157 8.0418777242302877 9.2029304802417773 11.775733694434164 3.7820455878973034 14.578254021704195 4.6589442640542984
leaf_count=25 34 35 812 79 1219 52 54 63 26 113 29
internal_value=-2.34011e-05 -0.0181512 0.00159794 -4.89212e-05 0.00194589 -0.0311566 -0.0331865 -0.0436225 0.0281533 0.038621 0.0138094
internal_weight=414.643 35.7356 378.907 355.948 333.868 22.0795 25.3407 20.9787 22.9593 18.3603 10.3949
internal_count=2541 206 2335 2162 2031 131 142 117 173 139 64
is_linear=0
shrinkage=0.05


Tree=28
num_leaves=10
num_cat=0
split_feature=96 30 126 87 76 109 110 96 18
split_gain=5.15501 6.3134 5.01853 8.27824 11.4355 6.96361 6.0534 5.98073 5.59925
threshold=-0.61636725000000003 1.5774612000000001 0.28966272065054161 -0.40171559999999989 1.6833333333333336 0.2934995130525459 0.34692868707999608 0.066534050000000136 8.1000000000000014
decision_type=2 2 2 2 2 2 2 2 2
left_child=1 -1 5 7 -5 8 -7 -4 -2
right_child=2 -3 3 4 -6 6 -8 -9 -10
leaf_value=-0.059206292063228118 -0.033526751416589444 0.00024832897161825859 0.031646666447667178 -0.039977967746864983 0.030804388219334372 -0.048797711585168928 0.0028747780147075287 -0.021700035417114492 0.0062933243853354184
leaf_weight=7.0833459049463254 7.7513641193509093 6.4247129783034325 13.01438243687153 30.14675509929657 5.397258795797824 10.605272620916368 7.613181695342063 6.4818590730428687 319.8355753198266
leaf_count=39 45 41 76 158 32 54 39 35 2022
internal_value=-2.29728e-05 -0.0294141 0.000913782 -0.0127938 -0.0273128 0.00327033 -0.025577 0.0112778 0.00509977
internal_weight=414.354 13.5081 400.846 55.0403 35.544 345.805 18.2185 19.4962 327.587
internal_count=2541 80 2461 301 190 2160 93 111 2067
is_linear=0
shrinkage=0.05


Tree=29
num_leaves=11
num_cat=0
split_feature=31 46 20 80 118 79 96 97 91 18
split_gain=4.80922 5.22371 13.7262 6.00637 15.1685 7.44405 5.81945 4.53489 3.1358 3.63988
threshold=0.78535846000000009 0.83333333333333337 4.366666666666668 0.0081816666666662558 75.300000000000011 -0.75 -0.10527941000000006 0.95000000000000029 2.100000000000001 15.500000000000002
decision_type=2 2 2 2 2 2 2 2 2 2
left_child=8 2 6 5 -5 -3 -2 -4 9 -1
right_child=1 3 7 4 -6 -7 -8 -9 -10 -11
leaf_value=0 -0.0022594635317407822 -0.0068839799603927984 -0.0085085269590526851 -0.016390599225677597 0.021655178320537205 0.014806800480892042 -0.075114914203570554 0.024465310029452944 -0.0020807560172078545 0.047145016066712994
leaf_weight=7.317235976457602 5.7096085399389258 55.0848034247756 54.391260556876659 100.54825220257044 33.540269494056702 117.25887362658978 10.011203244328497 11.565149381756781 7.0423047766089431 11.588000953197477
leaf_count=45 31 330 321 604 217 724 54 80 48 87
internal_value=-2.74196e-05 -0.00156168 -0.0127744 0.00129618 -0.00641402 0.00758579 -0.0533626 -0.00170092 0.0202722 0.0307969
internal_weight=414.057 388.109 81.6772 306.432 134.089 172.344 15.7208 65.9564 25.9475 18.9052
internal_count=2541 2361 486 1875 821 1054 85 401 180 132
is_linear=0
shrinkage=0.05


Tree=30
num_leaves=16
num_cat=0
split_feature=68 41 23 38 101 112 25 12 109 22 87 110 97 39 124
split_gain=4.87599 6.99633 7.60558 6.0191 9.67441 9.75538 8.81 7.67039 10.5818 7.37211 5.33548 4.94757 5.0413 4.52729 1.15918
threshold=0.35416666666666669 4.1833333333333345 1.2850984000000003 1.6469896500000003 2.4226190476190479 0.50319044822861636 13.450000000000001 5.8333333333333348 0.24756788091924439 3.1000000000000005 0.33188380000000006 0.27163318339247378 -0.099999999999999908 9.9500000000000011 0.53548945028282924
decision_type=2 2 2 2 2 2 2 2 2 2 2 2 2 2 2
left_child=3 11 13 4 5 -1 -6 9 -9 -5 -4 12 -2 -3 -13
right_child=1 2 10 7 6 -7 -8 8 -10 -11 -12 14 -14 -15 -16
leaf_value=-0.044131161911738805 -0.04891806921757802 -0.0054861087352602875 -0.020545553305332934 0.016539516224226471 -0.0049810979782840279 0 0.020866877277509598 0.016427976540439659 -0.073012605194122268 -0.040965304893135379 0.019339983589359882 0.00086106977996630064 0.0082188378439498559 -0.063414192705413472 0.04774959105122735
leaf_weight=24.202525094151497 4.3213426321744928 7.4686248973011997 21.300482898950577 126.88020899891853 100.99788577854633 22.043283678591251 46.732407607138157 4.8916547968983632 5.3220982700586319 4.429084673523902 11.617994524538515 4.5505658537149412 10.255532838404179 12.646248221397398 6.1859011352062225
leaf_count=129 24 42 124 841 587 129 296 35 33 29 70 25 68 71 38
internal_value=-2.45646e-05 -0.0112906 -0.0217638 0.00248345 -0.00303724 -0.0228624 0.00294469 0.0103693 -0.0280731 0.013927 -0.00483937 0.00874465 -0.00756265 -0.045552 0.0339032
internal_weight=413.846 78.3467 53.0334 335.499 193.976 46.2458 147.73 141.523 10.2138 131.309 32.9185 25.3133 14.5769 20.1149 10.7365
internal_count=2541 462 307 2079 1141 258 883 938 68 870 194 155 92 113 63
is_linear=0
shrinkage=0.05


Tree=31
num_leaves=10
num_cat=0
split_feature=96 30 38 39 38 125 123 123 23
split_gain=4.63786 5.47875 5.29156 6.19654 7.37319 6.54131 4.40901 5.88381 2.93827
threshold=-0.61636725000000003 1.5774612000000001 2.0157485000000004 11.121428571428572 1.6186668 0.40083930109801974 0.60759476927417022 0.57322320890538003 0.77001640000000016
decision_type=2 2 2 2 2 2 2 2 2
left_child=1 -1 3 4 -2 -5 7 -4 -8
right_child=2 -3 6 5 -6 -7 8 -9 -10
leaf_value=-0.054861582822370275 -0.020643836279633964 0 0.013255966583837517 -0.0027252917788198358 0.001595074245209686 0.0154967036428069 0 -0.035072898022660386 0.040518197426453677
leaf_weight=7.3052080571651441 72.027518682181835 6.3788146302103996 29.335445240139961 124.23224531114101 68.086766302585602 76.968279235064983 4.4729966595768955 6.7641034349799147 17.910700373351574
leaf_count=39 393 41 202 742 424 489 30 43 138
internal_value=-3.25549e-05 -0.0277408 0.00085792 -0.00140342 -0.00954807 0.00404033 0.0146977 0.0021514 0.0318363
internal_weight=413.482 13.684 399.798 341.315 140.114 201.201 58.4832 36.0995 22.3837
internal_count=2541 80 2461 2048 817 1231 413 245 168
is_linear=0
shrinkage=0.05


Tree=32
num_leaves=13
num_cat=0
split_feature=74 109 116 100 18 91 25 90 17 113 58 81
split_gain=4.46259 6.17638 8.30281 7.58452 5.91317 5.58149 6.49485 4.99981 3.91004 3.86867 3.35268 2.91063
threshold=1.0000000180025095e-35 0.15706224563681312 0.93676766766060715 0.34848484848484856 16.266666666666669 -0.29166666666666657 11.900000000000002 0.90000000000000036 1.2494737000000002 0.46013328776486678 0.55000000000000016 -0.016518833333333423
decision_type=2 2 2 2 2 2 2 2 2 2 2 2
left_child=5 9 3 -3 -4 8 7 -7 -1 -2 -11 -10
right_child=1 2 4 -5 -6 6 -8 -9 11 10 -12 -13
leaf_value=-0.024191315281680212 -0.0052902884220189968 -0.0014873664608808061 -0.047180489395449776 0.018029009251290133 0.00011024436510306345 -0.070929440879395497 0.0044593189648150832 0 0.041663215370143218 0 0.047988816622925937 -0.00029751229196373823
leaf_weight=6.4120107144117382 4.5102431327104595 273.56740576028824 14.440727703273298 59.061573036015034 7.9927190840244284 9.5074454993009585 5.1252743154764167 4.2351003587245932 6.3440164625644693 3.7204731777310398 13.836833633482454 4.4786325842142078
leaf_count=37 34 1669 79 362 52 50 31 25 38 26 113 25
internal_value=-2.28907e-05 0.00147982 -8.54173e-06 0.00187174 -0.0289121 -0.0166848 -0.0349351 -0.0523247 0.00137316 0.026557 0.0372768 0.0215134
internal_weight=413.232 377.13 355.062 332.629 22.4334 36.1025 18.8678 13.7425 17.2347 22.0675 17.5573 10.8226
internal_count=2541 2335 2162 2031 131 206 106 75 100 173 139 63
is_linear=0
shrinkage=0.05


Tree=33
num_leaves=12
num_cat=0
split_feature=29 101 40 68 123 12 25 41 47 108 51
split_gain=4.3773 4.47817 4.97831 4.36911 6.58318 10.5733 7.8267 6.57167 7.88334 4.81856 0.913628
threshold=0.68333333333333346 2.9583333333333335 4.2928571428571436 0.35416666666666669 0.53180334833413856 5.8333333333333348 6.5000000000000009 4.1833333333333345 1.0000000180025095e-35 0.48634149552396005 0.83333333333333337
decision_type=2 2 2 2 2 2 2 2 2 2 2
left_child=1 10 -3 4 5 -2 -6 9 -9 -5 -1
right_child=3 2 -4 7 6 -7 -8 8 -10 -11 -12
leaf_value=0.0015732322474422838 -0.00185351081509578 -0.043380830994230277 0.02698328295667219 0.02988368846405319 -0.049092754428038621 -0.047649339788512261 0.0091275983813926959 0.0010761726537440641 -0.036765346864492808 -0.011780299560717328 0.046800469854777156
leaf_weight=4.0461027696728733 113.90746300667524 3.8548528254032126 3.7218263074755669 12.223226770758631 4.747640796005725 13.625644877552984 183.52859644591808 18.898501291871071 32.942059822380543 11.724551893770693 9.7484596744179708
leaf_count=26 649 27 26 72 27 76 1201 112 184 75 66
internal_value=-2.70365e-05 0.0213566 -0.00387063 -0.00137282 0.00108031 -0.00746799 0.00714371 -0.0121271 -0.0222647 0.00782674 0.0379174
internal_weight=412.969 21.3712 7.57668 391.598 315.809 127.533 188.276 75.7883 51.8406 23.9478 13.7946
internal_count=2541 145 53 2396 1953 725 1228 443 296 147 92
is_linear=0
shrinkage=0.05


Tree=34
num_leaves=15
num_cat=0
split_feature=102 33 99 38 96 47 126 22 88 123 89 122 63 82
split_gain=4.29648 6.69817 6.42586 9.84286 6.27564 6.14571 7.50568 8.5512 6.51351 8.61085 3.41939 5.46305 4.2708 2.77696
threshold=9.5000000000000018 5.878571428571429 0.5634920634920636 1.8748432000000002 -0.61636725000000003 1.0000000180025095e-35 0.28420454935114076 2.2916666666666674 0.25952840000000027 0.50534455484536001 0.29723599999999989 40.940000000000012 1.1000000000000003 -0.10535500000000007
decision_type=2 2 2 2 2 2 2 2 2 2 2 2 2 2
left_child=1 2 4 -4 -1 6 7 -2 9 -7 12 -12 -3 -10
right_child=5 10 3 -5 -6 8 -8 -9 13 -11 11 -13 -14 -15
leaf_value=-0.035485520319113041 0.02942156092459839 0.00020406862792210587 -0.038486123785760065 0.019124312592633985 0.0038461347837147222 0.001231375263877449 -0.038438062492882501 -0.03648723227868083 0.034736023978282203 -0.04914198402509927 0.020832437104781939 -0.046551236057767072 0.035217492923637343 -0.0085002976308579444
leaf_weight=9.4557963758707029 24.402466826140884 16.38346928358078 23.520583957433701 8.6008614376187307 234.05952191352844 9.8778737783431989 6.6386057287454596 4.6129288226366034 4.5971528142690659 24.249105103313923 5.6446498334407789 4.0691631361842155 29.275913670659065 7.3610578477382642
leaf_count=53 152 117 135 60 1400 54 35 29 28 149 42 24 218 45
internal_value=-2.39075e-05 0.00239507 -0.000640013 -0.0214391 0.0019755 -0.0103346 0.00406413 0.0164109 -0.0223859 -0.0335183 0.0181334 -0.00443834 0.0239992 0.00566061
internal_weight=412.749 331.01 275.637 32.1214 243.515 81.7392 35.654 29.0154 46.0852 34.127 55.3732 9.71381 45.6594 11.9582
internal_count=2541 2049 1648 195 1453 492 216 181 276 203 401 66 335 73
is_linear=0
shrinkage=0.05


Tree=35
num_leaves=10
num_cat=0
split_feature=18 38 25 13 82 41 90 126 121
split_gain=4.18235 5.15373 4.72501 6.70202 6.59306 6.26759 7.44018 6.7973 4.45847
threshold=8.1000000000000014 1.6186668 7.9000000000000012 2.8333333333333335 -0.0055601666666666985 4.2111111111111121 -0.79999999999999993 0.24935434273962961 44.195000000000007
decision_type=2 2 2 2 2 2 2 2 2
left_child=1 -1 3 8 -5 6 -4 -7 -2
right_child=2 -3 5 4 -6 7 -8 -9 -10
leaf_value=-0.063082227127538248 0.036164212359224061 0 -0.012243257504951081 -0.0073667181090632736 -0.065817335681973912 0.0074097347491825288 0.018729967915060191 -0.0089933674753828897 -0.017466470361756633
leaf_weight=4.814247861504553 7.1908072531223279 5.6732491552829742 21.722297921776772 15.49396339058876 8.3568614944815636 109.57422780990601 91.744511283934116 142.81668725609779 5.1520444378256798
leaf_count=25 48 33 128 90 44 718 598 827 30
internal_value=-1.67869e-05 -0.0298749 0.000710196 -0.0160939 -0.0316831 0.00254823 0.0123084 -0.00167358 0.0103995
internal_weight=412.539 10.4875 402.051 36.1937 23.8508 365.858 113.467 252.391 12.3429
internal_count=2541 58 2483 212 134 2271 726 1545 78
is_linear=0
shrinkage=0.05


Tree=36
num_leaves=11
num_cat=0
split_feature=38 25 45 92 16 34 124 90 103 9
split_gain=4.02896 5.36029 6.07691 6.21959 5.1943 5.20522 3.75105 3.58656 3.11537 2.1468
threshold=2.2112515500000005 7.9000000000000012 2.1666666666666674 -0.45833333333333326 0.78182440000000009 4.6833333333333345 0.45400888767749681 -0.79999999999999993 9.5000000000000018 1.6218675000000002
decision_type=2 2 2 2 2 2 2 2 2 2
left_child=1 2 3 -1 7 -6 -2 -3 9 -8
right_child=6 4 -4 -5 5 -7 8 -9 -10 -11
leaf_value=-0.034102105675194595 -0.014704074495307813 0 -0.069797815676054503 0.0102978448725475 0.013149783390923937 -0.0016679367048535697 0.041692189056875488 -0.057122574255633975 0 0
leaf_weight=12.783526301383974 5.0026794001460102 6.9684579148888588 4.6085505783557883 15.23810590803623 74.315638773143291 262.4319664016366 16.471374057233341 5.5016268491744977 5.6540109291672698 3.2058997973799697
leaf_count=69 34 39 27 87 436 1629 128 29 38 25
internal_value=-3.50842e-05 -0.00156585 -0.020645 -0.00871177 0.000127953 0.00148335 0.0170737 -0.0301546 0.0255685 0.0347732
internal_weight=412.182 381.848 32.6302 28.0216 349.218 336.748 30.334 12.4701 25.3313 19.6773
internal_count=2541 2316 183 156 2133 2065 225 68 191 153
is_linear=0
shrinkage=0.05


Tree=37
num_leaves=10
num_cat=0
split_feature=31 46 20 87 11 96 97 91 18
split_gain=4.03309 4.42437 11.8368 5.89488 5.95917 4.7799 3.83377 2.88942 3.40189
threshold=0.78535846000000009 0.83333333333333337 4.366666666666668 1.3022064000000002 10.833333333333334 -0.10527941000000006 0.95000000000000029 2.100000000000001 15.500000000000002
decision_type=2 2 2 2 2 2 2 2 2
left_child=7 2 5 4 -3 -2 -4 8 -1
right_child=1 3 6 -5 -6 -7 -8 -9 -10
leaf_value=0 -0.0015796728367909671 -0.0050368091741697591 -0.0075423577328445832 -0.040002314671336171 0.0090147700220052328 -0.068000235547712534 0.023124590869556694 -0.0023988914198497377 0.045783809975017936
leaf_weight=7.2461734786629739 5.7252576798200634 134.67819958925247 54.726291231811047 7.3199233934283248 162.68656530976295 10.435067936778067 11.211050033569334 6.9813048467040053 10.897133074700831
leaf_count=45 31 811 321 46 1018 54 80 48 87
internal_value=-6.05673e-05 -0.00146151 -0.0117469 0.00117571 0.0024876 -0.0488459 -0.00131365 0.0188228 0.0292993
internal_weight=411.907 386.782 82.0977 304.685 297.365 16.1603 65.9373 25.1246 18.1433
internal_count=2541 2361 486 1875 1829 85 401 180 132
is_linear=0
shrinkage=0.05


Tree=38
num_leaves=12
num_cat=0
split_feature=29 101 40 44 106 88 118 109 114 51 31
split_gain=3.88009 4.23515 4.57648 4.09029 11.3262 8.94714 5.29412 7.59057 6.41627 0.827439 0.0378264
threshold=0.68333333333333346 2.9583333333333335 4.2928571428571436 0.58333333333333337 3.2750000000000004 -0.18462510000000001 59.800000000000004 0.22544902348291099 1.5091081586315898 0.83333333333333337 1.4442835500000004
decision_type=2 2 2 2 2 2 2 2 2 2 2
left_child=1 9 -3 6 5 -5 7 -2 -8 -1 -6
right_child=3 2 -4 4 10 -7 8 -9 -10 -11 -12
leaf_value=0.0013960458798565865 0.01064268997386153 -0.041522237636932469 0.02591486061294845 0.00061119509159332139 0.043692769902753822 -0.040599577786366942 -0.007637170254885646 -0.020584416888772453 0.0096346908187202665 0.045604071386669796 0.0036636778427676787
leaf_weight=4.0270705446600941 26.302891418337822 3.9187162071466437 3.6173489838838577 19.125718206167221 5.0159121304750425 29.339100994169712 72.939380183815956 56.506101377308369 178.06420287489891 9.3430618271231634 3.445582240819931
leaf_count=26 173 27 26 112 33 165 428 316 1145 66 24
internal_value=-6.97986e-05 0.020274 -0.00405083 -0.00133489 -0.0136435 -0.0236421 0.00064928 -0.0100604 0.00440684 0.0367918 0.0347872
internal_weight=411.645 20.9062 7.53607 390.739 56.9263 48.4648 333.813 82.809 251.004 13.3701 8.46149
internal_count=2541 145 53 2396 334 277 2062 489 1573 92 57
is_linear=0
shrinkage=0.05


Tree=39
num_leaves=13
num_cat=0
split_feature=10 85 90 27 126 95 121 13 90 6 42 118
split_gain=3.82786 6.16919 5.62361 5.09273 7.88405 8.55039 5.62722 6.13462 4.47293 4.03553 3.50427 3.02714
threshold=2.3834230000000005 -1.3666666666666665 0.20000000000000001 5.4500000000000011 0.25021377095989727 0.39265454999999977 55.750000000000007 2.1666666666666674 -0.45000000000000001 6.416666666666667 2.6666666666666674 54.000000000000007
decision_type=2 2 2 2 2 2 2 2 2 2 2 2
left_child=3 2 -2 6 5 -5 7 -1 -3 -6 -8 -10
right_child=1 8 -4 4 9 -7 10 -9 11 -11 -12 -13
leaf_value=0.022693311070477007 0.0086970726325536589 -0.010975166906841985 -0.057464666524046998 0.032431174568665976 -0.013502328810398485 -0.02856048503484835 0.03190298845096106 -0.0094882122545710528 0 0.015571264645795719 -0.011833207685362612 0.040860626203192613
leaf_weight=14.011634066700934 5.8029477074742299 4.5858572050929096 3.9831209555268288 38.13934713602066 38.297882772982121 5.07215742021799 14.530524514615538 241.44492888450623 4.3649954050779369 15.080582559108732 3.8949790671467772 22.358676582574844
leaf_count=89 40 30 24 271 218 31 103 1417 28 97 27 166
internal_value=-2.78042e-05 0.0141344 -0.0164275 -0.0017672 0.00784602 0.023657 -0.0053556 -0.00744651 0.025447 -0.00423362 0.0199504 0.0336711
internal_weight=411.568 41.0956 9.78607 370.472 96.59 43.2115 273.882 255.457 31.3095 53.3785 18.4255 26.7237
internal_count=2541 288 64 2253 617 302 1636 1506 224 315 130 194
is_linear=0
shrinkage=0.05


Tree=40
num_leaves=16
num_cat=0
split_feature=100 79 20 32 112 121 94 40 122 102 96 123 99 9 124
split_gain=3.83986 6.32106 7.19054 7.68782 6.42365 8.92204 6.39122 6.26397 6.23214 6.67345 6.21537 5.1622 3.32699 3.28536 2.97797
threshold=0.34848484848484856 0.83333333333333337 4.366666666666668 14.775000000000002 0.51808894230769253 39.385000000000005 0.014391199999999828 4.0500000000000007 39.385000000000005 6.5000000000000009 -0.25700569999999995 0.62311608229586468 0.14835164835164838 1.3204805000000002 0.61390456589131148
decision_type=2 2 2 2 2 2 2 2 2 2 2 2 2 2 2
left_child=1 4 6 -4 5 -1 -3 8 9 -2 -6 -10 13 -9 -14
right_child=7 2 3 -5 10 -7 -8 12 11 -11 -12 -13 14 -15 -16
leaf_value=0.011192533856112328 -0.06573522409840081 -0.076638213394279397 0.010301930165831395 -0.026323700659474189 -0.0070037352678396104 -0.012631954770134707 -0.00017503227117591881 -0.021030384112026637 0.024005138042580015 0 0.019832035907279277 -0.022257754105446115 0.04947399972439373 0.022150667830862815 0
leaf_weight=55.912074901163578 5.8636194095015508 7.3996520787477476 27.991504736244678 25.535100258886814 27.713071040809155 117.93633348494768 6.0797964856028557 5.5683918446302405 19.850382864475254 7.8749958053231239 66.559437893331051 6.6087628081440917 14.735290065407755 10.279729127883909 5.3685669600963584
leaf_count=339 32 40 172 171 167 713 35 33 116 48 438 41 94 65 37
internal_value=-1.48994e-05 -0.00244394 -0.0160987 -0.00641583 0.000829866 -0.00466351 -0.0479972 0.00992006 -0.00257632 -0.0296704 0.0114277 0.0102393 0.0249369 0.00366318 0.0383698
internal_weight=411.277 335.127 67.0061 53.5266 268.121 173.848 13.4794 76.1497 40.1978 13.7386 94.2725 26.4591 35.952 15.8481 20.1039
internal_count=2541 2075 418 343 1657 1052 75 466 237 80 605 157 229 98 131
is_linear=0
shrinkage=0.05


Tree=41
num_leaves=13
num_cat=0
split_feature=102 33 33 127 38 38 26 87 101 89 122 112
split_gain=3.75919 5.75745 5.72788 7.33876 6.22489 5.40818 8.95291 6.53424 6.07475 3.04836 4.72068 2.88556
threshold=9.5000000000000018 5.878571428571429 5.6833333333333345 0.33101176827032525 2.2575630785714291 0.99411991666666666 4.4500000000000011 0.44442900000000002 2.5916666666666672 0.29723599999999989 40.940000000000012 0.48449519230769239
decision_type=2 2 2 2 2 2 2 2 2 2 2 2
left_child=1 2 4 -4 -1 -2 7 -7 -8 11 -11 -3
right_child=5 9 3 -5 -6 6 8 -9 -10 10 -12 -13
leaf_value=-0.00080983024200253053 -0.052951850547997337 0 0 -0.075604272608289724 0.032259425536622498 -0.0067044175461939085 -0.015395863976978239 -0.052816193126983171 0.034866504121248941 0.019804501019163423 -0.042507612566227884 0.029202150617019154
leaf_weight=249.220348931849 5.8887253776192656 9.4033854827284795 7.1285492405295354 4.6930681616067886 13.990335024893282 42.455947861075401 6.6434486433863666 9.6941452100872976 17.294713951647282 5.5091732665896398 4.2124860510230064 34.944894395768642
leaf_count=1469 34 69 46 25 108 249 40 57 112 42 24 266
internal_value=-1.96652e-05 0.00224974 -0.000527728 -0.033273 0.000874089 -0.00965022 -0.00500693 -0.0170493 0.0188544 0.0170386 -0.00397881 0.0227345
internal_weight=411.079 329.102 275.032 11.8216 263.211 81.977 76.0883 52.1501 23.9382 54.0699 9.72166 44.3483
internal_count=2541 2049 1648 71 1577 492 458 306 152 401 66 335
is_linear=0
shrinkage=0.05


Tree=42
num_leaves=11
num_cat=0
split_feature=74 10 4 109 116 74 118 25 113 58
split_gain=3.63836 5.42454 7.64256 5.00387 7.39119 5.02889 4.6388 4.57813 3.85984 3.09016
threshold=1.0000000180025095e-35 1.1397323333333336 10.41666666666667 0.15706224563681312 0.93676766766060715 0.29285714285714287 59.800000000000004 12.100000000000001 0.46013328776486678 0.55000000000000016
decision_type=2 2 2 2 2 2 2 2 2 2
left_child=1 -1 -3 8 6 -6 -5 -4 -2 -10
right_child=3 2 7 4 5 -7 -8 -9 9 -11
leaf_value=0.016978742907372731 -0.0078863915623188351 0.018663606398145693 -0.051568719278550335 -0.0083908701142340041 0 -0.049853596308805301 0.0052677382428311364 0 0 0.046640631020840109
leaf_weight=7.7390078678727141 4.3104687407612827 5.6279256194829967 16.948315948247913 79.79532266408205 11.594607666134836 11.057788908481596 250.91703931987286 6.1064650341868392 3.6905025392770794 12.885423906147478
leaf_count=47 34 32 90 461 69 62 1570 37 26 113
internal_value=-4.33303e-05 -0.0150227 -0.0256228 0.00131736 0 -0.0271198 0.00180605 -0.0388387 0.024522 0.0357636
internal_weight=410.673 36.4217 28.6827 374.251 353.365 22.6524 330.712 23.0548 20.8864 16.5759
internal_count=2541 206 159 2335 2162 131 2031 127 173 139
is_linear=0
shrinkage=0.05


Tree=43
num_leaves=15
num_cat=0
split_feature=100 63 116 111 126 2 126 62 11 2 6 91 122 4
split_gain=3.62938 7.10456 9.36103 5.99621 5.66493 9.88153 8.82971 8.36735 7.61454 7.47404 5.22149 4.9351 3.5363 2.30294
threshold=0.34848484848484856 0.90000000000000013 -0.0063931237844283553 1.0520366818125551 0.22154792548934168 1.4313708333333337 0.231103711044885 0.29166666666666669 12.500000000000002 2.4104315000000005 5.166666666666667 1.8333333333333337 52.385000000000005 11.583333333333334
decision_type=2 2 2 2 2 2 2 2 2 2 2 2 2 2
left_child=4 2 -2 13 5 8 7 -6 -1 -8 -4 -7 -5 -3
right_child=1 3 10 12 6 11 9 -9 -10 -11 -12 -13 -14 -15
leaf_value=-0.030112718210971889 0.035602251997104782 0.002474425225405431 0 -0.002976959990948283 -0.056699505351740079 0.030407178435004852 -6.840226837066113e-05 0.0049318813391050894 0.017358787949261215 -0.031684156474123801 -0.060008933425215544 -0.00027035019062899922 0.028806927572829051 0.05144181456735273
leaf_weight=21.537504732608795 4.5852191299200085 5.6702657192945507 4.7739043980836859 27.582412786781788 14.743617944419386 40.016296960413456 206.48388614505529 6.0965522900223723 11.285278677940367 19.928843848407269 8.4776331931352598 14.605069525539873 10.551624387502669 14.058803692460058
leaf_count=126 27 34 27 175 90 292 1222 40 73 125 47 107 63 93
internal_value=-4.31971e-05 0.00964313 -0.0158843 0.0184978 -0.00240514 0.00822624 -0.00638446 -0.0369803 -0.0122819 -0.00319817 -0.0384558 0.0214481 0.00505131 0.0405786
internal_weight=410.397 75.6999 17.8368 57.8631 334.697 87.4441 247.253 20.8402 32.8228 226.413 13.2515 54.6214 38.134 19.7291
internal_count=2541 466 101 365 2075 598 1477 130 199 1347 74 399 238 127
is_linear=0
shrinkage=0.05


Tree=44
num_leaves=12
num_cat=0
split_feature=29 101 40 102 106 124 39 27 4 88 31
split_gain=3.59296 4.01793 4.02164 3.77076 5.64521 6.35362 5.32254 5.65227 4.15059 3.70078 0.872962
threshold=0.68333333333333346 2.9583333333333335 4.2928571428571436 9.5000000000000018 2.5750000000000006 0.53475929714943204 17.650000000000002 5.4500000000000011 13.833333333333334 -0.051427199999999999 0.99918532500000001
decision_type=2 2 2 2 2 2 2 2 2 2 2
left_child=1 10 -3 6 9 -6 7 -2 -8 -5 -1
right_child=3 2 -4 4 5 -7 8 -9 -10 -11 -12
leaf_value=0.044845371292629596 -0.0012136619227593171 -0.038413250940816539 0.024721028626305729 -0.051535442146386626 -0.019758646023215594 0.013529332874286466 -0.066053983827624882 0.014718413217820523 0 -0.0051234657076015058 0.00010291070913401985
leaf_weight=9.1858139708638209 233.76172452419996 4.0307561457157126 3.5009917020797729 11.281917318701746 25.880649283528328 28.99893693625927 4.1249729767441732 70.381671845912933 4.037868820130825 11.168483830988405 3.8747029751539221
leaf_count=68 1428 27 26 62 151 182 26 456 26 65 24
internal_value=-2.65627e-05 0.0196973 -0.00374818 -0.00124472 -0.011114 -0.00134682 0.00106709 0.00234547 -0.0361654 -0.0317819 0.0360789
internal_weight=410.228 20.5923 7.53175 389.636 77.33 54.8796 312.306 304.143 8.16284 22.4504 13.0605
internal_count=2541 145 53 2396 460 333 1936 1884 52 127 92
is_linear=0
shrinkage=0.05


Tree=45
num_leaves=11
num_cat=0
split_feature=10 30 30 102 29 36 126 87 85 76
split_gain=3.38911 4.67309 6.47364 5.77597 4.49075 4.40947 3.05989 2.97476 1.7768 0.0974226
threshold=2.6273750000000002 2.4496134000000001 2.3590900500000003 5.5000000000000009 0.68333333333333346 2.2678571428571432 0.24386318169818277 1.4378999000000003 1.5500000000000003 2.0500000000000003
decision_type=2 2 2 2 2 2 2 2 2 2
left_child=1 2 4 -4 -1 9 -7 8 -3 -2
right_child=5 7 3 -5 -6 6 -8 -9 -10 -11
leaf_value=0.024980483303727458 0.044261867363949325 0.039978491983813466 0 -0.081153802643573192 -0.0027846462628300073 -0.038028909989913207 0.016601747068552906 -0.0019941816317553258 0 0.0050883292597194499
leaf_weight=13.980034455657004 8.6036441773176211 12.43314976245165 3.4617748633027068 3.9228082299232483 347.35751932114363 3.5622433647513381 3.7136212438344955 6.1191618368029586 3.1706988885998717 3.722181372344493
leaf_count=95 64 100 26 26 2085 25 26 41 24 29
internal_value=-3.1004e-05 -0.001192 -0.00266181 -0.0463096 -0.00150645 0.0196033 -0.00546684 0.020575 0.0320241 0.0374538
internal_weight=410.047 390.445 368.722 7.38458 361.338 19.6017 7.27586 21.723 15.6038 12.3258
internal_count=2541 2397 2232 52 2180 144 51 165 124 93
is_linear=0
shrinkage=0.05


Tree=46
num_leaves=11
num_cat=0
split_feature=114 116 17 111 100 79 86 101 101 6
split_gain=3.42866 5.32943 5.95962 7.12494 5.77234 7.0873 5.07163 4.692 3.58887 3.0895
threshold=2.4328117907984321 0.79486308878288447 1.1289897000000002 1.0525757364232866 0.36931818181818188 0.83333333333333337 -1.0999999999999994 2.379807692307693 3.7207792207792214 8.8333333333333339
decision_type=2 2 2 2 2 2 2 2 2 2
left_child=1 4 -3 -4 5 -1 -6 -2 9 -9
right_child=7 2 3 -5 6 -7 -8 8 -10 -11
leaf_value=0.00075553325841276522 -0.023021716678910797 0.011516511307609454 0 -0.063242515580357372 -0.024575535863427669 -0.018496567059279719 0.019119631016193531 0.039349941881076822 -0.011510001851362455 0
leaf_weight=233.54125887900591 4.9193286746740332 5.8346863090992001 6.2693261876702335 10.508631847798823 5.7235028967261306 57.799070179462433 55.12502708286047 19.863864623010166 3.9279704466462126 6.480194352567195
leaf_count=1429 34 36 36 56 32 350 348 144 28 48
internal_value=-1.26873e-05 -0.00154892 -0.0245446 -0.0398401 0 -0.00294307 0.0138703 0.0145579 0.0228045 0.0299833
internal_weight=409.993 374.802 22.6126 16.778 352.189 291.34 60.8485 35.1914 30.272 26.3441
internal_count=2541 2287 128 92 2159 1779 380 254 220 192
is_linear=0
shrinkage=0.05


Tree=47
num_leaves=10
num_cat=0
split_feature=18 38 80 80 111 114 66 128 126
split_gain=3.33333 4.55279 3.9508 6.89279 8.94565 6.25013 6.61577 6.53357 6.12776
threshold=8.1000000000000014 1.6186668 0.0081816666666662558 0.39368300000000028 1.0578788004594457 1.5091081586315898 1.6833333333333336 0.78270724755597276 0.21957989097088879
decision_type=2 2 2 2 2 2 2 2 2
left_child=1 -1 5 4 -4 6 -2 -7 -5
right_child=2 -3 3 8 -6 7 -8 -9 -10
leaf_value=-0.057087119849191806 -0.013023165287796743 0 -0.025054469501273414 0.021308408870194237 0.017450763722879497 -0.0025741622074472044 0.032770876110422571 0.019629500318176774 -0.0035454721724103109
leaf_weight=5.000248581171034 57.9485784471035 5.7322653606534004 59.481311999261379 31.996888913214207 13.367378167808054 45.835765309631824 7.7040063217282286 90.619513750076294 92.1275534927845
leaf_count=25 332 33 351 235 86 269 50 603 557
internal_value=-1.43688e-05 -0.0263925 0.000634241 -0.00425146 -0.0164472 0.00563948 -0.00648826 0.011843 0.00258087
internal_weight=409.814 10.7325 399.081 196.973 72.8487 202.108 65.6526 136.455 124.124
internal_count=2541 58 2483 1229 437 1254 382 872 792
is_linear=0
shrinkage=0.05


Tree=48
num_leaves=15
num_cat=0
split_feature=63 6 91 36 100 82 106 121 9 86 41 62 64 96
split_gain=3.41327 9.62627 11.8857 6.47332 6.03646 5.5299 5.29462 4.7452 4.7373 5.15673 4.61984 5.20524 3.42607 2.98415
threshold=1.1000000000000003 6.416666666666667 0.68333333333333346 1.9500000000000002 0.36931818181818188 -0.092101833333333202 2.6157894736842109 38.040000000000013 1.9300866666666672 -0.79999999999999993 3.1055555555555561 0.45000000000000007 1.6333333333333335 -0.014831240000000022
decision_type=2 2 2 2 2 2 2 2 2 2 2 2 2 2
left_child=1 10 13 4 5 -2 -4 -6 9 -5 12 -12 -1 -3
right_child=3 2 6 8 7 -7 -8 -9 -10 -11 11 -13 -14 -15
leaf_value=-0.05314676173904085 0.0059758505457386995 -0.082319404304473709 -0.034432801820066535 -0.0046297793065497575 -0.011199658503722919 -0.011346661472956274 0.011648462220155552 0.026686035272014293 -0.016842539553780251 0.0345819144088765 0 0.033980858825258323 0 -0.013871204037896373
leaf_weight=5.2663499712944013 73.044997781515121 8.6673086136579496 8.5953387096524256 7.9619772359728804 8.4247141256928426 111.68518799543381 15.204602368175982 30.532746665179729 5.4169541448354712 33.757356196641922 78.697684288024902 12.470473028719423 4.9619615897536278 4.8547655567526808
leaf_count=29 459 46 52 52 52 669 109 193 35 249 459 75 33 29
internal_value=-6.65764e-06 -0.00647696 -0.0278862 0.00313518 -0.00022337 -0.00423259 -0.003695 0.0171665 0.0197856 0.0259949 0.00111043 0.00525088 -0.0285225 -0.0638352
internal_weight=409.542 138.718 37.322 270.824 223.688 184.73 23.7999 38.9575 47.1363 41.7193 101.396 91.1682 10.2283 13.5221
internal_count=2541 832 236 1709 1373 1128 161 245 336 301 596 534 62 75
is_linear=0
shrinkage=0.05


Tree=49
num_leaves=8
num_cat=0
split_feature=8 10 20 60 95 9 81
split_gain=3.29125 4.40177 7.41551 5.7803 5.03134 4.75963 3.87108
threshold=1.0000000180025095e-35 1.3064571666666669 3.1000000000000005 1.9000000000000001 0.50865130000000003 1.2667598333333336 0.088477000000000153
decision_type=2 2 2 2 2 2 2
left_child=-1 2 -2 4 -3 -4 -5
right_child=1 3 5 6 -6 -7 -8
leaf_value=0.029840991370141259 -0.062867512107017395 -0.0024523636391842701 0.0079686985142189467 0.029082306202574265 0.031107366834137541 -0.012447352243058332 0
leaf_weight=7.9438362941145888 5.1755544245243064 216.31790496408939 39.698956921696663 29.675566621124744 10.711744345724581 81.847011037170887 17.790619105100632
leaf_count=48 27 1371 230 187 78 487 113
internal_value=-2.18379e-05 -0.000810134 -0.00857451 0.00261093 -0.0005202 -0.0053605 0.0183204
internal_weight=409.161 401.217 126.722 274.496 227.03 121.546 47.4662
internal_count=2541 2493 744 1749 1449 717 300
is_linear=0
shrinkage=0.05


Tree=50
num_leaves=15
num_cat=0
split_feature=68 65 94 38 69 74 118 2 4 75 4 94 106 80
split_gain=3.28451 6.5642 8.97478 8.71222 5.37704 5.04255 4.25217 5.94657 7.37814 5.12645 9.30546 5.17093 3.61984 2.65785
threshold=0.35416666666666669 0.36666666666666675 0.16535962500000004 2.2575630785714291 1.6833333333333336 0.15476190476190479 59.800000000000004 1.247859166666667 12.16666666666667 1.4222222222222223 10.41666666666667 0.57196825000000029 2.7928571428571431 0.71007833333333326
decision_type=2 2 2 2 2 2 2 2 2 2 2 2 2 2
left_child=6 2 3 -2 5 -3 7 12 -9 11 -11 -8 -1 -4
right_child=1 4 13 -5 -6 -7 9 8 -10 10 -12 -13 -14 -15
leaf_value=-0.0034606663125635083 -0.044872343140401803 -0.0097499752812438886 0.02563963081877247 0.01708185432496551 -0.028204801756798042 0.0346736666648245 0.0031668654519960379 -0.052460281733035977 -0.0062543789840837334 -0.01734937967655515 0.021416092649714554 -0.024316243878905183 0.031351910257138953 -0.014460044270130343
leaf_weight=12.53439235687256 29.893436834216118 7.0731494948267999 9.77285388112068 5.088434934616088 6.0714910030364981 16.941253989934921 129.46292266249657 10.775794871151446 47.98609720915556 16.795754417777061 82.195152133703232 18.652906991541386 11.706460312008856 4.1976558044552794
leaf_count=69 162 40 61 39 36 99 802 59 289 102 555 130 73 25
internal_value=-4.00183e-06 -0.00921159 -0.0206438 -0.0342467 0.00784684 0.0197237 0.00207073 -0.00741173 -0.0163003 0.00547443 0.014231 -9.87578e-05 0.0119463 0.0100901
internal_weight=409.148 79.0383 48.9524 34.9819 30.0859 24.0144 330.109 83.0027 58.7619 247.107 98.9909 148.116 24.2409 13.9705
internal_count=2541 462 287 201 175 139 2079 490 348 1589 657 932 142 86
is_linear=0
shrinkage=0.05


Tree=51
num_leaves=11
num_cat=0
split_feature=22 10 60 106 31 31 95 81 23 25
split_gain=3.30862 5.02541 5.38863 5.26079 6.33009 5.82322 4.66894 3.94812 3.67418 2.61946
threshold=0.55000000000000016 1.3064571666666669 1.9000000000000001 2.8583333333333338 0.91074197500000009 1.3210965000000003 0.50865130000000003 0.088477000000000153 1.3399288000000003 14.500000000000002
decision_type=2 2 2 2 2 2 2 2 2 2
left_child=8 3 6 4 -2 -5 -3 -4 -1 -10
right_child=1 2 7 5 -6 -7 -8 -9 9 -11
leaf_value=-0.0094001538196460364 0.023486773862472332 -0.0023616813876694339 0.029044561480606246 -0.013620822829141411 -0.024389639984514579 0.01857263988943806 0.030237382602244657 0 0.051126445590191499 0
leaf_weight=4.4536031112074879 5.9291614070534697 214.81062030047178 28.638267688453197 27.673066385090351 60.226540051400661 25.976471975445747 10.510163672268389 17.599072590470314 7.8139192238450033 5.164261057972908
leaf_count=25 44 1361 185 168 333 156 78 112 47 32
internal_value=-1.80892e-05 -0.00111186 0.0025089 -0.00968564 -0.0190684 0.00110657 -0.000493276 0.0178981 0.0205537 0.0343469
internal_weight=408.795 391.363 271.558 119.805 66.1557 53.6495 225.321 46.2373 17.4318 12.9782
internal_count=2541 2437 1736 701 377 324 1439 297 104 79
is_linear=0
shrinkage=0.05


Tree=52
num_leaves=14
num_cat=0
split_feature=27 41 68 52 90 90 34 37 123 21 123 122 81
split_gain=3.11346 6.65662 7.80665 6.97787 5.74324 7.31431 7.0674 5.71384 5.44622 6.40661 4.64763 5.69068 2.74703
threshold=5.4500000000000011 4.2111111111111121 0.2678571428571429 1.1666666666666667 -0.79999999999999993 0.47500000000000014 5.0500000000000007 1.1586785000000004 0.5874005056488828 0.90000000000000013 0.57766992477191237 39.385000000000005 0.68485450000000025
decision_type=2 2 2 2 2 2 2 2 2 2 2 2 2
left_child=1 4 7 -4 6 -6 -1 -3 10 -10 11 -2 -11
right_child=8 2 3 -5 5 -7 -8 -9 9 12 -12 -13 -14
leaf_value=0.0094413024450393564 -0.018480015369930925 0.019582721761351136 -0.0017762931117541938 -0.035599543983032292 0.020825030744538092 -0.0041207995082514952 -0.038867479437436639 -0.0073955893230010922 -0.01669900913274492 0.03592874385530187 -0.045083651242980534 0.014315729303284964 0
leaf_weight=12.305558301508428 18.778786972165108 25.593508072197437 29.753119453787804 39.828257195651531 67.668618902564049 45.910022251307964 13.827412277460096 73.713471628725529 6.6664022654294959 29.955739811062813 4.6269257441163054 36.828753396868706 3.3061116039752951
leaf_count=71 111 157 168 227 427 314 80 445 44 222 29 222 24
internal_value=0 -0.00259636 -0.00935833 -0.0220751 0.00523082 0.0103572 -0.0147674 0 0.00750409 0.0216668 -0.00126805 0.00222645 0.0310784
internal_weight=408.763 308.6 168.888 69.5814 139.712 113.579 26.133 99.307 100.163 39.9283 60.2345 55.6075 33.2619
internal_count=2541 1889 997 395 892 741 151 602 652 290 362 333 246
is_linear=0
shrinkage=0.05


Tree=53
num_leaves=11
num_cat=0
split_feature=102 96 30 38 26 12 0 33 33 89
split_gain=3.15096 5.43225 4.60681 4.59145 7.69972 9.8101 5.8728 4.22299 6.65387 2.97815
threshold=9.5000000000000018 -0.61636725000000003 1.5774612000000001 0.99411991666666666 4.4500000000000011 5.8333333333333348 1.8333333333333337 5.878571428571429 5.6833333333333345 0.29723599999999989
decision_type=2 2 2 2 2 2 2 2 2 2
left_child=1 2 -1 -2 6 -6 -5 8 -3 -9
right_child=3 7 -4 4 5 -7 -8 9 -10 -11
leaf_value=-0.056053132312749068 -0.048109031701544125 0.0026591863929675006 0 -0.0017897121773652949 0.041075396551249366 -0.022204180277449428 -0.038319191248228336 0.022490486101319929 -0.034576836159167984 -0.0042136615521043697
leaf_weight=6.2119928002357465 6.0991413444280616 252.1972506865859 5.2715254798531532 34.8603785187006 15.647375091910364 7.7757929116487494 17.688738033175468 41.559702172875404 11.530286572873591 9.5823677256703359
leaf_count=31 34 1523 34 201 102 50 105 326 69 66
internal_value=-7.89971e-06 0.00207628 -0.0298763 -0.00882267 -0.00443509 0.0179722 -0.0155057 0.0034908 0.000717874 0.0165432
internal_weight=408.425 326.353 11.4835 82.0714 75.9723 23.4232 52.5491 314.87 263.728 51.1421
internal_count=2541 2049 65 492 458 152 306 1984 1592 392
is_linear=0
shrinkage=0.05


Tree=54
num_leaves=11
num_cat=0
split_feature=22 10 101 106 60 90 88 23 81 97
split_gain=3.05921 4.46913 7.26447 6.58012 4.87689 4.59715 3.90862 3.79278 3.70433 2.69019
threshold=0.55000000000000016 1.3064571666666669 3.4226190476190479 2.8583333333333338 1.9000000000000001 -0.62499999999999989 0.29610540000000013 1.2527158 0.088477000000000153 -1.1499999999999997
decision_type=2 2 2 2 2 2 2 2 2 2
left_child=7 2 3 -2 5 -3 -4 -1 -6 -9
right_child=1 4 6 -5 8 -7 -8 9 -10 -11
leaf_value=-0.011317177700896136 -0.026253128358708508 -0.019559096694351005 0.030748015762230005 0 0.028049570878176139 0.0019544990446873174 -0.011446565895112448 0 0 0.050539021259104568
leaf_weight=4.2990685403347042 55.598000459372997 27.204357489943504 14.498403340578081 44.367453366518021 28.0726063773036 197.83666215091944 5.7189152762293807 5.0300418213009843 17.529032029211521 7.8927956447005245
leaf_count=24 310 161 92 264 185 1278 35 31 112 49
internal_value=-3.4841e-05 -0.00108745 -0.00915598 -0.0149475 0.00233195 -0.000500023 0.0164788 0.0198574 0.0170913 0.0338875
internal_weight=408.047 390.825 120.183 99.9655 270.643 225.041 20.2173 17.2219 45.6016 12.9228
internal_count=2541 2437 701 574 1736 1439 127 104 297 80
is_linear=0
shrinkage=0.05


Tree=55
num_leaves=8
num_cat=0
split_feature=25 13 52 44 102 126 81
split_gain=2.91535 3.92979 4.43545 5.00748 4.88153 3.06108 0.067086
threshold=6.3000000000000016 2.1666666666666674 0.58333333333333337 0.58333333333333337 9.5000000000000018 0.27979595581642264 0.34847266666666676
decision_type=2 2 2 2 2 2 2
left_child=-1 5 3 -3 -4 6 -2
right_child=1 2 4 -5 -6 -7 -8
leaf_value=-0.02767481056893864 0.043735444050593889 0.021596283060067334 0.00040814398263538129 -0.024484511612153464 -0.014217626206656618 -0.0022750646743744775 0.0045305101714058649
leaf_weight=8.384347587823866 8.1798135116696375 37.444628551602364 271.56081093102694 5.1476316824555388 69.324274010956287 4.3070650398731223 3.5721522793173781
leaf_count=47 57 229 1716 29 413 25 25
internal_value=-2.06578e-05 0.000502483 -0.000413187 0.0144461 -0.00245287 0.0240414 0.0370294
internal_weight=407.921 399.536 383.477 42.5923 340.885 16.059 11.752
internal_count=2541 2494 2387 258 2129 107 82
is_linear=0
shrinkage=0.05


Tree=56
num_leaves=12
num_cat=0
split_feature=82 27 8 24 19 31 54 82 14 5 32
split_gain=2.91536 5.41747 6.47808 5.57983 4.78124 5.86111 9.61467 3.01421 2.60667 1.86018 1.4155
threshold=-0.03063150000000003 2.9000000000000004 0.58333333333333337 2.3089991000000007 2.3000000000000003 1.6151732000000003 0.90000000000000013 -0.66841800000000007 1.9000000000000001 5.416666666666667 11.472222222222223
decision_type=2 2 2 2 2 2 2 2 2 2 2
left_child=4 9 8 -4 -1 6 -6 -7 -3 10 -2
right_child=1 2 3 -5 5 7 -8 -9 -10 -11 -12
leaf_value=-0.040732410548271987 0 0.034256498603264893 -0.014037523887488175 0.016718977758879188 -0.023187931677585275 0 0.0066613434111483117 0.027887451756735515 -0.001543914692881274 0 0.042989075013122775
leaf_weight=4.6416330635547629 4.1688278540968913 10.965258575975893 142.46893444657326 14.162996500730513 32.42225456982851 10.270507693290709 136.8606538400054 34.844170607626438 4.4270817488431922 4.9869840368628493 7.6430760100483894
leaf_count=25 25 67 861 111 187 63 872 218 27 33 52
internal_value=-1.14003e-05 -0.00467128 -0.00756501 -0.0108508 0.0037814 0.00516187 0.000548171 0.0210022 0.0214435 0.0209121 0.0311531
internal_weight=407.862 188.823 172.024 156.632 219.039 214.398 169.283 45.1147 15.3923 16.7989 11.8119
internal_count=2541 1176 1066 972 1365 1340 1059 281 94 110 77
is_linear=0
shrinkage=0.05


Tree=57
num_leaves=14
num_cat=0
split_feature=25 41 2 15 52 27 67 33 13 27 95 74 3
split_gain=2.9277 4.84641 6.36588 5.95247 5.92992 5.1684 7.02834 4.91703 4.45759 4.83971 4.943 3.22914 0.867811
threshold=8.1000000000000014 4.1339285714285721 2.6520166666666669 0.63333333333333341 1.5000000000000002 5.4500000000000011 0.43650793650793657 3.683333333333334 2.8333333333333335 4.4500000000000011 0.11142249999999999 0.23611111111111113 1.5433416666666668
decision_type=2 2 2 2 2 2 2 2 2 2 2 2 2
left_child=8 2 3 -2 -4 6 -3 -7 11 10 -10 12 -1
right_child=1 5 4 -5 -6 7 -8 -9 9 -11 -12 -13 -14
leaf_value=0.042252254716590089 -0.01593428673005131 -0.014595248076060708 -0.06840894074086927 0.020133015741541915 0.0050693666854027992 0.032044127288267367 0.0065619140181400947 0.0012395469772984128 -0.04791849093410596 0.0055976342200771498 0 -0.01260325267514375 0
leaf_weight=4.5420096740126592 11.014172121882437 113.63375608623028 3.6499643698334685 79.069186449050903 3.7764472439885139 15.414235867559908 55.176975138485432 81.79015788435936 16.894547030329711 7.3547283411025992 5.0996757447719565 6.7402157559990874 3.6095410659909248
leaf_count=30 72 643 25 510 32 100 360 538 93 43 30 41 24
internal_value=0 0.00137394 0.01093 0.0150477 -0.028943 -0.00196947 -0.00738752 0.0069101 -0.0121068 -0.0235937 -0.0353485 0.0074456 0.0290525
internal_weight=407.766 363.525 97.5098 90.0834 7.42641 266.015 168.811 97.2044 44.2407 29.349 21.9942 14.8918 8.15155
internal_count=2541 2280 639 582 57 1641 1003 638 261 166 123 95 54
is_linear=0
shrinkage=0.05


Tree=58
num_leaves=12
num_cat=0
split_feature=29 101 79 95 72 109 116 17 4 64 31
split_gain=2.84387 3.66509 3.45053 7.22631 5.30403 4.41819 5.44142 5.23664 2.36126 1.98957 1.51583
threshold=0.68333333333333346 2.9583333333333335 0.83333333333333337 0.37080050000000014 1.0500000000000003 0.24893571476283924 0.81528170874002759 0.68809189999999998 13.833333333333334 1.5500000000000003 1.0234925500000003
decision_type=2 2 2 2 2 2 2 2 2 2 2
left_child=1 10 5 4 -4 7 -7 -2 -5 -3 -1
right_child=2 9 3 8 -6 6 -8 -9 -10 -11 -12
leaf_value=0.043986297628281136 -0.029427295844427062 -0.029258206522444888 -0.045091359138432326 -0.007115002508742101 0.00031778649675577559 -0.00050873224855705701 -0.030789827296831603 0.011752329279547748 -0.073736018538579959 0.013791623698842634 0
leaf_weight=9.0698525980114955 6.7337006628513327 4.0024869367480269 5.9611746594309798 4.5156743898987752 59.560797356069088 178.3552188128233 15.604002781212328 112.30913146585226 4.7849163264036179 3.4190535470843315 3.3030342683196059
leaf_count=71 48 27 37 24 369 1032 83 775 28 26 21
internal_value=0 0.0179228 -0.00105152 -0.0106887 -0.00367763 0.00111969 -0.00334674 0.00878074 -0.0500749 -0.00420563 0.0342569
internal_weight=407.619 19.7944 387.825 74.8226 65.522 313.002 193.959 119.043 9.30059 7.42154 12.3729
internal_count=2541 145 2396 458 406 1938 1115 823 52 53 92
is_linear=0
shrinkage=0.05


Tree=59
num_leaves=15
num_cat=0
split_feature=100 63 6 111 89 79 20 32 121 109 94 30 122 4
split_gain=2.76689 5.60338 7.14524 5.60202 4.9942 4.95969 5.63152 7.10959 5.62975 6.39845 5.35155 4.58515 3.29842 2.3153
threshold=0.34848484848484856 0.90000000000000013 4.8333333333333348 1.0520366818125551 -0.27322530000000006 0.83333333333333337 4.366666666666668 14.775000000000002 38.32500000000001 0.2785474736212627 0.014391199999999828 1.5585176500000004 52.385000000000005 11.583333333333334
decision_type=2 2 2 2 2 2 2 2 2 2 2 2 2 2
left_child=5 2 -2 13 -4 8 10 -8 11 -10 -7 -1 -5 -3
right_child=1 3 4 12 -6 6 7 -9 9 -11 -12 -13 -14 -15
leaf_value=0.023362015508202764 0.025423904220675555 0.00072995915292840786 0 -0.0040291959064376005 -0.060223790749385109 -0.067027017315109613 0.010789760143261749 -0.024410390298932574 0.001734439976565435 -0.018571539029209608 0 -0.0010521395585336799 0.027290795676950492 0.049832846658200841
leaf_weight=42.158529430627823 5.6364682838320759 5.5192456841468838 5.2374750226736078 27.086370356380939 7.1685206741094563 7.7986866906285268 27.939694792032242 25.77980350703001 145.26334352046251 50.324490658938885 6.1891666874289513 27.857105903327465 10.161833249032496 13.176455341279505
leaf_count=256 33 34 30 175 38 40 172 171 953 260 35 188 63 93
internal_value=0 0.00856184 -0.0136873 0.0167298 -0.0357575 -0.0020612 -0.0140815 -0.00532631 0.000856773 -0.00330381 -0.0417704 0.0130663 0.00369821 0.0386486
internal_weight=407.297 73.9864 18.0425 55.9439 12.406 333.311 67.7074 53.7195 265.603 195.588 13.9879 70.0156 37.2482 18.6957
internal_count=2541 466 101 365 68 2075 418 343 1657 1213 75 444 238 127
is_linear=0
shrinkage=0.05


Tree=60
num_leaves=10
num_cat=0
split_feature=96 97 63 126 100 64 112 30 9
split_gain=2.82193 3.80421 4.85519 7.75891 7.03349 3.97384 4.03202 3.72861 3.4466
threshold=-0.61636725000000003 0.95000000000000029 0.90000000000000013 0.231103711044885 0.36931818181818188 2.3666666666666671 0.50710986141795555 1.5774612000000001 1.2024488333333334
decision_type=2 2 2 2 2 2 2 2 2
left_child=7 2 3 -2 -4 6 -3 -1 -7
right_child=1 5 4 -5 -6 8 -8 -9 -10
leaf_value=-0.042707577912067828 -0.036571955189936736 0.0023634293533454542 -0.0014299193389979955 -1.632380988822816e-05 0.019091947738046705 0.0088828521333679765 0.042945490974664116 0.00068770443914187209 -0.046351527971473711
leaf_weight=7.867123216390608 21.910225316882133 15.086427144706251 236.93630786985159 47.315893679857254 48.939103171229362 4.9015422984957677 14.42393822968006 6.408626101911068 3.2478132843971252
leaf_count=39 122 111 1468 267 319 37 114 41 23
internal_value=0 0.000712315 -0.000773531 -0.0126543 0.00196324 0.0156736 0.0245952 -0.0211838 -0.0103253
internal_weight=407.037 392.761 355.102 69.2261 285.875 37.6597 29.5104 14.2757 8.14936
internal_count=2541 2461 2176 389 1787 285 225 80 60
is_linear=0
shrinkage=0.05


Tree=61
num_leaves=12
num_cat=0
split_feature=38 27 121 126 88 6 94 124 55 42 95
split_gain=2.73487 3.97332 5.25555 4.91225 8.14933 4.46614 3.55929 2.9775 3.30219 2.90715 2.52761
threshold=2.2112515500000005 5.4500000000000011 55.750000000000007 0.25021377095989727 0.25340750000000017 2.4166666666666674 0.57196825000000029 0.45400888767749681 0.55000000000000016 2.6666666666666674 0.2242977500000001
decision_type=2 2 2 2 2 2 2 2 2 2 2
left_child=1 2 5 4 -3 -1 -5 -2 10 -4 -9
right_child=7 3 9 6 -6 -7 -8 8 -10 -11 -12
leaf_value=0.023884537481414416 -0.012876348304548863 0.032685583942183592 0.031238328178812193 0.0050324913631225069 -0.016260836713085657 -0.0077726393870628276 -0.022860769679569844 0.042215968411093589 -0.0034733415490894692 -0.0067289992061152302 0
leaf_weight=9.9987555071711522 5.049893997609618 31.733520641922951 14.320443183183672 39.869802735745907 9.2745965421199781 254.45625701546669 14.361795671284197 14.254541613161569 5.4776752889156333 4.225379452109336 3.7780133709311476
leaf_count=57 34 237 107 239 65 1495 85 115 48 31 28
internal_value=0 -0.00124488 -0.00432902 0.00734972 0.0203018 -0.00630189 -0.00172918 0.0145401 0.0227541 0.0201283 0.0331121
internal_weight=406.801 378.241 283.001 95.2397 41.0081 264.455 54.2316 28.5601 23.5102 18.5458 18.0326
internal_count=2541 2316 1690 626 302 1552 324 225 191 138 143
is_linear=0
shrinkage=0.05


Tree=62
num_leaves=11
num_cat=0
split_feature=29 2 22 75 88 82 64 96 63 109
split_gain=2.70306 3.46166 3.06581 3.81765 9.33883 6.41963 2.81003 2.39158 0.384675 0.204999
threshold=0.68333333333333346 2.1396050000000004 0.55000000000000016 2.3500000000000001 0.25340750000000017 0.86436200000000019 1.3666666666666669 0.043134850000000065 1.1000000000000003 0.24834363834493786
decision_type=2 2 2 2 2 2 2 2 2 2
left_child=1 8 7 5 -5 -4 -3 9 -1 -2
right_child=2 6 3 4 -6 -7 -8 -9 -10 -11
leaf_value=0.0046120583081244483 0.0063379948417793212 -0.033598091729610882 -0.0022923339852777293 0 -0.066036630772772525 0.029552203471056294 0.016651746715066969 0 0.045670026785341045 0.045494744026586181
leaf_weight=4.2266444787383097 4.5640831887722033 3.7531029880046827 333.41075932979584 15.064879208803179 6.8846799805760375 15.534702539443968 5.0184856727719307 6.349942483007907 6.5947723090648651 5.1377374082803726
leaf_count=28 30 26 2060 97 38 102 41 38 50 31
internal_value=0 0.0175536 -0.00103094 -0.00210065 -0.0219297 -0.000651371 -0.000969841 0.0194274 0.0356099 0.0340596
internal_weight=406.54 19.593 386.947 370.895 21.9496 348.945 8.77159 16.0518 10.8214 9.70182
internal_count=2541 145 2396 2297 135 2162 67 99 78 61
is_linear=0
shrinkage=0.05


Tree=63
num_leaves=13
num_cat=0
split_feature=31 111 16 30 2 30 84 123 111 90 126 17
split_gain=2.69004 3.57486 6.92073 6.948 4.466 6.89474 5.76459 3.3026 2.95337 2.27227 3.19188 0.952339
threshold=0.78535846000000009 1.0577031725336814 1.2468944000000002 1.2574100500000001 1.5428400000000002 1.69797065 -0.66666666666666674 0.62740636629203872 1.0539948372276908 1.2750000000000004 0.25382888108647578 0.80784990000000001
decision_type=2 2 2 2 2 2 2 2 2 2 2 2
left_child=8 4 7 -4 6 -6 -2 -3 11 10 -10 -1
right_child=1 2 3 -5 5 -7 -8 -9 9 -11 -12 -13
leaf_value=0.045632952196290301 0.00039607726394389495 0.041487376849721341 -0.058067496848566685 0.0042780401226749703 0.014829695559704479 -0.0067483606960363762 -0.017771210789008413 0 0.040533736432191214 -0.024023866774540666 -0.0087159741512563317 0
leaf_weight=6.6995465569198149 74.27092370390892 17.009918302297596 3.8841167241334906 48.708573259413242 64.690653748810291 80.921050138771534 89.460327103734016 4.0857233032584181 5.0241007432341558 4.869820572435855 3.938153937458992 2.9836766943335533
leaf_count=53 437 107 22 327 398 535 508 27 43 34 26 24
internal_value=0 -0.00108979 0.00854112 -0.000390971 -0.00356521 0.00253281 -0.00927436 0.0320821 0.0159912 0 0.0151711 0.0357482
internal_weight=406.547 383.031 73.6883 52.5927 309.343 145.612 163.731 21.0956 23.5153 13.8321 8.96225 9.68322
internal_count=2541 2361 483 349 1878 933 945 134 180 103 69 77
is_linear=0
shrinkage=0.05


Tree=64
num_leaves=11
num_cat=0
split_feature=10 36 30 30 102 111 87 126 89 72
split_gain=2.68202 4.16981 3.88972 5.83709 4.55427 3.67384 2.62936 2.36136 1.79176 0.479291
threshold=2.6273750000000002 2.2678571428571432 2.4496134000000001 2.3590900500000003 6.5000000000000009 1.0581472107787899 1.4378999000000003 0.24539388831446837 0.33394499999999994 0.70714285714285718
decision_type=2 2 2 2 2 2 2 2 2 2
left_child=2 9 3 5 -5 -1 8 -3 -4 -2
right_child=1 7 6 4 -6 -7 -8 -9 -10 -11
leaf_value=-0.0035435264542622164 0 -0.034147202283639107 0.038585554189715654 0 -0.076742609515238314 0.0099675786196261641 -0.0014162848047458839 0.013196444813527894 0 0.043228880447638285
leaf_weight=300.79786941409111 3.2476852759718922 3.6950930431485167 11.878438688814642 3.8465509265661231 3.6558734327554703 58.404413089156151 6.0937842577695838 3.3997337967157364 2.9642195403575888 8.4343288391828519
leaf_count=1806 25 26 102 29 23 374 41 25 22 68
internal_value=0 0.0179116 -0.000962577 -0.00230224 -0.043427 -0.00118631 0.0192578 -0.0064564 0.0304554 0.0359958
internal_weight=406.418 18.7768 387.641 366.705 7.50242 359.202 20.9364 7.09483 14.8427 11.682
internal_count=2541 144 2397 2232 52 2180 165 51 124 93
is_linear=0
shrinkage=0.05


Tree=65
num_leaves=13
num_cat=0
split_feature=114 116 17 111 100 79 86 42 96 39 10 9
split_gain=2.60927 4.26118 4.85992 5.56523 4.16199 5.73432 4.30275 2.97668 3.82468 3.18745 2.9646 2.30808
threshold=2.4328117907984321 0.79486308878288447 1.1289897000000002 1.0525757364232866 0.36931818181818188 0.83333333333333337 -1.0999999999999994 2.1666666666666674 -0.094513849999999774 9.3166666666666682 1.3867805000000002 1.9234660000000001
decision_type=2 2 2 2 2 2 2 2 2 2 2 2
left_child=1 4 -3 -4 5 -1 -6 9 -9 -2 -10 -11
right_child=7 2 3 -5 6 -7 -8 8 10 11 -12 -13
leaf_value=0.0010112193916934934 -0.001049365619076938 0.01089536419401547 0 -0.055220359657217305 -0.022898460191693202 -0.016234817219350949 0.017211945212836283 -0.029353467170837252 -0.0070080736267405259 0.047382697310374068 0.040852283042159619 0
leaf_weight=232.07654279842973 4.5397513583302525 5.6911887526512173 6.2122010290622738 10.976199746131895 5.7592828646302214 58.511650934815407 53.108452774584293 6.6918536499142638 3.4231308251619321 11.06863136589527 5.0717414692044258 3.1435122787952414
leaf_count=1429 31 36 36 56 32 350 348 48 24 85 44 22
internal_value=0 -0.00126495 -0.0217055 -0.0352544 0 -0.00233367 0.0121357 0.0130233 -0.000539683 0.0260102 0.0175934 0.0374414
internal_weight=406.274 372.336 22.8796 17.1884 349.456 290.588 58.8677 33.9386 15.1867 18.7519 8.49487 14.2121
internal_count=2541 2287 128 92 2159 1779 380 254 116 138 68 107
is_linear=0
shrinkage=0.05


Tree=66
num_leaves=10
num_cat=0
split_feature=18 38 31 95 127 18 99 23 51
split_gain=2.58357 3.80094 3.60513 7.04479 5.75757 5.59131 4.70176 4.4841 4.46023
threshold=8.1000000000000014 1.6186668 1.6356698500000002 0.079862149999999979 0.1397553878523248 12.366666666666669 0.5634920634920636 0.82763110000000017 1.1666666666666667
decision_type=2 2 2 2 2 2 2 2 2
left_child=1 -1 4 8 7 -5 -6 -2 -4
right_child=2 -3 3 5 6 -7 -8 -9 -10
leaf_value=-0.050524561188128175 -0.0091746370551926103 0 0.0016374862599856943 0.0055554885954590015 -0.0016585705138440329 -0.040457985527981064 -0.020326184559543232 0.02119789481358373 0.03318946432460787
leaf_weight=5.187467619776724 13.707621105015276 5.73648302257061 23.193491719663143 14.988732017576696 221.99310591444373 8.9356451183557493 40.718732051551342 41.429076552391052 30.14168219268322
leaf_count=25 88 33 141 90 1343 54 250 311 206
internal_value=0 -0.0229723 0.000648002 0.0103507 -0.00157869 -0.010558 -0.00480764 0.0127273 0.0206715
internal_weight=406.032 10.924 395.108 77.2596 317.849 23.9244 262.712 55.1367 53.3352
internal_count=2541 58 2483 491 1992 144 1593 399 347
is_linear=0
shrinkage=0.05


Tree=67
num_leaves=9
num_cat=0
split_feature=8 97 98 81 97 128 1 126
split_gain=2.5974 4.48635 5.44104 6.64806 5.31828 6.09862 5.15037 4.40869
threshold=1.0000000180025095e-35 -0.68333333333333302 -0.77499999999999969 0.046606166666666511 -0.27499999999999986 0.84849304177989704 1.1666666666666667 0.25637475967658346
decision_type=2 2 2 2 2 2 2 2
left_child=-1 2 3 -2 6 -6 -3 -4
right_child=1 4 7 -5 5 -7 -8 -9
leaf_value=0.027308141025658452 0.004308968807619714 -0.00039423877456434174 -0.076572401854416203 -0.026070960593979692 -0.0051779456057617027 0.015650260717756683 0.025189734747123535 -0.00374894989513711
leaf_weight=7.4965353459119788 52.647388160228729 29.538644060492516 4.5572344586253148 24.893311619758606 197.65638021379709 41.222171556204557 41.684604339301586 6.0797393471002579
leaf_count=48 322 174 25 145 1226 311 257 33
internal_value=0 -0.000627732 -0.0106077 -0.00501522 0.00207434 -0.00132502 0.0140284 -0.0431446
internal_weight=405.776 398.279 88.1777 77.5407 310.102 238.879 71.2232 10.637
internal_count=2541 2493 525 467 1968 1537 431 58
is_linear=0
shrinkage=0.05


Tree=68
num_leaves=9
num_cat=0
split_feature=96 82 102 38 75 121 46 15
split_gain=2.58406 3.6692 3.56768 4.90899 3.69901 3.38539 2.81353 1.54977
threshold=-0.61636725000000003 -0.8282623333333331 9.5000000000000018 0.99411991666666666 1.4222222222222223 40.940000000000012 0.83333333333333337 1.7750000000000001
decision_type=2 2 2 2 2 2 2 2
left_child=5 6 4 -4 -3 -1 -2 -8
right_child=1 2 3 -5 -6 -7 7 -9
leaf_value=0 -0.0022887357118621544 -0.0026806848030235426 -0.051529321218535706 -0.0051708149799916487 0.0084056832589715757 -0.045099690302580979 0.042859593827512678 0
leaf_weight=8.0879016965627653 5.124473754316571 164.67013236135244 5.7928199991583815 70.052709974348545 131.17994567751884 6.2328924238681784 10.015089407563208 4.4448578953742972
leaf_count=44 32 1025 31 423 852 36 69 29
internal_value=0 0.000735235 -0.000269594 -0.00998666 0.00207833 -0.0201945 0.0213217 0.03253
internal_weight=405.601 391.28 371.696 75.8455 295.85 14.3208 19.5844 14.4599
internal_count=2541 2461 2331 454 1877 80 130 98
is_linear=0
shrinkage=0.05


Tree=69
num_leaves=13
num_cat=0
split_feature=54 31 125 111 125 9 73 125 78 41 113 82
split_gain=2.5231 6.73497 6.83644 8.91984 5.56075 5.49374 5.41977 5.41648 5.36748 8.2273 4.66635 3.00989
threshold=0.90000000000000013 1.6744536000000003 0.34358298341721688 1.0518161999491615 0.090709319420057291 0.55828516666666672 0.15476190476190479 0.38453144936515005 -1.0000000180025095e-35 4.8730158730158744 0.47995246702818511 -0.46485333333333334
decision_type=2 2 2 2 2 2 2 2 2 2 2 2
left_child=1 2 3 -1 -2 10 -7 -4 11 -10 -6 -3
right_child=4 8 7 -5 5 6 -8 -9 9 -11 -12 -13
leaf_value=-0.060932267666318013 -0.040426462560436555 -0.0025983793627881004 0.033938287378720428 -0.0073774921224966337 0.01269747599408251 -0.01442024421792739 0.0081676611777335047 -0.010287995631836973 -0.047139077237891437 0.022010493181287973 -0.039106575819444968 0.030642539801863447
leaf_weight=14.124158158898352 6.1923604533076277 5.76301430910826 7.8410177677869788 21.960121184587479 4.0931338146328953 27.542435370385647 238.75470876321197 30.726663023233414 7.8584055155515653 6.436079241335392 12.125481948256491 21.989987455308437
leaf_count=76 37 35 49 126 26 181 1526 182 45 43 69 146
internal_value=0 -0.00623876 -0.0154298 -0.0307661 0.00244129 0.00369653 0.00559919 0 0.008897 -0.0133319 -0.0231507 0.0221507
internal_weight=405.408 116.699 74.652 36.0843 288.708 282.516 266.297 38.5677 42.0475 14.2945 16.2186 27.753
internal_count=2541 702 433 202 1839 1802 1707 231 269 88 95 181
is_linear=0
shrinkage=0.05


Tree=70
num_leaves=11
num_cat=0
split_feature=13 27 41 111 32 32 118 41 32 30
split_gain=2.51987 3.25688 5.05113 5.06215 4.58212 5.55075 3.94445 3.13043 2.93702 3.11386
threshold=2.1666666666666674 5.4500000000000011 5.5277777777777786 1.0578788004594457 12.850000000000003 15.242857142857146 59.800000000000004 5.366666666666668 14.050000000000002 1.4714511000000001
decision_type=2 2 2 2 2 2 2 2 2 2
left_child=8 2 6 -4 7 -6 -2 -3 9 -1
right_child=1 4 3 -5 5 -7 -8 -9 -10 -11
leaf_value=0.020545031781541823 -0.012407219995983361 0 -0.037332023777968272 0.010952436468158092 -0.01606005960838312 0.014756002315905781 0.0017047121736942677 0.028860350574563737 0.043847556708754523 -0.029637399311349535
leaf_weight=7.2635062113404292 63.007788181304932 13.794762745499609 19.077370591461662 4.9797962531447402 31.864236287772655 24.601455204188824 203.34242160245776 27.322652667760849 5.9175115078687659 3.8915763199329376
leaf_count=46 356 85 107 32 201 180 1279 185 46 24
internal_value=0 -0.00093843 -0.00370563 -0.0253036 0.00674364 -0.00174063 -0.00148051 0.0193468 0.0181555 0
internal_weight=405.063 387.99 290.407 24.0572 97.5831 56.4657 266.35 41.1174 17.0726 11.1551
internal_count=2541 2425 1774 139 651 381 1635 270 116 70
is_linear=0
shrinkage=0.05


Tree=71
num_leaves=14
num_cat=0
split_feature=82 27 25 9 124 81 89 79 96 57 6 5 2
split_gain=2.51589 4.83214 5.64554 5.37104 4.26736 5.41956 7.71235 6.82899 3.86394 4.78041 3.78481 1.72346 1.23926
threshold=-0.03063150000000003 2.9000000000000004 7.7000000000000002 0.86415920000000013 0.47140487455131846 0.12823800000000021 -0.17023370000000002 -1.8333333333333328 -0.27339384999999999 0.7333333333333335 6.8333333333333348 5.416666666666667 1.2534006666666671
decision_type=2 2 2 2 2 2 2 2 2 2 2 2 2
left_child=4 11 -3 -4 8 6 -6 -7 10 -10 -1 12 -2
right_child=1 2 3 -5 5 7 -8 -9 9 -11 -12 -13 -14
leaf_value=0.02482118236763781 0 -0.045191930173848802 0.015936347850871734 -0.0085462120988665825 -0.0088817477809578407 -0.027570430708986033 0.017241644264174526 0.026599245811693529 -0.061194858151094433 -0.0076305561292191659 -0.019830180129449662 0 0.042123444801957163
leaf_weight=11.654751829802992 4.3249828517436999 8.4679800495505315 24.653583250939846 138.50411411374807 71.408393703401089 4.8753089234232894 44.92357349395752 49.183759644627571 5.2090025097131756 23.989341489970684 5.6579183936119071 4.9438080191612235 7.1515691876411438
leaf_count=72 27 45 157 864 439 27 293 327 27 143 37 33 50
internal_value=0 -0.00428815 -0.00701682 -0.0044677 0.0035933 0.007419 0.000841074 0.0203938 -0.00923077 -0.0205522 0.00721239 0.0201274 0.0301824
internal_weight=404.948 188.046 171.626 163.158 216.902 170.391 116.332 54.0591 46.511 29.1983 17.3127 16.4204 11.4766
internal_count=2541 1176 1066 1021 1365 1086 732 354 279 170 109 110 77
is_linear=0
shrinkage=0.05


Tree=72
num_leaves=11
num_cat=0
split_feature=10 124 108 128 39 38 127 106 128 98
split_gain=2.52881 5.69787 4.52302 10.3248 5.15863 8.35897 6.75604 4.97728 1.32542 0.0587284
threshold=0.70564550000000004 0.58722606772968167 0.22442323702842362 0.75705229076835867 11.121428571428572 1.6186668 0.55211293295095876 2.6157894736842109 0.75264983446935674 -1.4642857142857137
decision_type=2 2 2 2 2 2 2 2 2 2
left_child=1 8 3 9 5 -4 -6 -5 -1 -2
right_child=2 -3 4 7 6 -7 -8 -9 -10 -11
leaf_value=0 -0.022152036608417042 -0.017732355941756265 -0.018315257990013472 -0.026206352637727238 0.011124711364360475 0.0036992801824113084 -0.023272145535388939 0.0087519097542828415 0.044143362901072833 -0.076440146574630594
leaf_weight=4.1487123072147396 4.7028546258807182 5.7747161686420432 68.666679546236992 14.2320399582386 144.64286422356963 105.81047955900431 14.086341485381125 27.762712188065052 9.9654917940497381 4.8679177165031415
leaf_count=22 26 34 366 83 933 721 81 187 64 24
internal_value=0 0.0168627 -0.000995459 -0.0146926 0.00101225 -0.00473475 0.00763256 -0.0022665 0.0345618 -0.0591134
internal_weight=404.661 19.8889 384.772 51.5655 333.206 174.477 158.729 41.9948 14.1142 9.57077
internal_count=2541 120 2421 320 2101 1087 1014 270 86 50
is_linear=0
shrinkage=0.05


Tree=73
num_leaves=14
num_cat=0
split_feature=34 54 126 126 58 39 89 117 6 77 25 118 4
split_gain=2.43807 5.27849 6.39209 10.013 6.27421 6.63037 5.20671 6.38914 5.87523 5.18282 4.2473 3.03559 2.23117
threshold=4.6833333333333345 0.77500000000000013 0.22259117527031885 0.231103711044885 2.3666666666666671 11.52777777777778 0.45942462999999994 66.300000000000011 4.8333333333333348 1.0000000180025095e-35 10.100000000000001 66.300000000000011 11.583333333333334
decision_type=2 2 2 2 2 2 2 2 2 2 2 2 2
left_child=6 4 9 -4 5 -2 7 8 -1 -3 -6 -9 -8
right_child=1 2 3 -5 10 -7 12 11 -10 -11 -12 -13 -14
leaf_value=-0.019963694110597851 -0.0047544848929773498 -0.015646790190845025 -0.042547730102782982 -0.0006015352621304205 -0.022246661892967177 -0.054047426557266701 -0.044211826106821145 0.0042131917772553614 0.028077843011422129 0.019075911615059751 0.029992051274746231 0.030863999566708985 0
leaf_weight=22.551881134510044 16.907800190150741 10.622718453407286 14.754891529679297 176.90102118253708 4.7450911775231353 14.672973498702047 5.2176492810249311 23.020578049123287 7.2086199522018424 60.994415163993835 8.5694763064384443 33.55710407346487 4.5540154203772545
leaf_count=123 96 79 92 1090 27 82 28 134 41 441 58 223 27
internal_value=0 -0.00226295 0.000277717 -0.00429444 -0.0179327 -0.0301474 0.00681632 0.0111987 -0.00616707 0.0130925 0.00762853 0.0211501 -0.0247074
internal_weight=404.278 308.168 263.273 191.656 44.8953 31.5808 96.1098 86.3382 29.7605 71.6171 13.3146 56.5777 9.77166
internal_count=2541 1965 1702 1182 263 178 576 521 164 520 85 357 55
is_linear=0
shrinkage=0.05


Tree=74
num_leaves=10
num_cat=0
split_feature=96 30 102 47 126 88 75 88 75
split_gain=2.3998 3.32385 3.26676 5.00352 7.63558 5.18445 3.4278 6.15077 6.07553
threshold=-0.61636725000000003 1.5774612000000001 9.5000000000000018 1.0000000180025095e-35 0.28420454935114076 0.25952840000000027 2.3500000000000001 0.25952840000000027 1.4222222222222223
decision_type=2 2 2 2 2 2 2 2 2
left_child=1 -1 6 4 -4 -5 8 -8 -2
right_child=2 -3 3 5 -6 -7 7 -9 -10
leaf_value=-0.039690166125413769 -0.00097305822479482572 0.00089388578658046122 0.018516680865067709 -0.02867119873913351 -0.038098749086522707 0.0062344251295612966 0 -0.054732820622131931 0.013566657497806597
leaf_weight=7.9745301604270917 173.88622522354126 6.4089975729584694 26.780615366995335 34.665041193366051 6.2926562130451194 11.700233183801172 15.403024405241014 5.8781389296054831 114.9124695174396
leaf_count=39 1089 41 174 199 31 73 101 32 762
internal_value=0 -0.0194739 0.000651083 -0.00816545 0.00547537 -0.0188615 0.00308949 -0.0153176 0.00466659
internal_weight=403.902 14.3835 389.518 79.4385 33.0733 46.3653 310.08 21.2812 288.799
internal_count=2541 80 2461 477 205 272 1984 133 1851
is_linear=0
shrinkage=0.05


Tree=75
num_leaves=12
num_cat=0
split_feature=29 101 40 46 94 56 78 58 116 95 31
split_gain=2.42208 3.35203 3.2045 2.65723 6.40829 11.6914 5.16385 4.73077 8.34214 5.75483 1.36653
threshold=0.68333333333333346 2.9583333333333335 4.2928571428571436 0.83333333333333337 0.091288849999999991 0.29166666666666669 1.0000000180025095e-35 1.2250000000000003 0.51314163071194607 -0.69492359999999997 1.0234925500000003
decision_type=2 2 2 2 2 2 2 2 2 2 2
left_child=1 10 -3 4 5 -2 -6 8 -5 -9 -1
right_child=3 2 -4 7 6 -7 -8 9 -10 -11 -12
leaf_value=0.042619021187383976 0.0017033265301056072 -0.03456401953801691 0.02197654615941488 0.019434113474740746 0.028916142407838748 -0.04822955027109261 -0.0068986626661115998 -0.036212699976453475 -0.017882625876043282 -0.00045133497940165029 0
leaf_weight=8.5378422513604182 21.042397521436214 4.1165058091282836 3.2201679050922394 67.023854494094849 13.58745703846216 21.013197503983974 28.209630969911814 11.12788339704275 17.028898160904646 205.39509723335505 3.2617544531822196
leaf_count=71 131 27 26 433 87 109 178 64 110 1284 21
internal_value=0 0.0167766 -0.00409064 -0.00100302 -0.00888405 -0.0226252 0.00397937 0.00105195 0.0111646 -0.00267713 0.0329636
internal_weight=403.565 19.1363 7.33667 384.428 83.8527 42.0556 41.7971 300.576 84.0528 216.523 11.7996
internal_count=2541 145 53 2396 505 240 265 1891 543 1348 92
is_linear=0
shrinkage=0.05


Tree=76
num_leaves=10
num_cat=0
split_feature=10 3 30 2 128 97 87 2 89
split_gain=2.38625 3.97895 3.28955 5.86575 5.25954 4.16288 2.47522 1.96081 1.72607
threshold=2.6273750000000002 1.6932685000000001 2.4496134000000001 2.396196666666667 0.85350479999716533 0.95000000000000029 1.4378999000000003 2.396196666666667 0.33394499999999994
decision_type=2 2 2 2 2 2 2 2 2
left_child=2 7 3 5 -5 -1 8 -2 -4
right_child=1 -3 6 4 -6 -7 -8 -9 -10
leaf_value=-0.0018213313645861441 0.041760659326063432 -0.012667333602651171 0.037402166342941544 -0.034423291316909015 0.015062606436736301 0.020574778960187945 -0.002059734457492341 0 0
leaf_weight=315.96998593211174 10.166442207992079 5.0668367967009535 11.354746837168934 22.866977035999302 4.7224632054567328 21.136808127164841 5.9956694096326819 3.0839256197214118 2.9073699265718451
leaf_count=1901 81 38 102 138 38 155 41 25 22
internal_value=0 0.0170231 -0.000976172 -0.00220738 -0.0239734 -0.000212499 0.0178981 0.0319774 0.0291495
internal_weight=403.271 18.3172 384.954 364.696 27.5894 337.107 20.2578 13.2504 14.2621
internal_count=2541 144 2397 2232 176 2056 165 106 124
is_linear=0
shrinkage=0.05


Tree=77
num_leaves=11
num_cat=0
split_feature=10 125 70 125 123 40 6 25 11 114
split_gain=2.34583 4.79014 6.81814 3.75941 5.37101 5.94644 5.43677 4.22527 6.48699 5.74234
threshold=0.70564550000000004 0.21610999697230168 1.267857142857143 0.20477402280618837 0.52844858392912009 4.2928571428571436 7.166666666666667 13.900000000000002 13.833333333333334 1.5091081586315898
decision_type=2 2 2 2 2 2 2 2 2 2
left_child=1 -1 -3 4 5 -2 -6 8 -5 -9
right_child=3 2 -4 7 6 -7 -8 9 -10 -11
leaf_value=0.044531480543713628 -0.0052680281478246571 0.029222274174267877 -0.040529130279583298 0.00085434470022998819 0.0054800229350994711 -0.064262610676861273 -0.046070780125977623 -0.0082101389293626828 -0.026814230244054424 0.025437620810587265
leaf_weight=7.8061970174312618 12.556799650192263 6.264663450419901 5.6016286984086037 248.19337209686637 36.29020369052887 8.0387915596365911 4.8791207894682875 15.959741689264773 21.938792150467634 35.587961938232183
leaf_count=51 67 38 31 1562 230 43 31 98 142 248
internal_value=0 0.0162963 -0.000409464 -0.000987134 -0.0122485 -0.0325193 -0.000391387 0.00105144 -0.00129896 0.0141104
internal_weight=403.117 19.6725 11.8663 383.445 61.7649 20.5956 41.1693 321.68 270.132 51.5477
internal_count=2541 120 69 2421 371 110 261 2050 1704 346
is_linear=0
shrinkage=0.05


Tree=78
num_leaves=16
num_cat=0
split_feature=80 118 80 82 95 80 127 26 69 54 114 66 54 96 43
split_gain=2.33117 6.66619 9.33847 5.27298 5.11769 4.81504 5.32339 9.74735 5.09457 7.78863 5.961 4.74182 4.5088 4.3114 4.03806
threshold=0.0081816666666662558 75.300000000000011 0.12756150000000008 -0.23875799999999997 -0.29301114999999972 -0.4370698333333331 0.3380227980137524 3.6333333333333337 1.6125000000000003 1.4500000000000002 1.5091081586315898 0.53571428571428581 1.1000000000000003 0.079963700000000318 0.83333333333333337
decision_type=2 2 2 2 2 2 2 2 2 2 2 2 2 2 2
left_child=5 2 3 -2 13 6 7 -1 10 -10 -7 -8 -4 -3 -6
right_child=1 4 12 -5 14 8 11 -9 9 -11 -12 -13 -14 -15 -16
leaf_value=-0.0077370705437664463 0 0.0065894230398414431 -0.019722404163073488 -0.057827619887063211 0.030210637652500968 0 0.010608474204761711 0.031187140583425622 -0.050862931477524236 0.012634810452709005 0.029896937273681774 -0.021607611232581984 0.00096063111934939049 -0.042108514606942163 -0.012332562744296775
leaf_weight=38.973784811794758 5.1570432558655765 9.8593482747673971 33.497620195150375 13.25115582346916 28.574102483689785 25.283652007579803 12.202574029564856 24.704338639974594 6.3807305842638042 11.21736781299114 43.718477033078671 44.920215301215649 95.045204825699329 5.6848175004124633 4.4370094686746588
leaf_count=244 29 66 189 73 202 141 77 173 41 81 277 272 611 35 30
internal_value=0 -0.00401826 -0.0095037 -0.0421456 0.0114311 0.00356933 -0.00254351 0.00683948 0.0125988 -0.00919672 0.0189237 -0.0138012 -0.00415393 -0.00966691 0.0228278
internal_weight=402.907 195.506 146.951 18.4082 48.5553 207.401 120.801 63.6781 86.6002 17.5981 69.0021 57.1228 128.543 15.5442 33.0111
internal_count=2541 1235 902 102 333 1306 766 417 540 122 418 349 800 101 232
is_linear=0
shrinkage=0.05


Tree=79
num_leaves=16
num_cat=0
split_feature=41 39 24 64 91 82 87 121 32 124 96 66 11 65 91
split_gain=2.38731 5.18571 7.6715 7.01661 5.61173 5.18324 5.16952 4.96037 5.10938 8.19739 5.19277 4.54336 5.94885 4.3997 3.53519
threshold=4.2111111111111121 9.5277777777777803 1.5127166000000003 1.5500000000000003 1.8333333333333337 -0.39746149999999997 -0.81789509999999987 40.675000000000011 12.633333333333335 0.49986521900104047 -0.15377705000000005 1.6333333333333335 8.4166666666666696 0.55000000000000016 1.6653345369377351e-16
decision_type=2 2 2 2 2 2 2 2 2 2 2 2 2 2 2
left_child=1 2 14 5 -5 -3 -4 8 9 -2 -10 12 -9 -13 -1
right_child=7 3 6 4 -6 -7 -8 11 10 -11 -12 13 -14 -15 -16
leaf_value=-0.062986020548022853 -0.015744576612541542 0.033601683517625713 -0.020302734029397841 0.038772891275761813 -0.0057821508868910326 -0.0091523450494867351 0.013936993663771206 -0.041944697944934932 -0.023345483698292535 0.033051751865139832 0.0073540085470122614 0.01122905424524261 -0.0083247994663700128 -0.026134175852856236 0
leaf_weight=6.3704565465450269 9.7135170400142652 7.9271563589572898 14.332679532468317 29.870803143829107 6.467071905732154 33.36592760309577 35.022960174828768 15.827298842370508 20.185906149446964 29.583303034305573 35.581665381789207 41.697200547903776 103.15176690369844 8.2380412966012937 5.244332954287529
leaf_count=30 53 53 88 216 47 202 237 82 126 185 228 296 617 49 32
internal_value=0 0.00517653 -0.00510827 0.0138522 0.0295618 0 0.00279525 -0.00289932 0.0058979 0.0196579 -0.00309285 -0.00815021 -0.0135262 0.00369137 -0.0402161
internal_weight=402.58 138.601 60.9704 77.631 36.3379 41.2931 49.3556 263.979 95.0644 39.2968 55.7676 168.914 118.979 49.9352 11.6148
internal_count=2541 905 387 518 263 255 325 1636 592 238 354 1044 699 345 62
is_linear=0
shrinkage=0.05


Tree=80
num_leaves=11
num_cat=0
split_feature=22 80 118 80 80 38 100 95 23 97
split_gain=2.37769 3.71131 6.07118 7.44477 5.25593 7.11028 4.76259 4.41577 2.9449 2.45259
threshold=0.55000000000000016 0.0081816666666662558 75.300000000000011 0.12028133333333314 -0.44407450000000009 1.5968639 0.14835164835164838 -0.29301114999999972 1.3556796000000002 -1.1499999999999997
decision_type=2 2 2 2 2 2 2 2 2 2
left_child=8 4 3 -3 5 -2 -6 -4 -1 -10
right_child=1 2 7 -5 6 -7 -8 -9 9 -11
leaf_value=-0.0075009498090078596 -0.023004438092650202 -0.041876470577562025 -0.010861282626948292 -0.0065307858585648172 -0.0054815455220228572 0.0040342937004704763 0.019906415884817358 0.019960788676423764 0 0.048103466839846877
leaf_weight=4.5528576821088818 31.901968486607075 17.375393189489841 15.21321678906679 118.22674461454153 21.436568401753902 86.268118117004633 64.240616135299206 30.869505729526281 4.8251336216926584 7.1145928576588604
leaf_count=26 177 94 98 733 135 573 406 221 30 48
internal_value=-1.07882e-05 -0.000949994 -0.00622984 -0.0116992 0.00351918 -0.00297748 0.0129875 0.00870902 0.017885 0.0312609
internal_weight=402.025 385.532 181.685 135.602 203.847 118.17 85.6772 46.0827 16.4926 11.9397
internal_count=2541 2437 1146 827 1291 750 541 319 104 78
is_linear=0
shrinkage=0.05


Tree=81
num_leaves=14
num_cat=0
split_feature=34 53 89 121 102 109 99 95 83 77 24 128 82
split_gain=2.37399 4.83305 5.43645 5.5391 4.63674 4.54524 6.24093 5.29071 4.64548 6.17353 5.65556 4.13295 3.42557
threshold=4.6833333333333345 1.0000000180025095e-35 0.45942462999999994 48.315000000000012 3.5000000000000004 0.2250489033411317 0.5634920634920636 -0.41347816500000001 0.83333333333333359 0.18333333333333338 1.5223449000000004 0.70383036765405926 0.12568599999999999
decision_type=2 2 2 2 2 2 2 2 2 2 2 2 2
left_child=1 4 3 -3 -1 8 7 -7 10 -10 -2 -6 -8
right_child=5 2 -4 -5 11 6 12 -9 9 -11 -12 -13 -14
leaf_value=-0.013033230102182681 0 0.015460385744704494 -0.040110982112753817 -0.018546516900082053 -0.0031235626122323437 0.014213197110573533 -0.038328394065803767 -0.0068688447835962597 -0.028217708967073603 0.010758343472587667 0.033799293832520651 0.037084691504322254 0
leaf_weight=5.889308050274848 28.664761744439602 34.871349513530731 7.126934975385665 16.238360561430454 5.3159453645348576 35.084570802748203 20.531217813491825 151.1764404848218 16.72115471214056 20.823010127991438 24.214175898581743 25.883058853447437 9.2199442684650403
leaf_count=35 193 214 38 90 28 214 117 904 125 161 198 171 53
internal_value=-1.15468e-05 0.00670985 -0.001538 0.00354777 0.0206738 -0.00228008 -0.00633429 -0.00257608 0.00682149 -0.00558505 0.0164983 0.0287966 -0.0273882
internal_weight=401.76 95.325 58.2366 51.1097 37.0883 306.435 216.012 186.261 90.4231 37.5442 52.8789 31.199 29.7512
internal_count=2541 576 342 304 234 1965 1288 1118 677 286 391 199 170
is_linear=0
shrinkage=0.05


Tree=82
num_leaves=15
num_cat=0
split_feature=52 13 39 39 114 57 0 64 39 18 38 80 80 94
split_gain=2.33933 5.30952 6.90714 3.40439 3.24807 6.25325 6.69502 5.51653 6.58098 5.93673 4.60552 2.79804 5.10167 1.36752
threshold=0.58333333333333337 4.166666666666667 13.171428571428573 15.050000000000002 1.5091081586315898 1.2250000000000003 1.1666666666666667 1.5500000000000003 11.121428571428572 8.1000000000000014 1.8545803000000005 0.4549922500000001 -0.17361383333333361 0.35003734999999997
decision_type=2 2 2 2 2 2 2 2 2 2 2 2 2 2
left_child=1 11 13 -4 5 6 -2 8 -6 -9 -7 12 -1 -3
right_child=4 2 3 -5 7 10 -8 9 -10 -11 -12 -13 -14 -15
leaf_value=0.0020064259182932431 -0.0050448067700068185 0.05265747553973521 -0.029390542880384365 0.017906360329680814 -0.018267779699386526 0.017100659599760936 -0.039755997980907211 -0.038920701641379937 0.0034739538697413155 0.012880047254670192 -0.017281950050108876 0.015678984571040788 -0.053854602576251846 0.0022609832329470712
leaf_weight=6.0195263400673875 42.945829950273037 12.422820404171949 5.891304709017275 6.9981134459376335 55.293305855244398 29.017722368240356 23.289400167763233 4.4589796736836425 83.522427637130022 104.76201273873448 12.399302512407301 4.45371289551258 5.9368581771850595 4.021830551326274
leaf_count=34 243 75 35 49 329 177 129 23 548 731 80 30 32 26
internal_value=-1.41886e-05 0.0103725 0.0233679 -0.000671165 -0.00151551 -0.00879495 -0.0184033 0.00146575 -0.00489735 0.0099777 0.00546377 -0.00999356 -0.0238877 0.0440345
internal_weight=401.433 45.7442 29.3341 12.8894 355.689 107.652 66.2352 248.037 138.816 109.221 41.417 16.4101 11.9564 16.4447
internal_count=2541 281 185 84 2260 629 372 1631 877 754 257 96 66 101
is_linear=0
shrinkage=0.05


Tree=83
num_leaves=11
num_cat=0
split_feature=13 76 112 82 37 124 13 94 32 30
split_gain=2.35462 3.00112 4.74114 5.6528 3.14625 7.22771 4.05976 2.75131 2.70914 2.79032
threshold=2.1666666666666674 0.70714285714285718 0.49483173076923082 0.15056516666666683 2.1282486000000005 0.58722606772968167 6.166666666666667 0.7678273000000001 14.050000000000002 1.4714511000000001
decision_type=2 2 2 2 2 2 2 2 2 2
left_child=8 2 3 -2 6 -6 -3 -4 9 -1
right_child=1 4 7 -5 5 -7 -8 -9 -10 -11
leaf_value=0.02003691895426709 0.016206947719732519 -0.0036857703836250346 0.04127744383250577 -0.04489273691464242 -0.052414107515602021 0.012554151726130289 0.011361008076106698 0 0.042957678763165433 -0.027393171047769893
leaf_weight=7.1148888468742388 7.472451217472555 288.25772650167346 13.053553722798826 5.2118713930249214 8.6216358169913274 5.3555330708622924 51.250725895166397 5.1623998135328284 5.6718421876430503 3.9545865282416344
leaf_count=46 47 1801 87 29 48 39 343 31 46 24
internal_value=-6.071e-06 -0.000949499 0.0135144 -0.00669053 -0.00238948 -0.0250061 -0.00124084 0.0298018 0.0176696 0
internal_weight=401.127 384.386 30.9003 12.6843 353.486 13.9772 339.508 18.216 16.7413 11.0695
internal_count=2541 2425 194 76 2231 87 2144 118 116 70
is_linear=0
shrinkage=0.05


Tree=84
num_leaves=15
num_cat=0
split_feature=41 39 58 94 79 90 54 56 3 13 127 33 33 6
split_gain=2.24098 4.74529 9.44061 7.34175 6.82945 7.14712 6.2956 4.62337 8.54173 4.86035 4.56435 3.59112 3.33682 2.18417
threshold=4.2111111111111121 9.5277777777777803 1.3666666666666669 -0.53595544999999978 0.58333333333333348 -0.79999999999999993 1.9000000000000001 0.45000000000000007 1.3868733333333336 2.8333333333333335 0.30055529783360119 5.2678571428571432 3.683333333333334 5.166666666666667
decision_type=2 2 2 2 2 2 2 2 2 2 2 2 2 2
left_child=1 2 12 -4 5 -3 -6 9 13 10 -2 -11 -1 -9
right_child=7 4 3 -5 6 -7 -8 8 -10 11 -12 -13 -14 -15
leaf_value=-0.013219152462835207 0 -0.0061150716945953219 0.0015800296836549444 -0.039704020173653556 0.0081503924153920881 0.033098134934861731 -0.044108096025126907 0.022776030360375312 -0.055401792607997297 0.0054864173415422801 -0.052676353075268773 -0.0081435386642481258 0.028106067488401606 -0.012711822376944463
leaf_weight=3.9368218183517483 4.6739428043365461 12.841905392706392 16.611465662717819 21.070102252066135 14.853822499513628 41.788821034133434 7.3357719555497161 6.0359095409512582 10.393005780875681 157.53799545764923 7.3884429782629013 67.114350404590368 19.255280822515488 10.204593211412428
leaf_count=21 32 77 103 123 96 296 49 35 49 965 40 458 140 57
internal_value=0 0.00503783 -0.00475823 -0.0206415 0.0134043 0.0230374 -0.00812693 -0.00280671 -0.0221967 -0.000330539 -0.030139 0.00117488 0.0187679 0
internal_weight=401.042 137.694 60.8737 37.6816 76.8203 54.6307 22.1896 263.348 26.6335 236.715 12.0624 224.652 23.1921 16.2405
internal_count=2541 905 387 226 518 373 145 1636 141 1495 72 1423 161 92
is_linear=0
shrinkage=0.05


Tree=85
num_leaves=16
num_cat=0
split_feature=34 4 26 13 34 63 63 31 127 29 90 45 81 11 82
split_gain=2.22221 5.85337 10.5172 9.29009 3.8795 8.19832 6.38664 3.84831 5.1416 8.03613 4.89011 3.56392 3.22769 2.69381 2.19828
threshold=6.7750000000000012 16.166666666666668 4.366666666666668 3.5833333333333335 5.6333333333333337 0.77500000000000013 0.63333333333333341 1.1874031000000003 0.21552005757506545 0.95000000000000007 -0.79999999999999993 1.8333333333333337 -0.40384749999999986 13.16666666666667 0.36678433333333343
decision_type=2 2 2 2 2 2 2 2 2 2 2 2 2 2 2
left_child=1 4 3 -3 6 -6 -1 8 11 -10 13 -2 -4 -9 -12
right_child=7 2 12 -5 5 -7 -8 10 9 -11 14 -13 -14 -15 -16
leaf_value=0.027471118693469573 0.036436846746827845 0 0.030398499026702996 -0.056867268989718993 -0.047706519207891734 -0.00083464064741494272 0.00071045911190966023 -0.032563578044130417 0.0090417258017706677 -0.045889799621758494 0.046791887689931096 0 -0.0071960533669402776 0.017504616347569127 0
leaf_weight=25.053364962339401 9.9734066054224986 9.0030171722173709 8.7342331260442752 18.693696759641171 10.641290202736853 59.579369731247425 187.48942515254021 4.079350225627425 11.186673454940321 11.48367930203676 13.449835151433946 14.514407202601431 9.6528145596384984 3.7742666453123093 3.3018143847584716
leaf_count=152 82 59 61 111 55 378 1137 23 78 67 100 123 64 27 24
internal_value=0 -0.0018633 -0.0182294 -0.0375498 0.000682617 -0.00920979 0.00421288 0.00778536 0 -0.0174347 0.0234089 0.0149006 0.00872994 -0.00359515 0.0383751
internal_weight=400.611 328.847 46.0838 27.6967 282.763 70.2207 212.543 71.7634 47.1582 22.6704 24.6053 24.4878 18.387 7.85362 16.7516
internal_count=2541 2017 295 170 1722 433 1289 524 350 145 174 205 125 50 124
is_linear=0
shrinkage=0.05


Tree=86
num_leaves=8
num_cat=0
split_feature=8 27 128 68 22 87 106
split_gain=2.24135 2.68674 5.97595 3.20333 4.38717 4.08038 2.75038
threshold=1.0000000180025095e-35 2.9000000000000004 0.70050900962702622 0.35416666666666669 0.90000000000000013 0.4896521000000002 3.3750000000000004
decision_type=2 2 2 2 2 2 2
left_child=-1 2 -2 5 -5 -3 -4
right_child=1 3 6 4 -6 -7 -8
leaf_value=0.025815075865430845 -0.026967825179475338 0.003873499713692068 0.032596876090508313 0.019318054279070702 -0.016144412596272219 -0.0095740019243975277 -0.0033271664964673892
leaf_weight=7.1675891280174246 5.335236348211768 216.87588107213378 20.31880817189813 7.9992274865508071 64.158748179674149 74.799003470689058 3.6997005566954604
leaf_count=48 29 1383 145 49 366 494 27
internal_value=0 -0.000637813 0.0134561 -0.00194571 -0.0113194 0.000233168 0.025153
internal_weight=400.354 393.187 29.3537 363.833 72.158 291.675 24.0185
internal_count=2541 2493 201 2292 415 1877 172
is_linear=0
shrinkage=0.05


Tree=87
num_leaves=13
num_cat=0
split_feature=74 40 38 85 34 87 31 6 101 95 93 17
split_gain=2.22172 4.38253 3.50567 3.83741 3.38127 5.34404 6.55283 5.49547 2.94271 3.59594 3.2173 2.6998
threshold=1.0000000180025095e-35 4.8166666666666673 1.3807278000000001 -0.7749999999999998 7.1055555555555561 0.47143229999999997 1.0040590500000002 6.166666666666667 2.8660714285714293 -0.1610199999999998 0.33333333333333348 1.2232108000000002
decision_type=2 2 2 2 2 2 2 2 2 2 2 2
left_child=1 2 -1 -4 5 6 -2 -7 9 -6 -10 -3
right_child=4 11 3 -5 8 7 -8 -9 10 -11 -12 -13
leaf_value=0.0037394961143313249 0.030463675417923393 -0.0030185564008609763 0 -0.046723174905800628 0.0020685622236633824 -0.00045217795994799626 0 -0.031317589943901873 -0.022084721314990605 0.041561518618687704 0.016634608246192839 0.040293042687420268
leaf_weight=5.9868830069899586 18.380692608654499 5.7698947191238386 6.6574784517288235 13.912447735667227 14.59228126704693 40.004814840853214 232.70689584314823 25.114915698766708 9.0442185699939746 13.501044057309626 10.363301418721674 4.2118044421076775
leaf_count=33 137 35 36 73 102 245 1433 157 66 115 80 29
internal_value=0 -0.0116697 -0.0227758 -0.0326267 0.00110116 -0.000632193 0.00252238 -0.0134059 0.0134459 0.0235428 0 0.0127088
internal_weight=400.247 36.5385 26.5568 20.5699 363.708 316.207 251.088 65.1197 47.5008 28.0933 19.4075 9.9817
internal_count=2541 206 142 109 2335 1972 1570 402 363 217 146 64
is_linear=0
shrinkage=0.05


Tree=88
num_leaves=16
num_cat=0
split_feature=63 6 91 88 41 93 17 92 90 53 95 126 27 96 121
split_gain=2.18611 7.63163 8.09703 5.44267 5.15868 6.65941 4.70379 4.35075 5.68651 4.55931 4.06654 3.6129 3.16435 2.06931 1.82597
threshold=1.1000000000000003 6.416666666666667 0.68333333333333346 -0.47334110000000001 3.3666666666666671 -0.79999999999999993 0.7304718200000001 -0.68888888888888855 0.63333333333333353 1.0000000180025095e-35 -0.71231750000000005 0.2701291939041896 4.9000000000000012 -0.014831240000000022 38.32500000000001
decision_type=2 2 2 2 2 2 2 2 2 2 2 2 2 2 2
left_child=1 7 13 10 14 -6 -4 8 -1 -9 12 -12 -2 -3 -5
right_child=3 2 6 4 5 -7 -8 9 -10 -11 11 -13 -14 -15 -16
leaf_value=0 -0.032884028965734641 -0.067796474312520158 -0.044714077410103553 0 -0.034495688257868987 -3.9071164819403947e-05 0.0062995441404316999 0.023891953692584761 -0.046812972519120616 -0.00052997040191594806 0.03431469972059014 0 0.014211326174133655 -0.009943623831991228 0.04269877346753171
leaf_weight=18.866606928408149 5.5451915562152845 9.239996671676634 4.6125490218400982 4.0494578890502435 14.451614804565905 184.97500156611204 18.691301215440035 28.184479363262653 8.1705584079027158 44.455506190657616 27.87984985858202 12.899168789386747 5.4060308262705803 4.9555039927363387 7.6911671161651611
leaf_count=116 31 46 32 29 82 1198 129 177 48 255 200 75 36 29 58
internal_value=0 -0.00516175 -0.0241658 0.00259984 -0.000759647 -0.00294512 -0.00316467 0.00166012 -0.0144825 0.00846258 0.0170161 0.0244491 -0.00620807 -0.0528745 0.0297559
internal_weight=400.074 137.177 37.4994 262.897 211.167 199.427 23.3039 99.6772 27.0372 72.64 51.7302 40.779 10.9512 14.1955 11.7406
internal_count=2541 832 236 1709 1367 1280 161 596 164 432 342 275 67 75 87
is_linear=0
shrinkage=0.05


Tree=89
num_leaves=10
num_cat=0
split_feature=88 88 69 108 10 77 77 124 11
split_gain=2.12428 4.09054 6.18773 8.27722 4.80397 4.47215 3.88357 3.87216 3.05235
threshold=0.81688900000000009 0.43241829999999981 1.8166666666666669 0.58667942957250308 0.70564550000000004 0.55000000000000016 0.18333333333333338 0.58722606772968167 12.16666666666667
decision_type=2 2 2 2 2 2 2 2 2
left_child=1 4 6 -4 7 -6 -3 -1 -2
right_child=8 2 3 -5 5 -7 -8 -9 -10
leaf_value=0.042309448813201124 0.037663639189278279 -0.02902973423461366 -0.066938263280159421 0 0.00061839624711846719 -0.030522681201047987 0.014287788652466904 -0.0010319993642968375 -0.0039571742072431592
leaf_weight=11.231645502150061 7.9003844484686834 6.3269900828599956 9.3474140614271182 7.5424609966576091 320.22602013498545 10.911662481725214 16.312995120882988 5.1681171134114257 4.6794360056519508
leaf_count=73 62 39 52 61 2031 66 98 31 28
internal_value=0 -0.000764811 -0.0158652 -0.0378806 0.000849888 -0.000346034 0 0.0265032 0.0193483
internal_weight=399.647 387.067 39.5299 16.8899 347.537 331.138 22.64 16.3998 12.5798
internal_count=2541 2451 250 113 2201 2097 137 104 90
is_linear=0
shrinkage=0.05


Tree=90
num_leaves=14
num_cat=0
split_feature=52 123 118 109 40 102 65 89 2 115 106 46 63
split_gain=2.14772 3.95515 4.6144 4.59784 3.13015 3.03931 5.14223 6.65816 4.52269 3.97618 4.41946 4.37724 2.18853
threshold=0.58333333333333337 0.62252885263088642 65.300000000000026 0.2491808346125198 3.2250000000000005 9.5000000000000018 0.55000000000000016 -0.088455300000000001 1.8449241666666671 1.64747526596091 2.4750000000000005 1.4166666666666667 1.7333333333333336
decision_type=2 2 2 2 2 2 2 2 2 2 2 2 2
left_child=1 2 3 -1 -4 6 8 -8 -2 11 -11 -7 -3
right_child=5 12 4 -5 -6 9 7 -9 -10 10 -12 -13 -14
leaf_value=0.028689709778504154 -0.00099790902398943105 0.0013143638459340373 0 -0.023012979152680014 0.045990561519021166 -0.031647355976183525 -0.05068016393849531 0 0.013286334271290993 -0.029240437220148109 0.015420952448014988 0 -0.035400397887568956
leaf_weight=6.3291252106428137 182.3779117949307 5.4943618029355985 5.0831022709608105 9.3135091885924322 14.06071614474058 27.674901850521564 9.6379124522209185 13.057843342423437 75.410360530018806 6.0339891612529781 21.340397946536541 18.685969449579716 5.0013932958245277
leaf_count=42 1132 36 29 50 93 158 55 77 554 32 140 112 31
internal_value=0 0.0100417 0.0186849 0 0.0345387 -0.00140621 0.000814285 -0.0212279 0.00302262 -0.0104197 0.00313076 -0.0193737 -0.0133889
internal_weight=399.501 45.2822 34.7865 15.6426 19.1438 354.219 280.484 22.6958 257.788 73.7353 27.3744 46.3609 10.4958
internal_count=2541 281 214 92 122 2260 1818 132 1686 442 172 270 67
is_linear=0
shrinkage=0.05


Tree=91
num_leaves=13
num_cat=0
split_feature=10 92 32 89 10 70 108 103 44 88 46 88
split_gain=2.034 5.68814 6.04296 4.53894 2.99136 7.6758 6.97184 3.45338 3.318 7.72687 4.18674 2.14093
threshold=2.3834230000000005 -0.39444444444444432 11.683333333333335 0.13043569999999996 2.1543500000000004 1.5857142857142861 0.6341458689652445 5.5000000000000009 0.58333333333333337 -0.18462510000000001 2.1666666666666674 0.46299030000000002
decision_type=2 2 2 2 2 2 2 2 2 2 2 2
left_child=4 2 -2 -4 8 6 -6 -7 10 -10 -1 -3
right_child=1 11 3 -5 5 7 -8 -9 9 -11 -12 -13
leaf_value=0.005325228370683264 0.032354544270469347 0.043419065706360171 -0.038208135056513923 0.010395832944637293 -0.054841842385671719 -0.01341593652549559 0.0061109066624412253 0.035159692068002575 0.0098731948525808532 -0.028020884911651764 -0.009909513410715132 0
leaf_weight=228.71345300599933 6.4910018220543888 11.67253741621971 11.436078555881979 5.0952692218124858 13.151817090809351 4.3104570731520635 4.70106441900134 6.7377168610692024 20.732803337275982 29.672938950359821 53.612181916832924 2.8771475553512564
leaf_count=1448 50 98 75 42 79 29 39 47 125 163 323 23
internal_value=0 0.0108232 -0.00289006 -0.020637 -0.00124996 -0.0164028 -0.0366667 0.0125173 0 -0.0115728 0.00223099 0.0345281
internal_weight=399.204 37.572 23.0223 16.5313 361.632 28.9011 17.8529 11.0482 332.731 50.4057 282.326 14.5497
internal_count=2541 288 167 117 2253 194 118 76 2059 288 1771 121
is_linear=0
shrinkage=0.05


Tree=92
num_leaves=12
num_cat=0
split_feature=38 18 111 25 71 60 26 55 85 80 103
split_gain=2.02939 2.99558 4.96069 4.08067 5.04391 4.27434 3.86301 2.45998 4.09794 2.44407 2.89829
threshold=2.2112515500000005 9.1000000000000014 1.0569952922894104 7.9000000000000012 1.0000000180025095e-35 1.6750000000000003 3.5500000000000003 0.55000000000000016 -0.20000000000000001 -0.13966566666666677 10.500000000000002
decision_type=2 2 2 2 2 2 2 2 2 2 2
left_child=1 2 6 5 -5 -3 -1 9 -9 10 -2
right_child=7 3 -4 4 -6 -7 -8 8 -10 -11 -12
leaf_value=0 0.04258460378161958 -0.025398519360030541 0.014645532762728623 0.022856361849112401 0 0.019664108292690198 -0.050878592869754186 -0.046880474831488189 0.019700693948951742 -0.0011522947899130296 0
leaf_weight=4.8389259874820736 12.041047316044578 26.593246743083004 5.205509401857852 25.012411884963512 295.62634058669209 4.4517900720238677 10.058522835373877 3.1503095105290413 3.2168889716267577 4.6553350090980521 4.1208054199814788
leaf_count=24 106 147 33 165 1867 26 54 23 33 35 28
internal_value=0 -0.0010478 -0.0193461 0 0.00174506 -0.0169643 -0.0345428 0.0128642 -0.00834684 0.0217289 0.0309162
internal_weight=398.971 371.787 20.103 351.684 320.639 31.045 14.8974 27.1844 6.3672 20.8172 16.1619
internal_count=2541 2316 111 2205 2032 173 78 225 56 169 134
is_linear=0
shrinkage=0.05


Tree=93
num_leaves=13
num_cat=0
split_feature=82 34 51 66 8 126 73 26 39 113 78 80
split_gain=2.0257 4.03397 3.85775 8.41021 4.44008 3.54341 4.69455 4.99115 4.35865 4.25073 3.19439 1.99103
threshold=-0.03063150000000003 3.683333333333334 0.83333333333333337 1.7750000000000001 0.58333333333333337 0.30188210913055008 0.10555555555555557 4.7333333333333343 10.535714285714286 0.51999666999667016 -1.0000000180025095e-35 0.018211000000000203
decision_type=2 2 2 2 2 2 2 2 2 2 2 2
left_child=5 11 3 -3 -4 6 8 -8 -1 10 -7 -2
right_child=1 2 4 -5 -6 9 7 -9 -10 -11 -12 -13
leaf_value=0.0017323992931682231 0.03724973679442975 -0.038999383146721391 0.023895553004090402 0.022817127359348693 -0.0054630948767059881 0 0.014755407232941321 -0.0035594507360376705 -0.034460652647120275 0.0078193470400469492 -0.052989248192799376 0
leaf_weight=17.026503898203377 7.2997414097189885 20.496945627033714 12.85776301845908 5.5557436421513549 135.88033936917782 5.0702270716428766 115.05868600308895 48.541092596948147 11.768118076026438 7.943536512553691 7.2611706256866464 3.9475753083825111
leaf_count=112 49 116 84 40 864 29 748 331 68 43 34 23
internal_value=0 -0.00386258 -0.00600393 -0.0236126 -0.00244862 0.00326212 0.00557092 0.00902889 -0.0120414 -0.0155287 -0.0337777 0.023106
internal_weight=398.707 186.038 174.791 26.0527 148.738 212.669 192.394 163.6 28.7946 20.2749 12.3314 11.2473
internal_count=2541 1176 1104 156 948 1365 1259 1079 180 106 63 72
is_linear=0
shrinkage=0.05


Tree=94
num_leaves=11
num_cat=0
split_feature=22 80 118 80 22 24 32 23 97 12
split_gain=1.95821 3.16072 5.24931 6.37919 4.74696 6.94717 3.35705 2.64207 2.3513 1.41159
threshold=0.55000000000000016 0.0081816666666662558 75.300000000000011 0.12028133333333314 0.90000000000000013 1.4288273000000002 12.950000000000001 1.3556796000000002 -1.1499999999999997 2.8333333333333335
decision_type=2 2 2 2 2 2 2 2 2 2
left_child=7 4 3 -3 9 -6 -4 -1 -9 -2
right_child=1 2 6 -5 5 -7 -8 8 -10 -11
leaf_value=-0.0070520499957095698 0 -0.038472765932353055 0.030389451623888404 -0.0058951608163100924 -0.021135831600251145 0.0052025126352013484 0 0 0.046652010654645366 0.038681808532804958
leaf_weight=4.5177392661571494 4.6684218645095816 17.649723455309868 11.548177257180212 118.02114422246814 28.550479494035244 157.36461162567139 33.948515173047781 4.7180728986859313 6.747804418206214 10.732828512787817
leaf_count=26 26 94 77 733 158 1038 242 30 48 69
internal_value=0 -0.000794592 -0.0056743 -0.0107496 0.00335593 0.000798865 0.00829052 0.0165527 0.029684 0.0292441
internal_weight=398.468 382.484 181.168 135.671 201.316 185.915 45.4967 15.9836 11.4659 15.4013
internal_count=2541 2437 1146 827 1291 1196 319 104 78 95
is_linear=0
shrinkage=0.05


Tree=95
num_leaves=11
num_cat=0
split_feature=13 32 76 112 82 18 80 4 94 0
split_gain=1.95453 2.54652 2.54184 4.29635 4.78125 2.74468 3.90833 3.14747 2.5751 2.15305
threshold=2.1666666666666674 14.050000000000002 0.70714285714285718 0.49483173076923082 0.15056516666666683 9.1000000000000014 -1.0403524999999993 16.166666666666668 0.7678273000000001 1.5833333333333337
decision_type=2 2 2 2 2 2 2 2 2 2
left_child=1 9 3 4 -2 6 -4 -7 -5 -1
right_child=2 -3 5 8 -6 7 -8 -9 -10 -11
leaf_value=0.017944603993075674 0.014836662986266817 0.041634683325177724 0.0068946605223887403 0.039935465888215414 -0.04115594486489188 0.0015657044025065518 -0.034891918553210909 -0.01003688754526324 0 -0.023762707182232404
leaf_weight=6.7786165997385996 7.2746781036257762 5.3559007719159117 5.8551165759563473 12.565631456673147 5.3099352121353149 259.21675583720207 13.485549852252005 73.241898167878389 5.1129297390580168 4.0965253859758377
leaf_count=45 47 46 36 87 29 1611 72 512 31 25
internal_value=0 0.0164298 -0.000783252 0.0126624 -0.00639862 -0.00211423 -0.0200664 -0.000862881 0.028524 0
internal_weight=398.294 16.231 382.062 30.2632 12.5846 351.799 19.3407 332.459 17.6786 10.8751
internal_count=2541 116 2425 194 76 2231 108 2123 118 70
is_linear=0
shrinkage=0.05


Tree=96
num_leaves=15
num_cat=0
split_feature=46 71 58 116 82 124 70 48 41 87 106 110 79 72
split_gain=1.93418 6.38605 4.91111 7.17325 5.34164 4.96186 7.63617 4.47586 6.25448 3.79957 3.75622 3.08095 2.86407 2.20815
threshold=0.83333333333333337 0.41428571428571431 1.2250000000000003 0.81528170874002759 0.015342833333333418 0.48901210165534753 1.3541666666666667 2.1666666666666674 4.0500000000000007 1.0087473000000002 2.4250000000000003 0.16606622929544471 1.1666666666666672 2.0500000000000003
decision_type=2 2 2 2 2 2 2 2 2 2 2 2 2 2
left_child=1 7 3 4 -2 6 -4 8 -1 -7 -3 -5 -12 -9
right_child=2 10 5 11 -6 9 -8 13 -10 -11 12 -13 -14 -15
leaf_value=0.0046447242913247927 0.029157252619011018 -0.013634933478568593 0.021341298334100124 0 0.0012491040246170888 0.0042714940094142418 -0.024143403283256825 0.026916661610191597 -0.032562720759423604 -0.027773238516367406 0.034702799407667684 -0.044750218041258991 0 -0.0084360388080616713
leaf_weight=12.531863290816544 43.061382673680782 7.0849061086773899 9.5828778706490976 4.6985987238585931 34.680046867579222 155.57100182399154 44.916873902082443 6.9999158568680269 37.734336882829666 8.5866513103246671 15.145615573972465 5.9882874861359596 5.4980764165520659 6.1297511979937553
leaf_count=87 297 45 64 40 223 1005 260 43 214 52 110 31 36 34
internal_value=0 -0.00638132 0.00187579 0.0118318 0.0175165 -0.00195849 -0.0150043 -0.0154243 -0.0224016 0.00213456 0.0123704 -0.0232035 0.0238232 0.00744421
internal_weight=398.21 91.1245 307.086 88.4283 77.7414 218.657 54.4998 63.3959 50.2662 164.158 27.7286 10.6869 20.6437 13.1297
internal_count=2541 569 1972 591 520 1381 324 378 301 1057 191 71 146 77
is_linear=0
shrinkage=0.05


Tree=97
num_leaves=10
num_cat=0
split_feature=96 121 100 37 99 79 127 121 38
split_gain=1.96614 2.74871 2.66182 4.30361 4.23724 4.18955 5.3253 4.22289 2.61932
threshold=-0.61636725000000003 40.940000000000012 0.34848484848484856 0.8855801350000001 0.14835164835164838 0.83333333333333337 0.1397553878523248 38.32500000000001 1.6831583500000005
decision_type=2 2 2 2 2 2 2 2 2
left_child=1 -1 5 8 -5 7 -7 -2 -4
right_child=2 -3 3 4 -6 6 -8 -9 -10
leaf_value=0 0.012690852731648465 -0.039553035801370699 -0.042184201945138819 0 0.026637488912379867 0.01993567969795014 -0.018346399911873042 -0.0019571327610766703 0
leaf_weight=8.0027930065989477 64.518154587596655 6.4188811108469954 4.6618839502334577 26.392977505922318 33.187286414206028 8.7228253334760648 57.294988289475441 184.10444579645991 4.5513081103563309
leaf_count=44 431 36 22 166 233 67 343 1167 32
internal_value=0 -0.0175217 0.000685632 0.0096004 0.0150188 -0.00112934 -0.0123202 0.00167936 -0.0185834
internal_weight=397.856 14.4217 383.434 68.7935 59.5803 314.64 66.0178 248.623 9.21319
internal_count=2541 80 2461 453 399 2008 410 1598 54
is_linear=0
shrinkage=0.05


Tree=98
num_leaves=13
num_cat=0
split_feature=34 34 63 122 38 94 17 128 128 126 113 101
split_gain=1.91955 4.91384 5.83234 7.39685 5.71101 4.80136 7.43461 4.40961 3.31549 3.53039 3.66609 3.35659
threshold=6.7750000000000012 5.5857142857142863 1.1000000000000003 53.435000000000009 1.9398372500000003 0.6257959500000001 1.3486650000000002 0.78270724755597276 0.885272424234683 0.21863868278769702 0.50321048027989834 3.7888888888888892
decision_type=2 2 2 2 2 2 2 2 2 2 2 2
left_child=1 5 3 -3 -4 7 -7 -1 9 11 -11 -2
right_child=8 2 4 -5 -6 6 -8 -9 -10 10 -12 -13
leaf_value=-0.0022929304967643578 0.040970808296771487 -0.036076512704021887 -0.0085069764874820038 0.021854549783375907 0.027103551452361777 -0.047714160956134531 0.018756723486073257 0.012054515222741638 -0.025068712215399816 0.014400993461353262 -0.012704902302574921 -0.0041497693626270466
leaf_weight=100.11706053465605 13.863811191171409 31.219450697302818 60.194761767983437 4.8122406452894202 12.599094353616236 10.118142053484915 4.7514257431030265 103.12976269423962 5.3337340317666522 29.959916818886995 18.664537459611893 2.8666810356080523
leaf_count=561 129 177 373 28 104 55 30 689 41 211 123 20
internal_value=0 -0.00163619 -0.0103559 -0.0266081 -0.00138221 0.00251357 -0.0234798 0.0047657 0.00739553 0.0111364 0.00294245 0.0306216
internal_weight=397.631 326.942 108.826 36.0317 72.7939 218.116 14.8696 203.247 70.6887 65.3549 48.6245 16.7305
internal_count=2541 2017 682 205 477 1335 85 1250 524 483 334 149
is_linear=0
shrinkage=0.05


Tree=99
num_leaves=15
num_cat=0
split_feature=52 13 39 106 114 57 0 64 95 39 38 80 14 99
split_gain=1.89019 4.53122 6.40684 3.06261 2.90245 5.34179 5.38617 4.41118 5.73856 5.49036 4.08319 2.54537 5.03307 1.35554
threshold=0.58333333333333337 4.166666666666667 13.171428571428573 2.5750000000000006 1.5091081586315898 1.2250000000000003 1.1666666666666667 1.5500000000000003 0.29660384999999995 11.121428571428572 1.8545803000000005 0.4549922500000001 1.3666666666666669 0.42261904761904767
decision_type=2 2 2 2 2 2 2 2 2 2 2 2 2 2
left_child=1 11 13 -4 5 6 -2 9 -9 -6 -7 12 -1 -3
right_child=4 2 3 -5 7 10 -8 8 -10 -11 -12 -13 -14 -15
leaf_value=0.0027500723682935967 -0.0047305703584766103 0.053104922197927042 -0.030940888965993174 0.014547848841326254 -0.016244667606573403 0.016253071811028263 -0.035976743843325047 0.014615517812096369 -0.015407185189927118 0.0036117535686645491 -0.016191049276593563 0.015479336184419105 -0.052892267708447606 0.0051871132372633549
leaf_weight=6.1551505848765391 42.58570671081543 10.815006479620935 5.1226863786578161 7.5585627406835556 55.555372718721628 28.464256688952446 23.69501881301403 90.024560872465372 16.906636882573366 82.930849626660347 12.365966185927389 4.3865737468004218 5.7958318889141083 4.8296513408422461
leaf_count=36 243 72 29 55 329 177 129 635 119 548 80 30 30 29
internal_value=0 0.00955583 0.0219172 -0.00109147 -0.00125382 -0.00815973 -0.0170128 0.00157819 0.00930667 -0.00405478 0.00507948 -0.00902026 -0.0223743 0.0425166
internal_weight=397.192 44.6635 28.3259 12.6812 352.528 107.111 66.2807 245.417 106.931 138.486 40.8302 16.3376 11.951 15.6447
internal_count=2541 281 185 84 2260 629 372 1631 754 877 257 96 66 101
is_linear=0
shrinkage=0.05


Tree=100
num_leaves=16
num_cat=0
split_feature=41 111 111 126 54 65 40 75 111 79 116 24 12 37 89
split_gain=1.93715 4.3106 6.29148 6.34831 5.71228 7.31895 4.95647 4.93638 4.19286 6.31279 4.97548 7.21887 4.9287 4.84388 3.35721
threshold=4.2111111111111121 1.0525757364232866 1.0577031725336814 0.28358512374714473 1.2916666666666667 0.36666666666666675 4.0500000000000007 1.9500000000000002 1.0523782030133073 0.83333333333333337 -0.033371059459347922 1.993422 2.8333333333333335 0.89111280000000015 0.19865719999999978
decision_type=2 2 2 2 2 2 2 2 2 2 2 2 2 2 2
left_child=8 4 3 -3 5 -2 -4 -6 10 13 12 -12 -1 -10 -11
right_child=1 2 6 -5 7 -7 -8 -9 9 14 11 -13 -14 -15 -16
leaf_value=-0.020606469778506723 -0.021330148689666793 -0.0083218729829709469 -0.012451402747918791 -0.041607249266691966 0.026269327397318944 0.01444827158743503 0.018910403964819911 -0.0078146199735425383 0 -0.046949235832549403 -0.0305398200709005 0.0157871400906376 0.031945910911007867 0.026642244002149224 0
leaf_weight=4.6358369737863567 31.673527374863625 90.208549797534943 18.201304689049721 18.125020854175091 38.055472273379564 23.102040268480778 30.754067741334438 11.318190723657606 20.518272902816534 4.761246941983698 26.26413219794631 9.8351638466119748 12.591882735490797 49.229124441742897 7.5517172440886497
leaf_count=27 183 569 112 91 254 139 214 74 131 30 151 75 88 354 49
internal_value=0 -0.00252389 -0.00785504 -0.0146777 0.00504997 -0.00535536 0.00623355 0.0174635 0.00482192 0.0120535 -0.00540275 -0.0164851 0.0147067 0.0182423 -0.0179847
internal_weight=396.826 261.438 157.289 108.334 104.149 54.7756 48.9554 49.3737 135.387 82.0604 53.327 36.0993 17.2277 69.7474 12.313
internal_count=2541 1636 986 660 650 322 326 328 905 564 341 226 115 485 79
is_linear=0
shrinkage=0.05


Tree=101
num_leaves=10
num_cat=0
split_feature=88 88 35 95 10 77 124 26 27
split_gain=1.90629 3.54533 5.93475 4.40511 4.2413 4.20005 3.62103 2.57551 1.51022
threshold=0.81688900000000009 0.43241829999999981 1.6833333333333336 0.2242977500000001 0.70564550000000004 0.55000000000000016 0.58722606772968167 4.366666666666668 5.5500000000000007
decision_type=2 2 2 2 2 2 2 2 2
left_child=1 4 3 -3 6 -6 -1 -2 -4
right_child=7 2 8 -5 5 -7 -8 -9 -10
leaf_value=0.041018130300250123 0.036671829601956127 0.021813528962206178 -0.059801577297280119 -0.016955229841580915 0.00066743419370718978 -0.029532909457133917 -0.00098758342791873755 -0.00063396282139007018 -0.0042777169112303576
leaf_weight=10.808881804347036 7.2015281692147237 10.666091330349447 6.633527643978594 18.037855878472328 317.58938658609986 10.903557017445562 5.1432007104158393 5.0716822892427444 4.2037810310721397
leaf_count=73 57 70 35 117 2031 66 31 33 28
internal_value=0 -0.000669291 -0.0147275 -0.000616504 0.000837766 -0.000269836 0.025266 0.0186026 -0.0446687
internal_weight=396.259 383.986 39.5413 28.7039 344.445 328.493 15.9521 12.2732 10.8373
internal_count=2541 2451 250 187 2201 2097 104 90 63
is_linear=0
shrinkage=0.05


Tree=102
num_leaves=13
num_cat=0
split_feature=100 93 111 63 124 79 126 126 112 121 96 126
split_gain=1.83718 4.02982 4.46449 4.63117 3.33159 3.2368 5.27929 4.74115 4.16192 5.47125 4.02299 2.15702
threshold=0.34848484848484856 -0.88333333333333319 1.0520366818125551 0.90000000000000013 0.54379167120943206 0.83333333333333337 0.21863868278769702 0.23014495277802985 0.51808894230769253 39.385000000000005 -0.25700569999999995 0.1526861293394032
decision_type=2 2 2 2 2 2 2 2 2 2 2 2
left_child=5 -2 3 -3 -4 8 11 -8 9 -1 -10 -7
right_child=1 2 4 -5 -6 6 7 -9 10 -11 -12 -13
leaf_value=0.009158956057985855 -0.024782940888756284 -0.0046718336237787069 -0.0097956523415728813 0.042844873422508874 0.017350780086019115 -0.0099361501396372648 -0.061204896616335415 -0.011891172511222098 -0.0048227436972601029 -0.0098485686615931243 0.016866055649329414 0.024911420867651645
leaf_weight=52.674323696643114 6.8671928048133841 4.5298023149371174 23.952894330024719 16.176782585680485 18.910312421619892 3.8968625068664542 5.5531482771039 47.305761151015759 27.371428169310093 116.64683254808187 61.278637580573559 10.904649112373589
leaf_count=339 39 27 145 122 133 28 31 277 167 713 438 82
internal_value=0 0.00722539 0.0117877 0.0304103 0.00116338 -0.00162592 -0.0113252 -0.0190404 0.000758828 -0.00362287 0.00963264 0.0125245
internal_weight=396.069 70.437 63.5698 20.7066 42.8632 325.632 67.6604 52.8589 257.971 169.321 88.6501 14.8015
internal_count=2541 466 427 149 278 2075 418 308 1657 1052 605 110
is_linear=0
shrinkage=0.05


Tree=103
num_leaves=15
num_cat=0
split_feature=52 13 39 39 46 77 25 68 87 116 80 80 32 88
split_gain=1.80647 4.15494 6.01567 2.82443 2.73445 8.71729 3.74375 3.61623 3.57749 3.46545 2.29667 3.98122 0.944424 0.668115
threshold=0.58333333333333337 4.166666666666667 13.171428571428573 15.050000000000002 2.4166666666666674 0.10555555555555557 13.900000000000002 0.35416666666666669 0.10453399999999997 -0.79486308878288425 0.4549922500000001 -0.17361383333333361 14.414285714285716 -0.061987400000000019
decision_type=2 2 2 2 2 2 2 2 2 2 2 2 2 2
left_child=1 10 12 -4 7 13 -7 9 -9 -2 11 -1 -3 -6
right_child=4 2 3 -5 5 6 -8 8 -10 -11 -12 -13 -14 -15
leaf_value=0.0015738188345926218 -0.013917041297704628 0.049866657708944169 -0.026764537498027954 0.01640599933614998 0.039299725269258311 -0.038304429430869286 0.0015193852003064221 -0.018716970115482939 0.0036369749910273898 0.0050731578770570876 0.014928284403896068 -0.04689980531892135 0.0029251616364215464 0
leaf_weight=5.8959915190935144 24.848575174808502 11.267971433699133 5.9615067243576032 6.7309156805276871 4.1776608750224113 20.952813014388088 4.7989550679922095 43.143497299402952 24.216635771095753 226.04834203794599 4.3435205072164527 6.125839240849019 3.9563095495104781 3.1720054149627677
leaf_count=34 153 74 35 49 33 118 32 247 149 1508 30 32 27 20
internal_value=0 0.00934575 0.0213293 -0.000692946 -0.00126192 -0.014728 -0.0292347 2.37932e-05 -0.0100134 0.00294611 -0.00826806 -0.0209915 0.041682 0.0275261
internal_weight=395.641 44.2821 27.9167 12.6924 351.358 33.1014 25.7518 318.257 67.3601 250.897 16.3654 12.0218 15.2243 7.34967
internal_count=2541 281 185 84 2260 203 150 2057 396 1661 96 66 101 53
is_linear=0
shrinkage=0.05


Tree=104
num_leaves=8
num_cat=0
split_feature=0 54 9 34 46 20 46
split_gain=1.7616 2.54643 4.94019 5.21994 3.46443 4.78456 4.60851
threshold=1.0000000180025095e-35 0.90000000000000013 0.60344328333333341 5.0500000000000007 2.1666666666666674 5.366666666666668 0.83333333333333337
decision_type=2 2 2 2 2 2 2
left_child=-1 2 -2 -4 6 -6 -3
right_child=1 4 3 -5 5 -7 -8
leaf_value=0.023841502779251966 0.025931380790330534 -0.0051079508820225852 0.00078068647732946203 -0.020948230835723145 -0.037738486189473862 0.0014719399689051206 0.0088215218990540401
leaf_weight=6.5865702852606764 8.6152667626738531 86.267142232507467 46.589464344084263 54.459354989230633 11.496624976396562 14.579930122941731 166.84724449366331
leaf_count=41 55 545 292 321 66 97 1124
internal_value=0 -0.000484911 -0.00700576 -0.0105305 0.00191384 -0.0147238 0.00387586
internal_weight=395.442 388.855 109.664 101.049 279.191 26.0766 253.114
internal_count=2541 2500 668 613 1832 163 1669
is_linear=0
shrinkage=0.05


Tree=105
num_leaves=12
num_cat=0
split_feature=29 2 89 15 25 39 35 93 17 67 86
split_gain=1.83853 3.04384 2.57589 2.10343 4.86477 7.18805 4.83047 7.49889 4.15653 4.06594 0.2551
threshold=0.68333333333333346 2.1396050000000004 -0.012759999999999992 1.1000000000000003 13.450000000000001 10.366666666666669 0.70714285714285718 -0.79999999999999993 1.5169695000000003 0.29285714285714287 0.43333333333333351
decision_type=2 2 2 2 2 2 2 2 2 2 2
left_child=1 10 -3 4 5 -2 8 -8 -5 -6 -1
right_child=3 2 -4 6 9 -7 7 -9 -10 -11 -12
leaf_value=0.0036577435698779397 0.0036326921148242281 0.018253644040836525 -0.030005067017318473 0.039877329017316172 -0.028045100698197496 -0.022183489595070841 -0.023269386496254898 0.00317460621451103 0 0.017416991783246103 0.043124648149336108
leaf_weight=4.0386509001255053 41.7389833368361 3.9887296222150326 4.3518571183085424 13.648837409913542 4.2350728809833518 61.794613022357225 30.2990887388587 182.0022633485496 13.752785243093966 29.739387143403292 5.7274793684482574
leaf_count=30 266 38 29 93 23 377 177 1180 80 200 48
internal_value=0 0.0151271 -0.00208984 -0.000769824 -0.00576989 -0.0113623 0.00190285 -0.000456399 0.0213147 0.00968048 0.0333035
internal_weight=395.318 18.1067 8.34059 377.211 137.508 103.534 239.703 212.301 27.4016 33.9745 9.76613
internal_count=2541 145 67 2396 866 643 1530 1357 173 223 78
is_linear=0
shrinkage=0.05


Tree=106
num_leaves=14
num_cat=0
split_feature=74 123 9 62 58 79 2 109 116 112 20 126 98
split_gain=1.75578 4.1598 4.54865 3.75387 5.17285 4.19396 4.07714 4.05344 4.88114 2.97913 2.45383 2.25862 5.24128
threshold=1.0000000180025095e-35 0.57077989725740486 1.8088106666666668 1.0000000180025095e-35 1.5500000000000003 -0.75 1.5767483333333334 0.15706224563681312 0.87523441129855617 0.54557322572988387 5.5500000000000007 0.2877956022455162 -0.099999999999999908
decision_type=2 2 2 2 2 2 2 2 2 2 2 2 2
left_child=1 11 10 4 6 -6 -2 9 -9 -5 -3 12 -1
right_child=3 2 -4 7 5 -7 -8 8 -10 -11 -12 -13 -14
leaf_value=0.045236391766501759 -0.016949362048803211 -0.0094955544239520209 0.010221403907145918 0.036139078256025046 0 0.040016935690438793 0.014591734976024749 -0.0006615926414296516 -0.025553241453412395 -0.0082355910199427649 -0.060688822334653406 -0.016364762633526209 -0.01238295944372169
leaf_weight=7.1409262567758569 19.151874370872974 7.8652297556400317 4.0483893230557433 10.961224917322395 12.723825968801973 19.447725847363472 19.682066541165113 253.24453268572688 20.881474480032921 2.7158732414245597 7.1621945723891258 5.1124743670225135 5.0561548694968232
leaf_count=43 113 45 29 110 85 140 143 1603 117 24 36 25 28
internal_value=0 -0.0102898 -0.0262969 0.00109455 0.0113812 0.0259043 0 -0.00130083 -0.00282543 0.0239601 -0.0392786 0.00509263 0.0184338
internal_weight=395.194 36.3854 19.0758 358.809 71.0055 32.1716 38.8339 287.803 274.126 13.6771 15.0274 17.3096 12.1971
internal_count=2541 206 110 2335 481 225 256 1854 1720 134 81 96 71
is_linear=0
shrinkage=0.05


Tree=107
num_leaves=11
num_cat=0
split_feature=8 77 95 82 27 124 48 18 18 92
split_gain=1.73127 4.1384 6.84762 3.25378 5.41761 4.17764 3.18337 3.8082 2.76432 2.42821
threshold=0.58333333333333337 0.55000000000000016 -0.14167409999999989 -0.03063150000000003 2.9000000000000004 0.59257872827267033 1.5833333333333337 13.450000000000001 11.550000000000002 0.25833333333333347
decision_type=2 2 2 2 2 2 2 2 2 2
left_child=6 3 -3 5 -5 -2 9 8 -8 -1
right_child=1 2 -4 4 -6 -7 7 -9 -10 -11
leaf_value=-0.033635269251896631 0 -0.072734373889402987 0 0.022066880519312493 -0.0082177347631945379 0.017830880013446463 0.023906590673877924 0.043086925657628498 -0.018717954157469668 0.0085876992890348385
leaf_weight=4.8503583371639234 142.45551112666726 4.2589343041181564 6.9122321680188161 14.705158084630964 150.12797986716032 43.879925418645144 6.480088800191881 10.040368985384701 6.522883266210556 4.5108818635344505
leaf_count=26 903 22 44 105 945 315 41 73 39 28
internal_value=0 -0.000990196 -0.0296532 0 -0.00509769 0.00451864 0.0109043 0.0213658 0 -0.00959852
internal_weight=394.744 362.34 11.1712 351.169 164.833 186.335 32.4046 23.0433 13.003 9.36124
internal_count=2541 2334 66 2268 1050 1218 207 153 80 54
is_linear=0
shrinkage=0.05


Tree=108
num_leaves=12
num_cat=0
split_feature=29 2 89 73 112 112 87 24 87 60 86
split_gain=1.67666 2.86531 2.27417 1.97377 4.27861 6.16426 4.01739 2.94939 5.66191 4.92396 0.233886
threshold=0.68333333333333346 2.1396050000000004 -0.012759999999999992 0.15476190476190479 0.52956610819206251 0.50191818359757301 -0.070340500000000014 1.4214390000000001 -0.19990349999999998 1.9000000000000001 0.43333333333333351
decision_type=2 2 2 2 2 2 2 2 2 2 2
left_child=1 10 -3 4 5 -2 -6 8 -5 -9 -1
right_child=3 2 -4 7 6 -7 -8 9 -10 -11 -12
leaf_value=0.0033609232273068348 0 0.017248354925348337 -0.028028976823212239 -0.033201131809532582 0.038888095267777874 -0.043021964554372495 -0.017315859134650356 0.00019788125851438995 -0.00087965891444831672 0.020127890850931321 0.042268673655676242
leaf_weight=4.0266056805849093 19.485958486795425 3.8884454779326916 4.4292151778936368 14.82577411085367 6.3372038528323174 14.550351187586783 3.3873625472187978 156.37956094369292 122.33099018409848 39.403317432850599 5.528008759021759
leaf_count=30 121 38 29 76 52 86 21 1037 737 266 48
internal_value=0 0.0145699 -0.00191654 -0.000700675 -0.0106141 -0.0195357 0.0148592 0.000480486 -0.00495034 0.00454499 0.032481
internal_weight=394.573 17.8723 8.31766 376.701 43.7609 34.0363 9.72457 332.94 137.157 195.783 9.55461
internal_count=2541 145 67 2396 280 207 73 2116 813 1303 78
is_linear=0
shrinkage=0.05


Tree=109
num_leaves=16
num_cat=0
split_feature=100 40 122 102 123 79 126 126 112 121 96 99 124 101 126
split_gain=1.72633 3.65501 4.45276 4.09886 3.81484 3.05014 4.69451 3.92473 3.68776 4.81896 3.67873 2.63179 2.90805 2.7837 2.01969
threshold=0.34848484848484856 4.0500000000000007 39.385000000000005 6.5000000000000009 0.62311608229586468 0.83333333333333337 0.21863868278769702 0.23014495277802985 0.51808894230769253 39.385000000000005 -0.25700569999999995 0.14835164835164838 0.61390456589131148 2.6306818181818188 0.1526861293394032
decision_type=2 2 2 2 2 2 2 2 2 2 2 2 2 2 2
left_child=5 2 3 -2 -4 8 14 -8 9 -1 -10 13 -13 -3 -7
right_child=1 11 4 -5 -6 6 7 -9 10 -11 -12 12 -14 -15 -16
leaf_value=0.008748878423917486 -0.051947971477241374 0.022292833746714206 0.021691105528816049 0 -0.018400458911509467 -0.0098230929901333419 -0.056335011986831718 -0.011446123930736537 -0.0045260602748276087 -0.009124958860056976 0.016211982322403461 0.044627390874673711 0 -0.018095665608778948 0.023970291526340518
leaf_weight=52.236508436501026 6.2219951115548593 7.8247773870825785 18.30304274708033 7.3073303326964378 6.4709801375865927 3.8821444176137438 5.7112356126308432 47.298790939152241 27.332615427672863 116.87945444136858 60.493200466036797 12.244137048721315 4.6122713387012473 6.8632650747895241 10.6531417183578
leaf_count=339 32 53 116 48 41 28 31 277 167 713 438 94 37 45 82
internal_value=0 0.00710448 -0.00216799 -0.025221 0.00897163 -0.00150769 -0.010935 -0.0181617 0.000809509 -0.0032912 0.00921682 0.0196207 0.0327114 0.000282908 0.0116748
internal_weight=394.335 69.8478 38.3033 13.5293 24.774 324.487 67.5453 53.01 256.942 169.116 87.8258 31.5445 16.8564 14.688 14.5353
internal_count=2541 466 237 80 157 2075 418 308 1657 1052 605 229 131 98 110
is_linear=0
shrinkage=0.05


Tree=110
num_leaves=15
num_cat=0
split_feature=102 47 123 88 71 58 41 39 102 88 22 24 78 108
split_gain=1.67991 3.42716 4.92449 5.03231 3.34916 5.11015 7.21238 3.31723 3.27321 3.83798 3.24043 4.04508 2.85577 2.25765
threshold=9.5000000000000018 1.0000000180025095e-35 0.50534455484536001 0.25952840000000027 0.41428571428571431 0.90000000000000013 4.0500000000000007 17.650000000000002 5.5000000000000009 0.23347219999999999 2.2916666666666674 1.6105113666666671 -0.33333333333333331 0.3796089804112463
decision_type=2 2 2 2 2 2 2 2 2 2 2 2 2 2
left_child=4 10 13 -4 5 6 -1 -7 12 -10 11 -2 -6 -3
right_child=1 2 3 -5 8 7 -8 -9 9 -11 -12 -13 -14 -15
leaf_value=0.019206899891186485 0 0.03217672229349583 -0.036410271435887494 0.0035991736189300186 -0.028773332622823888 0.0037694352878605911 -0.029186290263067412 -0.028584061016090935 0.043622898688941016 0 -0.025120385768081562 0.035661165445209753 0.014032343402518011 -0.0042384173366965218
leaf_weight=8.2374454699456674 17.674824088811878 5.0199742987751952 25.532348781824112 7.8855636455118647 5.2534410282969466 233.55450817942619 29.371829431504011 6.939597249031066 13.206189393997194 7.7433680742979041 5.494115710258483 10.674804694950579 8.9650264941155893 8.3287333622574788
leaf_count=63 103 28 149 54 31 1514 172 43 100 59 35 78 67 45
internal_value=0 -0.00637514 -0.0152807 -0.0256863 0.00167614 -6.54321e-06 -0.0170689 0.00251431 0.0159972 0.0281868 0.00458125 0.0127008 0 0.00725947
internal_weight=393.882 80.6104 46.7666 33.4179 313.271 278.103 37.6093 240.494 35.168 20.9496 33.8437 28.3496 14.2185 13.3487
internal_count=2541 492 276 203 2049 1792 235 1557 257 159 216 181 98 73
is_linear=0
shrinkage=0.05


Tree=111
num_leaves=12
num_cat=0
split_feature=10 36 30 30 102 38 91 109 126 22 72
split_gain=1.68359 3.41461 2.49002 5.08664 3.14262 2.84292 2.34195 2.95883 2.22064 2.10783 0.482417
threshold=2.6273750000000002 2.2678571428571432 2.4496134000000001 2.3590900500000003 6.5000000000000009 2.3581763749999998 1.4500000000000004 0.13590917139855271 0.24386318169818277 0.90000000000000013 0.70714285714285718
decision_type=2 2 2 2 2 2 2 2 2 2 2
left_child=2 10 3 5 -5 -1 9 -8 -3 -4 -2
right_child=1 8 6 4 -6 -7 7 -9 -10 -11 -12
leaf_value=-0.0014875088576189908 0 -0.034053375674203336 0 0 -0.066486077305834376 0.030084193015049117 0.022615470822270209 -0.032690559186468945 0.012234212218698607 0.041873984328145264 0.04019892164205504
leaf_weight=343.66803933680058 3.0016014911234397 3.526814527809619 3.4267516583204296 3.6557718105614176 3.8717036247253418 6.2008933126926413 3.563292294740676 3.7381033971905708 3.2944452166557312 8.3513906300067884 7.3101437091827393
leaf_count=2125 25 25 24 29 23 55 39 27 26 75 68
internal_value=0 0.0149021 -0.000694624 -0.00177901 -0.0400503 -0.000701298 0.016205 -0.00020361 -0.00659921 0.0295096 0.0328715
internal_weight=393.609 17.133 376.476 357.396 7.52748 349.869 19.0795 7.3014 6.82126 11.7781 10.3117
internal_count=2541 144 2397 2232 52 2180 165 66 51 99 93
is_linear=0
shrinkage=0.05


Tree=112
num_leaves=11
num_cat=0
split_feature=22 80 64 95 13 22 2 10 38 36
split_gain=1.7095 2.61938 4.7141 4.7378 4.64121 4.41668 4.74741 2.43051 1.3814 1.21808
threshold=0.55000000000000016 0.0081816666666662558 1.5500000000000003 0.35483749999999997 3.8333333333333335 0.90000000000000013 1.5767483333333334 0.70564550000000004 1.1343126000000001 0.81666666666666676
decision_type=2 2 2 2 2 2 2 2 2 2
left_child=7 5 4 -4 -3 9 -7 -1 -9 -2
right_child=1 2 3 -5 -6 6 -8 8 -10 -11
leaf_value=0.041775384688564121 0 -0.028243077456950712 0.013263710330117584 -0.02738139968893348 -0.0045921665638066359 -0.0031736178914888412 0.016428139036314741 -0.01768831211046791 0.015502806530506725 0.037665914582283196
leaf_weight=4.8368260711431494 4.6793986186385146 28.613386958837509 46.486178837716579 6.89776362851262 97.576646998524666 145.54812958464026 37.808830970898271 4.4305804781615716 6.2997401505708694 10.259846538305281
leaf_count=35 28 174 320 46 606 901 295 27 42 67
internal_value=0 -0.000657291 -0.00512512 0.00668563 -0.010528 0.00314323 0.000664304 0.0157507 0 0.028481
internal_weight=393.437 377.87 179.574 53.3839 126.19 198.296 183.357 15.5671 10.7303 14.9392
internal_count=2541 2437 1146 366 780 1291 1196 104 69 95
is_linear=0
shrinkage=0.05


Tree=113
num_leaves=15
num_cat=0
split_feature=52 13 39 106 114 122 2 64 95 39 2 80 14 94
split_gain=1.7181 3.65017 5.61481 2.64954 2.55267 4.57248 4.8235 3.59457 4.87155 4.83665 3.12413 2.0916 4.14062 1.36229
threshold=0.58333333333333337 4.166666666666667 13.171428571428573 2.5750000000000006 1.5091081586315898 54.285000000000004 1.0275723333333335 1.5500000000000003 0.29660384999999995 11.121428571428572 1.188787166666667 0.4549922500000001 1.3666666666666669 0.35764690000000038
decision_type=2 2 2 2 2 2 2 2 2 2 2 2 2 2
left_child=1 11 13 -4 5 6 -2 9 -9 -6 -7 12 -1 -3
right_child=4 2 3 -5 7 10 -8 8 -10 -11 -12 -13 -14 -15
leaf_value=0.0031410351403566255 0.0077923266185413384 0.049318198158055992 -0.028291966490907667 0.01414126432059629 -0.014952304110515525 -0.0058747193356773241 -0.018005709784255326 0.013624903242305428 -0.01398932024012137 0.003702011358481555 0.03595352225095174 0.015155926476283988 -0.046651768264033132 0
leaf_weight=6.1307379603385943 20.257697135210037 11.153195127844812 5.1762268021702749 7.4140801578760147 55.648875419050455 4.8625730350613585 73.223488036543131 87.939382433891296 16.925851859152317 82.366035223007202 8.2903406620025617 4.3178830817341796 5.9547974988818169 3.5970750376582137
leaf_count=36 118 76 29 55 329 25 433 635 119 548 53 30 30 25
internal_value=0 0.00926635 0.0206796 -0.000423233 -0.00113721 -0.00762974 -0.0118627 0.00152784 0.00860547 -0.00351336 0.0176345 -0.00697899 -0.0192622 0.04075
internal_weight=393.258 43.744 27.3406 12.5903 349.514 106.634 93.4812 242.88 104.865 138.015 13.1529 16.4034 12.0855 14.7503
internal_count=2541 281 185 84 2260 629 551 1631 754 877 78 96 66 101
is_linear=0
shrinkage=0.05


Tree=114
num_leaves=11
num_cat=0
split_feature=88 88 28 109 10 57 77 29 91 10
split_gain=1.68174 3.09184 5.12387 8.27496 3.76109 3.64727 3.51211 3.13261 2.79489 0.453544
threshold=0.81688900000000009 0.43241829999999981 1.7638888888888891 0.23567133767805848 0.70564550000000004 1.1000000000000003 0.55000000000000016 1.5634920634920637 -0.20000000000000001 1.2609023333333336
decision_type=2 2 2 2 2 2 2 2 2 2
left_child=1 4 7 -4 5 -1 -6 -3 -2 -10
right_child=8 2 3 -5 6 -7 -8 -9 9 -11
leaf_value=0 -0.0090685561398213422 0.022910016103948178 0.0016529361846434856 -0.052028224101326105 0.00070116624403511983 0.042046280680466411 -0.02679900343323437 -0.020705034166112621 0 0.042536820047563352
leaf_weight=5.8754936456680289 3.3995756059885016 10.665627732872961 10.437516711652281 13.920960530638693 314.93231834843755 9.6189804300665838 11.02025820314884 4.5162311047315589 3.0230950713157636 5.5506631061434746
leaf_count=35 19 68 82 75 2031 69 66 25 22 49
internal_value=0 -0.000539031 -0.0136743 -0.0278962 0.000871541 0.024194 -0.000154793 0.00636799 0.0177629 0.0334604
internal_weight=392.961 380.987 39.5403 24.3585 341.447 15.4945 325.953 15.1819 11.9733 8.57376
internal_count=2541 2451 250 157 2201 104 2097 93 90 71
is_linear=0
shrinkage=0.05


Tree=115
num_leaves=12
num_cat=0
split_feature=2 87 85 80 118 47 95 31 117 34 106
split_gain=1.66082 3.51477 5.57177 2.68704 5.10946 5.44844 4.25083 4.02237 5.15672 4.88376 2.06645
threshold=0.75667433333333356 -1.2266727999999998 -0.47499999999999992 1.0000000180025095e-35 75.300000000000011 0.41666666666666669 -0.58575999999999973 1.2232290500000003 101.75000000000001 6.354166666666667 2.7250000000000005
decision_type=2 2 2 2 2 2 2 2 2 2 2
left_child=1 -1 -3 7 5 -5 -6 8 -2 -9 -4
right_child=3 2 10 4 6 -7 -8 9 -10 -11 -12
leaf_value=0.019846093909044803 0.025916556325687429 -0.046583424360015675 0.021506175454598275 -0.012270160420405669 -0.022073582429313281 0.010274151366913425 0.016936058363285805 -0.0025630820275704151 -0.025899663047250096 0.027145041097635547 -0.01683322581901844
leaf_weight=4.70135270059109 36.608888303861022 10.191372819244865 5.9370283484458888 123.18903237581253 6.3851671740412703 30.981830891221762 43.723231509327888 106.67051381245255 3.7421038299798957 14.722405433654783 5.908736914396286
leaf_count=30 269 52 35 754 39 201 315 678 23 112 33
internal_value=0 -0.011727 -0.0212023 0.00095873 -0.00268325 -0.00738047 0.0106522 0.00585393 0.0193919 0.000823716 0
internal_weight=392.762 26.7385 22.0371 366.023 204.279 154.171 50.1084 161.744 40.351 121.393 11.8458
internal_count=2541 150 120 2391 1309 955 354 1082 292 790 68
is_linear=0
shrinkage=0.05


Tree=116
num_leaves=15
num_cat=0
split_feature=52 28 3 34 13 41 102 65 89 94 115 46 106 115
split_gain=1.64769 3.37821 5.26424 3.36388 4.06153 2.83687 2.41928 4.23906 5.60793 3.79256 3.28447 3.69688 3.54931 2.12905
threshold=0.58333333333333337 1.7071428571428573 1.7393248333333335 7.3166666666666673 4.8333333333333348 6.2428571428571438 9.5000000000000018 0.55000000000000016 -0.088455300000000001 0.18819335000000018 1.64747526596091 1.4166666666666667 2.4750000000000005 1.5091081586315898
decision_type=2 2 2 2 2 2 2 2 2 2 2 2 2 2
left_child=1 2 5 4 -3 -1 7 9 -9 -2 11 -8 -12 -4
right_child=6 3 13 -5 -6 -7 10 8 -10 -11 12 -13 -14 -15
leaf_value=0.04043000046237602 -0.0010119718858773202 -0.05411445869760665 -0.0331609822255962 0.019605547887660325 0.00054028165763781528 0 -0.028436173115708865 -0.045612739730379416 0 0.01180722514512905 -0.025189226616748873 0 0.014656692011342776 0.0068420873006781319
leaf_weight=17.581654042005546 171.44651574641466 5.1073406115174276 4.338049113750456 3.953351028263568 3.8776978999376297 4.0467498674988738 27.942400634288788 9.8712898790836352 12.898462943732737 81.704358458518982 6.096340291202071 18.343931045383215 20.669473115354776 4.5286573991179466
leaf_count=111 1105 27 23 32 27 28 158 55 77 581 32 112 140 33
internal_value=0 0.00913468 0.0186262 -0.00938035 -0.0278276 0.0320756 -0.00108447 0.000902492 -0.0190191 0.00295886 -0.00917536 -0.0173053 0.00320003 -0.00903923
internal_weight=392.406 43.4335 30.4951 12.9384 8.98504 21.6284 348.973 275.921 22.7698 253.151 73.0521 46.2863 26.7658 8.86671
internal_count=2541 281 195 86 54 139 2260 1818 132 1686 442 270 172 56
is_linear=0
shrinkage=0.05


Tree=117
num_leaves=15
num_cat=0
split_feature=100 40 122 102 123 114 121 33 126 70 100 126 2 74
split_gain=1.61707 3.44775 3.97718 3.56737 3.40422 2.86017 3.76323 5.82371 3.72711 2.83028 2.77851 2.45641 1.81786 0.543191
threshold=0.34848484848484856 4.0500000000000007 39.385000000000005 6.5000000000000009 0.62311608229586468 2.4328117907984321 38.32500000000001 5.6125000000000007 0.22154792548934168 1.0500000000000003 0.095454545454545472 0.26642524303424614 1.6000428333333336 0.2678571428571429
decision_type=2 2 2 2 2 2 2 2 2 2 2 2 2 2
left_child=5 2 3 -2 -4 6 8 -8 -1 10 -7 12 -3 -11
right_child=1 11 4 -5 -6 9 7 -9 -10 13 -12 -13 -14 -15
leaf_value=0.027277055710403338 -0.048391552135187255 -0.0061259521544382222 0.020790248123551919 0 -0.016949245491209946 -0.022111512189559788 -0.0026947130148465906 -0.0257047297099137 0 0.044024793417511525 0.017133948625360159 0.036451880600681608 0.021892268925507569 0.0024660588378745264
leaf_weight=15.125348031520842 6.3331740312278253 10.547458939254289 17.979136191308502 7.2430567517876625 6.5131697803735724 6.8751124329865041 179.37806060537696 33.280536469072104 68.407625641673803 5.9881744198501092 9.5459150299429876 12.268088638782499 8.2999646253883821 4.2531267665326595
leaf_count=123 32 76 116 48 41 51 1081 216 433 50 87 81 72 34
internal_value=0 0.00693723 -0.002038 -0.0237963 0.00852172 -0.00143302 -0.00299894 -0.00663319 0.00563068 0.0136348 0 0.0191965 0.00417476 0.0329684
internal_weight=392.038 69.184 38.0685 13.5762 24.4923 322.854 296.192 212.659 83.533 26.6623 16.421 31.1155 18.8474 10.2413
internal_count=2541 466 237 80 157 2075 1853 1297 556 222 138 229 148 84
is_linear=0
shrinkage=0.05


Tree=118
num_leaves=11
num_cat=0
split_feature=13 76 112 82 37 124 13 94 32 30
split_gain=1.61313 2.37083 3.60174 3.69295 2.39546 5.75758 3.26757 2.1995 2.15571 2.09632
threshold=2.1666666666666674 0.70714285714285718 0.49483173076923082 0.15056516666666683 2.1282486000000005 0.5918029174425814 6.166666666666667 0.7678273000000001 14.050000000000002 1.4714511000000001
decision_type=2 2 2 2 2 2 2 2 2 2
left_child=8 2 3 -2 6 -6 -3 -4 9 -1
right_child=1 4 7 -5 5 -7 -8 -9 -10 -11
leaf_value=0.017923577992923358 0.014144033800330824 -0.003068703296018997 0.038418457445124232 -0.035115742096414652 -0.043587783904242852 0.015247169451025425 0.010635258217109572 0 0.039648344350850101 -0.023473360052966925
leaf_weight=6.7088142260909063 7.0663869157433528 282.87255321629345 11.904755264520647 5.3998665064573288 9.5734798088669759 4.5894417762756339 49.695149768143892 5.0825274586677542 4.9086626544594756 4.0169157534837723
leaf_count=46 47 1801 87 29 52 35 343 31 46 24
internal_value=0 -0.000595471 0.012577 -0.00450347 -0.00189117 -0.0214768 -0.0008453 0.0274449 0.0153101 0
internal_weight=391.819 376.184 29.4535 12.4663 346.731 14.1629 332.568 16.9873 15.6344 10.7257
internal_count=2541 2425 194 76 2231 87 2144 118 116 70
is_linear=0
shrinkage=0.05


Tree=119
num_leaves=8
num_cat=0
split_feature=0 54 111 89 9 125 25
split_gain=1.5932 2.1787 4.52676 7.04939 4.96696 3.91766 4.01874
threshold=1.0000000180025095e-35 0.90000000000000013 1.0493923106064034 -0.075159000000000073 0.6366398333333334 0.090709319420057291 13.450000000000001
decision_type=2 2 2 2 2 2 2
left_child=-1 2 3 -2 -4 -3 -7
right_child=1 5 4 -5 -6 6 -8
leaf_value=0.022982137301080521 -0.053016384474913053 -0.033455829251843414 0.032182210934335799 0 -0.0052952181105998461 -4.1923755495504222e-05 0.014276463523947383
leaf_weight=6.4511674940586081 10.892265759408476 6.4124089255928984 8.8714468330144864 11.131196174770592 78.34526864439249 209.10341517627239 60.434059385210276
leaf_count=41 58 37 57 68 485 1369 426
internal_value=0 -0.000350563 -0.00640101 -0.0261986 -0.000594734 0.00187855 0.00302455
internal_weight=391.641 385.19 109.24 22.0235 87.2167 275.95 269.537
internal_count=2541 2500 668 126 542 1832 1795
is_linear=0
shrinkage=0.05


Tree=120
num_leaves=15
num_cat=0
split_feature=41 111 111 116 13 121 39 39 58 101 94 38 60 64
split_gain=1.60946 3.94171 5.6138 5.24423 4.69562 3.8342 3.75143 3.73248 7.60182 5.77328 5.50301 4.13841 3.87295 3.52196
threshold=4.2111111111111121 1.052944114708821 1.0577031725336814 0.51314163071194607 3.1666666666666674 40.675000000000011 11.612500000000002 9.5277777777777803 1.3666666666666669 3.2403846153846159 -0.53595544999999978 1.7441146000000003 0.55000000000000016 1.3666666666666669
decision_type=2 2 2 2 2 2 2 2 2 2 2 2 2 2
left_child=7 4 3 -3 -2 -6 -4 8 12 13 -10 -11 -1 -9
right_child=1 2 6 -5 5 -7 -8 9 10 11 -12 -13 -14 -15
leaf_value=-0.01752265036320234 -0.028985415792404958 -0.0081837266698733934 -0.0094700484107975713 -0.039306222971178979 0.020834284085708608 0 0.017507231272378181 0.0020448731002439056 0.00097185564282409776 0.006256209509238813 -0.034576668366444352 -0.041406496342603162 0.028276888793238614 0.029320758012953071
leaf_weight=3.9061796367168453 7.9322678744792929 83.35825439542532 19.425955001264811 17.535906467586756 36.428004894405603 65.221135850995779 28.701354634016752 24.04903045296669 16.107407160103321 7.4467397220432741 21.302986450493336 6.5570391416549683 18.122426806017756 35.34240485727787
leaf_count=28 44 515 120 101 242 408 206 148 103 49 123 50 133 271
internal_value=0 -0.00221268 -0.00761483 -0.0144163 0.00468406 0.00805535 0.00562933 0.00453516 -0.00413282 0.0121882 -0.0183424 -0.0140009 0.0175761 0.0193208
internal_weight=391.437 258.603 149.021 100.894 109.581 101.649 48.1273 132.834 59.439 73.3952 37.4104 14.0038 22.0286 59.3914
internal_count=2541 1636 942 616 694 650 326 905 387 518 226 99 161 419
is_linear=0
shrinkage=0.05


Tree=121
num_leaves=12
num_cat=0
split_feature=74 10 4 62 95 95 77 70 124 99 39
split_gain=1.56185 3.59306 4.63793 3.29181 3.83653 4.50739 3.82308 4.52893 3.94187 2.92763 2.87727
threshold=1.0000000180025095e-35 1.1397323333333336 10.41666666666667 1.0000000180025095e-35 0.50865130000000003 0.28714145000000008 0.2678571428571429 1.267857142857143 0.4900281364451225 0.22649572649572652 12.816666666666668
decision_type=2 2 2 2 2 2 2 2 2 2 2
left_child=1 -1 -3 6 5 -5 8 -8 -2 -4 -6
right_child=3 2 9 4 10 -7 7 -9 -10 -11 -12
leaf_value=0.01686314409913239 -5.9889898491863478e-07 0.016657783199281694 0 -0.00025508430156154856 0.037298585542162338 -0.021826050705220007 -0.021381952949478381 0.013636926170919285 0.033303447717504833 -0.037511136432158969 -0.004352984149454643
leaf_weight=7.2764633297920218 9.2702241390943509 5.1671984121203449 5.1850930899381664 245.60813347250223 9.9301974326372129 26.538305085152388 14.423632513731716 21.965643554925919 23.975823052227497 18.407821953296661 3.2746712490916243
leaf_count=47 59 32 28 1589 82 162 90 147 185 99 21
internal_value=0 -0.00968883 -0.0184276 0.00109634 -0.00113457 -0.00261383 0.0108327 0 0.0228282 -0.0285098 0.0238702
internal_weight=391.023 36.0366 28.7601 354.987 285.351 272.146 69.6353 36.3893 33.246 23.5929 13.2049
internal_count=2541 206 159 2335 1854 1751 481 237 244 127 103
is_linear=0
shrinkage=0.05


Tree=122
num_leaves=12
num_cat=0
split_feature=108 123 31 87 101 34 106 53 34 34 13
split_gain=1.57634 4.47571 5.19025 7.18401 4.96994 3.33312 4.22774 4.66851 4.14076 5.85075 3.99875
threshold=0.22442323702842362 0.42568349173320774 1.3135878000000003 -0.24771490000000004 3.0954545454545461 4.9500000000000011 3.4750000000000005 1.0000000180025095e-35 6.1214285714285728 5.6333333333333337 3.8333333333333335
decision_type=2 2 2 2 2 2 2 2 2 2 2
left_child=1 -1 4 -4 -3 6 7 -2 9 -7 -10
right_child=5 2 3 -5 -6 8 -8 -9 10 -11 -12
leaf_value=-0.053288236783108983 0.026306825589058076 -0.042637803658976535 -0.020721525290303133 0.022918352823928092 0.0048554446676082382 0 -0.02528757448121299 0.0022101699044265719 0.020017282200772663 -0.022243044165756416 -0.00042896602291812738
leaf_weight=3.9763739779591551 36.034409806132317 11.930066034197809 12.661194764077662 25.881505236029625 6.3380316346883765 82.521013963967562 6.3941844329237929 55.847407035529613 31.636498559266329 44.512043382972479 72.955857824534178
leaf_count=19 237 67 81 180 41 511 37 333 241 268 526
internal_value=0 -0.00724848 -0.00229509 0.0071568 -0.0241685 0.00144874 0.00919577 0.0123803 -0.0016487 -0.00785031 0.00541298
internal_weight=390.689 60.7872 56.8108 38.5427 18.2681 329.901 98.276 91.8818 231.625 127.033 104.592
internal_count=2541 388 369 261 108 2153 607 570 1546 779 767
is_linear=0
shrinkage=0.05


Tree=123
num_leaves=8
num_cat=0
split_feature=95 95 6 95 90 24 51
split_gain=1.55727 3.75941 5.48437 3.85487 6.24878 5.24445 1.21136
threshold=-0.9666572499999998 -0.71231750000000005 5.5833333333333348 -0.46239900000000006 -1.0000000180025095e-35 2.4649544000000003 1.1666666666666667
decision_type=2 2 2 2 2 2 2
left_child=-1 2 -2 4 -3 -5 -4
right_child=1 3 6 5 -6 -7 -8
leaf_value=0.026128748527813592 0.0070175511747894498 0.039088639545432027 -0.007135798798316613 -0.0022447220891176961 -0.0019778014813178228 0.029581668093902447 -0.063184804969756647
leaf_weight=4.6454787850379935 5.8870380260050288 15.411387600004675 4.2059985324740392 326.18184096924961 16.225603993982077 12.379300132393835 5.3731399178504944
leaf_count=30 37 106 24 2094 104 117 29
internal_value=0 -0.000317393 -0.0237763 0.000589388 0.0170797 -0.000850069 -0.0463019
internal_weight=390.31 385.664 15.4662 370.198 31.637 338.561 9.57914
internal_count=2541 2511 90 2421 210 2211 53
is_linear=0
shrinkage=0.05


Tree=124
num_leaves=10
num_cat=0
split_feature=8 77 95 87 82 10 126 42 69
split_gain=1.54918 3.29352 5.86228 3.20058 3.06705 3.72141 3.63155 2.40485 2.24149
threshold=0.58333333333333337 0.55000000000000016 -0.14856644999999993 -0.37178840000000007 -0.03063150000000003 1.3064571666666669 0.30188210913055008 2.1666666666666674 1.8166666666666669
decision_type=2 2 2 2 2 2 2 2 2
left_child=3 4 -3 -1 6 -6 -2 8 -5
right_child=1 2 -4 7 5 -7 -8 -9 -10
leaf_value=-0.022188527530450267 0.0070177468751396231 -0.065795862979347558 0 0.03381132190867793 -0.016595612846514621 0 -0.015167579572123169 -0.0023371806181978691 0
leaf_weight=4.1779275536537197 165.41418658941984 4.3518267199397087 6.8972695246338827 17.038075808435686 47.425960429012775 115.78569703176618 18.635014936327934 6.4558435194194308 3.9606058076024047
leaf_count=21 1120 21 45 117 266 784 98 42 27
internal_value=0 -0.000881044 -0.0263625 0.0104944 0 -0.00495619 0.00443145 0.0178301 0.0261277
internal_weight=390.142 358.51 11.2491 31.6325 347.261 163.212 184.049 27.4545 20.9987
internal_count=2541 2334 66 207 2268 1050 1218 186 144
is_linear=0
shrinkage=0.05


Tree=125
num_leaves=14
num_cat=0
split_feature=52 123 118 109 40 114 57 2 52 64 97 18 63
split_gain=1.57812 3.248 3.66883 3.44237 2.52399 2.24241 4.36114 4.58111 3.74887 2.93655 4.70395 4.46669 1.58075
threshold=0.58333333333333337 0.62252885263088642 65.300000000000026 0.2491808346125198 3.2250000000000005 1.5091081586315898 1.2250000000000003 1.101071166666667 1.5000000000000002 1.5500000000000003 0.20000000000000015 8.1000000000000014 1.7333333333333336
decision_type=2 2 2 2 2 2 2 2 2 2 2 2 2
left_child=1 2 3 -1 -4 6 7 -2 -8 10 -7 -11 -3
right_child=5 12 4 -5 -6 9 8 -9 -10 11 -12 -13 -14
leaf_value=0.02655010444252516 8.3139747913118202e-05 0 0 -0.019368003334621464 0.043108673250016188 0.002594855617968031 0.019855396284010462 -0.025140017150244554 -0.009169381310080868 -0.034149357460316436 -0.017022745323212806 0.010626249629273419 -0.030407961692970043
leaf_weight=5.7744232155382624 24.48248778283596 5.1925781071186048 4.9239975437521961 9.2116044983267766 12.710842341184614 95.523514669388533 20.876653611660004 41.627487182617188 19.27517132461071 4.4852106049656859 41.968341629952192 98.628531258553267 5.0595720857381821
leaf_count=42 143 36 29 50 93 596 136 229 121 23 281 731 31
internal_value=0 0.00896824 0.0172442 0 0.0320734 -0.00109436 -0.00718875 -0.015192 0.0048226 0.00140885 -0.00311191 0.00788908 -0.0121134
internal_weight=389.74 42.873 32.6209 14.986 17.6348 346.867 106.262 66.11 40.1518 240.606 137.492 103.114 10.2522
internal_count=2541 281 214 92 122 2260 629 372 257 1631 877 754 67
is_linear=0
shrinkage=0.05


Tree=126
num_leaves=13
num_cat=0
split_feature=15 38 34 41 39 58 117 111 111 13 76 101
split_gain=1.57575 3.16016 2.58151 2.34193 4.71929 7.13775 4.69221 4.29465 5.3427 4.40848 2.31036 1.63173
threshold=0.55000000000000016 1.3590278500000001 5.9500000000000011 4.2111111111111121 9.5277777777777803 1.3666666666666669 66.300000000000011 1.052944114708821 1.0577031725336814 3.8333333333333335 1.4722222222222225 2.7888888888888892
decision_type=2 2 2 2 2 2 2 2 2 2 2 2
left_child=1 -1 11 4 5 -2 -6 9 -9 -5 -4 -3
right_child=3 2 10 7 6 -7 -8 8 -10 -11 -12 -13
leaf_value=0.037356461244321584 0.018100712172208943 0 -0.042407592756333844 -0.019251835687025605 0.031366924427708602 -0.018755571903198133 0.0025568522469803065 -0.016352729552108428 0.0037034627101767033 0.0084852164356664424 0 0.035167711541476854
leaf_weight=7.3130918182432678 18.155791100114584 3.6495365388691443 3.972885098308323 15.441525734961031 23.500361755490303 36.877782829105854 44.442318119108677 94.55812481790781 44.947053607553244 86.515019681304693 5.0640957467257977 4.9556292332708836
leaf_count=53 133 23 26 87 171 221 316 567 306 561 41 36
internal_value=0 0.0119405 0 -0.000808384 0.00460576 -0.00559818 0.0135575 -0.00377964 -0.00955462 0.00365255 -0.0177643 0.0184973
internal_weight=389.393 24.9552 17.6421 364.438 122.976 55.0336 67.9427 241.462 139.505 101.957 9.03698 8.60517
internal_count=2541 179 126 2362 841 354 487 1521 873 648 67 59
is_linear=0
shrinkage=0.05


Tree=127
num_leaves=9
num_cat=0
split_feature=41 27 33 88 81 40 126 101
split_gain=1.52308 3.20561 5.68489 3.5246 4.00501 2.30901 1.45545 1.44894
threshold=7.8285714285714292 6.7000000000000002 5.2678571428571432 0.81688900000000009 -0.54402799999999996 4.6833333333333345 0.27141664464300214 2.7386363636363638
decision_type=2 2 2 2 2 2 2 2
left_child=1 3 7 4 -1 -4 -5 -3
right_child=-2 2 5 6 -6 -7 -8 -9
leaf_value=0.0079166248090163458 -0.027835567957445757 0 -0.031514134070173248 0.038647883855908206 -0.0047669203297349633 0.0072987488171610384 0 0.043972961705452757
leaf_weight=77.968172289431095 3.8297635838389388 4.4837441295385423 5.0204656869173032 6.744617607444523 269.44751680269837 6.354245513677597 3.3316399604082108 11.989013276994227
leaf_count=510 24 31 30 61 1720 49 20 96
internal_value=0 0.000411769 0.0165272 -0.0007467 -0.00176238 -0.00695394 0.0267558 0.035073
internal_weight=389.169 385.339 27.8475 357.492 347.416 11.3747 10.0763 16.4728
internal_count=2541 2517 206 2311 2230 79 81 127
is_linear=0
shrinkage=0.05


Tree=128
num_leaves=15
num_cat=0
split_feature=56 41 88 9 8 35 22 86 45 17 118 81 85 124
split_gain=1.52603 5.20129 5.00319 4.28186 4.12603 3.86251 3.90628 3.77747 5.57603 4.67777 3.56555 4.20291 2.96163 2.82918
threshold=0.36666666666666675 4.1833333333333345 -0.43260129999999991 1.1021028333333336 1.1666666666666667 0.70714285714285718 2.2916666666666674 -0.79999999999999993 1.5833333333333337 1.4352991000000002 68.40000000000002 -0.48332616666666656 0.20000000000000015 0.53097984859351344
decision_type=2 2 2 2 2 2 2 2 2 2 2 2 2 2
left_child=5 10 3 -3 -4 6 12 8 -7 -9 11 -2 -1 -12
right_child=1 2 4 -5 -6 7 -8 9 -10 -11 13 -13 -14 -15
leaf_value=0.044733302255715868 -0.030120965254322729 -0.021022053802884338 0 0.022109730627433103 -0.026755381082820308 0 -0.0066701214750079551 -0.0017178864321078823 -0.038252109868534556 0.015189046792126787 0 0.01163263907995374 0 0.044452715138271925
leaf_weight=12.935459904372697 7.7285229824483421 6.6424545645713833 25.975818686187267 16.773828465491533 44.73659148439765 28.964524976909161 7.02169045805931 127.04236035235226 13.622382402420042 56.668359644711018 5.7283581942319861 18.126116968691349 7.9048930071294299 9.1767313927412015
leaf_count=86 45 34 155 111 266 178 46 855 84 393 37 125 53 73
internal_value=0 -0.0042012 -0.0108887 0.00746692 -0.0176837 0.00235626 0.019587 0 -0.0130788 0.00328062 0.0099362 0 0.0306234 0.0286297
internal_weight=389.048 134.888 94.1287 23.4163 70.7124 254.16 27.862 226.298 42.5869 183.711 40.7597 25.8546 20.8404 14.9051
internal_count=2541 846 566 145 421 1695 185 1510 262 1248 280 170 139 110
is_linear=0
shrinkage=0.05


Tree=129
num_leaves=15
num_cat=0
split_feature=108 81 27 110 110 127 101 12 4 127 17 34 106 15
split_gain=1.50754 4.51742 4.88469 3.34492 5.42936 5.89156 4.24927 5.10498 3.57167 3.27005 3.81769 3.12259 2.91974 2.90425
threshold=0.22442323702842362 0.046606166666666511 6.7000000000000002 0.32723401685971815 0.28893685003986008 0.24250953069215483 3.2792207792207795 5.416666666666667 16.166666666666668 0.53502783594967507 1.2791254000000001 5.1833333333333345 2.5750000000000006 2.1000000000000005
decision_type=2 2 2 2 2 2 2 2 2 2 2 2 2 2
left_child=1 9 11 4 8 -6 7 -5 -2 12 -11 -3 -1 -8
right_child=3 2 -4 6 5 -7 13 -9 -10 10 -12 -13 -14 -15
leaf_value=-0.040080412375742974 0.0062226426729125846 -0.054814656044458787 0.0082068980261494826 0.0091590737128554693 0.0076169562059821049 -0.0352985187687316 0.037758688397785671 -0.018147795037077138 -0.0087118643315618246 -0.010323385952305968 0.030440771758989422 0 0 0
leaf_weight=5.1728446334600475 116.4472998585552 10.263972580432897 5.3241791874170294 82.032044060528278 9.2234598547220248 21.984667599201202 16.364165671169761 19.855102725327015 58.668745800852776 6.1279084682464626 14.642324455082415 5.8297701925039283 13.096196841448544 3.6235663816332808
leaf_count=27 790 56 38 490 58 122 113 120 438 37 112 35 83 22
internal_value=0 -0.00711423 -0.0252139 0.00141417 -0.00227878 -0.0212199 0.00804062 0.00322706 0.000914207 0.00194866 0.0161955 -0.0390286 -0.0116538 0.0288725
internal_weight=388.656 60.4572 21.4179 328.199 206.324 31.2081 121.875 101.887 175.116 39.0393 20.7702 16.0937 18.269 19.9877
internal_count=2541 388 129 2153 1408 180 745 610 1228 259 149 91 110 135
is_linear=0
shrinkage=0.05


Tree=130
num_leaves=16
num_cat=0
split_feature=63 6 91 92 58 17 53 36 102 3 10 99 82 9 96
split_gain=1.44403 6.3214 5.06303 3.92153 5.04246 3.73162 3.44277 3.4056 3.55145 3.4779 3.31547 3.15147 4.57752 3.45794 1.63621
threshold=1.1000000000000003 6.416666666666667 0.68333333333333346 -0.68888888888888855 1.9000000000000001 0.7304718200000001 1.0000000180025095e-35 1.9500000000000002 5.5000000000000009 1.8635415 2.1100273333333339 0.5634920634920636 -0.092101833333333202 1.2576868333333335 -0.014831240000000022
decision_type=2 2 2 2 2 2 2 2 2 2 2 2 2 2 2
left_child=1 3 14 4 -1 -4 -5 11 10 -10 -9 12 -2 -13 -3
right_child=7 2 5 6 -6 -7 -8 8 9 -11 -12 13 -14 -15 -16
leaf_value=-0.027297176084712528 0.012541900663155019 -0.056769633619988748 -0.040224390053725072 0.022436356830070586 0.016688382248011901 0.0049381667537540079 0 -0.02548738051572293 0.033421658037790486 -0.0022894398392030524 0.022079188700028406 0.005877383958283201 -0.00360801255810211 -0.025575946374510612 -0.0059292668851263046
leaf_weight=19.250329528003935 68.334800291806459 9.5097824037075025 4.6783736906945732 26.936195373535156 7.3240754231810561 17.73048235476017 43.614303290843964 7.81823732703924 23.326317727565769 5.842872839421033 4.6374531239271164 9.9629523754119855 112.0586973503232 22.255604749545455 5.011388696730136
leaf_count=116 468 46 32 177 48 129 255 51 198 43 44 68 695 142 29
internal_value=0 -0.00412616 -0.0215712 0.00214967 -0.0131956 -0.00367019 0.00873226 0.00226612 0.0151807 0.0247723 -0.00373696 -8.74372e-05 0.0022695 -0.0144603 -0.043958
internal_weight=388.292 134.055 36.93 97.1249 26.5744 22.4089 70.5505 254.237 41.6249 29.1692 12.4557 212.612 180.393 32.2186 14.5212
internal_count=2541 832 236 596 164 161 432 1709 336 241 95 1373 1163 210 75
is_linear=0
shrinkage=0.05


Tree=131
num_leaves=14
num_cat=0
split_feature=52 123 118 13 40 102 71 46 102 115 46 106 63
split_gain=1.47568 3.0002 3.43395 3.49838 2.28106 2.20875 3.23376 4.93194 3.67263 2.8929 3.22814 2.96414 1.45571
threshold=0.58333333333333337 0.62252885263088642 65.300000000000026 4.416666666666667 3.2250000000000005 9.5000000000000018 0.41428571428571431 0.83333333333333337 5.5000000000000009 1.64747526596091 1.4166666666666667 2.4750000000000005 1.7333333333333336
decision_type=2 2 2 2 2 2 2 2 2 2 2 2 2
left_child=1 2 3 -1 -4 6 7 -2 -8 10 -7 -11 -3
right_child=5 12 4 -5 -6 9 8 -9 -10 11 -12 -13 -14
leaf_value=-0.026755570087329435 -0.016630428218243017 0 0 0.019071548845169116 0.042161999751996165 -0.026749715978708555 -0.0015058635395814484 0.0021208826778961812 0.030178718763179391 -0.022717106223237762 0 0.013669126254432132 -0.028851616786557933
leaf_weight=6.3650854155421248 40.985151045024395 5.1790332123637182 4.9206103980541256 8.5500288605689985 12.302535545080898 28.052823521196842 12.158524706959726 201.8985574580729 17.929945087060332 6.1266287639737156 18.068901233375072 20.144049771130085 5.1123538240790367
leaf_count=33 252 36 29 59 93 158 84 1339 143 32 112 140 31
internal_value=0 0.0087272 0.0168059 0 0.03138 -0.00104938 0.000852494 -0.000893487 0.0161303 -0.00881598 -0.0164287 0.0028281 -0.0113272
internal_weight=387.794 42.4296 32.1383 14.9151 17.2231 345.365 272.972 242.884 30.0885 72.3924 46.1217 26.2707 10.2914
internal_count=2541 281 214 92 122 2260 1818 1591 227 442 270 172 67
is_linear=0
shrinkage=0.05


Tree=132
num_leaves=14
num_cat=0
split_feature=97 97 111 102 13 98 16 41 88 126 125 10 113
split_gain=1.47134 4.07115 5.10121 4.0724 3.8824 3.84176 3.29497 3.84313 3.41615 3.29074 3.18863 4.06436 3.06165
threshold=-0.68333333333333302 -0.27499999999999986 1.0522033382507574 5.5000000000000009 3.8333333333333335 -0.77499999999999969 1.0618707000000003 4.2111111111111121 -0.0049230999999998462 0.25637475967658346 0.34298182988811371 1.0608160000000002 0.47871454644765071
decision_type=2 2 2 2 2 2 2 2 2 2 2 2 2
left_child=5 2 3 -2 -4 10 8 -8 -3 -7 11 -1 -12
right_child=1 6 4 -5 -6 9 7 -9 -10 -11 12 -13 -14
leaf_value=0.0091744749529970703 -0.026768480346415404 -0.036891425733188946 0 0.010499143209397538 0.03343827675416685 -0.059470682908815867 0.0096742465811242764 -0.0043807412969509765 0 0 -0.0068872039901098627 -0.017209550983739143 0.028629812597659999
leaf_weight=19.717013508081436 10.698536008596422 11.551499616354706 12.345634657889603 17.034537710249424 28.482031464576721 4.8127958253025991 75.774392319843173 129.05768299475312 13.105923704802988 6.1993395164608955 6.59588669613004 38.328039716929197 13.751015581190584
leaf_count=131 60 64 80 111 190 25 567 841 75 34 42 230 91
internal_value=0 0.00173001 0.0123996 -0.00256864 0.0235808 -0.00554866 -0.0012806 0.000597503 -0.0182462 -0.0320405 -0.000840712 -0.0073969 0.0149907
internal_weight=387.454 298.05 68.5607 27.7331 40.8277 89.4041 229.489 204.832 24.6574 11.0121 78.392 58.0451 20.3469
internal_count=2541 1988 441 171 270 553 1547 1408 139 59 494 361 133
is_linear=0
shrinkage=0.05


Tree=133
num_leaves=9
num_cat=0
split_feature=15 38 76 126 95 95 6 81
split_gain=1.49189 2.94429 2.40093 2.93238 2.3532 3.29673 4.23738 2.66467
threshold=0.55000000000000016 1.3590278500000001 1.267857142857143 0.24625241057862404 -0.9666572499999998 -0.71231750000000005 6.416666666666667 -0.54402799999999996
decision_type=2 2 2 2 2 2 2 2
left_child=1 -1 -3 -4 -2 6 -6 -7
right_child=4 2 3 -5 5 7 -8 -9
leaf_value=0.036507044863167491 0.032205480222756863 -0.027855865350398409 -0.0065918104409971564 0.034175757903670972 0 0.0089450463247126733 -0.049087090187613001 -0.0024438311385051692
leaf_weight=7.1463240198791054 4.2023125141859046 4.5082849264144924 6.5515831559896451 6.4752694740891457 7.6132978871464712 61.382025927305222 7.1075238287448883 282.07854606583714
leaf_count=53 28 25 54 47 47 415 38 1834
internal_value=0 0.0116681 0 0.0110997 -0.000801292 -0.00141633 -0.0238495 -0.000243238
internal_weight=387.065 24.6815 17.5351 13.0269 362.384 358.181 14.7208 343.461
internal_count=2541 179 126 101 2362 2334 85 2249
is_linear=0
shrinkage=0.05


Tree=134
num_leaves=9
num_cat=0
split_feature=96 82 100 97 97 82 13 89
split_gain=1.46243 2.44313 2.4984 3.41913 2.99968 2.42877 2.12396 2.65156
threshold=-0.61636725000000003 -0.8282623333333331 0.42261904761904767 0.10000000000000005 0.95000000000000029 -0.66841800000000007 6.8333333333333348 -0.74626709999999996
decision_type=2 2 2 2 2 2 2 2
left_child=5 6 4 -4 -3 -1 7 -2
right_child=1 2 3 -5 -6 -7 -8 -9
leaf_value=-0.031453963992339934 0 -0.0036950787236920595 0.022309447439765588 -0.0020518973095103982 0.013097125165087199 0.0030263287968953236 -0.0029919422083194628 0.041774998811024644
leaf_weight=8.6104793474078161 4.1727877184748658 277.65997866541147 26.122441701591015 23.359530638903379 27.530105130746961 5.7554337456822386 4.3172057494521132 9.4000887386500835
leaf_count=46 28 1762 175 160 234 34 31 71
internal_value=0 0.000650313 -0.000143123 0.0100056 -0.00197919 -0.0150882 0.018202 0.028117
internal_weight=386.928 372.562 354.672 49.482 305.19 14.3659 17.8901 13.5729
internal_count=2541 2461 2331 335 1996 80 130 99
is_linear=0
shrinkage=0.05


Tree=135
num_leaves=11
num_cat=0
split_feature=13 76 113 82 94 37 124 13 32 30
split_gain=1.44116 2.06445 2.94213 2.92301 2.69187 2.29312 5.14932 2.84705 1.91893 1.80821
threshold=2.1666666666666674 0.76388888888888895 0.50579846262472872 0.15056516666666683 0.7678273000000001 2.1282486000000005 0.5918029174425814 6.166666666666667 14.050000000000002 1.4714511000000001
decision_type=2 2 2 2 2 2 2 2 2 2
left_child=8 2 4 -4 -2 7 -7 -3 9 -1
right_child=1 5 3 -5 -6 6 -8 -9 -10 -11
leaf_value=0.017131563280190495 0.037623524332085226 -0.002892388214494699 0.013109186079612884 -0.030663955373761681 0 -0.041861762834183087 0.013888080761317548 0.010007721679563951 0.038319804676848479 -0.021389124665856615
leaf_weight=6.54445533454418 11.75822470337153 279.44547834992409 6.8316860795021039 5.5177156031131744 5.2603348866105071 9.5582071095705015 4.4383111000061026 48.744034271687269 4.6279599815607062 4.0411233380436897
leaf_count=46 90 1797 47 30 32 51 35 343 46 24
internal_value=0 -0.00060435 0.011678 -0.00353513 0.0250758 -0.00183513 -0.0211021 -0.000799943 0.0146227 0
internal_weight=386.768 371.554 29.368 12.3494 17.0186 342.186 13.9965 328.19 15.2135 10.5856
internal_count=2541 2425 199 77 122 2226 86 2140 116 70
is_linear=0
shrinkage=0.05


Tree=136
num_leaves=15
num_cat=0
split_feature=34 4 26 25 31 90 127 29 45 124 22 10 82 37
split_gain=1.41154 4.32872 7.53254 6.83125 3.12953 3.9053 3.59056 6.04484 3.009 2.71355 2.64425 3.9893 2.32698 2.05133
threshold=6.7750000000000012 16.166666666666668 4.366666666666668 8.9000000000000021 1.1874031000000003 -0.79999999999999993 0.21552005757506545 0.95000000000000007 1.8333333333333337 0.61129693691496423 3.1000000000000005 1.8701933333333336 0.40469433333333354 1.6824976696428571
decision_type=2 2 2 2 2 2 2 2 2 2 2 2 2 2
left_child=1 10 3 -3 6 13 8 -8 -2 -4 11 -1 -7 -6
right_child=4 2 9 -5 5 12 7 -9 -10 -11 -12 -13 -14 -15
leaf_value=-0.0017530463198834568 0.033601162858643396 0 -0.00067863245094077103 -0.048152232475182334 -0.027443155654208108 0.044642863176428127 0.008476177665302554 -0.039098507290704992 0 0.038830084736841332 -0.035209941235263151 0.011814928659549973 0 0.016629052300888802
leaf_weight=197.62515800818801 8.9382375515997428 9.1120695509016532 13.376712754368784 18.841995839029551 4.2086730897426632 12.200812142342327 10.626985438168051 11.79252479970455 13.652484349906443 4.2254481129348269 3.867411993443965 71.697729239240289 2.9047613665461531 3.4966690763831139
leaf_count=1188 82 57 91 113 25 103 78 67 123 34 24 510 21 25
internal_value=0 -0.0013533 -0.0155092 -0.0316087 0.00653964 0.0212639 -0.000135811 -0.0150138 0.0125205 0.00769524 0.00087289 0.00170433 0.0356697 -0.00208689
internal_weight=386.568 318.747 45.5562 27.9541 67.8211 22.8109 45.0102 22.4195 22.5907 17.6022 273.19 269.323 15.1056 7.70534
internal_count=2541 2017 295 170 524 174 350 145 205 125 1722 1698 124 50
is_linear=0
shrinkage=0.05


Tree=137
num_leaves=15
num_cat=0
split_feature=25 35 58 94 85 41 2 64 3 36 95 25 42 114
split_gain=1.43792 2.92889 3.89901 6.03394 3.30348 2.2879 4.93163 4.47376 3.76164 2.76701 2.80989 2.22787 1.69486 0.7715
threshold=8.1000000000000014 0.70714285714285718 1.3666666666666669 -0.67866499999999996 -1.1499999999999997 4.1339285714285721 2.6520166666666669 1.3666666666666669 1.0650208333333335 0.86607142857142871 0.15215630000000016 14.900000000000002 1.4166666666666667 1.8686691130866242
decision_type=2 2 2 2 2 2 2 2 2 2 2 2 2 2
left_child=1 4 12 -4 -1 6 8 -8 -2 11 -11 -7 -3 -6
right_child=5 2 3 -5 13 9 7 -9 -10 10 -12 -13 -14 -15
leaf_value=-0.019972328992385904 -0.0020137194056657204 0.021771872958050185 0.0041158004927392229 -0.050695436152678179 0.03817894779572422 0.024601740408092591 -0.061640258665999509 0.0018735223113771364 0.019386355378426187 0 -0.012874938602889819 0 -0.012001936984227158 0
leaf_weight=4.0882623717188826 25.751262363046408 5.737175006419422 5.3295544274151352 12.313034698367117 5.2693547159433347 16.449818622320894 3.5577611848711959 3.4951707571744919 55.72899392619729 171.90553032234311 54.898268330842257 11.550176963210104 6.290092833340168 3.8016008734703064
leaf_count=23 181 35 34 65 34 112 21 36 401 1105 347 77 42 28
internal_value=0 -0.00848383 -0.0175962 -0.0321232 0.00832211 0.00113065 0.00807945 -0.0276321 0.0120744 -0.00111044 -0.0031366 0.0131198 0.000705112 0.0267561
internal_weight=386.166 42.8291 29.6699 17.6426 13.1592 343.337 88.5332 7.05293 81.4803 254.804 226.804 28 12.0273 9.07096
internal_count=2541 261 176 99 85 2280 639 57 582 1641 1452 189 77 62
is_linear=0
shrinkage=0.05


Tree=138
num_leaves=10
num_cat=0
split_feature=18 27 34 25 45 74 4 88 36
split_gain=1.43071 3.2079 2.95663 2.63376 4.14721 3.10197 2.47754 2.13695 1.71899
threshold=9.1000000000000014 4.2666666666666675 3.683333333333334 7.9000000000000012 2.1666666666666674 0.15476190476190479 7.8333333333333348 -0.02800380000000002 1.3875000000000002
decision_type=2 2 2 2 2 2 2 2 2
left_child=1 8 7 4 -4 -5 -3 -2 -1
right_child=2 6 3 5 -6 -7 -8 -9 -10
leaf_value=-0.010417334569046657 0.038633333468360155 0 -0.0028667718688276953 -0.0062157261657575296 -0.050273470682124802 0.0045470723000673478 -0.045684038930000344 0 0.024986984837794234
leaf_weight=4.3048060089349764 7.6869389042258263 4.846152760088442 27.449743244796991 92.077650640159845 5.4215796515345565 223.7912186384201 7.278014101088047 7.5439000055193883 5.412671722471714
leaf_count=23 53 28 165 600 31 1517 40 47 37
internal_value=0 -0.012101 0.000797204 -3.08723e-05 -0.0134153 0.00124214 -0.0290593 0.0216719 0.00512914
internal_weight=385.813 21.8416 363.971 348.74 32.8713 315.869 12.1242 15.2308 9.71748
internal_count=2541 128 2413 2313 196 2117 68 100 60
is_linear=0
shrinkage=0.05


Tree=139
num_leaves=13
num_cat=0
split_feature=66 54 17 95 3 110 56 58 118 121 101 116
split_gain=1.40594 5.88521 6.21999 6.95651 3.48389 6.10575 3.56042 2.29213 2.16814 1.85433 3.49103 1.3381
threshold=2.1055555555555561 2.1000000000000005 1.0865781000000001 0.029239075000000007 0.94510150000000015 0.61279424139290528 0.36666666666666675 0.90000000000000013 75.300000000000011 38.32500000000001 2.8660714285714293 0.44139670101596756
decision_type=2 2 2 2 2 2 2 2 2 2 2 2
left_child=1 4 3 -3 5 -1 -6 -4 9 11 -11 -2
right_child=8 2 7 -5 6 -7 -8 -9 -10 10 -12 -13
leaf_value=0.018215421993689973 0.037415491852094876 -0.069746299606715911 -0.012515441592250744 0 0.0027349001457267707 -0.033619938653041456 -0.0091472441098574796 0.026175270612945323 0.035078696948947871 0.0096955059510139396 -0.032820651901213624 0
leaf_weight=50.911904156208038 4.1838599070906701 8.7888985723257083 9.1560326591134054 6.3375057578086844 176.90573417395353 4.8659343495964995 94.44580265507102 5.0418330878019324 6.0408943556249133 9.0797003339976055 6.9045504778623572 2.8845431879162788
leaf_count=343 39 48 56 41 1160 29 578 39 62 77 46 23
internal_value=0 -0.000854009 -0.0220003 -0.0432943 0.000950458 0.0123003 -0.00123558 0 0.0103988 0.000663154 -0.00657696 0.0220186
internal_weight=385.547 356.454 29.3243 15.1264 327.129 55.7778 271.352 14.1979 29.0935 23.0527 15.9843 7.0684
internal_count=2541 2294 184 89 2110 372 1738 95 247 185 123 62
is_linear=0
shrinkage=0.05


Tree=140
num_leaves=13
num_cat=0
split_feature=60 123 27 30 90 84 31 54 30 100 95 61
split_gain=1.40589 5.19436 4.86946 4.50014 3.43757 5.77017 6.02436 3.87793 3.93469 2.3761 1.74679 1.07384
threshold=2.1000000000000005 0.62252885263088642 5.7083333333333348 2.2082719500000003 -0.94999999999999984 -2.8333333333333326 1.8824661 0.22500000000000003 0.92149027500000014 0.29285714285714287 0.039729450000000062 1.0000000180025095e-35
decision_type=2 2 2 2 2 2 2 2 2 2 2 2
left_child=4 3 -3 9 5 -1 -7 11 -9 -2 -5 -6
right_child=1 2 -4 10 7 6 -8 8 -10 -11 -12 -13
leaf_value=0.02003078259628633 0.011797909223665949 -0.040961179437769217 0.016493095558565301 0 0 -0.036351698670677703 0.013103441774460557 -0.027350458764872715 0.0006496016973739074 0.043642880603294298 -0.037081084799386536 0.044795328379579488
leaf_weight=6.9678013250231734 30.368193812668324 8.4649791717529279 3.8201694265007964 4.2694197967648497 3.5180525258183462 24.88960084319115 5.7864701859652987 12.086137276142834 265.84204152785242 10.441488984972237 3.6082078590989113 5.1625349372625351
leaf_count=45 195 50 36 30 24 141 40 66 1781 76 21 36
internal_value=0 0.0069224 -0.019435 0.0148367 -0.00129449 -0.015335 -0.0253253 0.000422683 -0.000482457 0.0219906 -0.014894 0.0316239
internal_weight=385.225 60.9725 12.2851 48.6873 324.253 37.6439 30.6761 286.609 277.928 40.8097 7.87763 8.68059
internal_count=2541 408 86 322 2133 226 181 1907 1847 271 51 60
is_linear=0
shrinkage=0.05


Tree=141
num_leaves=9
num_cat=0
split_feature=82 75 118 96 96 12 81 91
split_gain=1.42573 3.99104 3.42009 3.20886 2.69597 2.95096 2.00578 1.47455
threshold=0.71692266666666693 2.3500000000000001 65.750000000000014 0.61371850000000028 0.44066660000000019 5.8333333333333348 0.2755221666666669 -0.99999999999999956
decision_type=2 2 2 2 2 2 2 2
left_child=3 2 -2 4 5 -1 -4 -6
right_child=1 -3 6 -5 7 -7 -8 -9
leaf_value=0.00052534360300923884 0 -0.016138193905383898 0.044219442096836613 -0.034113434311174529 0 -0.014488061143007411 0 0.041355353155503427
leaf_weight=303.54178593121469 8.1503712460398727 7.8877181932330123 11.541657738387583 6.123587865382432 3.6042627468705177 35.123523995280266 4.1698723547160617 4.9276547916233522
leaf_count=1993 47 46 89 36 22 238 30 40
internal_value=0 0.0100319 0.0209949 -0.000870394 -4.41952e-05 -0.000922587 0.0341672 0.026016
internal_weight=385.07 31.7496 23.8619 353.321 347.197 338.665 15.7115 8.53192
internal_count=2541 212 166 2329 2293 2231 119 62
is_linear=0
shrinkage=0.05


Tree=142
num_leaves=12
num_cat=0
split_feature=114 116 17 103 82 75 12 101 124 80 54
split_gain=1.40842 3.09713 3.32265 4.26469 2.89277 4.71626 3.67837 2.66167 2.55018 2.99452 2.2518
threshold=2.4328117907984321 0.79486308878288447 1.1289897000000002 7.5000000000000009 0.71692266666666693 2.3500000000000001 5.8333333333333348 2.379807692307693 0.46795770569610518 1.4867285000000003 2.1000000000000005
decision_type=2 2 2 2 2 2 2 2 2 2 2
left_child=1 4 -3 -4 6 -6 -1 -2 10 -10 -9
right_child=7 2 3 -5 5 -7 -8 8 9 -11 -12
leaf_value=0.00079386251271051217 -0.017260212494300896 0.0087286684379089194 -0.045740906701632271 0 0.028659231382587275 -0.013579013868108801 -0.016170521971767444 0.016582149095425658 0.038965233352468438 -0.0034018673037279432 -0.027576276337087549
leaf_weight=270.36269186064601 4.7127416059374836 5.1649419441819218 11.655703186988832 5.3774547278881064 19.976004075258974 7.1006736829876891 34.733325451612473 5.441917400807144 13.513267328962685 2.7966970503330222 4.0735305622220039
leaf_count=1748 34 36 62 30 141 41 229 42 125 21 32
internal_value=0 -0.000848414 -0.0185471 -0.0296159 0.000236379 0.0157126 -0.0010206 0.0101752 0.0175024 0.0290351 0
internal_weight=384.909 354.371 22.1981 17.0332 332.173 27.0767 305.096 30.5382 25.8254 16.31 9.51545
internal_count=2541 2287 128 92 2159 182 1977 254 220 146 74
is_linear=0
shrinkage=0.05


Tree=143
num_leaves=14
num_cat=0
split_feature=60 123 30 25 114 122 10 74 118 96 109 100 95
split_gain=1.3609 4.69165 4.20764 2.56357 2.52104 3.79394 4.03026 3.60638 3.288 5.30866 4.65738 2.19388 1.60195
threshold=2.1000000000000005 0.62252885263088642 2.2082719500000003 13.225000000000001 1.5091081586315898 53.435000000000009 1.6450975000000001 1.0000000180025095e-35 65.750000000000014 0.02791765000000002 0.2250489033411317 0.29285714285714287 0.039729450000000062
decision_type=2 2 2 2 2 2 2 2 2 2 2 2 2
left_child=4 2 11 -3 5 7 -7 -1 10 -10 -6 -2 -4
right_child=1 3 12 -5 8 6 -8 -9 9 -11 -12 -13 -14
leaf_value=-0.04403353360542557 0.011584205240598859 -0.038231717629257055 0 0 0.013801570208081905 -0.0035052689992499859 0.042331193759538963 -0.0080143186413732404 -0.00091889371494848447 0.018094714241471511 -0.013453371090103123 0.042720770335974045 -0.035224356170173242
leaf_weight=7.9518830478191367 30.259958252310753 6.3344596326351148 4.2626967765390864 6.0703586116433144 18.535940993577242 9.7516283914446813 5.9981991946697226 74.599244050681591 90.326820310205221 55.99239194765687 60.745049580931664 10.15527408197522 3.6496620774269104
leaf_count=38 195 37 30 49 140 56 37 455 631 435 341 76 21
internal_value=0 0.00685026 0.0144603 -0.0179345 -0.0012472 -0.00797077 0.0124512 -0.0125679 0.00148406 0.00609114 -0.0063658 0.0214579 -0.0140695
internal_weight=384.634 60.7324 48.3276 12.4048 323.901 98.301 15.7498 82.5511 225.6 146.319 79.281 40.4152 7.91236
internal_count=2541 408 322 86 2133 586 93 493 1547 1066 481 271 51
is_linear=0
shrinkage=0.05


Tree=144
num_leaves=15
num_cat=0
split_feature=27 126 88 121 6 92 80 22 126 3 5 111 87 14
split_gain=1.3468 3.42428 6.32397 3.2355 3.19007 3.64448 2.95635 4.7078 3.04208 2.7845 2.71862 2.56746 2.28056 2.02599
threshold=5.4500000000000011 0.25057543927639186 0.24526250000000019 55.750000000000007 6.416666666666667 -1.0000000180025095e-35 -1.0712491666666666 1.9000000000000001 0.24386318169818277 0.85043283333333353 5.416666666666667 1.0555671492745426 0.88796644999999985 1.5500000000000003
decision_type=2 2 2 2 2 2 2 2 2 2 2 2 2 2
left_child=3 2 9 6 5 -3 8 -8 -1 -2 -6 -4 13 -5
right_child=1 4 11 12 10 -7 7 -9 -10 -11 -12 -13 -14 -15
leaf_value=-0.0051803642364513323 0 0.0035188465262260488 0 0 0.036298952386221849 -0.024890924497946904 -0.0010356307859388742 -0.01784802410360382 0.023205836717338089 0.036398616469991346 -6.5753438173478274e-05 -0.045284572528279082 -0.0018737089384318441 0.041935249035815497
leaf_weight=12.880710277706383 6.0552511662244823 18.083339653909206 7.1211984492838365 3.5091416090726879 7.1129792220890504 20.347531363368034 187.69338272511959 55.542141668498516 19.147564124315977 22.91024436801672 7.1735110804438591 3.0967019461095333 4.876417499035596 8.6291385777294618
leaf_count=93 47 114 54 24 52 116 1127 386 134 199 49 21 36 89
internal_value=0 0.00528764 0.0164615 -0.00161988 -0.00223863 -0.0105047 -0.00310916 -0.00513677 0.0104648 0.0287199 0.0159589 -0.0132936 0.0185333 0.0300558
internal_weight=384.179 91.9008 39.1834 292.278 52.7174 38.4309 275.264 243.236 32.0283 28.9655 14.2865 10.2179 17.0147 12.1383
internal_count=2541 652 321 1889 331 230 1740 1513 227 246 101 75 149 113
is_linear=0
shrinkage=0.05


Tree=145
num_leaves=11
num_cat=0
split_feature=2 17 106 17 70 46 118 34 39 31
split_gain=1.34145 3.16667 4.31645 2.40078 2.31636 3.1044 4.46622 3.48749 2.75944 0.99691
threshold=0.75667433333333356 1.4682302000000003 2.6157894736842109 1.8182424000000001 2.3166666666666669 1.8333333333333337 65.750000000000014 4.9500000000000011 11.183333333333335 1.3342911850000003
decision_type=2 2 2 2 2 2 2 2 2 2
left_child=1 9 -3 -4 5 7 -7 -2 -6 -1
right_child=4 2 3 -5 8 6 -8 -9 -10 -11
leaf_value=-0.0026197603692742072 0.012593081850948465 0.034513095744144427 0.0054086243257287928 -0.033978758546911014 0 -0.022276858895402877 0 -0.00041006388577932934 0.038678817516189068 -0.047232215662166815
leaf_weight=5.1652237512171286 66.953932601958513 5.8059160485863712 3.9509774595499021 6.4031228423118591 5.9671973399817926 32.928394209593534 57.609226562082767 186.35445144958794 7.6564579755067825 5.0304823219776154
leaf_count=29 429 36 25 35 42 187 397 1279 57 25
internal_value=0 -0.0106326 0.000589876 -0.0153928 0.000853283 0 -0.00787148 0.00286629 0.0203431 -0.0313499
internal_weight=383.825 26.3557 16.16 10.3541 357.47 343.846 90.5376 253.308 13.6237 10.1957
internal_count=2541 150 96 60 2391 2292 584 1708 99 54
is_linear=0
shrinkage=0.05


Tree=146
num_leaves=16
num_cat=0
split_feature=97 97 111 128 21 125 38 117 112 32 100 76 75 61 89
split_gain=1.3549 3.6934 4.60887 4.17327 6.73889 3.7413 3.5322 3.43281 3.42634 3.39241 3.16087 3.56736 2.3048 1.93787 1.8308
threshold=-0.68333333333333302 -0.27499999999999986 1.0522033382507574 0.84849304177989704 0.70833333333333337 0.29368909332092413 1.2714219500000001 71.700000000000003 0.53816027314721848 14.225000000000001 0.29285714285714287 1.5857142857142861 2.1055555555555561 0.55000000000000016 -0.04183940000000002
decision_type=2 2 2 2 2 2 2 2 2 2 2 2 2 2 2
left_child=7 2 5 6 -5 -2 -3 10 -4 14 11 -1 -11 -12 -9
right_child=1 3 8 4 -6 -7 -8 9 -10 12 13 -13 -14 -15 -16
leaf_value=-0.025004063396963663 -0.024291257823075792 0.010238831645211289 0.029856680543069128 -0.014651178680394353 0.028128150724793362 0.01115140192754498 -0.0075835372804272305 0.03848542823078753 -0.0016054064066207347 -0.037429775370921528 -0.010854307826944814 0.010914502746448493 0.0028514804887564385 0.021106521466784389 0.0024540495053430836
leaf_weight=39.148504119366407 11.495121888816358 30.649600967764854 32.256521608680487 11.552887346595524 25.785067789256573 16.054737847298384 159.58565048314631 7.6506941467523619 7.6462611332535735 4.4400665760040265 6.3857387527823439 5.6322723329067221 4.5357140935957432 8.6962256059050542 12.061047419905663
leaf_count=227 68 182 217 74 240 103 1051 55 53 24 37 40 29 63 78
internal_value=0 0.00166019 0.0119164 -0.00119985 0.0135505 -0.0022185 -0.00441212 -0.00535854 0.0227136 0.00765111 -0.0124378 -0.0192545 -0.013817 0.00463168 0.0200359
internal_weight=383.576 295.026 67.4526 227.573 37.338 27.5499 190.235 88.5503 39.9028 28.6875 59.8627 44.7808 8.97578 15.082 19.7117
internal_count=2541 1988 441 1547 314 171 1233 553 270 186 367 267 53 100 133
is_linear=0
shrinkage=0.05


Tree=147
num_leaves=13
num_cat=0
split_feature=15 38 34 111 60 100 123 12 4 74 87 101
split_gain=1.33596 2.74923 2.12183 2.03406 2.02621 4.95411 3.55484 3.47842 6.94837 3.51921 3.05245 1.45839
threshold=0.55000000000000016 1.3590278500000001 5.9500000000000011 1.0534055096878963 2.1000000000000005 0.095454545454545472 0.63052591978367334 5.416666666666667 13.16666666666667 1.0000000180025095e-35 0.6409397 2.7888888888888892
decision_type=2 2 2 2 2 2 2 2 2 2 2 2
left_child=1 -1 11 -4 7 10 -7 9 -9 -2 -6 -3
right_child=4 2 3 -5 5 6 -8 8 -10 -11 -12 -13
leaf_value=0.035576316621148955 -0.018450187938402363 0 -0.039776865256152781 0 0 0.023718305010517166 -0.01030751194980299 -0.036403390169358764 0.003646688402080689 0.0013989811125532617 -0.04147312885988258 0.033532700277659915
leaf_weight=6.9180713482201126 23.502808697521687 3.5749451033771056 3.8257825039327127 5.1864868067204952 9.6698436774313432 35.217224650084972 6.8338496200740328 19.888880237936974 18.015453953295946 240.48606461286545 5.4360425323247901 4.6920148469507694
leaf_count=53 129 23 23 44 64 244 48 119 126 1602 30 36
internal_value=0 0.0111785 0 -0.0159596 -0.000728822 0.00761589 0.0169163 -0.00249372 -0.0164784 -0.000242452 -0.0146124 0.0172402
internal_weight=383.247 24.1973 17.2792 9.01227 359.05 57.157 42.0511 301.893 37.9043 263.989 15.1059 8.26696
internal_count=2541 179 126 67 2362 386 292 1976 245 1731 94 59
is_linear=0
shrinkage=0.05


Tree=148
num_leaves=10
num_cat=0
split_feature=88 11 88 69 109 10 57 85 28
split_gain=1.33269 2.49143 2.43199 4.4204 4.83858 3.08476 3.23816 2.82587 2.64378
threshold=0.81688900000000009 12.16666666666667 0.43241829999999981 1.8166666666666669 0.21959063422516514 0.70564550000000004 1.1000000000000003 0.77500000000000013 2.6333333333333337
decision_type=2 2 2 2 2 2 2 2 2
left_child=2 -2 5 7 -5 6 -1 -4 -7
right_child=1 -3 3 4 -6 8 -8 -9 -10
leaf_value=0 0.034483665069708576 -0.0041455219960872978 -0.010093926652176798 0 -0.051750612310459278 -0.0010327493152533737 0.040148060465846201 0.025178980739208504 0.027572283786129116
leaf_weight=5.7158526182174674 6.8877327740192396 4.3974694833159447 14.226373665034773 7.2013045661151436 9.8680217787623388 310.7476914934814 8.9263879656791669 7.7132615000009528 7.2646382376551619
leaf_count=35 62 28 88 61 52 2024 69 49 73
internal_value=0 0.016249 -0.000486077 -0.0122146 -0.0306813 0.00077191 0.0224797 0.00068428 -0.000138184
internal_weight=382.949 11.2852 371.664 39.009 17.0693 332.655 14.6422 21.9396 318.012
internal_count=2541 90 2451 250 113 2201 104 137 2097
is_linear=0
shrinkage=0.05


Tree=149
num_leaves=9
num_cat=0
split_feature=41 27 33 88 81 26 126 101
split_gain=1.33412 2.72088 4.94389 3.03381 3.26354 2.32002 1.45447 1.26571
threshold=7.8285714285714292 6.7000000000000002 5.2678571428571432 0.81688900000000009 -0.54402799999999996 4.4500000000000011 0.27217428778492986 2.7386363636363638
decision_type=2 2 2 2 2 2 2 2
left_child=1 3 7 4 -1 -4 -5 -3
right_child=-2 2 5 6 -6 -7 -8 -9
leaf_value=0.0072238923150969043 -0.02607519410609976 0 -0.035746215811640947 0.037459710540678003 -0.0043416637556846042 0.0052128212239075543 0 0.042299926341085162
leaf_weight=75.938393700867891 3.8238853439688674 4.3928998708725002 3.7053434774279577 6.468287877738474 266.53751659579575 7.5310378782451153 3.1336501091718674 11.17199135199189
leaf_count=510 24 31 21 62 1720 58 19 96
internal_value=0 0.000382136 0.0155233 -0.000669549 -0.00161806 -0.00602527 0.0254067 0.0335225
internal_weight=382.703 378.879 26.8013 352.078 342.476 11.2364 9.60194 15.5649
internal_count=2541 2517 206 2311 2230 79 81 127
is_linear=0
shrinkage=0.05


Tree=150
num_leaves=12
num_cat=0
split_feature=27 19 27 116 80 37 44 125 116 101 32
split_gain=1.3264 4.16722 2.10734 5.1293 6.59387 3.28923 5.24461 3.16902 1.92637 1.77766 1.74329
threshold=2.6333333333333337 3.5500000000000003 3.7750000000000004 -0.19249018226135203 -1.0311773333333332 1.0441158950000002 0.58333333333333337 0.48608317134645118 -0.58795796004982193 2.9128787878787885 11.878571428571432
decision_type=2 2 2 2 2 2 2 2 2 2 2
left_child=1 -1 3 8 -5 6 -4 -7 -2 10 -3
right_child=2 9 5 4 -6 7 -8 -9 -10 -11 -12
leaf_value=-0.023780613129981545 -0.00059688199031046032 0 0.018711715665704062 0.016051287368844015 -0.025167293425699296 -0.0049271242758421258 -0.021059991783703148 0.0079397614194678754 0.027856927759828912 0 0.046718934439330041
leaf_weight=3.7473745346069363 6.4006912782788303 3.1089045852422705 48.403450652956963 10.116578973829744 43.330769374966621 175.50867732986808 7.9941653758287421 63.096059877425432 9.6010165810585004 3.2161385267972937 8.0333353802561742
leaf_count=22 40 20 320 76 277 1099 44 480 67 24 72
internal_value=0 0.0129032 -0.000607802 -0.00846506 -0.0162956 0.00109537 0.0119344 -0.00129702 0.0141688 0.0266579 0.0355651
internal_weight=382.557 18.1058 364.451 69.4491 53.4473 295.002 56.3976 238.605 16.0017 14.3584 11.1422
internal_count=2541 138 2403 460 353 1943 364 1579 107 116 92
is_linear=0
shrinkage=0.05


Tree=151
num_leaves=15
num_cat=0
split_feature=82 112 19 124 106 123 6 87 26 9 77 31 106 112
split_gain=1.32689 3.10589 4.88231 3.75859 3.22475 3.35896 3.29841 3.03516 6.07405 4.92374 4.40359 5.02712 3.92814 3.74147
threshold=-0.03063150000000003 0.49420153737527145 2.4500000000000006 0.60931364088399464 2.4750000000000005 0.40337100888432931 5.8333333333333348 0.4896521000000002 4.366666666666668 1.0600975000000001 0.38750000000000007 1.0658481500000001 2.6583333333333337 0.51354195808853909
decision_type=2 2 2 2 2 2 2 2 2 2 2 2 2 2
left_child=1 4 -3 -4 6 -6 -1 10 9 -9 11 -2 -12 -10
right_child=7 2 3 -5 5 -7 -8 8 13 -11 12 -13 -14 -15
leaf_value=0.048110411661098591 0.022903267733674539 -0.045977576515001131 -0.003769127499373501 0.018017514417518098 -0.022552595287371548 0.0097512350246753785 0 0 -0.014733625260996308 -0.05062512798896706 -0.0014407737740272752 -0.0088260899121050639 0.030975125051223674 0.022980222766743476
leaf_weight=9.4646388441324216 12.87198844924569 4.9295683130621901 98.878381192684174 23.581063013523817 7.8980981931090346 51.833462245762348 6.3732551038265219 6.7503012791276005 12.889461267739536 13.332780074328182 12.408044241368772 91.310821611434221 18.715331770479679 11.039644002914427
leaf_count=62 102 27 664 180 40 352 40 50 89 76 75 586 122 76
internal_value=0 0.00282887 -0.00160599 0.000133123 0.0108811 0.0043555 0.0308024 -0.00305694 -0.0143419 -0.0340364 0.000325276 -0.00425003 0.0168527 0.00088377
internal_weight=382.277 202.958 127.389 122.459 75.5695 59.7316 15.8379 179.318 44.0122 20.0831 135.306 104.183 31.1234 23.9291
internal_count=2541 1365 871 844 494 392 102 1176 291 126 885 688 197 165
is_linear=0
shrinkage=0.05


Tree=152
num_leaves=11
num_cat=0
split_feature=3 90 58 12 85 124 12 17 62 64
split_gain=1.28658 4.10936 2.2936 4.85309 4.66624 3.79703 4.01244 2.89218 2.74096 1.81047
threshold=0.50343966666666684 1.2750000000000004 1.3666666666666669 4.416666666666667 -1.1499999999999997 0.48901210165534753 3.8333333333333335 1.7191118333333335 0.45000000000000007 1.1000000000000003
decision_type=2 2 2 2 2 2 2 2 2 2
left_child=1 9 3 4 -2 6 -4 -5 -7 -1
right_child=2 -3 5 7 -6 8 -8 -9 -10 -11
leaf_value=-0.014421943530258023 -0.015530381433636734 -0.045541789819456412 -0.026683167381135756 -0.0091282142626414545 0.017153346585006207 -0.00061804602744450145 0 0.024920241364456832 0.021974910478295809 0.025525597883669544
leaf_weight=3.4933681860566121 10.207071989774702 5.3850629255175582 28.075544659048319 55.224992375820875 81.029541147872806 148.2762267999351 26.610591500997543 5.4765964038670054 13.464489631354807 4.6599137149751186
leaf_count=24 63 34 161 369 558 993 167 38 92 42
internal_value=0 -0.0145214 0.000638803 0.00543485 0.012826 -0.00250771 -0.0138426 -0.00489186 0.00107899 0.00324141
internal_weight=381.903 13.5383 368.365 151.938 91.2366 216.427 54.6861 60.7016 161.741 8.15328
internal_count=2541 100 2441 1028 621 1413 328 407 1085 66
is_linear=0
shrinkage=0.05


Tree=153
num_leaves=15
num_cat=0
split_feature=52 13 39 80 102 65 41 94 13 39 23 80 14 94
split_gain=1.25882 2.68407 5.01241 2.06974 1.911 3.36018 4.01822 3.16772 2.65508 4.48185 1.82491 1.75012 3.03371 1.13838
threshold=0.58333333333333337 4.166666666666667 13.171428571428573 0.87816516666666677 9.5000000000000018 0.55000000000000016 4.5857142857142863 0.18819335000000018 3.5833333333333335 12.414285714285716 0.88260820000000006 0.4549922500000001 1.3666666666666669 0.36452156666666663
decision_type=2 2 2 2 2 2 2 2 2 2 2 2 2 2
left_child=1 11 13 -4 5 7 -7 -2 10 -10 -6 12 -1 -3
right_child=4 2 3 -5 8 6 -8 -9 9 -11 -12 -13 -14 -15
leaf_value=0.0016911758733678941 -0.00091581616973661838 0.046871783524843412 -0.018647672902416694 0.020524255915987871 -0.009742287394639032 0.0066749473849697857 -0.032344740996854665 0.010974281923781993 -0.024150252818880696 0.0036017820236350197 0.020097372049587194 0.01483242768575318 -0.040404895318475839 0
leaf_weight=5.814703665673731 167.76986198313534 10.104844331741335 8.041194334626196 3.8821471482515326 5.6431446895003345 7.8102941066026714 14.698440998792647 78.605478707700968 36.035826623439789 18.970470376312733 10.947319589555262 4.1578560695052138 5.9236725643277168 3.2256586253643027
leaf_count=36 1105 77 54 30 33 49 83 581 209 123 77 30 30 24
internal_value=0 0.00819961 0.0185625 -0.00142338 -0.000957617 0.000815524 -0.0169704 0.0027046 -0.00822495 -0.013793 0.00712831 -0.00542854 -0.0171313 0.0387796
internal_weight=381.631 41.1501 25.2538 11.9233 340.481 268.884 22.5087 246.375 71.5968 55.0063 16.5905 15.8962 11.7384 13.3305
internal_count=2541 281 185 84 2260 1818 132 1686 442 332 110 96 66 101
is_linear=0
shrinkage=0.05


Tree=154
num_leaves=9
num_cat=0
split_feature=0 2 106 2 75 58 58 84
split_gain=1.30374 2.13708 3.61001 3.35462 2.63167 1.98301 0.890044 0.537487
threshold=1.0000000180025095e-35 0.75667433333333356 2.7250000000000005 0.83210383333333349 1.3541666666666667 0.90000000000000013 2.1000000000000005 -0.33333333333333337
decision_type=2 2 2 2 2 2 2 2
left_child=-1 2 4 7 -2 -5 -4 -3
right_child=1 3 6 5 -6 -7 -8 -9
leaf_value=0.021249207923130495 0.026025245823062627 0.042479718521788827 -0.010450788153181659 -0.0075648344522919325 -0.016825872977663383 0.0016886563068921126 -0.053912251912941467 0
leaf_weight=6.1250315159559241 5.942288704216482 4.4420458003878593 7.3976443856954557 72.138344213366508 5.7171107307076454 271.62398890405893 4.3664798960089684 3.5680134668946248
leaf_count=41 35 31 42 485 32 1830 22 23
internal_value=0 -0.000334876 -0.0147164 0.000520019 0.0013945 -0.000124466 -0.0334595 0.0306723
internal_weight=381.321 375.196 23.4235 351.772 11.6594 343.762 11.7641 8.01006
internal_count=2541 2500 131 2369 67 2315 64 54
is_linear=0
shrinkage=0.05


Tree=155
num_leaves=11
num_cat=0
split_feature=13 76 18 19 2 87 100 68 32 30
split_gain=1.2533 1.74928 2.39523 2.78447 2.41495 1.96854 4.39077 3.13042 1.71916 1.56262
threshold=2.1666666666666674 0.76388888888888895 13.266666666666667 3.7750000000000004 2.4104315000000005 0.4896521000000002 1.0000000180025095e-35 0.31666666666666671 14.050000000000002 1.4714511000000001
decision_type=2 2 2 2 2 2 2 2 2 2
left_child=8 2 3 -2 -4 7 -7 -3 9 -1
right_child=1 5 4 -5 -6 6 -8 -9 -10 -11
leaf_value=0.016267193139258698 0.023583181397514041 0.0033280663145313048 0.035359202560903788 -0.020174196639210613 0 -0.028053525949914133 -0.00023661393207889512 -0.0095423877777946753 0.036980766100516364 -0.019679846774599125
leaf_weight=6.3723500221967679 4.3993758559227016 203.7922062985599 11.420988883823155 8.7967653945088369 3.8462912291288367 20.380668550729752 53.66480216011405 60.132496897131205 4.3605425655841819 4.0495670363306999
leaf_count=46 36 1359 84 55 24 130 378 359 46 24
internal_value=0 -0.000522213 0.0109508 -0.00143049 0.0241561 -0.00166541 -0.00883115 0.000181984 0.0138628 0
internal_weight=381.216 366.434 28.4634 13.1961 15.2673 337.97 74.0455 263.925 14.7825 10.4219
internal_count=2541 2425 199 91 108 2226 508 1718 116 70
is_linear=0
shrinkage=0.05


Tree=156
num_leaves=10
num_cat=0
split_feature=38 95 10 10 80 10 52 125 106
split_gain=1.25969 4.09437 2.08793 3.98596 6.33187 2.08612 1.83377 1.67154 0.602351
threshold=2.2477777500000005 -0.53560499999999989 2.6273750000000002 2.1543500000000004 -0.68855516666666661 1.8701933333333336 2.1666666666666674 0.37964966866510669 3.3250000000000006
decision_type=2 2 2 2 2 2 2 2 2
left_child=2 -2 3 5 -5 -1 -4 -3 -9
right_child=1 7 6 4 -6 -7 -8 8 -10
leaf_value=-0.0011315301874066407 -0.028610802012800158 0 0.040219061249632336 -0.032594561931781493 0.0059308240925875525 0.010495821469358738 0 0.040697261359598329 2.1072826278376792e-05
leaf_weight=270.03081614524126 3.216869808733466 5.333614174276593 4.7375872489064914 23.33687811344862 15.195184987038372 43.546636775135994 3.3219408057630062 8.341185409575699 3.9147437214851371
leaf_count=1711 21 41 44 143 127 303 24 89 38
internal_value=0 0.0117345 -0.000636965 -0.00137726 -0.0163715 0.000352454 0.0227686 0.0229449 0.0324582
internal_weight=380.975 20.8064 360.169 352.11 38.5321 313.577 8.05953 17.5895 12.2559
internal_count=2541 189 2352 2284 270 2014 68 168 127
is_linear=0
shrinkage=0.05


Tree=157
num_leaves=11
num_cat=0
split_feature=15 117 17 73 17 26 122 102 26 70
split_gain=1.25775 2.52111 2.33186 4.13025 2.43653 3.54502 2.23587 2.13651 1.5562 0.464902
threshold=0.55000000000000016 65.750000000000014 0.68809189999999998 0.43650793650793657 0.80784990000000001 4.7333333333333343 39.385000000000005 10.500000000000002 3.6333333333333337 0.76388888888888895
decision_type=2 2 2 2 2 2 2 2 2 2
left_child=1 6 3 -2 5 -4 -1 -6 -3 -8
right_child=2 8 4 -5 7 -7 9 -9 -10 -11
leaf_value=0.019091093982079033 -0.041860504356121216 0 0.036928476096161698 0.010368759424872236 0.00099138237506689385 -0.0080090115746247574 -0.032813186230549816 -0.0091308438206044278 0.041140380228442353 0
leaf_weight=3.8676532804965991 8.016421299427746 6.1717903017997724 9.5613198541104776 3.8248993456363669 268.81662490963936 4.400050774216651 3.718516705557704 62.342092983424664 6.7233885675668716 3.3632241301238537
leaf_count=31 58 42 76 28 1783 30 26 387 55 25
internal_value=0 0.0109546 -0.000674695 -0.0216024 0 0.0198354 -0.00293071 -0.000785394 0.0257055 -0.0220186
internal_weight=380.806 23.8446 356.961 11.8413 345.12 13.9614 10.9494 331.159 12.8952 7.08174
internal_count=2541 179 2362 86 2276 106 82 2170 97 51
is_linear=0
shrinkage=0.05


Tree=158
num_leaves=16
num_cat=0
split_feature=63 6 91 41 84 17 36 102 3 93 71 31 10 41 96
split_gain=1.23441 5.54242 4.24016 3.29537 3.56329 2.89476 2.88705 3.2253 3.12913 2.93507 5.21323 4.52245 2.91815 1.85887 1.32633
threshold=1.1000000000000003 6.416666666666667 0.68333333333333346 3.1055555555555561 0.66666666666666663 0.7304718200000001 1.9500000000000002 5.5000000000000009 1.8635415 -0.79999999999999993 0.11805555555555557 1.4041450571428575 2.1100273333333339 2.9500000000000006 -0.21086284285714282
decision_type=2 2 2 2 2 2 2 2 2 2 2 2 2 2 2
left_child=1 3 14 13 -5 -4 9 12 -9 10 -2 -11 -8 -1 -3
right_child=6 2 5 4 -6 -7 7 8 -10 11 -12 -13 -14 -15 -16
leaf_value=0 -0.042631305520650087 -0.066810255557547826 -0.035258110342839925 0.015731473856270876 -0.0038179689290886117 0.0041663550767490933 -0.024114701859768318 0.032166548026067977 -0.0016716330149717951 -0.0038957691217337102 0.0086378807203273383 0.011879428725189592 0.020829018696875055 -0.043607307464062578 -0.018802129197883193
leaf_weight=5.4316604062914831 9.6657978333532792 4.6389882490038863 4.7792833670973804 44.36295735090971 41.025597255676985 17.215477608144283 7.7996034733951074 22.260344255715612 5.7532140985131255 123.87940239720047 6.2803127095103255 68.826966516673565 4.4377272427082062 4.4605280607938766 9.8400442674756032
leaf_count=37 53 22 32 276 258 129 51 198 43 820 38 462 44 25 53
internal_value=0 -0.00380572 -0.020239 0.00211056 0.00582454 -0.00338662 0.00215752 0.0142537 0.0236757 0 -0.0201704 0.00151261 -0.00369692 -0.0229492 -0.0407363
internal_weight=380.658 131.755 36.4738 95.2807 85.3886 21.9948 248.903 40.2509 28.0136 208.652 15.9461 192.706 12.2373 9.89219 14.479
internal_count=2541 832 236 596 534 161 1709 336 241 1373 91 1282 95 62 75
is_linear=0
shrinkage=0.05


Tree=159
num_leaves=11
num_cat=0
split_feature=30 2 123 91 97 85 109 88 30 22
split_gain=1.24889 3.75367 3.61679 3.49713 2.64004 3.27069 2.61067 2.43548 2.04617 1.77159
threshold=2.4496134000000001 2.396196666666667 0.6452145861865729 1.4500000000000004 0.95000000000000029 -0.97499999999999987 0.13590917139855271 0.29175460000000003 1.9582385 0.90000000000000013
decision_type=2 2 2 2 2 2 2 2 2 2
left_child=1 4 8 9 7 -6 -5 -1 -3 -2
right_child=3 2 -4 6 5 -7 -8 -9 -10 -11
leaf_value=0.0017131390110346997 0 0 0.01459003396509314 0.012999635696676226 -0.014060657988852227 0.027796284696787344 -0.034154102142573521 -0.0094405416009590987 -0.034583526934345105 0.041174497145134749
leaf_weight=251.43448014929891 3.281341768801215 6.6160088106989923 4.5697209276258937 3.703915808349846 3.8334344215691116 17.097678046673536 4.4331945553421974 59.274544429033995 17.65862475708127 8.1675742082297784
leaf_count=1623 24 41 42 44 28 146 31 372 109 81
internal_value=0 -0.00063507 -0.0176947 0.0120243 0.000747108 0.0175589 -0.00814444 -0.000277724 -0.0260874 0.0298781
internal_weight=380.071 360.484 28.8444 19.586 331.64 20.9311 8.13711 310.709 24.2746 11.4489
internal_count=2541 2361 192 180 2169 174 75 1995 150 105
is_linear=0
shrinkage=0.05


Tree=160
num_leaves=11
num_cat=0
split_feature=22 23 66 80 84 16 118 80 81 30
split_gain=1.22021 2.91208 1.97237 1.76832 3.86694 5.68185 3.29537 4.21416 3.25147 2.52778
threshold=0.55000000000000016 1.2411224000000003 1.0500000000000003 0.0081816666666662558 -0.66666666666666674 1.0566248000000003 75.300000000000011 0.12028133333333314 0.046606166666666511 1.69797065
decision_type=2 2 2 2 2 2 2 2 2 2
left_child=1 -1 -3 4 8 -6 7 -5 -2 -8
right_child=3 2 -4 6 5 -7 9 -9 -10 -11
leaf_value=-0.013532571182952525 0.019563837236370278 0 0.041180335123041867 -0.030772917569701099 -0.023633035434849403 0.0026147944213389066 0.021321755010405695 -0.0041758712144681137 -0.00036742977672249286 -0.0014390098827950556
leaf_weight=3.8756986297667018 46.70626425370574 3.2551783844828588 7.4122649878263474 17.762718595564365 24.839319415390491 91.730002136901021 17.607069678604603 114.1602300517261 27.470944579690695 25.008847501128912
leaf_count=23 321 21 60 94 139 652 126 733 179 193
internal_value=0 0.0137706 0.0282855 -0.000530473 0.00263194 -0.00270642 -0.00426669 -0.00833775 0.0116107 0.00709164
internal_weight=379.829 14.5431 10.6674 365.285 190.747 116.569 174.539 131.923 74.1772 42.6159
internal_count=2541 104 81 2437 1291 791 1146 827 500 319
is_linear=0
shrinkage=0.05


Tree=161
num_leaves=13
num_cat=0
split_feature=108 88 20 121 115 108 63 15 108 113 108 90
split_gain=1.27392 3.41273 5.97727 3.37029 3.04512 2.74857 3.4955 4.15098 2.46991 6.96747 3.99691 1.85855
threshold=0.22442323702842362 -0.55341779999999996 4.5500000000000007 40.675000000000011 2.037229298583858 0.27886768404009793 0.90000000000000013 1.1000000000000003 0.31617425454275688 0.4767427884615385 0.32916129229679975 -1.5499999999999996
decision_type=2 2 2 2 2 2 2 2 2 2 2 2
left_child=1 11 4 -4 -3 6 -2 -8 9 -7 -10 -1
right_child=5 2 3 -5 -6 8 7 -9 10 -11 -12 -13
leaf_value=0 -0.017242299831142775 -0.048556915708340996 0.022431477476204255 -0.010207251221550669 -0.00015035407671944639 -0.053382200857475449 -0.0012015793504631033 0.034698066426183685 0.030263072422246618 0.00013974547949039792 0 0.03941166201361624
leaf_weight=3.2559892684221268 4.7473352923989287 11.74673540890217 11.100990191102026 21.429151531308889 7.2676234170794478 7.1664818003773716 8.9226749986410159 19.592156201601028 10.267268080264328 16.951276499778032 252.62129300273955 4.3641263805329791
leaf_count=22 25 65 79 139 47 36 54 133 66 109 1730 36
internal_value=0 -0.00663911 -0.0119457 0 -0.0334852 0.0012879 0.0146952 0.0221104 -0.000137932 -0.0152655 0.00111301 0.0206775
internal_weight=379.433 59.1646 51.5445 32.5301 19.0144 320.268 33.2622 28.5148 287.006 24.1178 262.889 7.62012
internal_count=2541 388 330 218 112 2153 212 187 1941 145 1796 58
is_linear=0
shrinkage=0.05


Tree=162
num_leaves=11
num_cat=0
split_feature=6 37 4 111 125 71 88 125 23 76
split_gain=1.27634 3.31154 2.24481 3.6208 2.84642 2.76881 4.28103 3.31556 2.31206 0.637712
threshold=2.4166666666666674 1.6100961 9.8333333333333339 1.0578788004594457 0.35741578134757568 1.0000000180025095e-35 0.11569610000000009 0.090709319420057291 1.5785147000000002 1.4722222222222225
decision_type=2 2 2 2 2 2 2 2 2 2
left_child=1 9 3 4 -2 6 -4 -7 -5 -1
right_child=2 -3 5 8 -6 7 -8 -9 -10 -11
leaf_value=0.041935557666698001 -0.029376184529330752 -0.010630739327621444 0.030229676227952387 0.035350705553544935 0 -0.030027779751985652 -0.01309803669687023 0.00037469770519390089 -0.0056709454551475249 0
leaf_weight=5.9580880776047689 22.031241394579411 5.2251433208584777 17.170298200100664 4.9783240705728513 14.278320491313933 8.1998125799000245 5.7470700293779364 287.96469861827791 3.7850418202579021 3.71098468080163
leaf_count=37 123 33 127 38 87 47 38 1957 27 27
internal_value=0 0.0138907 -0.000582808 -0.0109771 -0.0184926 0.000758972 0.0171804 -0.000397004 0.0137455 0.0315829
internal_weight=379.049 14.8942 364.155 45.0729 36.3096 319.082 22.9174 296.165 8.76337 9.66907
internal_count=2541 97 2444 275 210 2169 165 2004 65 64
is_linear=0
shrinkage=0.05


Tree=163
num_leaves=14
num_cat=0
split_feature=97 97 111 128 35 123 13 125 98 123 81 30 27
split_gain=1.26168 3.32906 4.12775 3.57092 4.6721 4.1924 3.53391 3.2355 3.05912 3.93533 3.20957 5.7261 4.09089
threshold=-0.68333333333333302 -0.27499999999999986 1.0522033382507574 0.84849304177989704 1.267857142857143 0.63185359300771404 3.8333333333333335 0.29368909332092413 -0.77499999999999969 0.50534455484536001 0.046606166666666511 1.7289941000000002 6.3000000000000016
decision_type=2 2 2 2 2 2 2 2 2 2 2 2 2
left_child=8 2 7 5 -5 -3 -4 -2 10 -10 11 -1 -12
right_child=1 3 6 4 -6 -7 -8 -9 9 -11 12 -13 -14
leaf_value=0.014537632053657205 -0.022404989267957517 -0.0023995691297927935 0 0 0.034682762787579903 -0.044700566623653265 0.031576593285805525 0.010646224673553887 0.0028585807062775281 -0.048521222000203645 -0.026688051328800214 -0.02601546417157008 0.015587546106631864
leaf_weight=41.447172608226538 11.526586167514326 183.71175982058048 11.965184718370436 22.548891607671976 13.73601785302162 5.2932509966194621 26.937793027609587 15.743569940328596 3.5076522752642614 7.4082685336470604 20.107195958495144 9.4014193117618543 5.4933862686157218
leaf_count=286 68 1200 80 178 136 33 190 103 18 41 112 55 41
internal_value=0 0.00160378 0.0114452 -0.00110374 0.0127337 -0.00407642 0.0218333 -0.00185362 -0.00521365 -0.0289607 -0.000847141 0.00571826 -0.0154919
internal_weight=378.828 291.463 66.1731 225.29 36.2849 189.005 38.903 27.2702 87.3651 10.9159 76.4492 50.8486 25.6006
internal_count=2541 1988 441 1547 314 1233 270 171 553 59 494 341 153
is_linear=0
shrinkage=0.05


Tree=164
num_leaves=14
num_cat=0
split_feature=82 34 27 93 31 17 101 94 82 39 88 52 5
split_gain=1.21551 2.94456 2.87916 3.95275 2.8175 3.99363 5.91858 3.82177 5.21264 3.43491 2.19868 1.34994 1.24824
threshold=-0.03063150000000003 3.683333333333334 2.9000000000000004 -0.79999999999999993 1.6151732000000003 1.1481168000000002 2.2111111111111117 -0.3806531444444442 -0.41930366666666669 10.535714285714286 0.059269099999999859 0.83333333333333337 5.416666666666667
decision_type=2 2 2 2 2 2 2 2 2 2 2 2 2
left_child=4 10 12 -4 5 9 -7 8 -6 -1 -2 -9 -3
right_child=1 2 3 -5 7 6 -8 11 -10 -11 -12 -13 -14
leaf_value=0.023313353966909315 0.03836963941083564 0.025243256473313616 -0.03275134514646371 -0.0041042642917342104 -0.026364793999456671 -0.031875957415521523 0 0 0.020759856638184679 0 0 0.036796726460420863 0
leaf_weight=24.36534297093749 6.097615070641039 9.2778227142989618 13.247873596847056 140.21312063187361 9.7889419272542018 18.273215614259243 72.760781511664391 5.6879701688885715 11.836542341858147 43.322704777121544 4.2068247348070145 14.811220895498989 4.4696777313947669
leaf_count=178 46 72 73 926 60 105 475 40 88 313 26 106 33
internal_value=0 -0.00299549 -0.00488292 -0.00709702 0.00266819 -0.000101004 -0.00721173 0.0140221 0 0.00870009 0.0209311 0.0289621 0.0152476
internal_weight=378.36 177.513 167.208 153.461 200.847 158.722 91.034 42.1247 21.6255 67.688 10.3044 20.4992 13.7475
internal_count=2541 1176 1104 999 1365 1071 580 294 148 491 72 146 105
is_linear=0
shrinkage=0.05


Tree=165
num_leaves=13
num_cat=0
split_feature=54 84 34 61 9 111 89 118 97 88 82 45
split_gain=1.22496 3.93881 4.74094 6.52509 4.97783 3.39324 5.16269 3.4388 3.29274 4.59723 4.17252 2.89685
threshold=0.90000000000000013 -3.4999999999999991 5.0500000000000007 0.36666666666666675 0.6366398333333334 1.0514172505826835 0.16266260000000024 52.900000000000006 0.20000000000000001 0.72084020000000004 -0.46485333333333334 1.8333333333333337
decision_type=2 2 2 2 2 2 2 2 2 2 2 2
left_child=1 -1 3 -3 -4 6 7 -2 10 -10 -7 -8
right_child=5 2 4 -5 -6 8 11 -9 9 -11 -12 -13
leaf_value=0.029170844570805446 -0.0033249455281367567 0.025123872760133843 0.020428309556010205 -0.01090363482323318 -0.022829395965109994 0.025327607569688798 0.0027673416346993096 0.024232273603203566 -0.012611327270107518 0.028616178139238103 -0.00011179509257460823 -0.030547385261560169
leaf_weight=6.6050615832209578 10.511785954236982 20.199325568974018 5.6453599557280532 28.229120768606663 49.852961182594299 17.988033693283796 14.269623667001726 47.874632012099028 80.211997101083398 5.7952026538550845 82.552580695599318 8.3165635988116247
leaf_count=48 64 137 38 181 298 129 98 351 556 57 529 55
internal_value=0 -0.00438832 -0.00725538 0.00331602 -0.0172605 0.00184556 0.0104148 0.0184565 -0.00164309 -0.00896177 0.00415184 -0.00815479
internal_weight=378.052 110.532 103.927 48.4284 55.4983 267.52 80.9726 58.3864 186.548 86.0072 100.541 22.5862
internal_count=2541 702 654 318 336 1839 568 415 1271 613 658 153
is_linear=0
shrinkage=0.05


Tree=166
num_leaves=13
num_cat=0
split_feature=66 55 17 115 71 98 114 98 72 58 93 121
split_gain=1.21782 4.00271 3.66909 2.75856 4.70606 2.29634 5.73377 3.04795 2.01868 1.37064 1.30252 0.817726
threshold=2.1055555555555561 0.7333333333333335 1.0865781000000001 1.5301917917988523 0.21111111111111114 1.4214285714285719 1.5301917917988523 0.68333333333333368 1.6500000000000001 0.90000000000000013 0.20000000000000004 52.385000000000005
decision_type=2 2 2 2 2 2 2 2 2 2 2 2
left_child=1 5 -3 8 -5 7 -7 -1 10 -4 -2 -6
right_child=3 2 9 4 11 6 -8 -9 -10 -11 -12 -13
leaf_value=-0.00028727179642163466 -0.0048335090141329879 -0.044997540879200021 -0.015324895682087607 -0.020180499416184397 0.046693088498542784 -0.049171373798214582 0.002055365723758001 0.013554776841756306 -0.03387670318518627 0.018821041587778593 0.029056512874708198 0.0051931179330805353
leaf_weight=267.69559075683355 4.6134512908756751 8.5546578429639357 6.1625602990388852 2.9857420530170229 8.7822654098272306 6.9827434569597271 11.904892664402722 44.521711334586143 3.6349539496004581 3.9245962798595428 2.8777730111032724 5.1344292573630801
leaf_count=1720 34 48 36 21 88 40 94 325 21 31 32 51
internal_value=0 -0.000778812 -0.0227584 0.00987686 0.0228006 0.000372924 -0.0158892 0.00156392 -0.00589428 0 0.00418572 0.0361086
internal_weight=377.775 349.747 18.6418 28.0286 16.9024 331.105 18.8876 312.217 11.1262 10.0872 7.49122 13.9167
internal_count=2541 2294 115 247 160 2179 134 2045 87 67 66 139
is_linear=0
shrinkage=0.05


Tree=167
num_leaves=16
num_cat=0
split_feature=63 6 91 88 41 46 92 58 53 100 118 92 70 121 123
split_gain=1.24033 5.08643 3.72944 3.3979 3.51617 3.36142 3.05381 4.15193 3.10874 2.73669 4.01142 3.53678 2.46634 1.80996 1.25033
threshold=1.1000000000000003 6.416666666666667 0.68333333333333346 -0.47334110000000001 3.3666666666666671 1.8333333333333337 -0.68888888888888855 1.9000000000000001 1.0000000180025095e-35 1.0000000180025095e-35 73.850000000000009 -0.19999999999999998 1.4142857142857144 38.32500000000001 0.59723014562430132
decision_type=2 2 2 2 2 2 2 2 2 2 2 2 2 2 2
left_child=1 6 14 9 13 -6 7 -1 -8 11 -11 -2 -4 -5 -3
right_child=3 2 12 4 5 -7 8 -9 -10 10 -12 -13 -14 -15 -16
leaf_value=-0.024510972985385061 0.015053297745513467 -0.049072932308918044 -0.015224362983490914 0 0.0016088185780289872 -0.012700787633243655 0.021120305878379736 0.015730401805709164 0 0.032222248126759091 0 -0.038147871669318038 0.019206158794023601 0.039922477165137922 -0.0021484604277064614
leaf_weight=19.189007144421343 5.2978060320019722 10.025648288428782 16.10117415338755 3.6739420890808088 134.08493360504508 55.53444554284215 25.850581023842096 7.0184130370616904 42.244586735963821 24.134354807436466 12.998542871326206 4.3118308410048467 5.7447761297225943 6.7189300991594791 4.4698587507009497
leaf_count=116 41 49 119 29 914 366 177 48 255 178 98 25 42 58 26
internal_value=0 -0.00389917 -0.0196464 0.00210649 -0.000512568 -0.00236442 0.00178718 -0.0117144 0.00780145 0.0141368 0.0205271 -0.00545092 -0.00353731 0.0261279 -0.0389024
internal_weight=377.399 130.644 36.3415 246.755 200.012 189.619 94.3026 26.2074 68.0952 46.7425 37.1329 9.60964 21.846 10.3929 14.4955
internal_count=2541 832 236 1709 1367 1280 596 164 432 342 276 66 161 87 75
is_linear=0
shrinkage=0.05


Tree=168
num_leaves=15
num_cat=0
split_feature=34 4 26 25 31 92 88 82 64 4 40 40 127 124
split_gain=1.2115 3.45558 6.15186 5.62621 2.76567 4.39318 6.95438 3.43369 2.61084 2.54585 2.35957 5.20165 4.41385 2.3312
threshold=6.7750000000000012 16.166666666666668 4.366666666666668 8.9000000000000021 1.1874031000000003 0.70714285714285741 -0.3686698000000001 0.43397000000000024 1.1000000000000003 12.16666666666667 4.354166666666667 4.1500000000000012 0.3380227980137524 0.61129693691496423
decision_type=2 2 2 2 2 2 2 2 2 2 2 2 2 2
left_child=1 10 3 -3 5 6 -2 9 -7 -6 11 -1 -12 -4
right_child=4 2 13 -5 7 8 -8 -9 -10 -11 12 -13 -14 -15
leaf_value=0.00093166474266830014 0.010811388694625293 0 -0.00018776464917382409 -0.043237237775511417 0 0 -0.038472906059687395 -0.0078767450243602526 0.036072099576875225 0.041359547820747848 0.010452960777587429 0.028732272117913599 -0.012302853380610761 0.03703211228656493
leaf_weight=151.08743385411799 11.099139139056208 8.8753186799585837 13.187840193510057 19.073408629745245 3.8489517569541993 10.84632555767894 13.612031508237122 4.9948485307395449 8.1102406587451679 13.033586718142031 27.607721719890833 18.650237455964088 69.020431820303202 3.9277700781822196
leaf_count=949 86 57 91 113 27 81 98 32 85 115 201 125 447 34
internal_value=0 -0.00128162 -0.0139868 -0.028468 0.00614838 -0.000118769 -0.0148324 0.0203017 0.0163382 0.0314088 0.000725129 0.00442955 -0.00524865 0.00716629
internal_weight=376.975 311.43 45.0643 27.9487 65.5451 43.6677 24.7112 21.8774 18.9566 16.8825 266.366 169.738 96.6282 17.1156
internal_count=2541 2017 295 170 524 350 184 174 166 142 1722 1074 648 125
is_linear=0
shrinkage=0.05


Tree=169
num_leaves=14
num_cat=0
split_feature=61 90 115 54 30 128 101 112 128 100 80 97 6
split_gain=1.23983 3.36913 6.28678 3.45255 3.40121 2.42793 3.68353 3.39704 5.71356 3.14209 2.68296 2.27762 0.914785
threshold=0.45000000000000007 -0.94999999999999984 1.64747526596091 0.22500000000000003 0.92149027500000014 0.83850630402748383 2.8257575757575766 0.503866621489646 0.76767157669275565 0.16025641025641027 0.48282366666666654 -0.49999999999999989 5.5833333333333348
decision_type=2 2 2 2 2 2 2 2 2 2 2 2 2
left_child=1 2 -1 12 -5 7 11 9 -9 -2 -8 -7 -3
right_child=5 3 -4 4 -6 6 10 8 -10 -11 -12 -13 -14
leaf_value=0.0041904602499021459 -0.018317771489889775 0.042419344916255299 -0.051213549557402052 -0.027435100531080159 0 -0.037867341624958577 -0.006462388372360634 -0.0031867396664775542 0.030086554945006502 0.0077923779329080846 0.0346400393105172 0 0
leaf_weight=7.6282646656036404 16.526931472122669 4.7499909214675409 8.50936511158943 11.067485425621269 218.6234082095325 9.8550643436610681 6.3118836432695371 17.158764012157917 31.002249412238598 31.609101217240095 5.3047344349324703 4.9390748068690327 3.3980366140604019
leaf_count=47 95 35 47 60 1503 63 43 98 232 205 47 41 25
internal_value=0 -0.00194177 -0.0233902 -0.000185283 -0.0015856 0.00415744 -0.00816142 0.0080991 0.0173912 -0.000344999 0.00960194 -0.0250001 0.0296819
internal_weight=376.684 253.977 16.1376 237.839 229.691 122.708 26.4108 96.297 48.161 48.136 11.6166 14.7941 8.14803
internal_count=2541 1717 94 1623 1563 824 194 630 330 300 90 104 60
is_linear=0
shrinkage=0.05


Tree=170
num_leaves=10
num_cat=0
split_feature=6 37 6 95 103 6 54 108 98
split_gain=1.18132 3.01704 2.10339 3.54929 5.50136 2.97922 3.7298 3.1501 0.634642
threshold=2.4166666666666674 1.6100961 3.4166666666666674 0.21314884999999997 9.5000000000000018 4.166666666666667 0.77500000000000013 0.21907935906310502 0.19999999999999993
decision_type=2 2 2 2 2 2 2 2 2
left_child=1 8 3 4 -2 7 -7 -4 -1
right_child=2 -3 5 -5 -6 6 -8 -9 -10
leaf_value=0.040660184248770541 0.0087584105446289317 -0.0095154809003361422 -0.010182672134693344 -0.040018422614146953 -0.039885037123167884 -0.014231203257260551 0.0012653151550179034 0.020793965832486997 0
leaf_weight=5.9034879691898805 22.577801041305069 5.2294856533408156 7.8393667563796035 7.7717207483947268 6.5501397401094428 44.624768067151308 240.33172984607518 31.9050985109061 3.563480019569397
leaf_count=40 150 33 48 43 34 272 1677 220 24
internal_value=0 0.0134701 -0.000538828 -0.011759 -0.00148147 0.000614934 -0.0010279 0.0133569 0.0306402
internal_weight=376.297 14.6965 361.601 36.8997 29.1279 324.701 284.956 39.7445 9.46697
internal_count=2541 97 2444 227 184 2217 1949 268 64
is_linear=0
shrinkage=0.05


Tree=171
num_leaves=16
num_cat=0
split_feature=63 6 91 115 70 34 88 41 95 95 126 17 27 121 96
split_gain=1.18205 4.49096 3.29355 3.01914 3.59987 3.25383 3.01266 3.17474 3.82565 2.73285 2.87531 2.30648 1.87847 1.72862 1.34789
threshold=1.1000000000000003 6.416666666666667 0.68333333333333346 1.315709235444223 1.267857142857143 5.6333333333333337 -0.47334110000000001 3.3666666666666671 -0.14167409999999989 -0.71231750000000005 0.2701291939041896 0.7304718200000001 4.9000000000000012 38.32500000000001 -0.014831240000000022
decision_type=2 2 2 2 2 2 2 2 2 2 2 2 2 2 2
left_child=1 3 14 5 -5 -1 9 13 -9 12 -11 -4 -2 -8 -3
right_child=6 2 11 4 -6 -7 7 8 -10 10 -12 -13 -14 -15 -16
leaf_value=0.028175368395298824 -0.025605167975727545 -0.047848498853664871 -0.031425690806385867 0.012348699559804638 -0.011265379133525922 -0.0075444186919790008 0 -0.01253389482592405 0.0024271787759983714 0.029974324919422004 0 0.0033688600640767474 0.010465936891459004 0.039005835436662806 -0.0023405433984735762
leaf_weight=17.625465737655762 5.6323280893266183 9.5815052762627584 4.8765474408865002 21.709487020969391 48.189171761274338 6.3006561882793894 3.6612511128187162 60.494921702891588 128.97882408462465 23.809804167598486 11.817874416708944 16.954242240637541 4.8752318322658539 6.5079806782305241 4.9899150729179373
leaf_count=109 31 46 32 149 301 37 29 399 881 200 75 129 36 58 29
internal_value=0 -0.00379891 -0.0185689 0.00153966 -0.00315524 0.0168378 0.00207378 -0.000367089 -0.00212779 0.0134807 0.0203057 -0.00324953 -0.00506902 0.0252153 -0.0366266
internal_weight=376.005 130.227 36.4022 93.8248 69.8987 23.9261 245.778 199.643 189.474 46.1352 35.6277 21.8308 10.5076 10.1692 14.5714
internal_count=2541 832 236 596 450 146 1709 1367 1280 342 275 161 67 87 75
is_linear=0
shrinkage=0.05


Tree=172
num_leaves=15
num_cat=0
split_feature=52 13 93 41 114 103 60 16 45 55 94 89 41 14
split_gain=1.19212 2.3305 3.20136 2.29754 1.83145 3.38308 3.60047 3.21911 2.65413 5.84468 3.76865 1.33978 0.871284 0.780486
threshold=0.58333333333333337 4.166666666666667 0.40000000000000002 5.8819444444444455 1.5091081586315898 10.500000000000002 0.26666666666666672 1.1255961500000002 1.8333333333333337 0.45000000000000007 -0.39439929999999995 0.11721099999999997 4.1833333333333345 1.9000000000000001
decision_type=2 2 2 2 2 2 2 2 2 2 2 2 2 2
left_child=1 11 3 -3 5 6 -2 -7 9 -6 -10 12 -1 -4
right_child=4 2 13 -5 8 7 -8 -9 10 -11 -12 -13 -14 -15
leaf_value=0 -0.034964525313400378 0.043523102120901817 0.0078001508348791593 0 0.0003120682593574263 0.00050795932631889963 0.0011325186697543881 -0.036782031557587316 0.025636748816588995 0.025735652824408373 -0.011026112653850985 0.0096693342413225122 -0.027153945929659057 -0.016709657410718944
leaf_weight=4.1798150613903982 6.4205571487545958 10.571977913379671 5.987399008125065 3.4732798822224131 136.66284246183932 5.2081792876124409 77.479218501597643 14.370124541223047 6.2902307100594035 27.168571075424552 61.741530565544963 5.4379472807049742 6.1272595524787903 4.4656691215932369
leaf_count=27 35 83 47 27 904 29 485 80 58 213 456 34 35 28
internal_value=0 0.00805545 0.0179035 0.0327901 -0.000950727 -0.00653504 -0.00142023 -0.0248899 0.00134413 0.00496202 -0.00658968 -0.00443562 -0.0164963 0
internal_weight=375.585 40.2433 24.4983 14.0453 335.341 103.478 83.8998 19.5783 231.863 163.831 68.0318 15.745 10.3071 10.4531
internal_count=2541 281 185 110 2260 629 520 109 1631 1117 514 96 62 75
is_linear=0
shrinkage=0.05


Tree=173
num_leaves=12
num_cat=0
split_feature=29 101 15 9 72 109 108 127 3 103 63
split_gain=1.15759 2.27392 1.47898 7.11043 6.67191 3.97503 3.53136 3.3715 2.93646 0.756545 0.539927
threshold=0.68333333333333346 2.9583333333333335 1.1000000000000003 1.1966028333333336 1.0500000000000003 0.27831949975101283 0.22561463731428347 0.14164776878529384 0.95780733333333334 6.5000000000000009 0.90000000000000013
decision_type=2 2 2 2 2 2 2 2 2 2 2
left_child=1 10 3 7 -5 6 -4 -2 -7 -3 -1
right_child=2 9 5 4 -6 8 -8 -9 -10 -11 -12
leaf_value=0 -0.0095074577329318857 -0.020963103259480489 -0.0057952202630425186 -0.044027821784832832 -0.0062641030050701197 0.021862732594004897 0.010208056177703408 0.016817595443812037 -0.012921574940598594 0.0034645631587861391 0.036680757025833031
leaf_weight=3.3216451928019541 14.207375498488544 3.4295992068946353 42.357870768755674 14.965412460267542 64.161765303462744 4.9449886232614508 125.24920437112451 38.350915919989347 54.91705134510994 3.187929630279541 6.2191262878477573
leaf_count=28 100 24 286 94 420 32 907 252 305 29 64
internal_value=0 0.012738 -0.000552458 -0.00485282 -0.0144907 0.00172858 0.00585676 0.00872329 -0.00891463 -0.00372152 0.0281679
internal_weight=375.313 16.1583 359.155 131.685 79.1272 227.469 167.607 52.5583 59.862 6.61753 9.54077
internal_count=2541 145 2396 866 514 1530 1193 352 337 53 92
is_linear=0
shrinkage=0.05


Tree=174
num_leaves=13
num_cat=0
split_feature=25 45 54 87 41 79 59 117 71 58 115 87
split_gain=1.17498 2.81197 3.49023 3.07024 1.99416 3.99854 4.48192 3.21645 2.61912 4.04821 2.88744 1.8574
threshold=8.1000000000000014 2.1666666666666674 1.4500000000000002 -0.33166270000000003 4.1339285714285721 0.58333333333333348 0.55000000000000016 101.75000000000001 0.43650793650793657 0.90000000000000013 2.037229298583858 -0.37178840000000007
decision_type=2 2 2 2 2 2 2 2 2 2 2 2
left_child=1 2 3 -1 5 7 -7 -2 9 -6 -10 -4
right_child=4 -3 11 -5 8 6 -8 -9 10 -11 -12 -13
leaf_value=0 0.017714850008713628 -0.03556337944107895 0 -0.03459554173866633 -0.019257404603394798 0.0035822880626527973 -0.040718460555112169 -0.020786711645542438 0.023268020561549564 0 -0.0077679079555486672 0.041739523918815268
leaf_weight=17.685784254223108 59.693069210276008 6.5899720937013617 4.3594489395618439 8.1490433812141436 31.988299079239368 15.098179738968613 6.7905769273638716 3.9614730253815642 20.038615157827738 187.86330838128924 7.9758210889995089 4.7961826547980291
leaf_count=110 456 43 27 44 192 115 43 25 156 1240 53 37
internal_value=0 -0.00777335 -0.000307508 -0.0110464 0.00104406 0.00765494 -0.00915524 0.014261 -0.00105816 -0.00309322 0.0127455 0.0231753
internal_weight=374.99 41.5804 34.9905 25.8348 333.409 85.5433 21.8888 63.6545 247.866 219.852 28.0144 9.15563
internal_count=2541 261 218 154 2280 639 158 481 1641 1432 209 64
is_linear=0
shrinkage=0.05


Tree=175
num_leaves=12
num_cat=0
split_feature=15 38 60 17 17 128 94 27 121 76 86
split_gain=1.15352 2.30814 1.86146 3.34997 3.90833 3.11638 3.40454 3.12225 1.84942 1.70406 1.62096
threshold=0.55000000000000016 1.3590278500000001 2.1000000000000005 0.68809189999999998 0.80784990000000001 0.83897230570642944 0.66348496000000023 5.7083333333333348 54.285000000000004 1.4722222222222225 0.55000000000000016
decision_type=2 2 2 2 2 2 2 2 2 2 2
left_child=1 -1 3 8 -5 6 -4 -7 -2 -3 -11
right_child=2 9 5 4 -6 7 -8 -9 -10 10 -12
leaf_value=0.033654826276468229 -0.044494465821400361 -0.016004984137799157 0.022880606914690831 0.025791547207673828 -0.002600902861659551 -0.029843796828963529 -0.0053341952280476883 0.016133847080064181 0 0 0.031999232468085941
leaf_weight=6.4862352125346687 6.2320016995072347 7.6785189323127296 31.643476564437151 11.506589367985724 274.50100678950548 8.5876093283295614 11.666148252785204 3.6709552034735671 3.5179521702229977 4.0951899327337724 4.9470245651900768
leaf_count=53 39 47 227 91 1815 50 74 35 31 32 47
internal_value=0 0.0105786 -0.000704561 -0.00241545 -0.00119853 0.00739936 0.0142032 -0.0121258 -0.0300296 0 0.0142425
internal_weight=374.533 23.207 351.326 295.758 286.008 55.5682 43.3096 12.2586 9.74995 16.7207 9.04221
internal_count=2541 179 2362 1976 1906 386 301 85 70 126 79
is_linear=0
shrinkage=0.05


Tree=176
num_leaves=13
num_cat=0
split_feature=31 111 56 35 52 41 27 86 118 115 10 17
split_gain=1.17529 1.96984 1.46113 3.66449 3.70451 3.40868 4.18682 3.26081 2.58444 1.35231 1.22307 0.895694
threshold=0.78535846000000009 1.0539948372276908 0.36666666666666675 0.70714285714285718 2.4166666666666674 4.1833333333333345 5.1000000000000005 -0.79999999999999993 68.40000000000002 1.5237986680144238 1.2687418333333336 0.82023836999999999
decision_type=2 2 2 2 2 2 2 2 2 2 2 2
left_child=1 11 3 4 -2 8 -7 -5 -4 -3 -11 -1
right_child=2 9 5 7 -6 6 -8 -9 -10 10 -12 -13
leaf_value=0.040124968867485546 0.028707150225852119 -0.020865484592429102 -0.0012977681622131974 -0.013067272499151059 -0.014113931532963024 -0.021063176466291154 0 0.0024651555956287049 0.024098657884998178 -0.00049680095187672928 0.027828873352801809 0
leaf_weight=5.1801260039210346 20.720018673688177 4.3830658905208093 23.964745625853539 41.118459641933441 4.1784391999244681 45.27187043428421 42.358535200357437 163.99647429212928 13.003813695162533 3.4007168151438236 4.2860343232750893 2.4057641848921776
leaf_count=54 144 33 160 262 27 258 272 1134 104 23 47 23
internal_value=0 0.0116142 -0.000653711 0.0015445 0.0193228 -0.00508975 -0.0106548 -0.000454268 0.00671805 0 0.0109268 0.029968
internal_weight=374.268 19.6557 354.612 230.013 24.8985 124.599 87.6304 205.115 36.9686 12.0698 7.68675 7.58589
internal_count=2541 180 2361 1567 171 794 530 1396 264 103 70 77
is_linear=0
shrinkage=0.05


Tree=177
num_leaves=8
num_cat=0
split_feature=95 95 91 95 90 24 6
split_gain=1.13554 2.49764 4.20784 2.53562 4.98858 4.01064 2.16518
threshold=-0.9666572499999998 -0.71231750000000005 -0.17499999999999979 -0.46239900000000006 0.47500000000000014 2.4323540000000006 6.416666666666667
decision_type=2 2 2 2 2 2 2
left_child=-1 2 -2 4 -3 -5 -4
right_child=1 3 6 5 -6 -7 -8
leaf_value=0.02310951356753993 -0.044232225971238055 0.027573686474468798 0.026263964243832417 -0.0020199401465434154 -0.014181364961272409 0.025161012606584772 -0.019667817165169139
leaf_weight=4.2530656084418288 7.54425910115242 21.231175724416975 4.4750333651900274 312.08176105469465 8.0350887700915319 13.072579467669128 3.2597948610782623
leaf_count=30 39 157 32 2078 53 133 19
internal_value=0 -0.00030045 -0.0195291 0.000440435 0.014368 -0.000700055 0.00114658
internal_weight=373.953 369.7 15.2791 354.421 29.2663 325.154 7.73483
internal_count=2541 2511 90 2421 210 2211 51
is_linear=0
shrinkage=0.05


Tree=178
num_leaves=11
num_cat=0
split_feature=96 42 94 2 74 38 39 9 41 95
split_gain=1.11439 1.9568 1.69886 2.73677 2.78157 2.65016 2.6427 4.50988 2.3021 0.427166
threshold=-0.61636725000000003 0.83333333333333337 -0.80364709999999973 0.74763000000000013 0.15476190476190479 1.18855855 9.4142857142857164 1.1300150000000002 4.9500000000000011 0.0027567785714287534
decision_type=2 2 2 2 2 2 2 2 2 2
left_child=1 -1 6 5 -5 -4 7 -2 -8 -3
right_child=2 9 3 4 -6 -7 8 -9 -10 -11
leaf_value=-0.036852337078779024 0.013565224729655982 0.0095246668752393925 0.0066276275021897105 -0.006344934698347536 0.0038472599673018827 -0.030537130656537827 0.038592902351452574 -0.04399841095542905 0 -0.0096671721448973041
leaf_weight=4.5616358667612067 10.271390963345768 5.056882977485655 3.88924662023783 93.611418332904577 220.09553315863013 13.105981975793837 10.214048696681855 3.7540685310959807 4.6261528730392447 4.5475241020321846
leaf_count=23 75 31 25 617 1535 68 88 22 31 26
internal_value=0 -0.0132466 0.000588245 -0.000295577 0.000636493 -0.019358 0.0120589 -0.000417459 0.0262887 0
internal_weight=373.734 14.166 359.568 330.702 313.707 16.9952 28.8657 14.0255 14.8402 9.60441
internal_count=2541 80 2461 2245 2152 93 216 97 119 57
is_linear=0
shrinkage=0.05


Tree=179
num_leaves=14
num_cat=0
split_feature=34 4 37 25 96 111 68 109 5 22 10 117 85
split_gain=1.11692 3.15102 5.40416 4.09748 2.56151 3.85903 3.14136 2.70076 2.21385 2.07492 2.93503 1.85772 1.65179
threshold=6.7750000000000012 16.166666666666668 1.2988808000000003 8.9000000000000021 -0.31044389999999983 1.0563386241885231 0.31666666666666671 0.27111590154445814 5.8333333333333348 3.1000000000000005 1.8701933333333336 66.300000000000011 0.77500000000000013
decision_type=2 2 2 2 2 2 2 2 2 2 2 2 2
left_child=1 9 3 -3 5 12 7 -6 -4 10 -1 -8 -2
right_child=4 2 8 -5 6 -7 11 -9 -10 -11 -12 -13 -14
leaf_value=-0.0014816525246094054 -0.0038431611255987357 0 -0.010920049306566657 -0.043648550902607303 0.023823817965028426 -0.040331921683291506 0.0081562672660766642 -0.006540325994715249 0.01902199866188798 -0.031228426931178773 0.010397810277965479 -0.0275474520833516 0.032586309051477476
leaf_weight=191.89205057173967 5.4689215831458551 8.0735124349594134 9.7736127711832541 15.681725725531576 34.769475400447845 5.7311668880283824 3.7328288592398149 5.7506961002945891 11.29451125115156 3.8692024871706954 68.157000144943595 6.093900166451931 3.1588046699762344
leaf_count=1188 38 52 60 94 316 36 29 35 89 24 510 41 29
internal_value=0 -0.00123572 -0.0133988 -0.0294966 0.00594126 -0.0104709 0.0117085 0.0182565 0.00300061 0.000684078 0.00146824 -0.00986601 0.00630045
internal_weight=373.447 308.742 44.8234 23.7552 64.7058 14.3589 50.3469 40.5202 21.0681 263.918 260.049 9.82673 8.62773
internal_count=2541 2017 295 146 524 103 421 351 149 1722 1698 70 67
is_linear=0
shrinkage=0.05


Tree=180
num_leaves=15
num_cat=0
split_feature=52 13 39 39 114 57 2 30 45 55 94 80 80 93
split_gain=1.10828 2.13063 4.31374 1.8409 1.70726 3.73208 3.90943 2.98843 2.38085 5.24283 3.3827 1.43672 2.29413 1.04205
threshold=0.58333333333333337 4.166666666666667 13.171428571428573 15.050000000000002 1.5091081586315898 1.2250000000000003 1.101071166666667 1.3808996500000001 1.8333333333333337 0.45000000000000007 -0.39439929999999995 0.4549922500000001 -0.17361383333333361 0.29999999999999993
decision_type=2 2 2 2 2 2 2 2 2 2 2 2 2 2
left_child=1 11 13 -4 5 6 -2 -7 9 -6 -10 12 -1 -3
right_child=4 2 3 -5 8 7 -8 -9 10 -11 -12 -13 -14 -15
leaf_value=0.0010728250845654075 0.00040138158101013228 0.045002365265702018 -0.022547563005722214 0.013067276047060962 0.00031067604932985397 0.027045180924186521 -0.023149189381647759 -0.0021109641196855387 0.024609842508440394 0.024659550819799394 -0.010440522688617775 0.014221816334957097 -0.034802216959913708 0
leaf_weight=5.5223939642310134 23.48634397238493 9.3184540607035178 5.7360711358487588 5.9530735574662685 135.94620605558157 10.337426409125326 40.714948236942291 28.400005184113979 6.1087452694773665 26.513134969398379 61.694226760417223 4.0481526143848887 6.0777372792363158 3.1036299578845492
leaf_count=34 143 77 35 49 904 69 229 188 58 213 456 30 32 24
internal_value=0 0.0077759 0.0173019 -0.000868794 -0.000957168 -0.0063622 -0.013893 0.00489615 0.00126001 0.00471681 -0.00624414 -0.00405625 -0.0150255 0.0369165
internal_weight=372.961 39.7595 24.1112 11.6891 333.201 102.939 64.2013 38.7374 230.262 162.459 67.803 15.6483 11.6001 12.4221
internal_count=2541 281 185 84 2260 629 372 257 1631 1117 514 96 66 101
is_linear=0
shrinkage=0.05


Tree=181
num_leaves=11
num_cat=0
split_feature=13 32 61 95 95 95 79 32 95 38
split_gain=1.11193 1.62528 1.56432 3.55702 4.02408 3.87716 2.42048 3.3832 2.6209 0.847467
threshold=2.1666666666666674 13.725000000000001 0.45000000000000007 -0.40096774999999996 -0.79318695000000006 -0.16851609999999992 0.83333333333333337 12.535714285714286 0.50865130000000003 1.8317312500000003
decision_type=2 2 2 2 2 2 2 2 2 2
left_child=1 9 6 4 -4 -5 8 -8 -2 -1
right_child=2 -3 3 5 -6 -7 7 -9 -10 -11
leaf_value=-0.011427839021987256 -0.0021958805101310883 0.033493608162479614 -0.0088369224650200005 -0.015962403952902594 0.03766203283485102 0.0060785073217249803 0.0041959197362014308 -0.02673057561704098 0.023750431764791791 0.016518146413002855
leaf_weight=5.6017439216375333 199.24704953469336 5.0111187957227221 4.1435507461428669 26.06825952231884 13.413605097681282 74.671998627483845 10.000763446092607 21.847260622307658 9.0944682471454126 3.6051435619592667
leaf_count=34 1324 52 25 170 104 505 65 150 82 30
internal_value=0 0.013271 -0.000526422 0.00398408 0.0241089 0 -0.00296254 -0.0156649 -0.000716392 0
internal_weight=372.705 14.218 358.487 118.297 17.5572 100.74 240.19 31.848 208.342 9.20689
internal_count=2541 116 2425 804 129 675 1621 215 1406 64
is_linear=0
shrinkage=0.05


Tree=182
num_leaves=12
num_cat=0
split_feature=25 35 58 94 22 22 10 90 58 122 92
split_gain=1.11376 2.51107 3.00544 4.61192 2.7216 1.79702 2.81532 3.04399 2.14041 1.30777 0.283296
threshold=8.1000000000000014 0.70714285714285718 1.3666666666666669 -0.67866499999999996 2.2916666666666674 3.1000000000000005 2.3834230000000005 -0.62499999999999989 0.90000000000000013 40.940000000000012 0.10000000000000005
decision_type=2 2 2 2 2 2 2 2 2 2 2
left_child=1 4 9 -4 10 6 8 -8 -2 -3 -1
right_child=5 2 3 -5 -6 -7 7 -9 -10 -11 -12
leaf_value=0.03603347336424808 -0.007880287808173618 -0.009617207645836243 0.0026424218109477194 -0.044992186506910586 -0.013723304299659209 -0.028131560826166763 -0.01242148835508324 0.026712722007999307 0.0024282122897046222 0.021034696783078028 0
leaf_weight=4.6524359919130784 62.239471705630422 6.7003241777420062 5.0772224105894592 12.240142077207564 4.7755679674446583 4.0300310477614394 3.9338095821440247 19.656688246876001 241.40137310326099 4.7795541658997536 3.0573463812470436
leaf_count=35 415 44 34 65 28 26 27 193 1619 33 22
internal_value=0 -0.00759338 -0.0161803 -0.0289149 0.00823567 0.00102108 0.00161705 0.0179139 0.000132145 0 0.0275921
internal_weight=372.544 41.2826 28.7972 17.3174 12.4854 331.261 327.231 23.5905 303.641 11.4799 7.70978
internal_count=2541 261 176 99 85 2280 2254 220 2034 77 57
is_linear=0
shrinkage=0.05


Tree=183
num_leaves=8
num_cat=0
split_feature=95 95 91 95 37 24 6
split_gain=1.0947 2.15601 3.78483 2.20549 4.6871 3.59437 2.0087
threshold=-0.9666572499999998 -0.71231750000000005 -0.17499999999999979 -0.46239900000000006 1.2635678000000001 2.4649544000000003 6.416666666666667
decision_type=2 2 2 2 2 2 2
left_child=-1 2 -2 4 -3 -5 -4
right_child=1 3 6 5 -6 -7 -8
leaf_value=0.022784937946180583 -0.041467054745068621 -0.0039430605395396274 0.025822579761945366 -0.0018071833214526869 0.033024482589015886 0.026264874764668752 -0.018297335804233195
leaf_weight=4.216163605451583 7.6117480620741844 14.240448340773584 4.4098949655890447 313.20203321613371 14.511178847402332 10.734530776739119 3.2706492692232132
leaf_count=30 39 93 32 2094 117 117 19
internal_value=0 -0.000279169 -0.0181404 0.00040301 0.0135171 -0.000645094 0.00133125
internal_weight=372.197 367.98 15.2923 352.688 28.7516 323.937 7.68054
internal_count=2541 2511 90 2421 210 2211 51
is_linear=0
shrinkage=0.05


Tree=184
num_leaves=11
num_cat=0
split_feature=22 10 80 64 13 3 27 84 87 38
split_gain=1.09094 1.81354 1.45864 3.3936 3.70273 3.12639 4.05817 3.50279 3.10089 1.25681
threshold=0.55000000000000016 0.70564550000000004 0.057286666666666715 1.5500000000000003 4.8333333333333348 0.92892750000000024 3.7750000000000004 -0.66666666666666674 -0.17122784999999982 1.0936454500000001
decision_type=2 2 2 2 2 2 2 2 2 2
left_child=1 -1 5 8 -5 6 -2 -7 -4 -3
right_child=2 9 3 4 -6 7 -8 -9 -10 -11
leaf_value=0.037537566626361998 -0.0036966288225347235 -0.018087716860157432 -0.035095565626225789 0.019082229310229085 -0.0077687072358416515 0.0083668867529945058 0.034234076133696882 -0.0060330949738529004 -0.0056193792106915509 0.014502331545160852
leaf_weight=4.0874327011406413 8.4783186241984385 4.1067758239805681 10.048643361777065 26.559754118323326 20.052430842071772 70.375566139817238 15.046039415523408 102.3113374914974 104.9033211953938 5.9954571686685085
leaf_count=35 62 25 55 201 143 477 117 694 688 44
internal_value=0 0.0131702 -0.000508202 -0.00412464 0.00656032 0.00222192 0.0189315 0 -0.00890773 0
internal_weight=371.965 14.1897 357.775 161.564 46.6122 196.211 23.5244 172.687 114.952 10.1022
internal_count=2541 104 2437 1087 344 1350 179 1171 743 69
is_linear=0
shrinkage=0.05


Tree=185
num_leaves=13
num_cat=0
split_feature=82 113 19 47 46 72 24 34 25 27 108 88
split_gain=1.07683 2.58723 3.71608 3.1553 3.04549 3.0935 2.6424 2.43286 2.56833 4.09509 2.2673 2.01412
threshold=-0.03063150000000003 0.50579846262472872 2.4500000000000006 1.0000000180025095e-35 1.8333333333333337 1.4142857142857144 1.9483414000000006 3.683333333333334 7.7000000000000002 3.1000000000000005 0.48634149552396005 0.059269099999999859
decision_type=2 2 2 2 2 2 2 2 2 2 2 2
left_child=1 2 -1 -4 6 -6 -3 11 10 -10 -9 -2
right_child=7 4 3 -5 5 -7 -8 8 9 -11 -12 -13
leaf_value=-0.039892386746176484 0.036660091874496668 0.022813896492549095 0.010515310852034705 -0.0060015481047087198 0.0091167773856590303 -0.026314241101509019 -0.00096393020166266887 -0.044961766717205393 0.022831119849737069 -0.0051426903154997905 0 0
leaf_weight=5.0099539831280699 5.7592953853309137 40.148243315517902 46.303451746702194 72.795011445879936 13.05848314240575 8.9105473756790143 10.790162201970814 6.2767409533262235 13.064565390348433 138.8724173232913 6.5967519469559193 4.1164167374372482
leaf_count=27 46 277 336 508 85 55 77 30 107 921 46 26
internal_value=0 0.00257323 -0.00148052 3.76873e-05 0.010077 -0.00359704 0.0168928 -0.00280357 -0.00453768 -0.00227683 -0.0255295 0.0192948
internal_weight=371.702 197.016 124.108 119.098 72.9074 21.969 50.9384 174.686 164.81 151.937 12.8735 9.87571
internal_count=2541 1365 871 844 494 140 354 1176 1104 1028 76 72
is_linear=0
shrinkage=0.05


Tree=186
num_leaves=16
num_cat=0
split_feature=63 6 91 41 84 88 41 93 82 74 70 99 121 41 97
split_gain=1.0722 3.82191 2.90678 2.79305 2.91675 2.65431 2.75779 3.50623 2.54871 2.50775 1.99625 1.84786 1.62474 1.51883 1.19062
threshold=1.1000000000000003 6.416666666666667 0.68333333333333346 3.1055555555555561 0.66666666666666663 -0.47334110000000001 3.3666666666666671 -0.79999999999999993 0.097929833333333507 0.31666666666666671 1.4142857142857144 0.42261904761904767 38.32500000000001 2.9500000000000006 -0.14583333333333323
decision_type=2 2 2 2 2 2 2 2 2 2 2 2 2 2 2
left_child=1 3 14 13 -5 8 12 -8 11 -10 -4 -2 -7 -1 -3
right_child=5 2 10 4 -6 6 7 -9 9 -11 -12 -13 -14 -15 -16
leaf_value=0 0.031271830947214502 -0.0038968890514696785 -0.013383620111566207 0.014067400066349557 -0.003861142173693077 0 -0.024746574888580463 0 0.0083698923842983261 -0.032596124634613803 0.017927834248652855 0 0.037747029823611555 -0.040761453512160623 -0.046302884694223105
leaf_weight=5.2835802398622018 17.985929638147358 5.6693070456385604 16.023658812046055 42.635080318897963 40.157225087285042 3.6059502549469453 14.472822733223436 173.49325672350824 17.762254569679502 3.6634795144200316 5.5447446554899207 5.5600798688828936 6.202925868332386 4.4024529606103897 8.844355605542658
leaf_count=37 143 31 119 276 258 29 82 1198 134 22 42 43 58 25 44
internal_value=0 -0.00364812 -0.0173215 0.00128014 0.0048324 0.00198065 -0.000288549 -0.0019382 0.0128368 0 -0.00268096 0.0238371 0.0239523 -0.022015 -0.0342802
internal_weight=371.307 128.56 36.0821 92.4783 82.7923 242.747 197.775 187.966 44.9717 21.4257 21.5684 23.546 9.80888 9.68603 14.5137
internal_count=2541 832 236 596 534 1709 1367 1280 342 156 161 186 87 62 75
is_linear=0
shrinkage=0.05


Tree=187
num_leaves=9
num_cat=0
split_feature=0 54 9 12 111 89 88 11
split_gain=1.05876 1.50899 3.34438 3.597 2.76012 4.38544 3.02854 0.729212
threshold=1.0000000180025095e-35 0.90000000000000013 0.60344328333333341 2.4166666666666674 1.0514172505826835 -0.029058399999999814 -0.0081653000000000402 7.416666666666667
decision_type=2 2 2 2 2 2 2 2
left_child=-1 2 7 -4 5 -3 -6 -2
right_child=1 4 3 -5 6 -7 -8 -9
leaf_value=0.019517469211376801 0 0.019997364204953738 -0.033756569268669365 -0.0040216934998024909 -0.0075400954595186212 -0.0025425724885717524 0.0052079681085887911 0.037163440650944714
leaf_weight=5.8243630677461615 3.9878795854747286 43.411980191245675 11.846357084810732 84.770524449646473 101.5876766834408 34.928642697632313 80.862396756187081 3.605376347899437
leaf_count=41 27 320 64 549 688 245 579 28
internal_value=0 -0.000359397 -0.00552349 -0.0084882 0.00152636 0.00941222 -0.00161997 0.022979
internal_weight=370.825 365.001 104.21 96.6169 260.791 78.3406 182.45 7.59326
internal_count=2541 2500 668 613 1832 565 1267 55
is_linear=0
shrinkage=0.05


Tree=188
num_leaves=15
num_cat=0
split_feature=90 77 128 113 113 91 81 35 16 111 97 88 125 76
split_gain=1.06875 3.93326 4.17094 3.89741 5.01971 4.05168 3.54166 2.91862 2.60042 2.56103 3.55404 3.2222 2.16896 1.43681
threshold=0.47500000000000014 0.18333333333333338 0.82581740468469156 0.47348332663720377 0.52490702681542378 1.4500000000000004 -0.19096333333333335 0.77500000000000013 2.6495550000000008 1.0577879470214078 -0.81666666666666665 0.23347219999999999 0.66115158042893463 1.0500000000000003
decision_type=2 2 2 2 2 2 2 2 2 2 2 2 2 2
left_child=7 3 6 5 -5 -2 -3 12 -4 11 -11 -9 13 -1
right_child=1 2 8 4 -6 -7 -8 9 -10 10 -12 -13 -14 -15
leaf_value=0 0.039203274243343217 -0.022647804819565229 0.033003360141897441 -0.036646896526614674 0.0095846179813686202 -0.014833998750714481 0.0059697522192628917 0.00072837972806979621 -0.0044660535598607474 -0.0086707246076653446 0.019530754201981127 -0.013942710991162933 -0.0023572121585493169 0.03384619873380975
leaf_weight=3.8655007407069268 4.6283762883394939 16.314818028360605 14.180654717609288 23.32072522863746 5.2188166528940192 6.8148985989391804 23.847408503293991 158.01100322604179 3.2608258370310059 13.019424736499785 33.247115448117256 46.023161645978689 5.0581467151641837 13.836631491780279
leaf_count=23 45 100 128 160 37 52 165 1047 28 89 249 286 33 99
internal_value=0 -0.00445067 0.00321095 -0.0165179 -0.026462 0.00439792 -0.00470844 0.00161976 0.0234246 0 0.0105215 -0.00238892 0.0183671 0.0267717
internal_weight=370.648 97.5865 57.6037 39.9828 28.5395 11.4433 40.1622 273.061 17.4415 250.301 46.2665 204.034 22.7603 17.7021
internal_count=2541 715 421 294 197 97 265 1826 156 1671 338 1333 155 122
is_linear=0
shrinkage=0.05


Tree=189
num_leaves=9
num_cat=0
split_feature=96 30 114 116 92 101 89 102
split_gain=1.09343 1.86382 1.55688 2.7701 4.53483 2.67807 3.16872 2.67354
threshold=-0.61636725000000003 1.5774612000000001 2.4328117907984321 0.50767580728450279 -0.11805555555555557 2.379807692307693 0.052971000000000053 9.5000000000000018
decision_type=2 2 2 2 2 2 2 2
left_child=1 -1 3 7 -5 -4 -7 -2
right_child=2 -3 5 4 -6 6 -8 -9
leaf_value=-0.028572458543812386 0.0041302368343774523 0.0008245229971445572 -0.015186326491944409 0.0066249589994910336 -0.02349696968704669 0.036012332237035032 0 -0.007604397811106685
leaf_weight=7.9036825373768789 223.74107800982893 6.1674429625272751 4.5652159489691284 17.030260723084211 29.544360609725118 12.360559381544592 9.9342048168182355 59.096228271722794
leaf_count=39 1544 41 34 117 182 126 82 376
internal_value=0 -0.0131702 0.000578129 -0.000233079 -0.011524 0.0119728 0.0200936 0.00148408
internal_weight=370.343 14.0711 356.272 329.412 46.5746 26.86 22.2948 282.837
internal_count=2541 80 2461 2219 299 242 208 1920
is_linear=0
shrinkage=0.05


Tree=190
num_leaves=14
num_cat=0
split_feature=100 96 122 41 126 16 126 77 62 9 126 97 24
split_gain=1.07421 3.07466 2.45592 3.24426 2.24967 6.11234 5.67467 4.57691 4.2703 3.56006 3.1673 1.45387 0.371316
threshold=0.34848484848484856 0.24780044999999992 34.920000000000009 4.5857142857142863 0.22154792548934168 1.1739092000000002 0.231103711044885 0.18333333333333338 0.29166666666666669 1.2772330000000001 0.20816155122348351 0.10000000000000005 1.2803364000000004
decision_type=2 2 2 2 2 2 2 2 2 2 2 2 2
left_child=4 2 11 -4 5 10 8 -7 -6 -8 -1 -2 -3
right_child=1 12 3 -5 6 7 9 -9 -10 -11 -12 -13 -14
leaf_value=-0.026632685324249835 0 0 0.021442970416462523 -0.0041001273891684226 -0.041832801842534031 -0.00093865975328789528 0.0056497634395111561 0.026428430871757419 0.0017881066259549294 -0.0072557824634134549 0.014188103807585145 -0.034193490132019569 0.038151134827567386
leaf_weight=16.206614457070831 4.115822993218897 3.2338747754693014 19.346094064414501 25.415068671107292 14.976800225675108 21.266789585351944 97.044865686446428 33.538262255489826 5.3201359510421744 113.13045529648662 4.0804064795374861 5.9164200387895107 6.4474074319005013
leaf_count=92 27 20 151 179 90 178 626 299 40 721 29 34 55
internal_value=0 0.00583017 0.000113921 0.00607449 -0.00122491 0.00598898 -0.00380706 0.0150863 -0.0285043 -0.00106156 -0.0157926 -0.0200883 0.0304619
internal_weight=370.039 64.4747 54.7934 44.7612 305.564 75.0921 230.472 54.8051 20.2969 210.175 20.287 10.0322 9.68128
internal_count=2541 466 391 330 2075 598 1477 477 130 1347 121 61 75
is_linear=0
shrinkage=0.05


Tree=191
num_leaves=14
num_cat=0
split_feature=60 86 25 100 16 90 84 57 54 41 62 87 61
split_gain=1.07645 3.35965 4.34737 3.26727 2.7313 2.32457 4.32719 4.37475 2.87568 2.18974 1.81742 1.16199 0.897261
threshold=2.1000000000000005 0.90000000000000036 13.225000000000001 0.087121212121212141 1.0144245000000003 -0.94999999999999984 -2.8333333333333326 0.55000000000000016 0.22500000000000003 4.2111111111111121 1.0000000180025095e-35 0.30053380000000013 1.0000000180025095e-35
decision_type=2 2 2 2 2 2 2 2 2 2 2 2 2
left_child=5 3 -3 11 -5 6 -1 -8 12 -10 -4 -2 -7
right_child=1 2 10 4 -6 8 7 -9 9 -11 -12 -13 -14
leaf_value=0.018397642400950358 0.0029677605201278968 -0.038781072472693412 -0.0073888982991897646 -0.0054469090665859718 0.030655452222177405 0 0.012567819698224087 -0.030441840916146459 0.0052585356453368811 -0.0040558953177545105 0.024181374008673803 -0.025082052448703446 0.041124736118771973
leaf_weight=6.5634155720472327 5.2916055135428888 6.9051484912633923 6.8967119306325895 3.4832537397742298 24.294920854270458 3.2829706557095042 5.1540660634636906 25.349443014711142 97.620763469487429 169.41225938498974 6.7710295431315899 4.0440730042755604 4.5573790185153484
leaf_count=45 36 38 48 21 188 24 33 148 739 1108 51 26 36
internal_value=0 0.00623922 -0.00820493 0.0155629 0.024359 -0.00113981 -0.0127574 -0.0214193 0.000286147 -0.000457307 0.00542457 -0.00559651 0.0284507
internal_weight=369.627 57.6867 20.5729 37.1139 27.7782 311.94 37.0669 30.5035 274.873 267.033 13.6677 9.33568 7.84035
internal_count=2541 408 137 271 209 2133 226 181 1907 1847 99 62 60
is_linear=0
shrinkage=0.05


Tree=192
num_leaves=14
num_cat=0
split_feature=63 62 34 34 50 66 88 91 31 40 41 95 121
split_gain=1.05508 2.63389 3.66075 4.35837 2.94513 2.88227 2.38628 2.511 4.32896 2.54671 2.45972 3.19244 1.54681
threshold=1.1000000000000003 0.45000000000000007 5.6333333333333337 6.7750000000000012 1.0000000180025095e-35 1.4500000000000002 -0.47334110000000001 -0.20000000000000009 1.6203983500000001 4.878571428571429 3.3666666666666671 -0.14167409999999989 38.32500000000001
decision_type=2 2 2 2 2 2 2 2 2 2 2 2 2
left_child=1 2 4 -4 -1 -3 7 8 -2 -9 12 -12 -8
right_child=6 5 3 -5 -6 -7 10 9 -10 -11 11 -13 -14
leaf_value=0.012437088075722719 -0.0074277513490112138 0.033401655115164297 -0.028936400721117729 0 -0.0085196129372094708 -0.0034283777900748617 0 0.039901147388142842 0.036692648410835312 0 -0.011247303549784617 0.0024667473495852037 0.036820888361312622
leaf_weight=29.831487078219652 22.322960846126083 8.3372340537607652 28.855241611599922 18.679596934467554 34.894922466948628 7.1885950826108447 3.58909556083381 11.253626540303229 6.1189638376235953 4.7287178430706254 60.298077519983053 127.25002874806523 5.9828531965613365
leaf_count=197 152 59 162 146 219 49 29 98 56 36 399 881 58
internal_value=0 -0.00361736 -0.00661898 -0.0170458 0.000420578 0.0141479 0.00198168 0.0123371 0.00128988 0.0278186 -0.000150199 -0.0017135 0.0230156
internal_weight=369.331 127.787 112.261 47.5348 64.7264 15.5258 241.544 44.4243 28.4419 15.9823 197.12 187.548 9.57195
internal_count=2541 832 724 308 416 108 1709 342 208 134 1367 1280 87
is_linear=0
shrinkage=0.05


Tree=193
num_leaves=15
num_cat=0
split_feature=39 108 112 38 111 110 31 65 34 75 125 9 30 38
split_gain=1.03766 3.54289 3.68368 3.31897 2.83532 4.7451 4.12201 3.66023 3.47221 5.36015 4.25405 2.42014 1.49102 1.62029
threshold=11.121428571428572 0.73721849853355592 0.53128792327265606 1.2790728500000001 1.0527495577898807 0.43198450139173844 1.6356698500000002 0.36666666666666675 5.354166666666667 1.5277777777777779 0.43041402491351383 1.2193499333333335 2.6681157000000009 1.6338400500000001
decision_type=2 2 2 2 2 2 2 2 2 2 2 2 2 2
left_child=1 2 3 -1 5 7 -7 -2 10 -10 -6 -4 13 -3
right_child=4 12 11 -5 8 6 -8 -9 9 -11 -12 -13 -14 -15
leaf_value=0.011710178467105268 0.0068428000609303879 0 0.023938785662875668 -0.012078989541780199 0 -0.015029634589101063 0.023417696759887915 0.037704589560936905 -0.02362513962134697 0.0029148803494079586 0.034501155062204338 -0.0030561178879004915 0 0.039506897953068013
leaf_weight=13.90725716203451 31.694378089159727 3.1141479723155481 14.765913769602777 113.40507454052567 40.682788345962763 24.892358496785164 8.0095942541956884 17.838075216859579 34.19844582490623 34.813667148351669 10.176988057792185 11.321527890861033 2.397679701447486 7.7566336318850517
leaf_count=78 213 24 117 720 266 153 65 140 234 257 79 77 25 93
internal_value=0 -0.00284905 -0.00529515 -0.00901964 0.00246284 0.0096583 -0.00378057 0.0194727 -0.00211069 -0.00967226 0.00717421 0.0106972 0.0203158 0.0284624
internal_weight=368.975 166.668 153.4 127.312 202.306 82.4344 32.902 49.5325 119.872 69.0121 50.8598 26.0874 13.2685 10.8708
internal_count=2541 1134 992 798 1407 571 218 353 836 491 345 194 142 117
is_linear=0
shrinkage=0.05


Tree=194
num_leaves=13
num_cat=0
split_feature=52 44 28 3 119 111 36 31 81 66 26 10
split_gain=1.05082 2.17694 2.94019 4.92166 1.55435 5.32598 2.93767 2.24598 3.5031 2.3289 1.68654 1.41748
threshold=0.58333333333333337 0.58333333333333337 1.7071428571428573 1.9022278333333336 1.0000000180025095e-35 1.0560217817534541 1.5857142857142861 1.9780653142857145 0.079166666666666677 1.6333333333333335 3.2916666666666674 1.4894755000000002
decision_type=2 2 2 2 2 2 2 2 2 2 2 2
left_child=1 2 3 -1 7 10 -7 9 -9 -2 -6 -4
right_child=4 -3 11 -5 5 6 -8 8 -10 -11 -12 -13
leaf_value=0.037059947883590717 -0.006005106905617362 -0.016223044296146679 0.0058938743995283977 -0.0092695145740921865 0 -0.036620742360039704 0.0090826309443990793 0.031628363090370613 -0.0095215527175336843 0.003857021782122778 0.037487801876857102 -0.024699514711033932
leaf_weight=17.229111302644018 210.06782272830606 5.3403039239346972 6.0463646501302701 5.6628165654838076 4.5965061411261621 5.9447251856327039 3.8678258080035448 11.005204807966949 5.9262413941323748 76.34050159342587 11.857260115444658 4.7672151923179626
leaf_count=133 1336 33 46 38 39 39 37 85 36 583 105 31
internal_value=0 0.00774195 0.0133377 0.0235983 -0.000828251 0.0103277 -0.0148076 -0.0019893 0.0147092 -0.00319817 0.028172 -0.00431004
internal_weight=368.652 39.0458 33.7055 22.8919 329.606 26.2663 9.81255 303.34 16.9314 286.408 16.4538 10.8136
internal_count=2541 281 248 171 2260 220 76 2040 121 1919 144 77
is_linear=0
shrinkage=0.05


Tree=195
num_leaves=13
num_cat=0
split_feature=100 89 113 30 121 114 2 128 97 42 84 87
split_gain=1.05314 2.34581 2.64762 3.69266 2.51238 1.90218 2.62218 2.96089 2.6499 1.92284 1.78534 1.08897
threshold=0.34848484848484856 0.56584630000000014 0.51414031261359516 1.59442565 38.040000000000013 2.4328117907984321 2.4104315000000005 0.85350479999716533 0.95000000000000029 2.1666666666666674 -0.66666666666666674 0.88796644999999985
decision_type=2 2 2 2 2 2 2 2 2 2 2 2
left_child=5 2 3 -2 -4 6 8 -8 -1 10 -7 -11
right_child=1 -3 4 -5 -6 9 7 -9 -10 11 -12 -13
leaf_value=-0.0021492289183555262 -0.017555990113073721 0.035688183145712753 -0.0022572036099323856 0.010723796390674277 0.031824294418642235 0 -0.026496982448287673 0.011226080656709094 0.01963109003270011 0.0093436521040666468 0.035343099910369616 -0.018609670087850732
leaf_weight=242.32409013435245 23.556332170963287 5.2051775306463233 5.0252202972769764 19.002706311643124 11.279313515871761 3.2317651771008959 20.168246574699882 4.1491033490747204 13.622695449739693 6.6398094519972783 9.1895010508596915 4.9350960738956928
leaf_count=1573 151 40 31 162 82 26 124 43 113 66 93 37
internal_value=0 0.00587111 0.00184711 -0.00382483 0.0189072 -0.0011302 -0.00244962 -0.0178964 -0.000723495 0.0117612 0.0248152 0
internal_weight=368.329 64.0687 58.8636 42.559 16.3045 304.26 280.264 24.3173 255.947 23.9962 12.4213 11.5749
internal_count=2541 466 426 313 113 2075 1853 167 1686 222 119 103
is_linear=0
shrinkage=0.05


Tree=196
num_leaves=9
num_cat=0
split_feature=6 35 6 106 92 6 51 101
split_gain=1.047 2.45538 2.0667 3.10695 4.04817 2.36405 2.72012 2.57491
threshold=2.4166666666666674 1.2928571428571431 3.4166666666666674 2.2750000000000004 -0.40000000000000002 4.166666666666667 1.4166666666666667 1.6904761904761907
decision_type=2 2 2 2 2 2 2 2
left_child=1 -1 3 -2 -5 6 -4 -7
right_child=2 -3 5 4 -6 7 -8 -9
leaf_value=0.032838985380094637 0.022256720908812384 -0.0019665941945707023 0.024193841063171892 7.6807644630310443e-06 -0.032129460589894264 -0.017315002396137213 0 0.00047829384480917771
leaf_weight=7.0282816328108293 3.7946023494005194 7.2488163039088249 20.748457973822951 13.39254581555724 18.935510769486427 20.761811058968306 17.575818371027708 258.5769264549017
leaf_count=50 25 47 147 96 106 129 121 1820
internal_value=0 0.0129225 -0.000432504 -0.0116827 -0.017715 0.000722544 0.0122799 -0.000722882
internal_weight=368.063 14.2771 353.786 36.1227 32.3281 317.663 38.3243 279.339
internal_count=2541 97 2444 227 202 2217 268 1949
is_linear=0
shrinkage=0.05


Tree=197
num_leaves=15
num_cat=0
split_feature=90 111 16 13 10 90 101 46 101 123 80 123 27 81
split_gain=1.07355 3.66152 5.18751 4.74498 4.17008 2.72955 4.44937 3.81657 3.1615 3.87622 2.89773 2.60391 2.5625 1.23454
threshold=0.47500000000000014 1.0559496315847359 1.4879449 3.5833333333333335 1.5657536666666669 1.0000000180025095e-35 3.8989898989898992 1.8333333333333337 3.2928571428571431 0.49544961793652481 -0.17361383333333361 0.65583847946737139 3.6333333333333337 0.29053316666666668
decision_type=2 2 2 2 2 2 2 2 2 2 2 2 2 2
left_child=5 2 12 13 -4 8 7 -7 10 -10 -1 -5 -2 -3
right_child=1 3 4 11 -6 6 -8 -9 9 -11 -12 -13 -14 -15
leaf_value=0.0033804257621035424 -0.042407498851415676 0 0.032667532748199918 -0.035818978505391258 0 0.024582039716692199 -0.031953453623555547 -0.003873890784762999 -0.01762941635625177 0.019829432811051085 -0.009117694309839804 0 -0.00093620145498206353 0.031594858091497723
leaf_weight=75.273758701980114 6.092204229906204 5.7996454201638681 15.230668701231478 21.0060163512826 27.674674328416586 37.502498492598534 3.6750278398394576 12.608251169323919 6.5251873061060897 32.087638527154922 103.47587877139449 4.1685980930924407 13.807828452438114 2.9589925222098827
leaf_count=507 34 48 120 138 223 272 21 81 37 249 659 38 86 28
internal_value=0 -0.00436417 0.00212532 -0.0175236 0.0125322 0.00173829 0.0117616 0.0165083 -0.000555484 0.0119518 -0.00358689 -0.028809 -0.0174462 0.00941843
internal_weight=367.887 96.7386 62.8054 33.9333 42.9053 271.148 53.7858 50.1107 217.362 38.6128 178.75 25.1746 19.9 8.75864
internal_count=2541 715 463 252 343 1826 374 353 1452 286 1166 176 120 76
is_linear=0
shrinkage=0.05


Tree=198
num_leaves=14
num_cat=0
split_feature=100 96 111 95 3 126 16 126 112 32 9 96 17
split_gain=1.01199 2.78844 2.26282 3.16942 2.0033 1.89795 5.29507 5.0285 4.35637 3.96484 3.11729 2.98182 1.0379
threshold=0.34848484848484856 0.24780044999999992 1.0549029191344184 -0.077017050000000017 1.2989348333333337 0.22154792548934168 1.1739092000000002 0.231103711044885 0.48857860662865982 12.850000000000003 1.2772330000000001 0.13156579999999998 1.1122290700000002
decision_type=2 2 2 2 2 2 2 2 2 2 2 2 2
left_child=5 2 4 -4 -2 6 11 9 -8 -7 -9 -1 -3
right_child=1 12 3 -5 -6 7 8 10 -10 -11 -12 -13 -14
leaf_value=-0.026017819575991794 0.022676560224387091 0 0.005410283779851195 -0.027993606010794217 0 0 0.038309060583477127 0.0054421798241181367 0.0042140955176907064 -0.043474282790844226 -0.0066674042355879051 0.011787000831700386 0.039842827064953804
leaf_weight=15.475360419601204 14.69402749091387 3.0087166056036931 10.891963832080366 11.98455038666725 16.784823965281248 8.1341778114438075 13.454607719555495 96.239566650241613 40.224991004914045 12.287664402276276 113.03259396180511 4.830956768244504 6.3857223615050316
leaf_count=90 116 23 84 74 117 56 128 626 349 74 721 31 52
internal_value=0 0.00578024 0.000292898 -0.0104348 0.00970967 -0.00109695 0.00556831 -0.00347544 0.0142186 -0.026639 -0.000861294 -0.0145461 0.0296366
internal_weight=367.43 63.7498 54.3554 22.8765 31.4789 303.68 73.9859 229.694 53.6796 20.4218 209.272 20.3063 9.39444
internal_count=2541 466 391 158 233 2075 598 1477 477 130 1347 121 75
is_linear=0
shrinkage=0.05


Tree=199
num_leaves=16
num_cat=0
split_feature=22 96 123 24 88 39 127 82 95 124 20 31 94 80 121
split_gain=1.04814 4.05958 4.85069 3.19597 3.1226 3.11462 2.57662 2.55233 3.33676 3.69788 2.9159 3.89122 2.11594 2.02182 0.900762
threshold=1.9000000000000001 -0.1953978499999999 0.47891929926672211 2.1999367000000007 0.028515400000000028 9.8166666666666682 0.2984184857038637 -0.49473900000000004 0.27116285000000001 0.56625170209268105 3.3000000000000003 1.5209951000000002 -0.60624195000000003 -0.56231133333333305 40.675000000000011
decision_type=2 2 2 2 2 2 2 2 2 2 2 2 2 2 2
left_child=7 2 12 6 -4 -5 -3 8 9 -1 13 -12 -2 -9 -10
right_child=1 3 4 5 -6 -7 -8 10 14 -11 11 -13 -14 -15 -16
leaf_value=0.030699354941154628 -0.0070870379389113367 0.0063178513918294571 -0.046956873655681734 0 -0.0017127127514958006 0.034462175339912297 -0.017601295907361095 0 -0.028097716115060234 0 -0.0028622427095509849 0.012401370965870311 0.035691644356380385 -0.034022832801723447 0
leaf_weight=23.455540839582682 3.6612089201807976 17.898553226143122 12.992256160825493 10.996001822873952 8.7028511278331262 11.451852321624754 21.416413065046072 4.6933854520320883 3.9359050169587126 18.531467009335756 157.51633760891855 54.904855404049158 3.5894314125180271 9.5498735755681974 3.8037455826997757
leaf_count=164 21 149 80 96 66 119 141 31 23 135 1032 374 30 51 29
internal_value=0 -0.00450179 -0.0197985 0.00207174 -0.0318858 0.0172804 -0.00558501 0.00165716 0.0118361 0.0179195 -0.000398498 0.000888312 0.00978957 -0.0216691 -0.013719
internal_weight=367.1 90.7086 28.9457 61.7628 21.6951 22.4479 39.315 276.391 49.7267 41.987 226.664 212.421 7.25064 14.2433 7.73965
internal_count=2541 702 197 505 146 215 290 1839 351 299 1488 1406 51 82 52
is_linear=0
shrinkage=0.05


end of trees

feature_importances:
Column_95=62
Column_38=51
Column_88=50
Column_126=50
Column_41=48
Column_111=43
Column_10=41
Column_82=41
Column_96=41
Column_13=40
Column_109=39
Column_39=38
Column_80=38
Column_27=37
Column_30=36
Column_34=36
Column_2=34
Column_6=34
Column_100=33
Column_101=33
Column_87=32
Column_25=31
Column_31=31
Column_89=31
Column_90=31
Column_123=31
Column_102=30
Column_121=30
Column_17=29
Column_94=28
Column_97=28
Column_124=27
Column_63=26
Column_118=26
Column_58=25
Column_106=25
Column_46=24
Column_81=24
Column_91=24
Column_22=23
Column_128=23
Column_9=22
Column_4=21
Column_18=20
Column_32=20
Column_40=20
Column_52=20
Column_54=20
Column_74=20
Column_114=20
Column_79=19
Column_112=19
Column_116=19
Column_3=18
Column_113=18
Column_64=17
Column_108=17
Column_26=16
Column_33=16
Column_36=16
Column_122=16
Column_125=16
Column_24=15
Column_37=15
Column_92=15
Column_12=14
Column_76=14
Column_84=14
Column_127=14
Column_29=13
Column_60=13
Column_77=13
Column_93=13
Column_15=12
Column_23=12
Column_68=12
Column_99=12
Column_20=11
Column_66=11
Column_75=11
Column_85=11
Column_103=11
Column_11=10
Column_16=10
Column_70=10
Column_86=10
Column_115=10
Column_0=9
Column_35=9
Column_45=9
Column_56=9
Column_62=9
Column_71=9
Column_8=8
Column_57=8
Column_72=8
Column_98=8
Column_110=8
Column_117=8
Column_42=7
Column_51=7
Column_55=7
Column_65=7
Column_5=6
Column_14=6
Column_19=6
Column_44=6
Column_47=6
Column_61=6
Column_53=5
Column_69=5
Column_73=5
Column_78=5
Column_28=4
Column_21=3
Column_48=3
Column_67=3
Column_43=2
Column_83=2
Column_1=1
Column_49=1
Column_50=1
Column_59=1
Column_119=1

parameters:
[boosting: gbdt]
[objective: binary]
[metric: binary_logloss]
[tree_learner: serial]
[device_type: cpu]
[data_sample_strategy: bagging]
[data: ]
[valid: ]
[num_iterations: 200]
[learning_rate: 0.05]
[num_leaves: 16]
[num_threads: -1]
[seed: 0]
[deterministic: 0]
[force_col_wise: 0]
[force_row_wise: 0]
[histogram_pool_size: -1]
[max_depth: 4]
[min_data_in_leaf: 25]
[min_sum_hessian_in_leaf: 0.001]
[bagging_fraction: 0.8]
[pos_bagging_fraction: 1]
[neg_bagging_fraction: 1]
[bagging_freq: 0]
[bagging_seed: 3]
[bagging_by_query: 0]
[feature_fraction: 0.8]
[feature_fraction_bynode: 1]
[feature_fraction_seed: 2]
[extra_trees: 0]
[extra_seed: 6]
[early_stopping_round: 0]
[early_stopping_min_delta: 0]
[first_metric_only: 0]
[max_delta_step: 0]
[lambda_l1: 1]
[lambda_l2: 1]
[linear_lambda: 0]
[min_gain_to_split: 0]
[drop_rate: 0.1]
[max_drop: 50]
[skip_drop: 0.5]
[xgboost_dart_mode: 0]
[uniform_drop: 0]
[drop_seed: 4]
[top_rate: 0.2]
[other_rate: 0.1]
[min_data_per_group: 100]
[max_cat_threshold: 32]
[cat_l2: 10]
[cat_smooth: 10]
[max_cat_to_onehot: 4]
[top_k: 20]
[monotone_constraints: ]
[monotone_constraints_method: basic]
[monotone_penalty: 0]
[feature_contri: ]
[forcedsplits_filename: ]
[refit_decay_rate: 0.9]
[cegb_tradeoff: 1]
[cegb_penalty_split: 0]
[cegb_penalty_feature_lazy: ]
[cegb_penalty_feature_coupled: ]
[path_smooth: 0]
[interaction_constraints: ]
[verbosity: -1]
[saved_feature_importance_type: 0]
[use_quantized_grad: 0]
[num_grad_quant_bins: 4]
[quant_train_renew_leaf: 0]
[stochastic_rounding: 1]
[linear_tree: 0]
[max_bin: 255]
[max_bin_by_feature: ]
[min_data_in_bin: 3]
[bin_construct_sample_cnt: 200000]
[data_random_seed: 1]
[is_enable_sparse: 1]
[enable_bundle: 1]
[use_missing: 1]
[zero_as_missing: 0]
[feature_pre_filter: 1]
[pre_partition: 0]
[two_round: 0]
[header: 0]
[label_column: ]
[weight_column: ]
[group_column: ]
[ignore_column: ]
[categorical_feature: ]
[forcedbins_filename: ]
[precise_float_parser: 0]
[parser_config_file: ]
[objective_seed: 5]
[num_class: 1]
[is_unbalance: 0]
[scale_pos_weight: 1]
[sigmoid: 1]
[boost_from_average: 1]
[reg_sqrt: 0]
[alpha: 0.9]
[fair_c: 1]
[poisson_max_delta_step: 0.7]
[tweedie_variance_power: 1.5]
[lambdarank_truncation_level: 30]
[lambdarank_norm: 1]
[label_gain: ]
[lambdarank_position_bias_regularization: 0]
[eval_at: ]
[multi_error_top_k: 1]
[auc_mu_weights: ]
[num_machines: 1]
[local_listen_port: 12400]
[time_out: 120]
[machine_list_filename: ]
[machines: ]
[gpu_platform_id: -1]
[gpu_device_id: -1]
[gpu_use_dp: 0]
[num_gpu: 1]

end of parameters

pandas_categorical:null
