tree
version=v4
num_class=1
num_tree_per_iteration=1
label_index=0
max_feature_idx=128
objective=binary sigmoid:1
feature_names=Column_0 Column_1 Column_2 Column_3 Column_4 Column_5 Column_6 Column_7 Column_8 Column_9 Column_10 Column_11 Column_12 Column_13 Column_14 Column_15 Column_16 Column_17 Column_18 Column_19 Column_20 Column_21 Column_22 Column_23 Column_24 Column_25 Column_26 Column_27 Column_28 Column_29 Column_30 Column_31 Column_32 Column_33 Column_34 Column_35 Column_36 Column_37 Column_38 Column_39 Column_40 Column_41 Column_42 Column_43 Column_44 Column_45 Column_46 Column_47 Column_48 Column_49 Column_50 Column_51 Column_52 Column_53 Column_54 Column_55 Column_56 Column_57 Column_58 Column_59 Column_60 Column_61 Column_62 Column_63 Column_64 Column_65 Column_66 Column_67 Column_68 Column_69 Column_70 Column_71 Column_72 Column_73 Column_74 Column_75 Column_76 Column_77 Column_78 Column_79 Column_80 Column_81 Column_82 Column_83 Column_84 Column_85 Column_86 Column_87 Column_88 Column_89 Column_90 Column_91 Column_92 Column_93 Column_94 Column_95 Column_96 Column_97 Column_98 Column_99 Column_100 Column_101 Column_102 Column_103 Column_104 Column_105 Column_106 Column_107 Column_108 Column_109 Column_110 Column_111 Column_112 Column_113 Column_114 Column_115 Column_116 Column_117 Column_118 Column_119 Column_120 Column_121 Column_122 Column_123 Column_124 Column_125 Column_126 Column_127 Column_128
feature_infos=[0:5.333333333333333] [0:5.333333333333333] [0.33050099999999999:4.4938499999999992] [0.14320686666666665:4.3048899999999994] [4:29] [0.33333333333333331:12.666666666666666] [1:13.666666666666666] [0:5.666666666666667] [0:5] [0.167602:4.2171866666666666] [0.24252733333333332:4.2970433333333338] [2.6666666666666665:27.333333333333332] [0.33333333333333331:11.666666666666666] [0.33333333333333331:11.666666666666666] [0:4.7999999999999998] [0:4.4000000000000004] [0.33050099999999999:4.0464766666666669] [0.18546151999999999:4.0729039999999994] [4.2000000000000002:28.199999999999999] [1.3999999999999999:11.4] [1:12.6] [0:4] [0:4.2000000000000002] [0.238315:3.6216240000000006] [0.3991768:3.890835] [3.5:25] [0.5:9.5999999999999996] [1:10.6] [0:4.666666666666667] [0:3.7999999999999998] [0.33050099999999999:4.0464766666666669] [0.37148795999999995:3.5279179999999997] [6.5999999999999996:27.600000000000001] [2:10.699999999999999] [1.5:11.199999999999999] [0:4] [0.20000000000000001:3.5] [0.238315:3.1571860000000003] [0.51888849999999997:3.890835] [3.5:20.5] [0.5:8.6999999999999993] [1:8.8000000000000007] [0:3] [0:1] [0:1] [0:5] [0:5.333333333333333] [0:1] [0:3] [0:1] [0:1] [0:5.666666666666667] [0:4.666666666666667] [0:1] [0:3] [0:1] [0:1] [0:4.7999999999999998] [0:4] [0:1] [0:3] [0:1] [0:1] [0:4.5999999999999996] [0:4] [0:1] [0:3] [0:1] [0:1] [0:3.8571428571428572] [0.10000000000000001:4] [0:0.90000000000000002] [0:3] [0:1] [0:1] [0:4] [0:3.6666666666666665] [0:1] [-4.666666666666667:4.333333333333333] [-4.333333333333333:5] [-2.8806406:3.0608003333333338] [-1.9888533333333336:2.25536] [-2.1839600000000003:2.7741266666666671] [-3:3] [-6:5.6666666666666679] [-3.7000000000000002:3.3999999999999999] [-3.6000000000000005:3.3999999999999999] [-2.6953765999999999:3.0408246666666665] [-1.5711539999999999:2.0680160000000001] [-1.6701386:1.6839095999999998] [-3:2.7999999999999998] [-5.4000000000000004:5.5999999999999996] [-2.7000000000000002:3.3333333333333339] [-3.1999999999999997:3] [-2.8152651:3.0408246666666665] [-1.3043848:1.4892219999999998] [-1.24064:1.3604118000000001] [-2.6000000000000001:2.3999999999999999] [-3.7999999999999998:4] [0:1] [0:1] [0:6] [2:813] [2:454] [0:1] [0:1] [1.5:4.4000000000000004] [0:2] [0.049896049896049892:0.89438223571835251] [0.072914197677174691:0.33876221498371334] [0.032691212753843235:0.83160083160083165] [1.0298245614035089:1.1666666666666665] [0.28571428571428575:0.78749999999999998] [0.21249999999999997:0.7142857142857143] [0.87084988085782356:2.8766107678729029] [0.87084988085782356:2.8766107678729029] [-2.0057608870150796:2.0057608870150796] [40.100000000000001:109.80000000000003] [40.100000000000001:109.80000000000003] [0:3] [0:3] [19.510000000000002:67.409999999999997] [19.510000000000002:67.409999999999997] [0.24328653363052855:0.84072240050212665] [0.31036959567482014:0.73150093608075939] [0.028473020452169921:0.92682090563524189] [0.055726320125861581:0.36697039250683411] [0.014263135010841982:0.87289057270910297] [0.52124898599174629:0.9479430261458609]
tree_sizes=1475 1719 1617 1719 1690 1415 1647 1784 1650 1807 1713 1727 1488 1632 1689 1700 1588 1588 1575 1372 1677 1601 1707 1404 1182 1683 1707 1390 1494 1364 1720 1085 1796 1403 1392 1092 1174 994 1585 1279 1084 1071 1720 987 1364 1308 1050 1699 1805 675 1828 1386 1477 997 759 1381 1493 1379 1084 1486 1680 675 1824 758 1634 1844 1472 1368 1379 1633 986 982 939 846 1501 842 1729 1083 960 1398 1060 1070 966 1483 1391 737 1414 769 960 975 977 1520 854 840 1047 1083 675 1499 1490 1303 1148 1541 1720 1500 1695 1182 774 1269 1704 1097 1269 1473 965 1596 1466 1264 1662 1194 1471 1354 1579 1060 1481 1073 1731 782 1379 1413 1579 841 1597 1711 1680 1091 1097 1093 1276 1248 988 1338 1391 1074 849 1486 1795 1580 884 1282 1341 1484 1502 1447 1662 1649 774 1465 1071 1047 1584 1065 1833 1485 1356 1800 1503 1096 1075 1626 1707 1382 1474 1272 863 1361 1602 1233 1380 1076 770 1660 1476 977 1825 748 1578 1557 1475 1686 1723 1394 1348 1078 760 1278 1713 888 971 1701 1085 982

Tree=0
num_leaves=13
num_cat=0
split_feature=128 68 34 128 75 75 69 82 124 25 74 10
split_gain=29.4299 19.2134 12.5326 12.082 12.0729 11.5253 9.84508 9.59812 8.68641 7.58108 5.50814 4.89653
threshold=0.79598700539667111 0.31666666666666671 8.4500000000000011 0.8490362419958889 1.8785714285714288 1.267857142857143 1.267857142857143 -0.49473900000000004 0.63941238447349968 13.900000000000002 0.23611111111111113 1.4496220000000004
decision_type=2 2 2 2 2 2 2 2 2 2 2 2
left_child=2 3 7 5 8 -2 -5 10 -3 -9 -1 -6
right_child=1 4 -4 6 11 -7 -8 9 -10 -11 -12 -13
leaf_value=0.18859067518632644 0.18984035006720357 0.16279010136477856 0.24413996806520963 0.20400012183357058 0.19820636733397767 0.21521326011154485 0.23985493118882403 0.17584085156617449 0.21385678043876946 0.20116501828215841 0.22029536696791591 0.25008413607824231
leaf_weight=26.736546993255615 67.336488723754883 42.827987313270569 7.6743792295455924 32.925562500953674 9.6548641920089739 119.81934022903442 62.632836937904358 189.87899577617645 8.1695004701614362 30.697516918182373 24.260940790176392 6.4365761280059806
leaf_count=108 272 173 31 133 39 484 253 767 33 124 98 26
internal_value=0.198206 0.207857 0.186126 0.213644 0.184339 0.205823 0.228207 0.18414 0.172076 0.179588 0.202847 0.219532
internal_weight=629.052 349.803 279.248 282.714 67.0889 187.156 95.5584 271.574 50.9975 220.577 50.9975 16.0914
internal_count=2541 1413 1128 1142 271 756 386 1097 206 891 206 65
is_linear=0
shrinkage=1


Tree=1
num_leaves=15
num_cat=0
split_feature=109 128 39 31 35 124 81 68 111 58 95 25 26 34
split_gain=41.5835 14.3918 12.0124 11.5979 9.85942 10.8414 9.72793 9.71439 10.3106 8.90827 7.75741 7.37561 7.36489 6.77302
threshold=0.25262443876356327 0.8490362419958889 10.535714285714286 1.6908581375000005 0.77500000000000013 0.63974244099591893 -0.52964166666666679 0.38750000000000007 1.0555339722006392 1.6333333333333335 -0.05493265000000002 13.900000000000002 2.9000000000000004 7.9500000000000011
decision_type=2 2 2 2 2 2 2 2 2 2 2 2 2 2
left_child=1 3 4 13 12 -6 9 8 -3 -4 -5 -8 -2 -1
right_child=2 7 6 10 5 -7 11 -9 -10 -11 -12 -13 -14 -15
leaf_value=-0.0023183555619941867 -0.018128477967458517 0.052095998006926325 0.03011532205464152 0.050523513378536694 -0.03951788775387946 0.020004648076294242 -0.018250658776545772 -0.010552509006984763 0.011824615605456347 -0.016130480031484592 0.0019477115678721687 0.0068125060899507199 0.037925053242209371 0.025612795255872501
leaf_weight=181.76821973919868 14.872367456555368 43.912189111113548 29.962965548038483 21.037633687257767 80.555445984005928 6.6738438159227362 110.23866313695908 10.659069910645483 31.581939622759819 13.370044618844984 16.837798163294792 35.861709356307983 8.1776736676692945 23.487885043025017
leaf_count=734 60 178 121 85 325 27 445 43 128 54 68 145 33 95
internal_value=0 0.0122731 -0.0134263 0.00574134 -0.0265913 -0.034222 -0.00540028 0.0298553 0.0362775 0.0146767 0.0308205 -0.0117543 0.000429184 0.000744131
internal_weight=628.997 329.285 299.713 243.132 110.279 87.2293 189.433 86.1532 75.4941 43.333 37.8754 146.1 23.05 205.256
internal_count=2541 1331 1210 982 445 352 765 349 306 175 153 590 93 829
is_linear=0
shrinkage=0.05


Tree=2
num_leaves=14
num_cat=0
split_feature=109 123 75 38 20 4 95 12 110 80 101 92 23
split_gain=37.6146 12.2967 11.8945 15.2036 10.8857 11.1257 9.2537 16.1811 10.7875 7.75858 7.55522 6.21075 2.21001
threshold=0.25262443876356327 0.65390618541807832 1.267857142857143 1.2610757000000004 7.3000000000000016 16.416666666666668 -0.37566520000000009 4.8333333333333348 0.26447971434697198 -0.10473049999999982 2.2928571428571431 -0.45833333333333326 1.3470344000000003
decision_type=2 2 2 2 2 2 2 2 2 2 2 2 2
left_child=1 2 9 -4 6 12 7 -2 -8 -1 -3 -12 -6
right_child=4 10 3 -5 5 -7 8 -9 -10 -11 11 -13 -14
leaf_value=0.0083401737708841701 0.018325706069552361 -0.0061361862333982782 -0.0062801551306026805 0.024953192150735735 -0.030598909187809942 0.050049710046193067 -0.042547404733657514 -0.045170038789488061 -0.014148385702491682 -0.019679328369108354 0.00071270980188802024 0.047086815899102206 0.0023688667641239636
leaf_weight=41.108536139130592 40.407788395881653 8.8605720698833448 54.641762897372246 115.6556431800127 6.6939021050930041 12.359248802065848 44.92010210454464 12.133297726511953 175.60024493932724 53.968993008136749 11.323379352688788 43.253632232546806 7.9199669063091278
leaf_count=166 163 36 221 468 27 50 181 49 708 218 46 176 32
internal_value=0 0.0117126 0.00668581 0.0146616 -0.012731 0.0162417 -0.0158242 0.002159 -0.0203249 -0.00708345 0.031535 0.0385509 -0.0105224
internal_weight=628.847 328.813 265.375 170.297 300.035 26.9731 273.061 52.5411 220.52 95.0775 63.4376 54.577 14.6139
internal_count=2541 1331 1073 689 1210 109 1101 212 889 384 258 222 59
is_linear=0
shrinkage=0.05


Tree=3
num_leaves=15
num_cat=0
split_feature=109 88 76 111 3 12 24 75 114 17 54 95 13 121
split_gain=34.0093 11.9912 11.4876 10.2288 10.2097 9.98808 15.2264 10.1354 8.81896 8.454 7.81669 6.88815 6.21626 5.44307
threshold=0.25262443876356327 -0.41587950000000001 1.5857142857142861 1.0577879470214078 0.87955750000000021 2.4166666666666674 1.2505666000000002 1.267857142857143 2.6271515339895104 1.5468888000000003 1.7750000000000001 -0.58575999999999973 4.8333333333333348 41.760000000000012
decision_type=2 2 2 2 2 2 2 2 2 2 2 2 2 2
left_child=5 2 4 10 -2 8 9 -8 12 -7 -3 -4 -1 -5
right_child=1 3 11 13 -6 6 7 -9 -10 -11 -12 -13 -14 -15
leaf_value=0.012543694292383029 0.039542937824125712 -0.027291384288053711 -0.0022402420456020828 0.020268612573362117 -0.019299581021364798 -0.014121356792364637 0.007063899318499484 0.031030782465568604 -0.051284841691903796 0.020098594719519892 -0.0019327039101113702 0.050010013019961712 -0.036693959361739907 -0.023987407283457055
leaf_weight=27.88160029053688 7.6570385396480551 153.769720941782 6.9305734783411053 23.828820168972019 39.89867439866066 56.808239296078682 79.074098274111748 123.56709110736847 9.1434466987848264 24.666291296482086 43.431434199213982 16.842590734362602 7.17010574042797 7.9438325911760321
leaf_count=113 31 619 28 96 161 230 320 502 37 100 175 68 29 32
internal_value=0 -0.0120925 0.00521976 -0.0177022 -0.00817623 0.0111532 0.0146627 0.0220046 -0.0101276 -0.00303699 -0.0219966 0.0332837 0.000346403 0.00728371
internal_weight=628.614 300.303 71.3289 228.974 47.5557 328.311 284.116 202.641 44.1952 81.4745 197.201 23.7732 35.0517 31.7727
internal_count=2541 1210 288 922 192 1331 1152 822 179 330 794 96 142 128
is_linear=0
shrinkage=0.05


Tree=4
num_leaves=15
num_cat=0
split_feature=109 128 88 76 31 24 3 111 68 111 25 95 126 115
split_gain=30.6988 12.0396 10.8568 10.3746 10.1014 9.99989 9.32269 9.20568 8.8093 9.42792 7.21781 7.12022 6.55706 5.67105
threshold=0.25262443876356327 0.8490362419958889 -0.41587950000000001 1.5857142857142861 1.6908581375000005 1.2505666000000002 0.87955750000000021 1.0577879470214078 0.38750000000000007 1.0555339722006392 13.900000000000002 -0.11380464999999972 0.28893771863713819 2.5986327086940872
decision_type=2 2 2 2 2 2 2 2 2 2 2 2 2 2
left_child=1 4 3 6 5 -1 -2 10 9 -3 -4 -6 -5 -9
right_child=2 8 7 12 11 -7 -8 13 -10 -11 -12 -13 -14 -15
leaf_value=-0.018006879321337883 0.037952093297435846 0.048180941132073801 -0.024953495069841042 0.047096351846950657 0.050691746658570437 0.0068373914066931401 -0.018327830008973277 -0.0031843062647194855 -0.011622001221138963 0.0095955494330139182 0 0.0042879449846281812 -0.0053169824030107737 0.04346370036935724
leaf_weight=54.24286262691021 7.6219076365232459 43.341066926717758 167.01381668448448 17.504523560404781 17.632337167859077 150.60145120322704 39.964667618274689 24.565191507339481 10.633077993988989 31.385884121060371 30.490937858819962 19.970301017165184 6.1819364577531806 7.1797480881214133
leaf_count=219 31 178 671 71 72 610 161 99 43 128 123 81 25 29
internal_value=0 0.0106086 -0.0114806 0.00497745 0.00462619 0 -0.00768883 -0.0168139 0.0267711 0.0329758 -0.0208837 0.028092 0.0317303 0.00684426
internal_weight=628.33 327.807 300.523 71.273 242.447 204.844 47.5866 229.25 85.36 74.727 197.505 37.6026 23.6865 31.7449
internal_count=2541 1331 1210 288 982 829 192 922 349 306 794 153 96 128
is_linear=0
shrinkage=0.05


Tree=5
num_leaves=12
num_cat=0
split_feature=123 68 34 46 66 75 82 92 124 43 92
split_gain=21.1068 15.099 11.8662 11.7196 11.4944 10.1414 8.92159 8.11406 7.69087 5.52605 4.42912
threshold=0.55187966040633774 0.31666666666666671 8.4500000000000011 1.0000000180025095e-35 1.4500000000000002 1.8785714285714288 -0.49473900000000004 -0.31666666666666671 0.63941238447349968 1.0000000180025095e-35 0.25833333333333347
decision_type=2 2 2 2 2 2 2 2 2 2 2
left_child=2 3 6 -2 -5 8 10 -8 -3 -7 -1
right_child=1 5 -4 4 -6 9 7 -9 -10 -11 -12
leaf_value=0.017747022492056595 -0.046312842726453161 -0.032542528893579468 0.047451584607505981 0.0046361482264656341 0.025586385684834897 -0.0097342437266061052 -0.0030094093865829959 -0.023773397127171792 0.015372770531937047 0.04312207409526822 -0.011341216289657292
leaf_weight=31.957066774368286 6.6489785015583029 42.987520486116409 7.3536589741706839 140.22890339791775 135.51477867364883 6.4121537953615197 79.959126338362694 140.26357138156891 8.1570726782083494 9.5934739708900452 18.822463780641556
leaf_count=129 27 173 30 569 552 26 322 565 33 39 76
internal_value=0 0.00823693 -0.0101859 0.0133858 0.0151681 -0.012561 -0.0121024 -0.016508 -0.0237934 0.0196794 0.00598845
internal_weight=627.899 349.543 278.356 282.393 275.744 67.1502 271.002 220.223 51.1446 16.0056 50.7795
internal_count=2541 1419 1122 1148 1121 271 1092 887 206 65 205
is_linear=0
shrinkage=0.05


Tree=6
num_leaves=15
num_cat=0
split_feature=109 128 75 24 39 86 38 6 106 94 80 18 36 122
split_gain=26.8479 10.6513 10.8849 15.9777 10.0805 9.94014 10.8267 8.72386 8.04126 7.74101 7.25153 6.76912 5.268 6.21411
threshold=0.25262443876356327 0.86337982515457379 1.267857142857143 1.2505666000000002 10.535714285714286 -0.20000000000000001 1.8691789000000003 7.166666666666667 2.8583333333333338 -0.43600277500000001 -0.10473049999999982 15.900000000000002 2.2678571428571432 36.895000000000003
decision_type=2 2 2 2 2 2 2 2 2 2 2 2 2 2
left_child=1 2 10 -4 5 8 -7 9 -2 -6 -1 -9 13 -3
right_child=4 12 3 -5 7 6 -8 11 -10 -11 -12 -13 -14 -15
leaf_value=0.0073863601248820993 -0.024903729135291635 0 -0.0052216077019202221 0.024982918528262416 0.010660283731594932 -0.057806334209719583 0 0 0.0085338976521960163 -0.01416760955956731 -0.018948360586204777 0.047964487001640702 0 0.048438466579197169
leaf_weight=44.172149106860161 37.822291851043701 6.5644849687814704 67.171289026737213 111.88013580441475 38.760089099407196 29.907676607370377 13.197865575551985 14.366070762276651 29.846254482865334 124.46079903841019 55.948737099766731 12.271472498774527 8.9858865588903409 32.237133130431175
leaf_count=179 152 27 272 457 156 120 53 58 120 501 226 50 37 133
internal_value=0 0.00996837 0.00595592 0.0134079 -0.0106996 -0.0226976 -0.041569 -0.003355 -0.00951791 -0.00793825 -0.00687719 0.0221907 0.0317815 0.0396105
internal_weight=627.592 326.96 279.172 179.051 300.633 110.774 43.1055 189.858 67.6685 163.221 100.121 26.6375 47.7875 38.8016
internal_count=2541 1331 1134 729 1210 445 173 765 272 657 405 108 197 160
is_linear=0
shrinkage=0.05


Tree=7
num_leaves=16
num_cat=0
split_feature=109 68 123 64 20 4 110 123 111 118 65 38 66 93 85
split_gain=24.2697 9.83578 9.54587 11.8669 8.3273 9.51003 7.4336 8.89381 7.27638 5.90555 4.99366 4.54619 3.7728 3.34093 1.29635
threshold=0.25262443876356327 0.35416666666666669 0.6414803091657354 2.2250000000000005 6.9000000000000012 16.166666666666668 0.26447971434697198 0.53703243319160909 1.0555339722006392 65.050000000000011 0.22500000000000003 2.1163781500000005 1.6333333333333335 0.099999999999999936 0.37500000000000011
decision_type=2 2 2 2 2 2 2 2 2 2 2 2 2 2 2
left_child=1 2 3 -1 6 10 11 -8 -4 13 -6 -2 -11 -3 -7
right_child=4 9 8 -5 5 14 7 -9 -10 12 -12 -13 -14 -15 -16
leaf_value=0.0116144636972064 -0.036526386654670236 0.035406966514838309 0.044531186913511482 -0.028600019145327029 0.01244769021533383 0.059255772411868163 -0.018428139950292483 0.0016766071027637737 0.0081612835999874313 -0.03385842549894609 -0.031484052352076089 0 0 -0.0032116414260980326 0.012708230971763596
leaf_weight=191.43325760960579 44.861364752054214 7.1331671476364162 37.562392070889473 18.737533152103424 11.398779988288881 7.3313180208206159 110.82141171395779 99.839526548981667 28.246119767427444 22.977358102798465 10.921121120452879 8.7112519890069944 8.6570657044649106 11.616930589079855 6.8397852331399918
leaf_count=778 180 29 157 76 46 30 445 402 116 93 44 35 35 47 28
internal_value=0 0.00948873 0.0132733 0.00767396 -0.0101688 0.0112646 -0.0133486 -0.00870067 0.0300248 -0.010123 -0.00733232 -0.0302149 -0.0235216 0.0099974 0.0424035
internal_weight=627.088 326.364 275.979 210.171 300.725 36.491 264.234 210.661 65.8085 50.3845 22.3199 53.5726 31.6344 18.7501 14.1711
internal_count=2541 1331 1127 854 1210 148 1062 847 273 204 90 215 128 76 58
is_linear=0
shrinkage=0.05


Tree=8
num_leaves=15
num_cat=0
split_feature=109 128 31 39 24 35 24 81 58 124 26 80 36 122
split_gain=21.902 9.10836 9.60332 8.87366 8.59889 8.46802 10.1616 7.19847 7.83692 6.81437 6.66033 5.97857 4.84229 5.68936
threshold=0.25262443876356327 0.86337982515457379 1.6908581375000005 10.535714285714286 1.2505666000000002 0.77500000000000013 1.993422 -0.52964166666666679 1.6333333333333335 0.4669115957891618 2.9000000000000004 0.0079383333333329937 2.2678571428571432 36.895000000000003
decision_type=2 2 2 2 2 2 2 2 2 2 2 2 2 2
left_child=1 2 4 5 -1 10 -7 8 -5 -4 -2 -9 13 -3
right_child=3 12 9 7 -6 6 -8 11 -10 -11 -12 -13 -14 -15
leaf_value=-0.014413425371409813 -0.01335626490977952 0 -0.012727508417915173 0.029131217029964119 0.0070230858956204303 -0.038192633190953 0 0.00079430490313766005 -0.014077520489285292 0.035436985380697381 0.039319326971086643 -0.018757277364546947 0 0.045521543927810798
leaf_weight=62.607990384101868 14.952105090022089 6.540167272090911 6.844873070716857 29.803357526659966 172.31753978133202 64.09841550886631 23.646782487630844 76.874535396695137 13.398291066288946 36.779266715049744 8.1879358142614347 69.826125338673592 8.9438604861497861 31.763982281088829
leaf_count=253 60 27 28 121 702 257 95 309 54 151 33 281 37 133
internal_value=0 0.00904376 0.00532768 -0.00963678 0.00106142 -0.0208808 -0.0279954 -0.00273439 0.0145842 0.0266434 0.00406805 -0.00823726 0.029351 0.0369529
internal_weight=626.585 325.798 278.55 300.788 234.926 110.885 87.7452 189.902 43.2016 43.6241 23.14 146.701 47.248 38.3041
internal_count=2541 1331 1134 1210 955 445 352 765 175 179 93 590 197 160
is_linear=0
shrinkage=0.05


Tree=9
num_leaves=16
num_cat=0
split_feature=109 68 81 75 126 111 46 25 30 111 92 95 89 118 25
split_gain=19.8466 10.7738 9.49591 8.86286 8.61936 12.7905 9.66469 7.55071 7.04085 6.53626 5.66828 10.4218 5.59978 5.24106 2.02208
threshold=0.25430602745302344 0.35416666666666669 -0.54402799999999996 1.7388888888888892 0.28664697627066399 1.0563639791580972 1.0000000180025095e-35 13.900000000000002 1.7011247999999999 1.0577879470214078 -0.29999999999999993 -0.07143089999999995 0.030848600000000118 73.750000000000014 11.900000000000002
decision_type=2 2 2 2 2 2 2 2 2 2 2 2 2 2 2
left_child=1 4 3 8 6 -6 -1 9 -2 -4 12 -12 -3 -9 -5
right_child=2 10 7 14 5 -7 -8 13 -10 -11 11 -13 -14 -15 -16
leaf_value=-0.041336395918567026 0.0092436151469596356 -0.056002676433151766 -0.022641792998818355 0.00918098116129459 -0.049085462722401899 0.029107167466598027 0.016019346576883434 -0.0052059887775056978 -0.031038156158225905 0.0018258622942743338 0.030281693892285327 -0.022580703306168088 0 0.035935648617813912 0.063192884652084155
leaf_weight=6.155757710337638 34.463428139686584 10.406807839870455 158.07435108721256 6.1685079336166364 12.382364973425867 6.9197960793972006 265.71711376309395 22.849042758345604 14.325808852910994 28.310605019330978 15.302465021610258 20.780189022421837 8.1282260566949827 9.6518214792013151 6.3707143664360046
leaf_count=25 139 42 634 25 50 28 1090 92 58 114 62 84 33 39 26
internal_value=0 0.00807433 -0.0097999 0.00695856 0.0119808 -0.0185378 0.0143907 -0.0147331 -0.00196578 -0.0186686 -0.0116935 0 -0.0333871 0.00622737 0.042956
internal_weight=626.007 345.793 280.214 61.3285 291.175 19.3022 271.873 218.886 48.7892 186.385 54.6177 36.0827 18.535 32.5009 12.5392
internal_count=2541 1414 1127 248 1193 78 1115 879 197 748 221 146 75 131 51
is_linear=0
shrinkage=0.05


Tree=10
num_leaves=15
num_cat=0
split_feature=109 12 24 79 88 19 118 114 40 92 18 127 89 5
split_gain=17.786 8.86585 10.9832 9.51671 8.59769 8.24476 7.98262 7.51885 7.39652 6.9347 6.4888 9.79632 6.46713 5.03019
threshold=0.25262443876356327 2.4166666666666674 1.2397910000000003 1.1666666666666672 -0.29415899999999978 3.5500000000000003 81.950000000000017 2.6271515339895104 5.1833333333333345 -0.40000000000000002 14.100000000000001 0.38201246040916115 -0.45757340000000007 4.8333333333333348
decision_type=2 2 2 2 2 2 2 2 2 2 2 2 2 2
left_child=1 7 3 -3 10 -4 9 13 -8 -6 11 -2 -12 -1
right_child=4 2 5 -5 6 -7 8 -9 -10 -11 12 -13 -14 -15
leaf_value=0.018349170150197085 -0.025174483059854813 0.0051074304802784902 -0.012342212662956854 -0.035030105080917168 -0.0036481983454717628 0.020983000288966391 -0.0038763497211904592 -0.049915688312338176 0.052483236254736436 -0.025906311779240177 -0.019333403096123004 0.015632591491904806 0.026975211234618813 -0.018659087817445359
leaf_weight=16.638319343328476 33.515270456671715 60.720919072628021 18.013292193412781 17.998112753033638 58.821259111166 184.10854302346706 20.920474812388424 9.1343541741371137 6.4243381619453421 114.60650205612183 7.4208699464797965 23.322432309389114 35.758917540311813 18.062370359897614
leaf_count=68 135 247 74 73 236 758 84 37 26 460 30 94 145 74
internal_value=0 0.0081716 0.0115285 -0.00376661 -0.00867624 0.0177207 -0.0146625 -0.0119973 0.00898513 -0.0187079 0.00287172 -0.0075847 0.0176274 0
internal_weight=625.466 324.676 280.841 78.719 300.79 202.122 200.773 43.835 27.3448 173.428 100.017 56.8377 43.1798 34.7007
internal_count=2541 1331 1152 320 1210 832 806 179 110 696 404 229 175 142
is_linear=0
shrinkage=0.05


Tree=11
num_leaves=15
num_cat=0
split_feature=109 68 123 64 81 75 109 21 110 30 126 31 92 25
split_gain=16.0845 9.64734 8.47608 11.477 8.1342 8.09641 7.16908 10.55 6.67623 6.38377 5.99403 5.24289 7.40591 1.79533
threshold=0.25430602745302344 0.35416666666666669 0.6600694920096648 2.2250000000000005 -0.54402799999999996 1.7388888888888892 0.28688543300816799 0.77500000000000013 0.31710264525831117 1.7011247999999999 0.1242223385492202 1.6436529000000004 -0.35833333333333334 11.900000000000002
decision_type=2 2 2 2 2 2 2 2 2 2 2 2 2 2
left_child=1 2 3 -1 5 9 8 -8 -6 -2 -4 12 -3 -7
right_child=4 11 10 -5 6 13 7 -9 -10 -11 -12 -13 -14 -15
leaf_value=0.010500971235363261 0.0088319126839814122 -0.049670819043888009 0.0014312857596887154 -0.026421560228056147 -0.018520634800327243 0.0086981916432200043 0.011716970375739736 -0.036863957665300033 0.0019096219338562604 -0.029494742503754463 0.043061539229583945 0.020734687187595753 -0.0040203532927595353 0.060569111223070619
leaf_weight=221.86497963964939 34.431211590766907 12.901724949479101 15.443830788135527 21.660162925720215 68.509542241692543 6.1628538370132429 11.72435614466667 53.88453172147274 84.841927900910378 14.355444297194479 31.138874739408493 8.3454147577285749 33.342608228325844 6.3012521862983704
leaf_count=908 139 52 65 88 275 25 47 216 341 58 132 34 135 26
internal_value=0 0.00727301 0.0109893 0.00691782 -0.00882985 0.00665943 -0.0134006 -0.0273863 -0.00695449 -0.0018073 0.0306306 -0.0114195 -0.0185965 0.0411861
internal_weight=624.909 344.698 290.108 243.525 280.211 61.2508 218.96 65.6089 153.351 48.7867 46.5827 54.5897 46.2443 12.4641
internal_count=2541 1414 1193 996 1127 248 879 263 616 197 197 221 187 51
is_linear=0
shrinkage=0.05


Tree=12
num_leaves=13
num_cat=0
split_feature=128 74 106 78 95 128 10 83 101 23 6 34
split_gain=13.5368 13.4976 11.6945 11.561 10.188 9.91408 9.88551 9.40791 7.68846 6.98526 6.32454 2.51538
threshold=0.79598700539667111 1.0000000180025095e-35 2.5750000000000006 1.8333333333333339 -0.37566520000000009 0.84910438181575831 2.4520495000000007 0.83333333333333359 3.0801282051282057 1.7644859000000004 4.416666666666667 6.5500000000000007
decision_type=2 2 2 2 2 2 2 2 2 2 2 2
left_child=3 9 8 4 7 -4 -6 -1 -3 10 -2 -5
right_child=1 2 5 11 6 -7 -8 -9 -10 -11 -12 -13
leaf_value=0.02030977228046443 0 -0.016045692744390674 0.0083633087372779122 0.0033104278624244777 -0.01884854945234481 0.031520178385168907 0.016433794466008619 -0.030927138002236561 0.016086477875495494 0.009359233863742402 -0.052911159445710711 0.05687796566240693
leaf_weight=40.725629329681396 6.3970396816730526 57.679811581969261 158.56935152411461 6.4567616134881956 196.30813163518906 70.990046560764313 19.787256166338921 9.8920930922031385 25.131768301129341 9.0194314867258054 16.954647824168205 6.3804410547018051
leaf_count=165 26 235 646 26 791 297 80 40 103 37 69 26
internal_value=0 0.00668206 0.00999607 -0.00809948 -0.0105216 0.015847 -0.0153267 0.00892284 -0.00562202 -0.02314 -0.0376147 0.0357348
internal_weight=624.292 344.742 312.371 279.55 266.713 229.559 216.095 50.6177 82.8116 32.3711 23.3517 12.8372
internal_count=2541 1413 1281 1128 1076 943 871 205 338 132 95 52
is_linear=0
shrinkage=0.05


Tree=13
num_leaves=14
num_cat=0
split_feature=11 109 118 92 79 106 2 2 13 109 32 92 53
split_gain=14.0145 11.706 10.8085 10.9575 9.48251 8.54022 7.97834 7.83917 7.26176 10.1492 7.06434 6.75721 6.60449
threshold=8.8333333333333339 0.2494501015382686 73.750000000000014 -0.54166666666666652 0.33333333333333326 2.6157894736842109 2.1230583333333337 0.91875466666666672 4.8333333333333348 0.27148007659315593 10.535714285714286 0.11250000000000006 1.0000000180025095e-35
decision_type=2 2 2 2 2 2 2 2 2 2 2 2 2
left_child=8 4 3 -3 6 -6 -2 -4 9 11 -11 -1 -10
right_child=1 2 7 -5 5 -7 -8 -9 12 10 -12 -13 -14
leaf_value=0.012296152704227381 0.012964299419430215 0.0091218016891403044 -0.027250988197708288 -0.018554106020675597 -0.020017944482435154 0.010088856354194506 0.043566249668008677 0.01630046410787251 -0.072185624344649174 0.0017395350275799925 -0.045256120942033698 -0.017904053286721341 -0.0075513540549374224
leaf_weight=49.237843528389931 88.106482237577438 46.604637965559959 10.201222211122511 124.37757836282253 31.526274368166924 82.388315424323082 32.021690532565117 79.098797813057899 9.1537555605173129 8.7241503596305829 24.153148159384727 28.091245591640472 10.151453867554663
leaf_count=201 363 188 41 501 129 340 133 320 37 35 97 115 41
internal_value=1.10607e-06 0.00392145 -0.00322114 -0.0107106 0.0120575 0.00121989 0.0218267 0.010525 -0.0144945 -0.00876332 -0.0316264 0.000598513 -0.0427065
internal_weight=623.837 494.325 260.282 170.982 234.043 113.915 120.128 89.3 129.512 110.206 32.8773 77.3291 19.3052
internal_count=2541 2015 1050 689 965 469 496 361 526 448 132 316 78
is_linear=0
shrinkage=0.05


Tree=14
num_leaves=15
num_cat=0
split_feature=11 38 123 74 11 47 92 110 2 25 81 30 64 18
split_gain=12.7602 12.5696 10.7484 11.5648 9.96327 9.91196 9.78136 9.69203 8.68571 8.14625 6.90271 8.35779 6.94147 6.52172
threshold=8.8333333333333339 1.6186668 0.53180334833413856 1.0000000180025095e-35 13.833333333333334 0.83333333333333337 -0.29999999999999993 0.18012760572160325 1.0411235000000001 10.450000000000001 -0.3587816666666665 1.2975999 1.6333333333333335 16.450000000000003
decision_type=2 2 2 2 2 2 2 2 2 2 2 2 2 2
left_child=1 9 6 4 -4 -5 8 -8 -2 13 11 -3 -12 -1
right_child=2 10 3 5 -6 -7 7 -9 -10 -11 12 -13 -14 -15
leaf_value=-0.055669034964579513 -0.016795611248285564 -0.026344664295501082 -0.042638736578967107 0.014058402815706542 0.016535751477489171 -0.044046291857172529 0.017522675210441936 -0.021438302343598663 0.020499331147262087 0.0072236042775727363 0.0041335880370328175 0.033453513553842844 -0.028399354833390608 0
leaf_weight=28.768672153353691 20.643930301070213 6.2065597325563457 17.744039073586467 279.69135640561581 9.2740729600191099 6.1946048885583869 16.936479553580284 95.093235850334167 48.222888827323914 6.9258351922035208 28.568903565406799 20.992265790700912 30.987251967191696 7.0783012062311164
leaf_count=116 83 25 72 1150 38 25 69 383 195 28 116 86 126 29
internal_value=0 -0.0138358 0.00373802 0.00939728 -0.0206771 0.012476 -0.00577398 -0.015003 0.00852355 -0.0357671 -0.00216885 0.0175846 -0.0121572 -0.0454008
internal_weight=623.328 129.528 493.801 312.904 27.0181 285.886 180.897 112.03 68.8668 42.7728 86.755 27.1988 59.5562 35.847
internal_count=2541 526 2015 1285 110 1175 730 452 278 173 353 111 242 145
is_linear=0
shrinkage=0.05


Tree=15
num_leaves=15
num_cat=0
split_feature=109 89 128 68 12 43 95 114 111 28 97 114 97 83
split_gain=12.2064 10.5949 9.71928 8.40197 7.80031 6.83961 6.59053 7.35356 5.58804 7.46862 5.12123 6.24553 4.45434 4.02612
threshold=0.28688543300816799 -0.11188850000000004 0.70445332877563727 0.31666666666666671 2.1666666666666674 1.0000000180025095e-35 -0.28419445000000004 1.1996806869913252 1.0556199927290957 1.1833333333333336 -0.10000000000000005 1.5112992587863667 -1.0000000180025095e-35 0.50000000000000022
decision_type=2 2 2 2 2 2 2 2 2 2 2 2 2 2
left_child=2 10 8 4 -4 -5 -3 -8 9 -1 11 -2 -10 -12
right_child=1 6 3 5 -6 -7 7 -9 12 -11 13 -13 -14 -15
leaf_value=0 -0.011733726114469904 0 -0.014286085456464471 -0.025951838903700331 0.010288426309884691 0.0014034540596756756 -0.0049457783842510109 -0.059174416346920958 -0.022094544684704065 -0.048684891987116612 0.0010573974182965947 0.043615780315643865 0.027295396021674197 -0.040102993899938134
leaf_weight=10.687107235193254 6.2250631898641613 11.433245941996573 32.887557566165924 33.931287854909897 369.48995800316334 56.940631851553917 11.451166495680807 23.904799848794937 6.9612174332141867 19.649943813681602 11.199221789836885 11.157116025686262 8.8837016075849515 7.9606075882911673
leaf_count=43 25 46 134 137 1518 231 46 96 28 79 45 45 36 32
internal_value=0 -0.0176355 0.00281683 0.00496192 0.00812549 -0.00843799 -0.0331925 -0.0436052 -0.0186537 -0.0310814 0.00130567 0.0215135 0.00260494 -0.0147049
internal_weight=622.763 83.3312 539.431 493.249 402.378 90.8719 46.7892 35.356 46.182 30.3371 36.542 17.3822 15.8449 19.1598
internal_count=2541 335 2206 2020 1652 368 188 142 186 122 147 70 64 77
is_linear=0
shrinkage=0.05


Tree=16
num_leaves=14
num_cat=0
split_feature=109 31 125 111 38 4 20 32 33 110 13 84 24
split_gain=11.2145 7.60713 8.84384 10.1973 8.25494 6.66211 6.95981 5.98212 8.06555 6.42794 5.89882 5.39645 3.88344
threshold=0.25283083365380515 1.6651756000000002 0.63301339234895626 1.0547463475775227 1.60618335 17.833333333333339 6.9000000000000012 14.775000000000002 5.0500000000000007 0.41404039510977814 5.166666666666667 -2.1666666666666656 1.7321524000000004
decision_type=2 2 2 2 2 2 2 2 2 2 2 2 2
left_child=1 2 4 -4 -1 7 -7 8 -2 -9 11 -3 -12
right_child=5 10 3 -5 -6 6 -8 9 -10 -11 12 -13 -14
leaf_value=-0.012433183473722081 -0.00900183292592013 -0.024786184888550764 0.035111779774499967 0 0.0080261761462385971 -0.0088717347456578766 0.048227451519149006 -0.037714215456160771 0.021046029238442718 0.0099932452796747534 0.056660198665649419 0.019966752006418533 0.0006818009835916918
leaf_weight=104.60555040836334 217.67978517711163 7.4858484864234951 38.123054310679436 41.345666438341141 89.143362864851952 7.6658602505922344 9.8047873973846418 30.532088831067085 23.109561875462532 6.675640106201171 15.489786416292192 24.426366105675697 6.1429764926433554
leaf_count=427 876 31 160 171 368 31 41 123 93 27 65 102 26
internal_value=0 0.00640623 0.00278315 0.0168102 -0.00277027 -0.00701394 0.0213423 -0.0090453 -0.00583611 -0.0278086 0.0235867 0.00751545 0.0437059
internal_weight=622.23 326.763 273.218 79.4687 193.749 295.468 17.4706 277.997 240.789 37.2077 53.545 31.9122 21.6328
internal_count=2541 1350 1126 331 795 1191 72 1119 969 150 224 133 91
is_linear=0
shrinkage=0.05


Tree=17
num_leaves=14
num_cat=0
split_feature=11 38 34 38 31 25 81 27 3 18 15 96 87
split_gain=11.185 11.0994 10.0869 8.79219 9.23563 7.37665 6.47739 9.57643 6.63224 5.62252 5.10462 2.91559 0.618057
threshold=8.8333333333333339 1.6186668 8.4500000000000011 2.0257658500000004 1.7068589000000001 10.450000000000001 -0.16588483333333323 3.1000000000000005 1.4541740000000003 16.450000000000003 1.6333333333333335 -0.17444464999999984 1.1528765000000001
decision_type=2 2 2 2 2 2 2 2 2 2 2 2 2
left_child=1 5 3 4 -2 9 8 -8 -3 -1 -5 -4 -13
right_child=2 6 11 10 -6 -7 7 -9 -10 -11 -12 12 -14
leaf_value=-0.052327387285830446 -0.0041588150601649587 -0.0037398462728137532 0.00038613922262508647 0.027794108050849003 0.016692485194025091 0.0070739650282398165 0.017440959504956718 -0.029707606505057178 0.035123206538613436 0 -0.0012874499519353959 0.057518651295365743 0.014841329087516465
leaf_weight=28.749286592006683 344.62048476934433 22.943563565611839 7.1476953476667431 45.412797451019287 61.458366766571999 6.9195357412099829 13.510648787021635 33.186510235071182 16.941017732024193 7.0633240491151801 17.545967742800713 10.212215200066568 5.9803053736686698
leaf_count=116 1404 94 30 187 254 28 55 135 69 29 72 43 25
internal_value=0 -0.0129771 0.00349224 0.00174739 -0.000846977 -0.0335948 -0.00196295 -0.0149384 0.0119997 -0.0427895 0.0190142 0.0349896 0.0464451
internal_weight=621.692 129.314 492.378 469.038 406.079 42.7321 86.5817 46.6972 39.8846 35.8126 62.9588 23.3402 16.1925
internal_count=2541 526 2015 1917 1658 173 353 190 163 145 259 98 68
is_linear=0
shrinkage=0.05


Tree=18
num_leaves=14
num_cat=0
split_feature=109 21 128 40 75 74 2 51 84 3 124 3 103
split_gain=10.1942 9.86946 8.44848 7.95647 7.30617 10.6398 9.72407 5.77122 5.19225 5.151 4.94639 4.7611 3.49811
threshold=0.28688543300816799 0.77500000000000013 0.70445332877563727 3.683333333333334 1.3166666666666669 1.0000000180025095e-35 0.74763000000000013 1.4166666666666667 0.66666666666666663 1.5384233333333337 0.56680208689983214 1.5299241666666668 6.5000000000000009
decision_type=2 2 2 2 2 2 2 2 2 2 2 2 2
left_child=2 11 8 10 5 -4 -6 -5 9 -1 -3 -2 -10
right_child=1 3 4 7 6 -7 -8 -9 12 -11 -12 -13 -14
leaf_value=-0.044025161312283519 -0.0027648908590733154 -0.05591044358827281 -0.039551499179234936 0.0047193565714035981 -0.030085125375395011 0.00092195938619095842 0.012206716425650382 -0.034371769841550222 -0.019343105943774128 0 0 0.045255628537643401 0.025163529046343294
leaf_weight=19.606302499771122 9.6924050897359866 22.048519521951679 16.521519422531128 24.85594417154789 12.764321759343146 198.08639554679394 264.63736383616924 12.67666609585285 6.2065689116716376 11.411350935697554 6.946225479245185 6.9379796087741843 8.9035414308309537
leaf_count=79 39 89 67 100 52 811 1090 51 25 46 28 28 36
internal_value=0 -0.016117 0.00259299 -0.0249683 0.00460236 -0.00213096 0.00998004 -0.00773547 -0.0174213 -0.0290727 -0.044607 0.0158632 0.00371261
internal_weight=621.295 83.1577 538.137 66.5274 492.01 214.608 277.402 37.5326 46.1278 31.0177 28.9947 16.6304 15.1101
internal_count=2541 335 2206 268 2020 878 1142 151 186 125 117 67 61
is_linear=0
shrinkage=0.05


Tree=19
num_leaves=12
num_cat=0
split_feature=12 114 33 40 39 3 114 89 67 69 62
split_gain=10.127 10.1094 9.57378 9.13857 8.30165 8.3813 8.14512 7.2513 9.01291 7.29623 7.18186
threshold=2.5833333333333335 1.3333014098485532 5.7071428571428582 3.9500000000000006 17.225000000000005 1.5384233333333337 2.6271515339895104 -0.29222569999999992 0.29285714285714287 1.7750000000000001 0.55000000000000016
decision_type=2 2 2 2 2 2 2 2 2 2 2
left_child=3 4 6 7 5 -2 -3 9 -9 -1 -4
right_child=1 2 10 -5 -6 -7 -8 8 -10 -11 -12
leaf_value=-0.014191680928616324 -0.021668411800364815 0.0054772623285690219 0.025652621818472145 0.029485812660264968 0.040969154893169629 0.0056547303864018898 -0.018266097988566696 0 -0.044356280246171553 0.044645183799823379 -0.018207782827929331
leaf_weight=20.536295637488369 83.436504021286964 274.58319678902626 82.190119072794914 8.3413596302270872 6.2972528338432303 37.747044309973717 40.03630205988884 15.076700106263159 38.123415187001228 5.975284442305564 8.4300439059734327
leaf_count=83 340 1122 343 34 26 154 163 61 155 25 35
internal_value=0 0.0026431 0.00657792 -0.0155701 -0.00942972 -0.0127718 0.00224913 -0.0212114 -0.0316933 0 0.0208725
internal_weight=620.774 532.72 405.24 88.0531 127.481 121.184 314.619 79.7117 53.2001 26.5116 90.6202
internal_count=2541 2183 1663 358 520 494 1285 324 216 108 378
is_linear=0
shrinkage=0.05


Tree=20
num_leaves=15
num_cat=0
split_feature=128 69 91 52 10 109 70 81 9 10 78 98 108 99
split_gain=9.77861 10.3603 8.2169 9.30367 9.09073 7.56582 6.6969 8.4829 6.49671 6.03257 5.48816 4.26188 3.28405 1.31549
threshold=0.8490362419958889 1.267857142857143 1.8333333333333337 1.8333333333333337 2.5699316666666672 0.28688543300816799 1.4142857142857144 0.065430000000000002 0.84371016666666676 0.9466676666666668 -0.33333333333333309 1.4214285714285719 0.39417543386386122 0.39230769230769241
decision_type=2 2 2 2 2 2 2 2 2 2 2 2 2 2
left_child=2 6 4 11 5 -1 12 -8 -6 -3 -11 -4 -2 -5
right_child=1 9 3 13 8 -7 7 -9 -10 10 -12 -13 -14 -15
leaf_value=0 0 -0.012705704172092184 -0.023322382448904319 -0.065000249194188758 -0.0043882184830448864 -0.01749498876813152 0.025722615359835971 -0.033970556332349792 0.043317148990117182 0.0058920671870947667 0.040947783831031842 0.026180899307200325 -0.055347583844149888 -0.022579431592484513
leaf_weight=377.74356843531132 6.1045424938201887 6.9718318730592719 6.830918848514556 9.6526053994894045 8.3385426998138445 72.316037520766258 19.374656572937969 6.9939700812101355 18.04717293381691 20.532922253012657 41.705378085374832 8.3429893851280195 7.091484546661377 10.32409782707691
leaf_count=1539 25 29 28 39 34 292 81 29 74 87 179 34 29 42
internal_value=0 0.0135887 -0.00285432 -0.0258956 -0.000999006 -0.00279577 -0.00573345 0.00740007 0.0268056 0.0252709 0.0304493 0.000740216 -0.0341719 -0.047582
internal_weight=620.371 108.775 511.596 35.1506 476.445 450.06 39.5647 26.3686 26.3857 69.2101 62.2383 15.1739 13.196 19.9767
internal_count=2541 459 2082 143 1939 1831 164 110 108 295 266 62 54 81
is_linear=0
shrinkage=0.05


Tree=21
num_leaves=14
num_cat=0
split_feature=11 32 31 10 13 79 13 109 95 32 53 123 29
split_gain=9.09499 8.913 7.81032 13.108 9.87556 7.21804 6.50271 7.35476 7.45752 6.13798 5.92229 4.56846 4.53252
threshold=8.8333333333333339 18.050000000000004 1.7068589000000001 2.5918750000000004 5.166666666666667 0.83333333333333337 4.8333333333333348 0.27148007659315593 0.24674609999999977 10.535714285714286 1.0000000180025095e-35 0.59101475494035871 0.76388888888888895
decision_type=2 2 2 2 2 2 2 2 2 2 2 2 2
left_child=6 2 3 -2 -4 12 7 8 -1 -9 -8 -7 -3
right_child=1 5 4 -5 -6 11 10 9 -10 -11 -12 -13 -14
leaf_value=0.0099181559590736414 -0.0042642273273843078 0 0.00033517462506781602 0.040440586556977368 0.038259105746045338 -0.034050850413800009 -0.066039153933437053 0.0049780582467354867 -0.027966381596019191 -0.038890231760806804 -0.0050704768889256145 0.018000440554100796 0.047635291655173932
leaf_weight=61.968577191233635 352.55128674209118 7.3899399042129543 48.093982756137848 16.079354092478752 28.32683290541172 6.2896115928888312 9.1513349413871783 8.6679823696613294 15.163366317749022 23.935779690742493 10.131638690829275 8.3419652879238111 23.731943771243095
leaf_count=254 1438 31 198 67 119 26 37 35 62 97 41 36 100
internal_value=0 0.00313325 0.000832975 -0.00207484 0.0153508 0.0239425 -0.0117364 -0.00631349 0.00156788 -0.0259385 -0.0382995 -0.0019229 0.0373407
internal_weight=619.824 490.805 445.051 368.631 76.4208 45.7535 129.019 109.736 77.1319 32.6038 19.283 14.6316 31.1219
internal_count=2541 2015 1822 1505 317 193 526 448 316 132 78 62 131
is_linear=0
shrinkage=0.05


Tree=22
num_leaves=15
num_cat=0
split_feature=128 69 91 52 126 30 83 70 81 10 17 79 108 99
split_gain=8.60256 9.44244 7.59825 8.43133 8.18465 10.425 7.30822 6.08841 7.7006 5.57372 5.41401 4.66893 2.99231 1.05118
threshold=0.8490362419958889 1.267857142857143 1.8333333333333337 1.8333333333333337 0.22154792548934168 1.4531361650000003 0.83333333333333359 1.4142857142857144 0.065430000000000002 0.9466676666666668 0.69425720000000013 1.0000000180025095e-35 0.39417543386386122 0.39230769230769241
decision_type=2 2 2 2 2 2 2 2 2 2 2 2 2 2
left_child=2 7 4 11 5 -1 -6 12 -9 -3 -11 -4 -2 -5
right_child=1 9 3 13 6 -7 -8 8 -10 10 -12 -13 -14 -15
leaf_value=-0.006770920245010463 0 -0.012309123336050014 0.026468520567023004 -0.061728468381309937 -0.00063410660333908014 0.029081511028367393 -0.018667919866742853 0.024507319907857643 -0.032326448940477405 -0.0029883330928611061 0.034934711361540666 -0.02561756346435419 -0.052875565061383537 -0.02166954899143362
leaf_weight=32.119660586118698 6.1030049920082075 6.9783351570367804 8.5203877538442594 9.6794121414423007 329.89949917793274 45.498353406786919 68.449601054191589 19.254329547286037 7.0131342262029639 8.3452328294515592 53.331298500299454 6.6268647611141196 7.118045374751091 10.332670927047728
leaf_count=131 25 29 35 39 1343 187 278 81 29 36 230 27 29 42
internal_value=0 0.012773 -0.00268782 -0.0248397 -0.000897993 0.0137118 -0.0038971 -0.00562701 0.00687058 0.0240028 0.0290399 0.000409289 -0.0327101 -0.0454404
internal_weight=619.27 108.143 511.126 35.1593 475.967 77.618 398.349 39.4885 26.2675 68.6549 61.6765 15.1473 13.2211 20.0121
internal_count=2541 459 2082 143 1939 318 1621 164 110 295 266 62 54 81
is_linear=0
shrinkage=0.05


Tree=23
num_leaves=12
num_cat=0
split_feature=12 114 40 33 39 3 21 49 114 62 34
split_gain=8.33016 8.59141 8.33704 7.81916 7.57421 7.51956 7.20384 7.36267 7.06007 6.65204 5.05329
threshold=2.5833333333333335 1.3333014098485532 3.9500000000000006 5.7071428571428582 17.225000000000005 1.5384233333333337 0.77500000000000013 0.58333333333333337 2.6271515339895104 0.55000000000000016 5.6333333333333337
decision_type=2 2 2 2 2 2 2 2 2 2 2
left_child=2 4 6 8 5 -2 10 -8 -3 -5 -1
right_child=1 3 -4 9 -6 -7 7 -9 -10 -11 -12
leaf_value=0.01238322218711671 -0.020402130048034969 0.0051028061137589481 0.028879309043174806 0.02367867986720151 0.039481520075142447 0.0054624577450654264 -0.044565776192303563 0.0039402797855435023 -0.016993978374061039 -0.018602382249947664 -0.022254354069437585
leaf_weight=20.826560214161873 83.401810705661774 273.86479459702969 8.3063346445560438 81.299208924174309 6.2527463734149924 37.64592869579792 32.697115689516068 7.6178006231784812 40.050797447562218 8.3989652544260007 18.365938752889633
leaf_count=85 340 1122 34 343 26 154 133 31 163 35 75
internal_value=0 0.00235815 -0.0141838 0.00600291 -0.00876478 -0.0119697 -0.0196066 -0.0343165 0.00207981 0.0190069 -0.00275408
internal_weight=618.728 530.914 87.8137 403.614 127.3 121.048 79.5074 40.3149 313.916 89.6982 39.1925
internal_count=2541 2183 358 1663 520 494 324 164 1285 378 160
is_linear=0
shrinkage=0.05


Tree=24
num_leaves=10
num_cat=0
split_feature=34 123 74 106 78 92 34 24 123
split_gain=7.94996 7.95296 8.96544 10.2991 7.90464 9.05204 6.19749 4.33813 0.98484
threshold=8.5500000000000025 0.55187966040633774 1.0000000180025095e-35 2.5750000000000006 1.8333333333333339 -0.12678571428571425 4.8285714285714292 1.2327576000000005 0.62698237202366836
decision_type=2 2 2 2 2 2 2 2 2
left_child=1 4 6 -4 5 -1 -3 -2 -9
right_child=7 2 3 -5 -6 -7 -8 8 -10
leaf_value=0 -0.00020576577020103189 0.011984960206791399 -0.0081506258010171431 0.01265418476469695 0.031197772800051073 -0.018622388451304431 -0.033734286538939638 0.050592107522649227 0.0107422426378959
leaf_weight=126.40080524981022 6.9204156696796444 8.0663240253925341 78.485250532627106 213.44314965605736 11.017663672566412 132.30212341248989 23.531125262379646 11.286072775721552 6.8122539073228827
leaf_count=512 29 33 322 890 45 536 96 48 30
internal_value=0 -0.00118434 0.00399619 0.00688137 -0.00757482 -0.00953237 -0.0205194 0.0270524 0.0395584
internal_weight=618.265 593.246 323.526 291.928 269.721 258.703 31.5974 25.0187 18.0983
internal_count=2541 2434 1341 1212 1093 1048 129 107 78
is_linear=0
shrinkage=0.05


Tree=25
num_leaves=15
num_cat=0
split_feature=11 38 111 58 116 38 31 106 34 81 30 34 67 26
split_gain=7.74842 9.49551 7.72183 8.96809 8.78384 8.37269 11.2649 6.54466 6.41375 5.82511 7.01235 6.88196 5.19455 2.80238
threshold=8.8333333333333339 1.6186668 1.0513414635458467 1.3666666666666669 1.1364768148332662 2.0257658500000004 1.7068589000000001 2.5250000000000004 7.1055555555555561 -0.3587816666666665 1.2975999 3.9500000000000006 0.43650793650793657 3.6333333333333337
decision_type=2 2 2 2 2 2 2 2 2 2 2 2 2 2
left_child=1 7 3 4 -2 6 -4 -1 -5 10 -3 -11 -7 -9
right_child=2 9 5 8 -6 12 -8 13 -10 11 -12 -13 -14 -15
leaf_value=0 0.032639707602425357 -0.022325898155089698 -0.0086963776311765051 -0.0027352161682323425 -0.023476371399826338 0.0047955605172295482 0.018170723385147605 -0.04962659067286445 0.043324142613331805 0.030972973649532439 0.032248503251801584 -0.016967938253153108 0.043155551853962623 -0.0043378838492076086
leaf_weight=11.033257305622099 58.39791551232338 6.1596235334873226 249.08392636477947 78.579831972718239 6.1171212941408148 31.32790718972683 44.394070327281952 24.25887452065945 7.2761169970035544 7.1754084080457678 20.752662643790245 52.148923709988594 13.98223854601383 7.1177605986595145
leaf_count=45 241 25 1020 323 25 129 186 99 31 29 86 213 60 29
internal_value=0 -0.0108602 0.00288508 0.0123044 0.0262786 -0.00117245 -0.00441453 -0.0299707 0.00104642 -0.000652996 0.017614 -0.00992321 0.018389 -0.0413485
internal_weight=617.806 128.647 489.159 150.371 64.515 338.788 293.478 42.4099 85.8559 86.2366 26.9123 59.3243 45.3101 31.3766
internal_count=2541 526 2015 620 266 1395 1206 173 354 353 111 242 189 128
is_linear=0
shrinkage=0.05


Tree=26
num_leaves=15
num_cat=0
split_feature=66 118 46 64 83 106 80 122 34 83 111 32 95 41
split_gain=7.62557 13.3861 9.45334 8.91906 7.91044 7.15385 7.94701 7.60961 5.82015 7.95722 5.70669 4.79642 4.41038 4.05873
threshold=1.4500000000000002 70.700000000000003 1.0000000180025095e-35 2.3666666666666671 0.83333333333333359 2.8583333333333338 0.0079383333333329937 55.339999999999996 5.8944444444444457 -1.0000000180025095e-35 1.0549029191344184 13.950000000000001 -0.1153366 3.7638888888888893
decision_type=2 2 2 2 2 2 2 2 2 2 2 2 2 2
left_child=4 8 -3 -4 5 6 -1 -7 9 -2 12 -10 -6 -12
right_child=1 2 3 -5 10 7 -8 -9 11 -11 13 -13 -14 -15
leaf_value=0 0.0058729783137780175 -0.036390122570092269 0.022464342007243093 -0.012199992682819204 -0.0262120573323824 0.00099883435425824653 -0.02354296779353442 0.035651901688897231 0.036060713368890551 -0.036048412923577702 -0.0050069840932611496 -0.0028557118494515555 0.015005654169757769 -0.065748573595512921
leaf_weight=94.321478828787804 14.761880323290823 6.9246824830770484 139.84025524556637 18.752052962779999 12.744773507118227 134.61204335093498 60.790157541632652 17.541572898626328 8.0747036784887296 29.256183192133904 6.357200741767886 52.745344877243042 9.9855077713727933 10.61836665868759
leaf_count=385 60 28 584 79 52 552 248 73 33 119 26 218 41 43
internal_value=0 0.00630233 0.0152208 0.0180015 -0.00487975 -0.00195237 -0.00959791 0.00552711 -0.00731645 -0.0210608 -0.0257005 0.00200192 -0.00612863 -0.0473269
internal_weight=617.326 270.355 165.517 158.592 346.971 307.265 155.112 152.154 104.838 44.0181 39.7058 60.82 22.7303 16.9756
internal_count=2541 1121 691 663 1420 1258 633 625 430 179 162 251 93 69
is_linear=0
shrinkage=0.05


Tree=27
num_leaves=12
num_cat=0
split_feature=128 92 10 123 126 124 99 102 46 109 17
split_gain=7.1743 8.2979 7.34837 7.19931 7.62921 9.75547 5.72855 4.88063 6.78959 5.0922 4.81684
threshold=0.8490362419958889 -0.19999999999999998 0.87746633333333346 0.635621566889088 0.22154792548934168 0.46960288231271596 0.59166666666666679 7.5000000000000009 1.8333333333333337 0.19904562870224726 0.75091110000000005
decision_type=2 2 2 2 2 2 2 2 2 2 2
left_child=3 7 -3 4 5 -1 -6 9 -9 -2 -4
right_child=1 2 10 -5 6 -7 -8 8 -10 -11 -12
leaf_value=-0.012350772509354921 -0.024199383765463565 -0.017103172515153423 0 -0.050022159894767264 -0.0020062960963308256 0.023547448411574915 -0.019445955675583118 -0.054598984113366694 0.0044127705614809207 0.020487926255384165 0.036578657534081516
leaf_weight=25.185334324836731 7.2741737961769131 7.6501731723546973 9.832384988665579 6.9126146882772437 365.09646011888981 57.539161071181297 55.030078783631325 8.5116071850061399 6.8655605763196936 21.128167286515236 45.857722774147987
leaf_count=103 31 32 43 28 1488 238 225 35 29 89 200
internal_value=0 0.0117012 0.023261 -0.00247634 -0.00162552 0.0120041 -0.0044501 -0.00405285 -0.0265379 0.00690865 0.0298917
internal_weight=616.883 107.12 63.3403 509.764 502.851 82.7245 420.127 43.7795 15.3772 28.4023 55.6901
internal_count=2541 459 275 2082 2054 341 1713 184 64 120 243
is_linear=0
shrinkage=0.05


Tree=28
num_leaves=13
num_cat=0
split_feature=11 34 111 58 106 13 109 36 53 81 96 93
split_gain=6.97159 7.26428 6.3863 11.3384 6.72119 5.83376 6.28397 6.51703 5.31419 4.61067 2.96098 1.11836
threshold=8.8333333333333339 8.4500000000000011 1.0516006657115775 1.3666666666666669 2.5250000000000004 4.8333333333333348 0.27148007659315593 1.3875000000000002 1.0000000180025095e-35 0.36108950000000017 -0.17444464999999984 0.70714285714285741
decision_type=2 2 2 2 2 2 2 2 2 2 2 2
left_child=5 2 3 -2 -4 6 7 -1 -7 -8 -3 -12
right_child=1 10 4 -5 -6 8 9 -9 -10 -11 11 -13
leaf_value=-0.024359900199640003 0.025084102868447186 0 -0.016224474958455467 -0.0014806342927035912 0.0010356520854600813 -0.061858049929146855 -0.032999880095131752 0.010210519667627664 -0.0038981996969431366 0.0079614206813005024 0.054958152228143611 0.011399169655099378
leaf_weight=16.183545008301735 66.251271188259125 6.9323001801967647 71.344968765974045 91.506086751818657 236.46397194266319 9.081805497407915 25.993246108293533 60.665749967098236 10.106156021356581 6.3679501712322226 9.0213436931371671 6.5636917501687995
leaf_count=66 273 30 291 377 976 37 106 250 41 26 40 28
internal_value=0 0.00271074 0.00122628 0.00944819 -0.00284263 -0.0103402 -0.00518158 0.00206874 -0.035513 -0.0234438 0.0299201 0.0414213
internal_weight=616.482 488.084 465.566 157.757 307.809 128.398 109.21 76.8493 19.188 32.3612 22.5173 15.585
internal_count=2541 2015 1917 650 1267 526 448 316 78 132 98 68
is_linear=0
shrinkage=0.05


Tree=29
num_leaves=12
num_cat=0
split_feature=12 24 40 34 95 92 96 127 87 2 39
split_gain=6.69804 7.68204 7.26732 6.52074 6.5523 5.59912 4.48012 4.50698 3.79087 3.39322 1.35758
threshold=2.5833333333333335 2.4649544000000003 3.9500000000000006 8.4500000000000011 -0.074588149999999728 -0.66111111111111109 -0.34261879999999995 0.38201246040916115 1.3022064000000002 1.5264841666666669 10.133928571428573
decision_type=2 2 2 2 2 2 2 2 2 2 2
left_child=2 3 6 4 -2 -3 9 -8 -5 -1 -7
right_child=1 5 -4 8 -6 10 7 -9 -10 -11 -12
leaf_value=-0.015171090433260859 0.0050465740358690359 0 0.027467720540042637 0.038288907687996365 -0.006578632021398541 0.015245143350490998 -0.030925278660179068 0 -0.00032791302200409922 0.027594895994426938 0.066190654721458769
leaf_weight=7.8800392448902112 247.42119616270065 10.719962850213053 8.2475519925355893 16.647106394171718 234.14226527512074 6.1927300095558149 49.05173222720623 14.518987998366354 6.0550856292247763 7.6985667049884796 7.4590600579977036
leaf_count=32 1020 44 34 73 961 27 201 59 26 32 32
internal_value=0 0.00210705 -0.0127605 0.000653392 -0.000504055 0.0290021 -0.0178666 -0.0238082 0.0263003 0.0033366 0.0491111
internal_weight=616.034 528.637 87.3969 504.266 481.563 24.3718 79.1493 63.5707 22.7022 15.5786 13.6518
internal_count=2541 2183 358 2080 1981 103 324 260 99 64 59
is_linear=0
shrinkage=0.05


Tree=30
num_leaves=15
num_cat=0
split_feature=66 118 46 75 83 116 106 89 82 46 111 23 79 95
split_gain=6.56289 11.6898 8.59609 8.60216 7.08244 6.85412 6.26346 7.60499 7.53078 6.18307 4.993 5.45537 4.49761 4.0629
threshold=1.4500000000000002 70.700000000000003 1.0000000180025095e-35 1.3166666666666669 0.83333333333333359 -0.24996935600751688 2.8583333333333338 0.090200700000000036 -0.49473900000000004 1.8333333333333337 1.0549029191344184 1.1061053000000003 -0.33333333333333331 -0.1153366
decision_type=2 2 2 2 2 2 2 2 2 2 2 2 2 2
left_child=4 5 -3 -4 6 12 8 -8 -1 -7 13 -12 -2 -6
right_child=1 2 3 -5 10 9 7 -9 -10 -11 11 -13 -14 -15
leaf_value=0.013664638734616192 0.0039558806626947369 -0.034903144235467413 0.004442955397531965 0.028688818872710083 -0.025087641294454524 0.0077902679259186109 0.0145046453998895 -0.0078758653285659706 -0.014203487490061471 -0.031459487671906455 -0.0060110759833092208 -0.070379818255500451 -0.035773320302863863 0.014469752771868565
leaf_weight=27.272275775671005 6.6281473338604 6.9260113090276709 79.316674277186394 78.27718922495842 12.74117895960808 62.345104306936264 91.098793521523476 60.681155174970627 127.73930941522121 10.805066496133803 8.0811144262552279 8.8780216723680478 24.910146355628967 9.9502158015966398
leaf_count=112 27 28 332 331 52 257 375 250 521 44 33 36 102 41
internal_value=0 0.00584715 0.0142253 0.0169062 -0.00454244 -0.00685621 -0.00176142 0.00523673 -0.0089238 0.00097227 -0.0242577 -0.0445345 -0.0260221 -0.00575259
internal_weight=615.65 269.208 164.52 157.594 346.442 104.688 306.792 151.78 155.012 73.1502 39.6505 16.9591 31.5383 22.6914
internal_count=2541 1121 691 663 1420 430 1258 625 633 301 162 69 129 93
is_linear=0
shrinkage=0.05


Tree=31
num_leaves=9
num_cat=0
split_feature=27 68 128 46 43 79 82 20
split_gain=6.48296 6.44884 8.396 8.41498 6.2446 5.94487 5.37928 5.26569
threshold=8.3000000000000025 0.31666666666666671 0.79489147783728931 1.0000000180025095e-35 1.0000000180025095e-35 -0.75 0.28180366666666679 6.9000000000000012
decision_type=2 2 2 2 2 2 2 2
left_child=1 2 6 -4 7 -6 -1 -3
right_child=-2 4 3 -5 5 -7 -8 -9
leaf_value=-0.010056986044734813 0.03704852372632033 -0.033180519665163832 -0.043728553020723322 0.0093003949153251803 -0.035575486067247697 0.0038379031763943541 0.0075819398029794514 0.0096025413354495111
leaf_weight=164.03476487100124 10.578848257660864 38.009860217571259 6.4296528846025458 262.96499264240265 10.122462198138235 62.184074729681015 54.528165474534035 6.2810937613248816
leaf_count=667 45 154 26 1106 41 254 222 26
internal_value=0 -0.000720485 0.0017207 0.0076928 -0.0112897 -0.00140769 -0.00541412 -0.0259312
internal_weight=615.134 604.555 487.958 269.395 116.597 72.3065 218.563 44.291
internal_count=2541 2496 2021 1132 475 295 889 180
is_linear=0
shrinkage=0.05


Tree=32
num_leaves=16
num_cat=0
split_feature=109 79 75 75 11 124 88 3 29 118 76 116 99 44 3
split_gain=6.01786 6.27017 11.1428 9.17697 6.3629 6.18024 5.95148 6.28233 5.78266 6.30895 5.25667 4.53516 4.45296 4.296 2.82715
threshold=0.25262443876356327 0.83333333333333337 1.4222222222222223 2.1055555555555561 9.1666666666666696 0.47140487455131846 -0.29415899999999978 0.87955750000000021 1.7071428571428573 81.950000000000017 1.7750000000000001 0.64897495250376702 0.36931818181818188 1.0000000180025095e-35 0.67190983333333354
decision_type=2 2 2 2 2 2 2 2 2 2 2 2 2 2 2
left_child=1 4 13 -4 11 -6 7 14 9 -8 -9 -1 -10 -3 -2
right_child=6 2 3 -5 5 -7 8 10 12 -11 -12 -13 -14 -15 -16
leaf_value=0.0023913786372859736 0 -0.0041940633852200699 0.021412783081565259 -0.016852458538806528 -0.0050065813426448287 0.018334877946820104 -0.01029843071124443 -0.0074394043420244931 -0.040246423224686592 0.015948102559649874 0.024028157858060797 -0.027896852180554457 0 -0.066892490567408633 0.045609361359500541
leaf_weight=53.122244313359261 6.0674839168787029 6.6401280611753437 30.352424085140228 29.77333477139473 30.950470060110092 143.03265643119812 142.74171385169029 66.671082511544228 23.751358687877659 25.057803586125374 15.35151746869087 14.326991289854048 7.3996439576148978 8.4897637367248535 10.917505368590353
leaf_count=220 25 28 130 123 130 606 578 271 96 102 63 59 30 35 45
internal_value=0 0.00478019 -0.0073975 0.00168074 0.00879714 0.013892 -0.00510311 0.00454009 -0.0101508 -0.00601152 -0.000729147 -0.00362529 -0.0300121 -0.0444415 0.0313917
internal_weight=614.646 316.688 75.2557 60.1258 241.432 173.983 297.958 99.0076 198.951 167.8 82.0226 67.4492 31.151 15.1299 16.985
internal_count=2541 1331 316 253 1015 736 1210 404 806 680 334 279 126 63 70
is_linear=0
shrinkage=0.05


Tree=33
num_leaves=12
num_cat=0
split_feature=114 12 34 39 3 16 23 90 123 17 71
split_gain=5.80546 6.97153 9.85678 6.84078 6.65556 5.91709 9.57951 6.00113 5.06501 4.88387 4.61744
threshold=1.3333014098485532 2.4166666666666674 4.4222222222222234 17.225000000000005 1.5384233333333337 1.8299763000000002 1.8263953000000004 -1.3333333333333333 0.64369517438361856 0.87540020000000007 0.18333333333333338
decision_type=2 2 2 2 2 2 2 2 2 2 2
left_child=3 2 -2 4 8 7 -7 -3 -1 -4 -6
right_child=1 5 9 -5 10 6 -8 -9 -10 -11 -12
leaf_value=-0.023385390431604577 0.026479144945047325 -0.017029368611147219 0.0083653949118903791 0.037545427764707491 -0.015885888790733844 0.020727809040696182 -0.011241283617305316 0.0040365214227695012 0.0078307692609487205 -0.027799803730351076 0.016389401412955897
leaf_weight=83.073835611343384 11.705988749861715 38.366218492388725 8.6788834780454618 6.1641234606504431 15.77306969463825 106.67020162940025 27.054516702890396 229.03539803624153 12.209745720028875 46.722733855247498 28.518048375844955
leaf_count=338 48 158 36 26 65 454 114 941 52 192 117
internal_value=0 0.0026965 -0.0118822 -0.0086981 -0.0113486 0.00528331 0.0138534 0.000775558 -0.0188262 -0.0212 0.0036945
internal_weight=613.973 468.234 67.1076 145.739 139.575 401.126 133.725 267.402 95.2836 55.4016 44.2911
internal_count=2541 1943 276 598 572 1667 568 1099 390 228 182
is_linear=0
shrinkage=0.05


Tree=34
num_leaves=12
num_cat=0
split_feature=116 109 81 68 126 85 38 32 86 113 51
split_gain=5.92784 5.72067 6.53991 5.93126 6.47679 5.48219 5.44632 6.45614 5.44402 4.60289 3.89439
threshold=1.1766392429792634 0.28848792328800177 -0.27042783333333326 0.31666666666666671 0.22259117527031885 -0.79999999999999993 1.3287888500000002 17.414285714285715 -0.19999999999999982 0.50193479279641162 1.1666666666666667
decision_type=2 2 2 2 2 2 2 2 2 2 2
left_child=1 3 9 4 -1 -2 -7 -8 -5 -3 -4
right_child=5 2 10 8 -6 6 7 -9 -10 -11 -12
leaf_value=0.015249235374051552 0.01672460673257076 -0.01424269033085441 -0.0067171176381315605 -0.023213590276694892 0.0014569590398434192 0.0032519143870034005 -0.051989900401662618 0 0.0004497872635621743 0.029533966457690922 -0.045380506685974931
leaf_weight=124.61256976425648 7.0875570327043524 10.087544679641725 17.092282176017761 35.380645871162415 295.61820740997791 8.5926798582077009 19.301417589187626 7.7764707356691352 61.412892371416092 10.556421503424643 15.97904536128044
leaf_count=534 29 41 70 144 1217 35 79 33 251 43 65
internal_value=0 0.00135122 -0.0138655 0.00305237 0.00569203 -0.017743 -0.0262244 -0.0371416 -0.00783746 0.00616294 -0.0276492
internal_weight=613.498 570.74 53.7153 517.024 420.231 42.7581 35.6706 27.0779 96.7935 20.644 33.0713
internal_count=2541 2365 219 2146 1751 176 147 112 395 84 135
is_linear=0
shrinkage=0.05


Tree=35
num_leaves=9
num_cat=0
split_feature=27 74 128 106 41 72 6 22
split_gain=5.81092 6.19626 7.83132 9.07085 6.59169 6.4888 8.05288 5.18485
threshold=8.3000000000000025 1.0000000180025095e-35 0.8490362419958889 2.5750000000000006 4.4142857142857155 1.7750000000000001 4.166666666666667 0.90000000000000013
decision_type=2 2 2 2 2 2 2 2
left_child=1 5 4 -4 -3 6 -1 -7
right_child=-2 2 3 -5 -6 7 -8 -9
leaf_value=0.0068508691629044832 0.035266436539099839 0.0047101685412379614 -0.0097888064304973415 0.023772076430486948 -0.007224005934665826 -0.027132658166801066 -0.049705569553117807 0.020531219548626099
leaf_weight=6.6413165330886867 10.458425372838972 204.64090096950531 25.451181396842003 67.111560016870499 256.89564862847328 8.0948495864868182 19.823611110448837 13.874125540256498
leaf_count=27 45 840 107 297 1054 33 81 57
internal_value=0 -0.000676503 0.00074904 0.0140037 -0.00182566 -0.0176819 -0.0339597 0.000375136
internal_weight=612.992 602.533 554.099 92.5627 461.537 48.4339 26.4649 21.969
internal_count=2541 2496 2298 404 1894 198 108 90
is_linear=0
shrinkage=0.05


Tree=36
num_leaves=10
num_cat=0
split_feature=34 116 114 109 39 85 38 87 106
split_gain=5.38736 5.76191 6.20802 7.2753 6.35761 5.83705 7.52772 3.14863 2.85879
threshold=8.5500000000000025 1.1766392429792634 1.3333014098485532 0.2934995130525459 17.225000000000005 -0.79999999999999993 1.3287888500000002 1.3022064000000002 3.1250000000000004
decision_type=2 2 2 2 2 2 2 2 2
left_child=1 2 4 -4 -1 -3 -7 8 -2
right_child=7 5 3 -5 -6 6 -8 -9 -10
leaf_value=-0.011099240593044587 0.045569086494501601 0.015978853633225248 0.0050950560473849915 -0.026596315184084746 0.036163508113023372 0.0079753072611454326 -0.042539572750764615 -0.0015755549167393572 0
leaf_weight=137.70726972818375 12.443807065486913 7.0799112766981116 387.81953331828117 17.615495279431343 6.1079619824886313 7.8740385770797721 24.25369893014431 5.9780618250370017 5.7085458487272254
leaf_count=565 56 29 1610 72 26 32 100 26 25
internal_value=0 -0.000968591 0.000278886 0.00353305 -0.00851082 -0.01926 -0.0287828 0.0226701 0.0329309
internal_weight=612.588 588.458 549.25 405.435 143.815 39.2076 32.1277 24.1304 18.1524
internal_count=2541 2434 2273 1682 591 161 132 107 81
is_linear=0
shrinkage=0.05


Tree=37
num_leaves=8
num_cat=0
split_feature=27 74 76 97 31 11 82
split_gain=5.21408 5.58525 6.77522 6.71418 7.23184 6.73507 3.51355
threshold=8.3000000000000025 1.0000000180025095e-35 1.9500000000000002 -0.7321428571428571 1.7068589000000001 8.8333333333333339 -0.070379666666666715
decision_type=2 2 2 2 2 2 2
left_child=1 2 6 4 -3 -5 -1
right_child=-2 3 -4 5 -6 -7 -8
leaf_value=0.012306173054238669 0.033596404687809459 -0.020604863860188526 -0.051377847034664595 -0.0074334695909204097 0.0084185144077536574 0.0066955961542054286 -0.01731995615560827
leaf_weight=14.064509510993956 10.339777961373327 65.147177994251251 10.305750057101248 106.93655031919479 28.191551208496094 353.16032765805721 24.01727768778801
leaf_count=58 45 266 42 442 119 1471 98
internal_value=0 -0.000625406 -0.0167811 0.000724642 -0.0113125 0.00329426 -0.00506404
internal_weight=612.163 601.823 48.3875 553.436 93.3387 460.097 38.0818
internal_count=2541 2496 198 2298 385 1913 156
is_linear=0
shrinkage=0.05


Tree=38
num_leaves=14
num_cat=0
split_feature=39 124 41 97 75 37 75 113 83 125 111 22 88
split_gain=4.9869 8.78747 7.74804 6.53256 8.90444 6.06807 7.59827 6.83545 5.66124 8.55044 6.42299 3.67338 3.343
threshold=10.535714285714286 0.63974244099591893 4.2111111111111121 -0.68333333333333302 0.76388888888888895 1.0481130277777779 0.89444444444444449 0.47557582366742684 0.83333333333333359 0.48608317134645118 1.0555339722006392 1.9000000000000001 -0.11605360000000008
decision_type=2 2 2 2 2 2 2 2 2 2 2 2 2
left_child=1 5 3 12 -5 7 -7 -1 9 -4 -10 -3 -2
right_child=2 11 8 4 -6 6 -8 -9 10 -11 -12 -13 -14
leaf_value=0.019630363282622926 0.0075383905746276725 0.050739823938598876 -0.0018153932180953948 -0.021552262235837186 0.031383918657174256 0.019975442669269858 -0.025987566072606036 -0.0082586850529313832 0 0.019638208704481047 -0.034667627352021911 0 -0.033002439369452012
leaf_weight=26.712839871644974 9.0395526885986346 7.689681038260459 196.63692699372768 7.3252799957990637 57.160272493958473 8.3325631320476514 68.277729317545891 99.317812979221344 34.872896566987038 58.612344220280647 22.253011330962181 8.284129247069357 7.3238816410303107
leaf_count=110 37 33 813 30 239 35 283 410 146 248 92 35 30
internal_value=0 -0.00603458 0.0033672 0.0170661 0.0243698 -0.00907685 -0.0201512 -0.00184585 -6.19359e-05 0.00297324 -0.0143017 0.0278744 -0.00858277
internal_weight=611.839 218.615 393.224 80.849 64.4856 202.641 76.6103 126.031 312.375 255.249 57.1259 15.9738 16.3634
internal_count=2541 906 1635 336 269 838 318 520 1299 1061 238 68 67
is_linear=0
shrinkage=0.05


Tree=39
num_leaves=11
num_cat=0
split_feature=34 116 8 114 109 3 38 24 95 123
split_gain=4.81056 5.11036 5.75089 5.53313 6.58679 5.88462 5.17403 3.41534 2.83482 1.26169
threshold=8.5500000000000025 1.1766392429792634 1.8333333333333337 1.3333014098485532 0.2934995130525459 1.6388288333333334 1.3287888500000002 1.2327576000000005 -0.057877999999999867 0.62698237202366836
decision_type=2 2 2 2 2 2 2 2 2 2
left_child=1 3 6 5 -5 -1 -3 -2 -4 -9
right_child=7 2 8 4 -6 -7 -8 9 -10 -11
leaf_value=-0.014062723144216567 -0.0020756432034764534 0 0.02746765274395337 0.0048395329063367475 -0.025343591914423903 0.0083652726216250067 -0.046350000398884456 0.044444326583912647 -0.012885225206351297 0.0045147200720270118
leaf_weight=107.34287650883198 6.7975250333547619 7.3677376210689571 6.9958179444074631 387.1823655217886 17.561299964785576 36.313419938087463 17.732711270451546 10.670936197042467 7.0719249099493009 6.4145527482032767
leaf_count=441 29 30 29 1610 72 150 73 48 29 30
internal_value=0 -0.000903699 -0.0181398 0.000267114 0.00334746 -0.00802909 -0.0323465 0.0215407 0.00435485 0.0332964
internal_weight=611.451 587.568 39.1682 548.4 404.744 143.656 25.1004 23.883 14.0677 17.0855
internal_count=2541 2434 161 2273 1682 591 103 107 58 78
is_linear=0
shrinkage=0.05


Tree=40
num_leaves=9
num_cat=0
split_feature=27 74 52 123 123 66 82 30
split_gain=4.7494 5.05489 6.43528 6.03987 6.03108 4.96092 3.5656 1.22814
threshold=8.3000000000000025 1.0000000180025095e-35 1.8333333333333337 0.6600694920096648 0.71320784803465076 1.4500000000000002 -0.18648166666666674 1.6785133500000005
decision_type=2 2 2 2 2 2 2 2
left_child=1 2 6 5 -5 -3 -1 -4
right_child=-2 3 7 4 -6 -7 -8 -9
leaf_value=0.023816442648007675 0.032215805950822948 -0.0053114938284242064 -0.049921525986284174 0.028681388502457019 -0.004361778377435164 0.0047052576241798641 -0.01233568326280228 -0.0087298391265123749
leaf_weight=8.6798017919063586 10.236056730151175 286.2489610016346 11.504685655236246 35.024643570184708 18.19703483581543 212.99768668413162 21.497268974781036 6.6412094533443442
leaf_count=36 45 1174 47 158 80 886 88 27
internal_value=0 -0.000593634 -0.0159751 0.000687838 0.0165894 -0.000937151 0 -0.0387007
internal_weight=611.027 600.791 48.323 552.468 53.2217 499.247 30.1771 18.1459
internal_count=2541 2496 198 2298 238 2060 124 74
is_linear=0
shrinkage=0.05


Tree=41
num_leaves=9
num_cat=0
split_feature=44 11 38 111 38 81 106 81
split_gain=4.70745 4.88677 7.75305 6.43519 7.02081 6.96183 5.80693 5.51676
threshold=0.83333333333333337 8.8333333333333339 1.6186668 1.0513414635458467 2.0257658500000004 -0.084392166666666699 2.5250000000000004 -0.0095878333333334603
decision_type=2 2 2 2 2 2 2 2
left_child=1 2 6 5 -5 -3 -1 -4
right_child=-2 3 7 4 -6 -7 -8 -9
leaf_value=0.0016170702880875598 -0.039159227003041683 0.02180341738852816 0.011755302821790858 -0.0038318442008391448 0.01741003335757656 0 -0.036511105179695164 -0.013593000595166244
leaf_weight=10.934668108820913 6.5779669582843772 77.371736541390419 47.763614982366562 287.47592453658581 43.695813715457916 68.908393740653992 30.684805884957314 37.175124675035477
leaf_count=45 27 325 198 1193 186 287 127 153
internal_value=0 0.000494974 -0.00810008 0.00288994 -0.000834626 0.0116101 -0.0255176 5.02284e-05
internal_weight=610.588 604.01 126.558 477.452 331.172 146.28 41.6195 84.9387
internal_count=2541 2514 523 1991 1379 612 172 351
is_linear=0
shrinkage=0.05


Tree=42
num_leaves=15
num_cat=0
split_feature=68 118 69 91 46 27 14 70 77 39 3 12 102 74
split_gain=4.46945 6.53285 6.41213 6.84213 6.29962 7.69906 7.68067 5.98367 5.98284 7.01713 6.10945 3.19656 4.93373 4.26157
threshold=0.31666666666666671 65.050000000000011 1.267857142857143 2.100000000000001 1.8333333333333337 3.3666666666666671 1.1000000000000003 1.9500000000000002 0.29285714285714287 14.450000000000001 1.7542165000000003 3.5833333333333335 6.5000000000000009 0.21111111111111114
decision_type=2 2 2 2 2 2 2 2 2 2 2 2 2 2
left_child=1 4 7 -4 5 -1 -6 -3 9 10 -2 12 -10 -13
right_child=8 2 3 -5 6 -7 -8 -9 11 -11 -12 13 -14 -15
leaf_value=-0.03329544883077902 -0.034882165930713201 -0.0089742632061087027 0.016072324085181406 -0.009327598907389564 0.0036793370657077248 0.0053673449563059568 -0.034345628790649799 0.014516772707470199 -0.0064963838263442687 0.021705819449771582 0.0047064635121481704 -0.021740402928514636 0.03669375389305421 0.010693799176452291
leaf_weight=13.618735194206236 42.292003884911537 93.336686551570892 165.74231846630573 28.208075389266014 17.888089999556541 104.86556166410446 33.079759702086449 36.297501370310783 9.0585074871778506 6.8079655170440665 9.5622206032276136 20.479161664843559 12.847614541649817 16.11659736931324
leaf_count=56 173 384 705 122 74 433 136 151 37 28 39 84 53 66
internal_value=0 0.00209057 0.00632295 0.0120928 -0.0056879 0.000263463 -0.0202239 -0.00195326 -0.00873427 -0.0199612 -0.0266849 0.0018294 0.0171473 -0.00622209
internal_weight=610.201 493.037 323.585 193.95 169.452 118.484 50.9678 129.634 117.164 58.6622 51.8542 58.5019 21.9061 36.5958
internal_count=2541 2061 1362 827 699 489 210 535 480 240 212 240 90 150
is_linear=0
shrinkage=0.05


Tree=43
num_leaves=8
num_cat=0
split_feature=27 38 18 39 68 111 67
split_gain=4.30203 4.62898 11.2945 7.42838 6.49163 7.95107 4.90275
threshold=8.3000000000000025 1.6079194000000003 8.1000000000000014 10.612500000000002 0.31666666666666671 1.0488891146785886 0.11250000000000002
decision_type=2 2 2 2 2 2 2
left_child=1 2 -1 -4 5 -3 -6
right_child=-2 4 3 -5 6 -7 -8
leaf_value=-0.069016831501267611 0.030808519011893104 -0.012744227381967491 -0.01726730956459083 0.00092213183661945565 -0.040600208878343987 0.011731986618494306 -0.0025080433161571939
leaf_weight=5.8100811392068854 10.126981511712073 37.093946740031242 71.686570793390274 227.4138139039278 10.314328521490095 198.67252185940742 48.575982004404068
leaf_count=24 45 158 297 941 42 835 199
internal_value=0 -0.000567979 -0.00495074 -0.0033138 0.00379959 0.00763232 -0.0105811
internal_weight=609.694 599.567 304.91 299.1 294.657 235.766 58.8903
internal_count=2541 2496 1262 1238 1234 993 241
is_linear=0
shrinkage=0.05


Tree=44
num_leaves=12
num_cat=0
split_feature=116 114 109 111 39 3 8 18 108 89 11
split_gain=4.20764 5.47275 6.13391 6.26032 5.60551 5.60859 4.95519 5.11602 5.56935 4.0758 3.22146
threshold=1.1766392429792634 1.3333014098485532 0.2934995130525459 1.0534877110141743 17.225000000000005 1.5384233333333337 1.8333333333333337 17.900000000000002 0.38737646228317874 -0.11188850000000004 10.833333333333334
decision_type=2 2 2 2 2 2 2 2 2 2 2
left_child=1 4 3 -3 5 -1 7 8 -2 -4 -8
right_child=6 2 9 -5 -6 -7 10 -9 -10 -11 -12
leaf_value=-0.016431664202835105 -0.00098695815330411595 0.012290784498902104 0 0 0.035063563727839156 0.0042766605639924194 -0.0095843442354988373 0.0054659667141340029 -0.058960446901019682 -0.046582421573810137 0.03296484426455127
leaf_weight=94.855248153209686 8.5637306869030052 183.14510723948479 9.4851109981536883 220.73297131061554 6.0505962818860999 44.08061221241951 8.9282821267843229 6.1568829268217078 12.86751379072666 8.4161403030157071 5.9932731986045829
leaf_count=390 35 770 39 923 26 182 37 26 53 35 25
internal_value=0 0.00113502 0.00409072 0.00548183 -0.00709003 -0.00952055 -0.0149985 -0.0275623 -0.0391005 -0.023279 0.0053623
internal_weight=609.275 566.766 421.779 403.878 144.986 138.936 42.5097 27.5881 21.4312 17.9013 14.9216
internal_count=2541 2365 1767 1693 598 572 176 114 88 74 62
is_linear=0
shrinkage=0.05


Tree=45
num_leaves=11
num_cat=0
split_feature=34 106 80 61 20 123 35 100 24 123
split_gain=4.17167 4.82967 6.37279 9.8959 6.53553 5.90471 7.60611 6.85852 3.11375 1.24499
threshold=8.5500000000000025 2.9750000000000005 -1.0712491666666666 1.0000000180025095e-35 3.1000000000000005 0.59429115786893094 2.1125000000000003 0.11805555555555557 1.2327576000000005 0.62698237202366836
decision_type=2 2 2 2 2 2 2 2 2 2
left_child=1 2 3 -1 -4 7 -7 -3 -2 -10
right_child=8 5 4 -5 -6 6 -8 -9 9 -11
leaf_value=-0.025883896618848323 -0.0020947749525063483 0.016676255714819652 -0.043505638457565651 0.030362646502675478 -0.0053894002269800146 0.019519117233972275 -0.031629310359908847 -0.0078086638064514564 0.042581404912825686 0.0032584436667696774
leaf_weight=9.0847323685884458 6.7841444164514568 37.101757198572159 11.229603335261343 27.031225755810738 303.69967073202133 80.588885068893433 6.3933992981910697 110.09580610692501 10.457565084099771 6.3319677114486685
leaf_count=37 29 153 46 112 1258 348 28 452 48 30
internal_value=0 -0.000865803 -0.00464183 0.0145509 -0.0070402 0.00457769 0.0148745 -0.00122887 0.0201624 0.0315787
internal_weight=608.799 585.225 351.045 36.116 314.929 234.18 86.9823 147.198 23.5737 16.7895
internal_count=2541 2434 1453 149 1304 981 376 605 107 78
is_linear=0
shrinkage=0.05


Tree=46
num_leaves=9
num_cat=0
split_feature=44 12 0 24 95 121 38 7
split_gain=4.15414 4.4909 6.2935 5.7836 6.47201 5.31678 5.16163 5.03338
threshold=0.83333333333333337 2.5833333333333335 1.8333333333333337 2.4649544000000003 -0.074588149999999728 47.915000000000013 2.4126795000000008 0.83333333333333337
decision_type=2 2 2 2 2 2 2 2
left_child=1 2 7 4 -3 -4 -5 -1
right_child=-2 3 5 6 -6 -7 -8 -9
leaf_value=0.0077292101170208603 -0.036928648893882352 0.0066669722351006952 -0.048162700101574252 0.045722667726441006 -0.004734128210588052 0 0 -0.023692698349925309
leaf_weight=43.811476081609726 6.5304209589958182 251.60727587342262 15.243301481008531 13.142431989312174 241.35740216076374 9.4705542176961881 10.56242913007736 16.661770790815353
leaf_count=181 27 1053 63 57 1005 40 46 69
internal_value=0 0.000438533 -0.0100245 0.00227626 0.000985444 -0.0307959 0.0259697 -0.000359468
internal_weight=608.387 601.857 85.1871 516.67 492.965 24.7139 23.7049 60.4732
internal_count=2541 2514 353 2161 2058 103 103 250
is_linear=0
shrinkage=0.05


Tree=47
num_leaves=15
num_cat=0
split_feature=66 83 46 12 15 25 128 80 99 120 102 9 115 124
split_gain=4.01005 6.11573 5.85981 6.83677 7.8831 6.07052 8.03116 5.77467 8.95758 5.23788 4.59934 4.58989 4.47557 4.45313
threshold=1.4500000000000002 0.83333333333333359 1.8333333333333337 2.1666666666666674 1.1000000000000003 14.300000000000002 0.84612691599206025 0.0079383333333329937 0.11805555555555557 1.0000000180025095e-35 5.5000000000000009 0.67249250000000005 1.3333014098485532 0.54379167120943206
decision_type=2 2 2 2 2 2 2 2 2 2 2 2 2 2
left_child=1 7 3 11 -5 6 -4 9 -9 -1 13 -2 -12 -3
right_child=2 10 5 4 -6 -7 -8 8 -10 -11 12 -13 -14 -15
leaf_value=0.0082943413428196461 -0.040336352508506056 0.030810902329480513 -0.03643133047090806 0.002906702258206704 0.023814029696574122 0.021289328310005455 0.020329184588396831 0.01517378057410166 -0.016851429886779967 -0.014253756295025509 0 0.0012827350077833889 -0.046137235098046035 -0.02381236400119912
leaf_weight=154.03748887777328 10.378593340516092 6.1239027529954893 24.98407302796841 130.75879268348217 73.958415672183037 8.0793635100126249 6.2552655637264243 25.819658502936363 95.344831466674805 28.666718780994415 7.5391972362995174 10.62375135719776 18.78814397752285 6.7068581283092499
leaf_count=638 43 25 103 555 314 34 28 107 394 119 31 44 78 28
internal_value=0 -0.00359552 0.00457881 0.00782458 0.010782 -0.0125462 -0.0232369 -0.000995579 -0.00954936 0.00442598 -0.0219989 -0.0179099 -0.0336444 0
internal_weight=608.065 343.027 265.038 225.72 204.717 39.3187 31.2393 303.869 121.164 182.704 39.1581 21.0023 26.3273 12.8308
internal_count=2541 1420 1121 956 869 165 131 1258 501 757 162 87 109 53
is_linear=0
shrinkage=0.05


Tree=48
num_leaves=16
num_cat=0
split_feature=118 67 63 109 56 18 80 52 36 75 41 10 96 11 110
split_gain=4.16896 8.13565 7.53154 6.73435 6.68936 7.94753 7.91765 6.65295 6.4902 6.00186 5.95038 5.83047 5.77286 5.41511 4.80071
threshold=73.750000000000014 0.38750000000000007 1.2250000000000003 0.2494501015382686 0.36666666666666675 13.266666666666667 -0.36676183333333329 1.8333333333333337 1.0500000000000003 1.3166666666666669 4.5857142857142863 1.8386796666666669 0.22277234999999987 13.833333333333334 0.23791461157918761
decision_type=2 2 2 2 2 2 2 2 2 2 2 2 2 2 2
left_child=3 2 14 7 6 -6 -5 8 -1 10 -3 -9 -11 -4 -2
right_child=1 9 13 4 5 -7 -8 11 -10 12 -12 -13 -14 -15 -16
leaf_value=-0.0064745053528412512 -0.013350357113599437 0.017277354520226648 -0.026458016660310835 0.011112132621277984 -0.035824810975242531 -0.00076857028620581382 -0.012494020834642081 -0.028571124434236241 0.017104954992657601 0.0344748185193181 -0.019048387257132569 0.0023000063197013494 0 0.005112420664476024 0.022123979311203853
leaf_weight=37.661343529820442 11.175898537039755 23.926935940980911 39.715527385473251 59.022061139345169 40.72928623855114 31.383720278739929 83.419914856553078 23.806800931692123 94.730935379862785 45.129338160157204 19.491267561912537 32.848691210150719 18.53623341023922 16.390081197023392 29.742871358990669
leaf_count=156 46 101 164 241 167 129 342 101 406 194 81 141 80 69 123
internal_value=0 0.00578126 -0.00429224 -0.00296921 -0.00908169 -0.0214713 -0.00235476 0.00371619 0.0100243 0.0153263 0 -0.0100755 0.0249929 -0.0164318 0.011155
internal_weight=607.711 204.108 97.0244 403.603 214.555 72.113 142.442 189.048 132.392 107.084 43.4182 56.6555 63.6656 56.1056 40.9188
internal_count=2541 858 402 1683 879 296 583 804 562 456 182 242 274 233 169
is_linear=0
shrinkage=0.05


Tree=49
num_leaves=5
num_cat=0
split_feature=12 13 44 128
split_gain=3.87321 5.07948 4.52398 4.18092
threshold=8.5000000000000018 9.1666666666666696 0.83333333333333337 0.8490362419958889
decision_type=2 2 2 2
left_child=1 2 3 -1
right_child=-2 -3 -4 -5
leaf_value=-0.0014922699373368512 -0.036991223261311559 0.037765579373009478 -0.039426163235803523 0.0097275074041057799
leaf_weight=488.23557904362679 6.005341723561286 7.9692452996969214 6.2393975108861914 98.58730012178421
leaf_count=2018 25 35 26 437
internal_value=0 0.000401925 -7.87073e-05 0.000320955
internal_weight=607.037 601.032 593.062 586.823
internal_count=2541 2516 2481 2455
is_linear=0
shrinkage=0.05


Tree=50
num_leaves=16
num_cat=0
split_feature=118 67 41 31 101 64 1 80 80 116 84 65 5 88 31
split_gain=3.77735 7.37218 7.03402 11.1486 6.06923 5.87479 8.81238 5.47222 10.8559 9.38439 8.75024 8.31067 7.13821 6.49278 4.509
threshold=73.750000000000014 0.38750000000000007 4.2111111111111121 1.4814152500000002 2.3484848484848491 1.9000000000000001 0.83333333333333337 1.0000000180025095e-35 0.36028583333333336 0.58364028018762049 -0.49999999999999994 0.22500000000000003 3.8333333333333335 0.19605379999999997 1.3387167000000002
decision_type=2 2 2 2 2 2 2 2 2 2 2 2 2 2 2
left_child=7 2 3 -2 -4 6 -3 10 9 -9 13 -10 -12 -1 -7
right_child=1 5 4 -5 -6 14 -8 8 11 -11 12 -13 -14 -15 -16
leaf_value=0.024087236276074477 -0.013576898495938579 0.0006204924857551549 -0.044763443827935456 0.039743633324000577 -0.0051012506235981964 0.0074038588672776674 0.033889880663619511 -0.031885579843839294 0.013012813733853164 0.010038405207198195 -0.020547862122870075 -0.011767064194048119 0.0042439576347857496 -0.0077800466782513514 -0.038271922829714984
leaf_weight=59.926160842180252 17.408869951963425 38.000277668237686 12.57926759123802 18.213463544845581 48.779156371951103 11.746597439050676 49.732741758227348 62.137328818440437 64.260987430810928 14.313499882817267 46.321575075387955 69.240772366523743 68.634011849761009 18.280909538269043 7.2028355300426474
leaf_count=249 71 161 52 76 203 51 214 258 272 60 192 288 288 76 30
internal_value=0 0.00550098 -0.00406318 0.0126611 -0.0146218 0.0146167 0.0202126 -0.00283593 -0.00846989 -0.0233625 0.00304231 0 -0.00540581 0.0160028 -0.0084997
internal_weight=606.778 203.663 96.9808 35.6223 61.3584 106.682 87.733 403.115 209.953 76.4508 193.163 133.502 114.956 78.2071 18.9494
internal_count=2541 858 402 147 255 456 375 1683 878 318 805 560 480 325 81
is_linear=0
shrinkage=0.05


Tree=51
num_leaves=12
num_cat=0
split_feature=116 114 109 111 39 3 8 123 89 99 14
split_gain=3.83847 4.63328 5.23317 5.69935 5.07406 4.98212 4.31111 4.82725 3.70699 2.84011 2.60649
threshold=1.1766392429792634 1.3333014098485532 0.2934995130525459 1.0534877110141743 17.225000000000005 1.6388288333333334 1.8333333333333337 0.51764145331628086 -0.11188850000000004 0.42261904761904767 1.7083333333333337
decision_type=2 2 2 2 2 2 2 2 2 2 2
left_child=1 4 3 -3 5 -1 7 -2 -4 -9 -8
right_child=6 2 8 -5 -6 -7 10 9 -10 -11 -12
leaf_value=-0.014494652541515491 -0.050703284737612611 0.011615654545262363 0 -0.00011021192822975183 0.033728589809255763 0.0063180998014331601 0.024305039062989628 0.01253484000657412 -0.043936412719440446 -0.025302182907924981 -0.013554456239646488
leaf_weight=103.21772061288357 11.106033444404604 182.03123493492603 9.4523282200098055 219.80458824336529 5.992676466703414 35.197753041982651 8.2050295025110227 7.8411579430103329 8.3086649030446988 8.4863632917404157 6.5956552177667609
leaf_count=426 46 770 39 923 26 146 34 33 35 35 28
internal_value=0 0.00106476 0.0037985 0.00509312 -0.00650614 -0.00883617 -0.0143924 -0.0261318 -0.0215369 -0.00457095 0.00447915
internal_weight=606.239 564.005 419.597 401.836 144.408 138.415 42.2342 27.4336 17.761 16.3275 14.8007
internal_count=2541 2365 1767 1693 598 572 176 114 74 68 62
is_linear=0
shrinkage=0.05


Tree=52
num_leaves=13
num_cat=0
split_feature=39 38 76 24 81 41 59 20 117 92 85 72
split_gain=3.68838 7.66278 8.24161 7.39081 7.21191 6.03755 6.32811 5.53832 7.96778 6.13246 4.73669 4.60965
threshold=10.535714285714286 1.6186668 1.4222222222222223 2.4649544000000003 0.0040508333333333377 4.2111111111111121 0.55000000000000016 6.2250000000000005 53.899999999999999 -1.0000000180025095e-35 0.20000000000000015 1.1055555555555558
decision_type=2 2 2 2 2 2 2 2 2 2 2 2
left_child=1 7 10 5 -4 6 -2 8 -1 -9 -3 -7
right_child=3 2 4 -5 -6 11 -8 9 -10 -11 -12 -13
leaf_value=0.015338393443279877 0.020386390268973334 0.035278389126073749 0.0046906691112791497 0.043054546644383032 -0.020472027127732301 -0.013978163192415936 -0.019744609178019092 0.038974369979779072 -0.037106065170225154 -0.015138942488609433 0 0.0014038828629974781
leaf_weight=6.709284931421279 64.20798747241497 22.541152790188789 65.442999377846718 10.209388881921766 46.338173687458038 58.652930274605751 9.5081747323274595 6.547592073678973 40.398569852113724 15.869768530130385 12.490659549832342 246.84927859902382
leaf_count=28 269 93 275 45 195 244 40 27 168 67 53 1037
internal_value=0 -0.00526124 0.000917703 0.00286507 -0.00538606 0.00154119 0.014346 -0.018846 -0.0284338 0 0.022011 -0.00142213
internal_weight=605.766 216.338 146.813 389.428 111.781 379.218 73.7162 69.5252 47.1079 22.4174 35.0318 305.502
internal_count=2541 906 616 1635 470 1590 309 290 196 94 146 1281
is_linear=0
shrinkage=0.05


Tree=53
num_leaves=8
num_cat=0
split_feature=27 106 95 95 67 88 95
split_gain=3.53688 3.93768 5.57519 7.30218 7.16185 5.54379 7.87717
threshold=8.3000000000000025 2.9750000000000005 -0.3971999499999998 -0.17198720000000015 0.21111111111111114 -0.90792319999999982 -0.089193566666666765
decision_type=2 2 2 2 2 2 2
left_child=1 2 4 -4 -1 -3 -7
right_child=-2 5 3 -5 -6 6 -8
leaf_value=-0.010484030833058081 0.028227291532162947 -0.029500527897928737 -0.020231762827898937 -0.0019818421155630905 0.02413402420927058 0.015858496623095363 -0.0024286246577699165
leaf_weight=22.310723140835762 9.8756311982870084 10.057063475251196 74.983533605933189 226.19775031507015 35.162753596901894 109.26186218857765 117.53654102981091
leaf_count=92 45 43 311 945 148 464 493
internal_value=0 -0.000544284 -0.00391817 -0.00674281 0.00989102 0.00434935 0.00619279
internal_weight=605.386 595.51 358.655 301.181 57.4735 236.855 226.798
internal_count=2541 2496 1496 1256 240 1000 957
is_linear=0
shrinkage=0.05


Tree=54
num_leaves=6
num_cat=0
split_feature=12 11 44 88 11
split_gain=3.57077 4.62672 4.05567 4.31491 2.43126
threshold=8.5000000000000018 19.166666666666668 0.83333333333333337 -0.41055809999999993 20.416666666666668
decision_type=2 2 2 2 2
left_child=1 2 3 -1 -3
right_child=-2 4 -4 -5 -6
leaf_value=0.0081185108832361168 -0.035492131364273462 0.048947506044116296 -0.037591693719742754 -0.0021030249176074325 0
leaf_weight=132.83288544416428 6.0179726779460898 6.389609679579733 6.1831908673048011 447.05295017361641 6.6164471507072449
leaf_count=560 25 28 26 1873 29
internal_value=0 0.000379556 -0.000214236 0.000162265 0.0288113
internal_weight=605.093 599.075 586.069 579.886 13.0061
internal_count=2541 2516 2459 2433 57
is_linear=0
shrinkage=0.05


Tree=55
num_leaves=12
num_cat=0
split_feature=74 52 128 90 37 82 100 91 36 82 111
split_gain=3.58464 6.66901 5.74215 6.3055 6.4277 5.13229 4.83752 6.52183 5.07102 3.26843 1.29135
threshold=1.0000000180025095e-35 1.8333333333333337 0.8490362419958889 -1.0999999999999996 1.1229202000000005 -0.18648166666666674 0.34848484848484856 1.1000000000000008 1.7071428571428573 0.31829500000000005 1.0553359501695418
decision_type=2 2 2 2 2 2 2 2 2 2 2
left_child=1 5 6 -4 -5 -1 8 -8 -2 -7 -3
right_child=2 10 3 4 -6 9 7 -9 -10 -11 -12
leaf_value=0.02916982942633721 -0.0077369803320998859 -0.014841745705796057 -0.019486017470291855 0 0.029410951466428348 -0.031097414233210122 0.016179456757675105 -0.016473115165219585 0.0044922990893802679 0.0034119673636218012 -0.054739056921509446
leaf_weight=10.013645306229593 253.09608507156372 10.438008338212969 11.202610373497008 34.139023035764694 47.250413730740547 10.885757476091387 71.634569898247719 17.10172039270401 120.89974573254585 10.717845886945723 7.5572303533554068
leaf_count=43 1049 43 48 150 217 45 297 71 503 44 31
internal_value=0 -0.0127744 0.00112363 0.0124629 0.0176505 0 -0.00105951 0.00921585 -0.00364891 -0.0123713 -0.0362288
internal_weight=604.937 49.6125 555.324 92.592 81.3894 31.6172 462.732 88.7363 373.996 21.6036 17.9952
internal_count=2541 206 2335 415 367 132 1920 368 1552 89 74
is_linear=0
shrinkage=0.05


Tree=56
num_leaves=13
num_cat=0
split_feature=116 58 111 89 106 95 88 108 18 8 9 14
split_gain=3.4328 4.66788 16.7983 9.62813 7.61602 6.18052 7.54943 4.02741 5.59639 4.61534 2.19946 1.05544
threshold=1.1766392429792634 1.3666666666666669 1.0515188545632836 0.20892122000000005 3.3750000000000004 -0.68560379999999999 -0.34053859999999986 0.38385237628442365 19.100000000000005 1.8333333333333337 1.5822620000000003 1.3666666666666669
decision_type=2 2 2 2 2 2 2 2 2 2 2 2
left_child=1 2 3 -1 -4 10 -7 11 9 -9 -3 -2
right_child=7 5 4 -5 -6 6 -8 8 -10 -11 -12 -13
leaf_value=0.035017615715838578 0.02177978824573271 -0.045295193123560222 -0.0063965395016027356 -0.004182722143156359 0.028689618506516468 0.01239344589517298 -0.0056807992603073879 -0.051655519098949679 0.013112869644933883 -0.001432342991064224 0 -0.00100317584339462
leaf_weight=59.614140838384628 6.0381477326154691 10.329237669706346 147.91407087445259 17.932791948318481 15.99785430729389 75.614772334694862 228.62576685845852 14.635940641164785 5.7764110416173926 9.5874352902173978 6.3182460367679587 6.0531856119632721
leaf_count=253 25 43 621 76 69 321 955 61 25 40 27 25
internal_value=0 0.00100109 0.00630416 0.0253781 -0.00251572 -0.00284117 -0.000999005 -0.0136403 -0.0236772 -0.0346047 -0.0317101 0.00734943
internal_weight=604.438 562.347 241.459 77.5469 163.912 320.888 304.241 42.0911 29.9998 24.2234 16.6475 12.0913
internal_count=2541 2365 1019 329 690 1346 1276 176 126 101 70 50
is_linear=0
shrinkage=0.05


Tree=57
num_leaves=12
num_cat=0
split_feature=34 116 38 24 124 101 34 57 3 24 82
split_gain=3.4269 3.80277 7.47606 7.23753 5.96434 5.50798 4.71062 4.23046 3.2011 2.99177 0.439998
threshold=8.5500000000000025 0.16704412984027731 2.0757756000000005 1.1485662700000001 0.611626708600152 2.2928571428571431 5.3166666666666673 1.7750000000000001 0.75091000000000008 1.3320671000000002 -0.13527750000000002
decision_type=2 2 2 2 2 2 2 2 2 2 2
left_child=1 4 3 -3 5 -1 -6 -4 -2 -10 -11
right_child=8 2 7 -5 6 -7 -8 -9 9 10 -12
leaf_value=-0.013839010048728451 0.045713072085868098 0.011279606430914262 0.033473563874044786 -0.017523771140797541 0.029837162234675075 0.0018616715036785453 0.00291083926542817 -0.009560692329012653 -0.020250667467323003 0 0.030577926119329121
leaf_weight=67.952785044908524 6.6945141106843975 24.081402614712715 14.819574773311617 111.91372014582157 29.213006675243378 280.75468136370182 46.163208872079849 6.0165398567914954 5.9470828473567989 5.2604469209909475 5.2404302358627266
leaf_count=282 31 98 63 466 124 1173 202 26 26 25 25
internal_value=0 -0.000814999 -0.00749732 -0.0120133 0.0015504 -0.00108577 0.0142552 0.0188886 0.0184079 0.00244574 0.0202903
internal_weight=604.057 580.915 156.831 135.995 424.084 348.707 75.3762 20.8361 23.1425 16.448 10.5009
internal_count=2541 2434 653 564 1781 1455 326 89 107 76 50
is_linear=0
shrinkage=0.05


Tree=58
num_leaves=9
num_cat=0
split_feature=47 109 91 52 54 44 112 124
split_gain=3.33399 4.18596 6.13515 6.10061 4.82295 2.49075 1.945 1.76739
threshold=0.83333333333333337 0.14449823711590609 1.8333333333333337 1.8333333333333337 1.7750000000000001 1.0000000180025095e-35 0.49806520720358843 0.4728974666447846
decision_type=2 2 2 2 2 2 2 2
left_child=1 5 4 -4 -3 7 -7 -1
right_child=-2 2 3 -5 -6 6 -8 -9
leaf_value=0.0022059647960653182 -0.026118697002093107 -0.0016928042896345479 0.0023989907651002216 -0.036275682425369528 0.0094594937347657494 -0.017320141400029524 0.017345590818942543 0.044479736062476932
leaf_weight=6.8869828730821672 10.996224820613859 400.37482325732708 14.101896166801451 21.934759616851807 125.5266979187727 6.0709093362092963 8.1113163381814939 9.6803835928440076
leaf_count=30 45 1673 60 92 533 26 36 46
internal_value=0 0.000504837 -0.000405578 -0.0201353 0.000887129 0.0182059 0 0.0308788
internal_weight=603.684 592.688 561.938 36.0367 525.902 30.7496 14.1822 16.5674
internal_count=2541 2496 2358 152 2206 138 62 76
is_linear=0
shrinkage=0.05


Tree=59
num_leaves=13
num_cat=0
split_feature=74 64 82 128 106 85 17 41 27 94 82 3
split_gain=3.21048 6.07245 5.44735 5.00949 6.79362 5.61515 5.4797 4.68601 7.54362 5.8288 3.83761 2.77004
threshold=1.0000000180025095e-35 2.2250000000000005 -0.070379666666666715 0.8490362419958889 2.8583333333333338 0.19999999999999987 1.7127853000000002 4.4142857142857155 4.2666666666666675 -0.25183185000000013 0.31829500000000005 1.157445666666667
decision_type=2 2 2 2 2 2 2 2 2 2 2 2
left_child=1 2 11 7 6 -6 -5 9 -9 -2 -4 -1
right_child=3 -3 10 4 5 -7 -8 8 -10 -11 -12 -13
leaf_value=-0.0040797956420110543 0.0137992675435284 -0.054098137139034275 -0.035967847893918693 0.0072962834402343999 0.0073584285048693514 0.047868925078564245 -0.033531094329244768 -0.024376380909284852 -0.0013781712460026049 -0.0029009526210752724 0 0.031212918910268235
leaf_weight=5.9579278379678753 93.510810762643814 6.526253566145896 13.571394801139833 41.904166743159294 23.372728437185287 17.528763502836227 9.1528744399547559 43.148965835571289 217.29329837858677 108.04301653802395 12.390060111880301 11.013095319271086
leaf_count=25 388 27 56 185 107 84 39 178 902 452 51 47
internal_value=0 -0.0120922 -0.0034826 0.00108066 0.0117138 0.026641 0 -0.000948574 -0.00545833 0.00463013 -0.0185293 0.0165031
internal_weight=603.413 49.4587 42.9325 553.955 91.9585 40.9015 51.057 461.996 260.442 201.554 25.9615 16.971
internal_count=2541 206 179 2335 415 191 224 1920 1080 840 107 72
is_linear=0
shrinkage=0.05


Tree=60
num_leaves=15
num_cat=0
split_feature=11 38 25 13 101 111 58 89 31 13 38 91 35 64
split_gain=3.20361 5.67391 5.42322 5.26353 5.17917 4.98259 6.49288 7.39491 5.66447 11.7356 8.47209 5.14484 3.57617 1.88047
threshold=8.8333333333333339 1.6426091000000003 10.450000000000001 4.416666666666667 2.1180555555555558 1.0513414635458467 1.3666666666666669 0.20892122000000005 1.7068589000000001 5.166666666666667 2.0257658500000004 -0.20000000000000001 0.77500000000000013 1.7750000000000001
decision_type=2 2 2 2 2 2 2 2 2 2 2 2 2 2
left_child=1 2 12 4 -3 6 7 -2 10 -10 -7 -8 -1 -5
right_child=5 3 -4 13 -6 8 11 -9 9 -11 -12 -13 -14 -15
leaf_value=0 0.031542431673403523 -0.017660512556744151 0.012710433266545555 0 0.013869015320825923 -0.0077983097804105025 -0.0093089661735250035 -0.0055775284241962398 -0.0036048257388869606 0.042591055310573979 0.018793126713224795 0.015840943599460439 -0.036467002209274298 -0.044971004738287766
leaf_weight=6.2273952960968009 46.872636377811432 14.999943792819975 7.0682316273450843 5.9614783376455289 54.381826266646385 244.66943402588367 51.574764981865883 15.330171197652815 34.466971606016159 20.046833634376526 32.319828003644943 32.100713029503822 30.401056945323944 6.4991530328989029
leaf_count=26 201 62 29 25 228 1020 217 65 145 88 142 137 129 27
internal_value=0 -0.0071006 -0.0214492 0.000123161 0.00618803 0.00184539 0.00955803 0.0216594 -0.00141673 0.0129437 -0.00445925 0 -0.0295324 -0.0278829
internal_weight=602.92 125.539 43.6967 81.8424 69.3818 477.381 145.878 62.2028 331.503 54.5138 276.989 83.6755 36.6285 12.4606
internal_count=2541 526 184 342 290 2015 620 266 1395 233 1162 354 155 52
is_linear=0
shrinkage=0.05


Tree=61
num_leaves=5
num_cat=0
split_feature=12 13 44 88
split_gain=3.18597 4.1196 3.72377 3.53524
threshold=8.5000000000000018 9.1666666666666696 0.83333333333333337 -0.41055809999999993
decision_type=2 2 2 2
left_child=1 2 3 -1
right_child=-2 -3 -4 -5
leaf_value=0.007449975079327595 -0.033493684797742611 0.034511096797565512 -0.036031767143273295 -0.0017474582390462883
leaf_weight=134.48730501532555 6.0285723954439154 7.7130130529403678 6.1314655393362036 447.89133274555206
leaf_count=571 25 35 26 1884
internal_value=0 0.000366186 -5.42843e-05 0.000299905
internal_weight=602.252 596.223 588.51 582.379
internal_count=2541 2516 2481 2455
is_linear=0
shrinkage=0.05


Tree=62
num_leaves=16
num_cat=0
split_feature=118 43 101 109 92 2 56 52 79 11 80 77 42 116 88
split_gain=3.21768 6.52827 8.77692 5.63417 7.92502 6.31879 6.00258 5.63645 5.47969 5.37584 5.29582 4.66527 7.13027 4.86981 1.59139
threshold=73.750000000000014 1.0000000180025095e-35 2.379807692307693 0.2494501015382686 -0.49999999999999989 1.1187603333333334 0.36666666666666675 1.8333333333333337 0.33333333333333326 12.500000000000002 1.0000000180025095e-35 0.18333333333333338 1.1666666666666667 0.14729045573635893 -0.2685672300000001
decision_type=2 2 2 2 2 2 2 2 2 2 2 2 2 2 2
left_child=3 2 14 7 6 -6 -5 8 -1 -4 -9 12 -3 -13 -2
right_child=1 11 9 4 5 -7 -8 10 -10 -11 -12 13 -14 -15 -16
leaf_value=0.018897807892915189 -0.0086940300859427583 0.039389747510021916 -0.01058234665741827 0.014448093163364852 0.0038668831221350349 -0.02095065095166752 -0.014843903902827069 0.0036188604400627412 -0.00077838541476872526 0.023499594316979757 -0.02564739417876364 0.022891014872406554 -0.016312577176284735 0 -0.057453112627461757
leaf_weight=69.637969419360161 6.0519257932901382 5.9797159582376471 28.497533619403839 50.92949903011322 28.911192998290062 109.05346705019474 24.231555238366127 30.258944913744926 61.507181584835052 17.566753432154655 25.865718632936478 76.903952568769455 27.371891304850578 31.426850691437721 7.8858888894319517
leaf_count=301 25 26 119 209 119 451 100 130 261 75 112 329 117 134 33
internal_value=0 0.00510243 -0.0081583 -0.00262571 -0.00823946 -0.0153998 0.00427709 0.00350738 0.00935523 0.00157568 -0.00920642 0.0110866 -0.00401406 0.0161871 -0.041628
internal_weight=602.08 201.685 60.0021 400.396 213.126 137.965 75.1611 187.27 131.145 46.0643 56.1247 141.682 33.3516 108.331 13.9378
internal_count=2541 858 252 1683 879 570 309 804 562 194 242 606 143 463 58
is_linear=0
shrinkage=0.05


Tree=63
num_leaves=6
num_cat=0
split_feature=16 2 16 101 127
split_gain=3.13896 5.23712 4.35329 4.47448 3.49295
threshold=0.55604480000000012 0.64945188333333348 0.71431540000000016 4.2678571428571432 0.47920601768767107
decision_type=2 2 2 2 2
left_child=-1 4 -3 -4 -2
right_child=1 2 3 -5 -6
leaf_value=0.047820176977994788 -0.045999601759610161 -0.036749917659507518 0.001821830463735183 -0.025303623111110563 0
leaf_weight=2.4064618945121756 9.2915346771478671 6.7019034028053275 560.82629349827766 14.47637604176998 7.7267057150602332
leaf_count=10 38 28 2372 61 32
internal_value=0 -0.000309825 0.000426926 0.00100979 -0.0269062
internal_weight=601.429 599.023 582.005 575.303 17.0182
internal_count=2541 2531 2461 2433 70
is_linear=0
shrinkage=0.05


Tree=64
num_leaves=14
num_cat=0
split_feature=88 75 81 21 121 101 55 114 36 111 106 88 87
split_gain=3.09703 7.89197 5.73888 6.64746 5.13209 7.15147 7.40646 5.79104 6.54281 6.39206 3.75227 2.22866 0.533392
threshold=0.38644669999999998 2.1055555555555561 1.0438931666666666 0.90000000000000013 41.760000000000012 1.8166666666666669 1.0000000180025095e-35 1.3333014098485532 1.5277777777777779 1.0590194710260501 2.7250000000000005 -0.38214530000000008 0.67906970000000022
decision_type=2 2 2 2 2 2 2 2 2 2 2 2 2
left_child=4 2 3 -2 7 11 -7 9 -9 -1 -4 -6 -3
right_child=1 12 10 -5 5 6 -8 8 -10 -11 -12 -13 -14
leaf_value=-0.0091777301620362631 -0.031961476836975228 -0.015848109722001357 -0.00040218878329943675 0.00089190820252209335 -0.0028723969906280819 -0.032651520645244674 0.0016321888923738412 0.0014843690782425259 0.019296860220607739 0.026401183218146336 0.039534387122872501 -0.051363715771156837 -0.059952943812732667
leaf_weight=90.854545071721077 20.820951029658318 6.3963538706302625 7.1065522432327297 42.991529762744904 6.2895790189504615 16.382954880595207 151.97832563519478 117.28139561414719 101.74043102562428 13.210371658205984 10.700574472546576 9.4617261886596662 6.1031161248683929
leaf_count=378 87 27 30 183 26 68 649 492 434 55 48 39 25
internal_value=0 -0.00832588 -0.00180198 -0.00938389 0.00150357 -0.00500334 -0.00158177 0.00536984 0.010036 -0.00397702 0.0217638 -0.0363131 -0.0439329
internal_weight=601.318 94.1191 81.6196 63.8125 507.199 184.113 168.361 323.087 219.022 104.065 17.8071 15.7513 12.4995
internal_count=2541 400 348 270 2141 782 717 1359 926 433 78 65 52
is_linear=0
shrinkage=0.05


Tree=65
num_leaves=16
num_cat=0
split_feature=66 118 42 116 28 25 24 100 98 13 80 38 42 59 79
split_gain=3.08195 7.24637 6.11991 5.80943 5.86831 5.49519 5.48284 4.68684 5.16641 6.40802 4.92816 6.61529 5.21243 4.4684 3.85894
threshold=1.4500000000000002 70.700000000000003 2.6666666666666674 -0.24996935600751688 2.7888888888888892 10.450000000000001 1.5799314000000002 0.37980769230769235 -1.0000000180025095e-35 3.8333333333333335 1.0000000180025095e-35 1.2714219500000001 1.4166666666666667 0.36666666666666675 -0.33333333333333331
decision_type=2 2 2 2 2 2 2 2 2 2 2 2 2 2 2
left_child=7 3 5 14 -5 -3 -4 10 13 -10 12 -12 -1 -9 -2
right_child=1 2 6 4 -6 -7 -8 8 9 -11 11 -13 -14 -15 -16
leaf_value=0.0028172072489882987 0.0037364169451985837 0.0015027188578155583 -0.035959360493415519 0.0071995705691212351 -0.035221743991549391 0.023289748784764044 0.0079977285719705377 0.009009547539995829 0.021313966881887813 -0.036922281893454374 0.00053638678243240838 -0.023563983056790094 -0.022061312796886966 0.053834504761448854 -0.032957002733911389
leaf_weight=150.26752150058746 6.5139745622873333 52.871309459209442 11.155167028307917 63.584525585174561 8.2176628857851011 81.243267074227333 13.290925502777098 31.98005448281765 6.2941076457500484 10.061512067914007 41.342995718121529 68.851982399821281 23.351412326097488 7.3766455948352805 24.477374821901321
leaf_count=630 27 226 48 266 35 358 59 133 26 42 171 289 98 31 102
internal_value=0 0.00401106 0.010802 -0.00598557 0.0012406 0.0151455 -0.0107206 -0.00319862 0.00961234 -0.0116936 -0.00591386 -0.0141488 -0.000349745 0.0197758 -0.0238059
internal_weight=600.88 261.354 158.561 102.794 71.8022 134.115 24.4461 339.526 55.7123 16.3556 283.814 110.195 173.619 39.3567 30.9913
internal_count=2541 1121 691 430 301 584 107 1420 232 68 1188 460 728 164 129
is_linear=0
shrinkage=0.05


Tree=66
num_leaves=13
num_cat=0
split_feature=83 31 87 95 88 75 111 125 41 3 79 41
split_gain=3.04777 7.01014 6.90467 6.55602 5.89255 7.87056 5.87049 10.1691 8.42822 5.81949 4.59147 3.56381
threshold=0.83333333333333359 0.80930170000000012 0.064909700000000084 -0.52007974999999995 0.2888597 2.3500000000000001 1.0555339722006392 0.64901700688640285 4.7250000000000005 1.7393248333333335 -1.0000000180025095e-35 5.5277777777777786
decision_type=2 2 2 2 2 2 2 2 2 2 2 2
left_child=1 2 -1 10 9 -6 7 -5 -8 -3 -2 -4
right_child=3 4 11 6 5 -7 8 -9 -10 -11 -12 -13
leaf_value=-0.011965940020303122 0 -0.00047767585566077758 0.060428194216132859 -0.0045611827271092508 -0.0054488847661246283 -0.057373083873994785 0 0.03460488985858997 -0.042664285468015518 0.013864772181568882 -0.063405284201307532 0.0068588226992923789
leaf_weight=5.9977110922336605 6.0236722677946091 259.6834183037281 11.049136251211168 57.609779059886932 70.246329724788666 7.7256834208965293 34.978233307600021 21.398886024951935 17.628489583730698 93.191955357789993 7.1950027048587781 7.7328731119632712
leaf_count=26 26 1090 48 243 295 32 148 98 74 397 30 34
internal_value=0 0.00196411 0.0273188 -0.00633783 0.000330199 -0.0118882 -0.00242651 0.00572164 -0.0154752 0.00319725 -0.0388559 0.042362
internal_weight=600.461 455.627 24.7797 144.834 430.847 77.972 131.615 79.0087 52.6067 352.875 13.2187 18.782
internal_count=2541 1922 108 619 1814 327 563 341 222 1487 56 82
is_linear=0
shrinkage=0.05


Tree=67
num_leaves=12
num_cat=0
split_feature=34 121 88 23 125 96 106 24 3 24 31
split_gain=3.0082 3.37327 8.0445 6.85115 6.78139 6.72063 5.71503 5.08322 2.97715 2.57004 0.435019
threshold=8.5500000000000025 41.760000000000012 0.38644669999999998 1.1568506000000001 0.62090427029629403 -0.19282962857142863 2.5750000000000006 1.5799314000000002 0.75091000000000008 1.3320671000000002 0.99918532500000001
decision_type=2 2 2 2 2 2 2 2 2 2 2
left_child=1 2 6 -4 5 -3 -1 -6 -2 -10 -11
right_child=8 4 3 -5 7 -7 -8 -9 9 10 -12
leaf_value=-0.0052969207134501515 0.043983785095116135 0.0040923265933760101 -0.037112449814862968 0 -0.0090414546906718192 -0.019284082090807939 0.0093574551925076632 0.018262589502845764 -0.018903790821657915 0 0.028916636619518751
leaf_weight=88.021489337086678 6.52157133817673 39.235373124480247 20.960888221859932 34.297612562775612 25.898452669382095 99.693019241094589 229.67285396158695 39.523576498031616 5.9310322254896191 5.2045101970434171 5.0923679769039154
leaf_count=366 31 165 88 143 110 417 971 174 26 25 25
internal_value=0 -0.000782292 0.00194637 -0.015271 -0.00599099 -0.0123429 0.00513649 0.00672765 0.0173712 0.00184174 0.0188328
internal_weight=600.053 577.303 372.953 55.2585 204.35 138.928 317.694 65.422 22.7495 16.2279 10.2969
internal_count=2541 2434 1568 231 866 582 1337 284 107 76 50
is_linear=0
shrinkage=0.05


Tree=68
num_leaves=12
num_cat=0
split_feature=39 124 38 127 76 38 95 20 95 22 23
split_gain=3.09144 6.40602 6.61086 7.24057 6.6924 6.3093 5.21555 7.90183 7.23145 3.94203 1.32883
threshold=10.535714285714286 0.63974244099591893 1.6186668 0.28116114998532654 1.4222222222222223 2.2575630785714291 -0.074588149999999728 6.1000000000000005 -0.1610199999999998 1.9000000000000001 1.2307088000000002
decision_type=2 2 2 2 2 2 2 2 2 2 2
left_child=1 2 3 -1 -4 6 8 -8 -2 -3 -7
right_child=5 9 4 -5 -6 10 7 -9 -10 -11 -12
leaf_value=-0.035217323150124533 0.0011038869276694715 0.048348251728114224 0.018264094746849247 -0.00024081346342764913 -0.0074300653816249673 0.0027980728160030333 -0.012298546433708672 0.0097203976995436248 0.024150485653785164 0 0.044917174531367468
leaf_weight=35.95063154399395 146.10692864656448 7.4284123182296744 32.56013135612011 29.622995898127556 100.38499003648758 5.8176100254058829 120.54704819619656 58.11343215405941 45.624760925769806 8.0275339782237989 9.5104963928461057
leaf_count=153 621 33 136 124 425 25 501 252 194 35 42
internal_value=0 -0.00486796 -0.00751322 -0.0204086 -0.000674543 0.00260998 0.00112591 -0.00484384 0.00694437 0.0244616 0.033144
internal_weight=599.695 213.975 198.519 65.5736 132.945 385.72 370.392 178.66 191.732 15.4559 15.3281
internal_count=2541 906 838 277 561 1635 1568 753 815 68 67
is_linear=0
shrinkage=0.05


Tree=69
num_leaves=14
num_cat=0
split_feature=66 118 46 76 116 28 83 115 106 82 89 79 111
split_gain=2.99542 6.54987 5.93177 7.08677 5.18633 5.35845 4.73169 4.61229 4.20266 6.86532 6.62209 3.44255 3.08186
threshold=1.4500000000000002 70.700000000000003 1.0000000180025095e-35 1.9500000000000002 -0.24996935600751688 2.7888888888888892 1.1666666666666672 1.3333014098485532 2.8583333333333338 -0.49473900000000004 0.090200700000000036 -0.33333333333333331 1.0549029191344184
decision_type=2 2 2 2 2 2 2 2 2 2 2 2 2
left_child=6 4 -3 -4 11 -6 8 -8 9 -1 -10 -2 -9
right_child=1 2 3 -5 5 -7 7 12 10 -11 -12 -13 -14
leaf_value=0.01368996797765968 0.0033424830499887252 -0.030453042434621352 0.018062073513148081 -0.0086288630787764355 0.0070345721903951781 -0.033449978834214682 0.0020279438786365059 -0.0072004447799974549 0.012717959175097932 -0.012194630781703384 -0.0078815492652461652 -0.031037653008609691 -0.064732506055324615
leaf_weight=29.147415578365326 6.5005648285150555 6.7932950258254996 123.37312680482864 27.652297988533974 63.420998975634575 8.2329209893941862 6.4774281233549145 6.8958398550748807 94.162876904010773 132.85512846708298 62.359980672597885 24.435474157333374 6.9475284516811371
leaf_count=122 27 28 540 123 266 35 27 29 398 553 262 102 29
internal_value=0 0.00398539 0.0104639 0.0128215 -0.00550298 0.00129839 -0.00313332 -0.026085 -0.00143555 -0.00717533 0.0041956 -0.0223693 -0.0418582
internal_weight=599.255 260.409 157.819 151.025 102.59 71.6539 338.846 20.3208 318.525 162.003 156.523 30.936 13.8434
internal_count=2541 1121 691 663 430 301 1420 85 1335 675 660 129 58
is_linear=0
shrinkage=0.05


Tree=70
num_leaves=8
num_cat=0
split_feature=27 35 99 25 128 60 74
split_gain=2.88375 3.39036 7.07238 5.83281 4.76329 4.30745 4.5242
threshold=8.3000000000000025 1.9500000000000002 0.13392857142857145 13.900000000000002 0.78270724755597276 2.8000000000000003 1.0000000180025095e-35
decision_type=2 2 2 2 2 2 2
left_child=1 5 4 -4 -3 6 -1
right_child=-2 2 3 -5 -6 -7 -8
leaf_value=-0.016859833888502603 0.025794685074213303 -0.016246578198678082 -0.043247376666546856 -0.0047281144997825221 0.031297642033700002 0.036778901512211408 0.0014367561371364846
leaf_weight=35.288264140486717 9.5953535288572294 6.3958545774221447 18.735885590314865 27.015181601047516 12.30913010239601 7.1654249280691138 482.18987761437893
leaf_count=148 45 26 79 115 53 30 2045
internal_value=0 -0.000520031 -0.0112991 -0.0221596 0.0125038 0.000728112 6.25136e-05
internal_weight=598.695 589.1 64.4561 45.7511 18.705 524.644 517.478
internal_count=2541 2496 273 194 79 2223 2193
is_linear=0
shrinkage=0.05


Tree=71
num_leaves=8
num_cat=0
split_feature=0 2 38 38 118 109 66
split_gain=2.84007 4.25207 4.44505 5.35789 3.9452 5.35032 5.09294
threshold=1.0000000180025095e-35 0.75667433333333356 1.9241204500000004 1.18855855 73.750000000000014 0.2494501015382686 1.0500000000000003
decision_type=2 2 2 2 2 2 2
left_child=-1 2 3 -2 5 -3 -6
right_child=1 4 -4 -5 6 -7 -8
leaf_value=0.025447054480300324 0.00079155805143214016 0.0036023389406572531 0.0096691840178233894 -0.044084367531859882 -0.0063306148916379883 -0.0082889830074554128 0.011574101749985187
leaf_weight=9.7229179590940458 7.2366128414869371 177.02399419248104 7.6341949403285971 16.69129267334938 51.257803916931152 193.04774184525013 135.86192944645882
leaf_count=41 30 765 32 69 216 800 588
internal_value=0 -0.000515181 -0.0181163 -0.0290193 0.000422927 -0.00247164 0.00639609
internal_weight=598.476 588.754 31.5621 23.9279 557.191 370.072 187.12
internal_count=2541 2500 131 99 2369 1565 804
is_linear=0
shrinkage=0.05


Tree=72
num_leaves=8
num_cat=0
split_feature=70 31 87 12 0 24 79
split_gain=2.80788 3.68843 6.4718 4.61843 7.86428 5.49806 3.32832
threshold=0.45000000000000007 0.80930170000000012 -0.0398326000000001 2.5833333333333335 1.8333333333333337 2.4649544000000003 0.83333333333333337
decision_type=2 2 2 2 2 2 2
left_child=-1 2 -2 4 -3 -5 -4
right_child=1 3 6 5 -6 -7 -8
leaf_value=-0.030170359333030573 -0.021160086063596241 -0.0013464031784008225 0.034864214386437886 0 -0.037704656020115683 0.025640176463850028 0
leaf_weight=6.6334654688835135 7.7824667543172827 58.259187296032906 23.37326605618 450.92875406146049 20.614309445023537 20.829419180750847 9.613556817173956
leaf_count=28 34 245 105 1905 87 94 43
internal_value=0 0.000347003 0.0147262 -0.000651769 -0.011828 0.0011321 0.0250373
internal_weight=598.034 591.401 40.7693 550.632 78.8735 471.758 32.9868
internal_count=2541 2513 182 2331 332 1999 148
is_linear=0
shrinkage=0.05


Tree=73
num_leaves=7
num_cat=0
split_feature=12 11 114 81 68 11
split_gain=2.77223 3.60245 3.24157 4.45494 4.24505 2.37085
threshold=8.5000000000000018 19.166666666666668 1.3333014098485532 -0.016518833333333423 0.31666666666666671 20.416666666666668
decision_type=2 2 2 2 2 2
left_child=1 2 3 -1 -4 -3
right_child=-2 5 4 -5 -6 -7
leaf_value=0 -0.031264372724257049 0.045746088556348402 0.0042542294935929139 -0.018462314684235339 -0.0081494163630990366 0
leaf_weight=86.387403905391693 6.0288502275943747 6.1542395055294019 358.83614435791969 51.267544090747833 82.527971461415291 6.4657768160104752
leaf_count=361 25 28 1538 215 345 29
internal_value=0 0.000318602 -0.000193381 -0.00694015 0.00180874 0.0257695
internal_weight=597.668 591.639 579.019 137.655 441.364 12.62
internal_count=2541 2516 2459 576 1883 57
is_linear=0
shrinkage=0.05


Tree=74
num_leaves=13
num_cat=0
split_feature=116 58 111 89 112 95 88 108 18 8 9 14
split_gain=2.84687 4.0047 14.2522 7.938 7.00321 5.88916 5.98801 3.77949 4.74389 4.01663 1.66173 0.962987
threshold=1.1766392429792634 1.3666666666666669 1.0515188545632836 0.20892122000000005 0.52185321040282884 -0.68560379999999999 -0.34053859999999986 0.38385237628442365 19.100000000000005 1.8333333333333337 1.5822620000000003 1.3666666666666669
decision_type=2 2 2 2 2 2 2 2 2 2 2 2
left_child=1 2 3 -1 -4 10 -7 11 9 -9 -3 -2
right_child=7 5 4 -5 -6 6 -8 8 -10 -11 -12 -13
leaf_value=0.032478888674229135 0.021461240864766737 -0.043061060320448263 0.0050900809859384874 -0.0030669067337846037 -0.016323672271000688 0.01113651915798821 -0.0050521244764841454 -0.048551186681859246 0.011290015958179932 -0.0010170657235092444 -0.00081026203729239613 0
leaf_weight=58.397077023983002 5.9578755050897581 10.279227614402773 104.32894323766232 17.786335721611977 57.633439600467682 74.637267008423805 226.57278935611248 14.423690393567091 5.6705895513296118 9.4664296358823758 6.2135518640279761 6.0178865343332291
leaf_count=253 25 43 445 76 245 321 955 61 25 40 27 25
internal_value=0 0.000900827 0.00585649 0.0236001 -0.00227648 -0.00266371 -0.000851693 -0.0125178 -0.0223873 -0.0325223 -0.0309579 0.00783834
internal_weight=597.385 555.849 238.146 76.1834 161.962 317.703 301.21 41.5365 29.5607 23.8901 16.4928 11.9758
internal_count=2541 2365 1019 329 690 1346 1276 176 126 101 70 50
is_linear=0
shrinkage=0.05


Tree=75
num_leaves=7
num_cat=0
split_feature=16 2 90 101 125 82
split_gain=2.76619 4.53785 4.32307 3.71958 4.45288 3.37297
threshold=0.55604480000000012 0.63050200000000012 -0.62499999999999989 4.2678571428571432 0.0695454346451337 0.15056516666666683
decision_type=2 2 2 2 2 2
left_child=-1 2 -2 4 -3 -5
right_child=1 3 -4 5 -6 -7
leaf_value=0.045121168394299749 0 -0.031228910252925603 -0.051912200865113944 -0.042554975300040848 0.0017366281351312064 0
leaf_weight=2.3669156879186621 7.1913034170866013 9.3322801440954191 7.2224249988794309 8.4760954231023771 556.42815710604191 5.9776281416416159
leaf_count=10 30 40 30 36 2370 25
internal_value=0 -0.000319262 -0.0271368 0.000306458 0.0010505 -0.0237653
internal_weight=596.995 594.628 14.4137 580.214 565.76 14.4537
internal_count=2541 2531 60 2471 2410 61
is_linear=0
shrinkage=0.05


Tree=76
num_leaves=15
num_cat=0
split_feature=83 31 87 121 124 55 101 125 25 81 109 106 41 91
split_gain=2.69736 6.07854 6.00184 5.64734 8.07741 6.05315 5.63708 6.98822 8.06157 6.27346 6.50121 3.67237 3.38803 2.063
threshold=0.83333333333333359 0.80930170000000012 0.064909700000000084 41.760000000000012 0.46934208318610854 1.0000000180025095e-35 2.7207792207792214 0.58720375842893291 12.900000000000002 0.24658816666666669 0.22679920758250624 3.2750000000000004 5.5277777777777786 1.1000000000000008
decision_type=2 2 2 2 2 2 2 2 2 2 2 2 2 2
left_child=1 2 -1 4 -3 -5 9 8 -8 10 -2 -9 -4 -11
right_child=6 3 12 5 -6 -7 7 11 -10 13 -12 -13 -14 -15
leaf_value=-0.010644827440232422 -0.032826237313167424 -0.013835239217963017 0.057592922123466041 -0.035577974951717516 0.0080781656332947101 -0.0034184333751011362 -0.036934146167251117 -0.0041895528189240276 0.0020423601776146869 0.053031155276934541 0.0099672478605009798 0.033963670847737409 0.0052555394761308587 0.010216421340526399
leaf_weight=5.9580248147249248 12.938792020082472 48.409941986203194 10.794437348842623 16.775340467691422 246.42599475383759 117.06731003522873 38.993426620960236 29.232351645827293 16.210683181881905 6.327807471156123 21.2653938382864 6.6632073968648902 7.6315943300724021 12.23301190137863
leaf_count=26 55 202 48 70 1042 500 164 131 69 26 89 32 34 53
internal_value=0 0.0018273 0.0256292 0.000300536 0.00427653 -0.00805395 -0.00600698 -0.013663 -0.0247664 0.00628964 -0.00527305 0.00226614 0.0398764 0.029334
internal_weight=596.927 453.063 24.3841 428.679 294.836 133.843 143.865 91.0997 55.2041 52.765 34.2042 35.8956 18.426 18.5608
internal_count=2541 1922 108 1814 1244 570 619 396 233 223 144 163 82 79
is_linear=0
shrinkage=0.05


Tree=77
num_leaves=9
num_cat=0
split_feature=41 25 78 24 41 81 20 24
split_gain=2.71497 6.24033 6.59403 4.96618 5.62196 9.64042 4.85521 4.727
threshold=4.2111111111111121 14.100000000000001 1.8333333333333339 2.4649544000000003 5.0500000000000007 0.073976833333333394 4.4500000000000011 2.1121567000000003
decision_type=2 2 2 2 2 2 2 2
left_child=1 2 6 4 5 -2 -1 -6
right_child=3 -3 -4 -5 7 -7 -8 -9
leaf_value=0.013113704749772429 -0.0010004451441225854 0.045657881450586399 0.041912865659402491 0.029407486103611876 0.004302847278447341 -0.02582581753476329 -0.0044537306071480145 -0.025013644368020845
leaf_weight=53.10057158768177 113.90635780990124 7.9573242366313925 9.0600917786359769 10.458282589912413 183.93735118210316 62.483342722058296 142.02262768149376 13.583419188857077
leaf_count=223 481 35 41 47 786 264 606 58
internal_value=0 0.00447167 0.0024082 -0.00255998 -0.00366353 -0.0101723 0.000114595 0.00191906
internal_weight=596.509 212.141 204.183 384.369 373.91 176.39 195.123 197.521
internal_count=2541 905 870 1636 1589 745 829 844
is_linear=0
shrinkage=0.05


Tree=78
num_leaves=8
num_cat=0
split_feature=22 77 2 66 75 27 10
split_gain=2.6278 3.13192 5.94039 4.49445 3.79527 4.15056 3.23631
threshold=0.26666666666666672 0.55000000000000016 1.1441308333333335 1.5357142857142858 2.6500000000000008 8.3000000000000025 1.252650666666667
decision_type=2 2 2 2 2 2 2
left_child=-1 4 -3 -4 5 -2 -6
right_child=1 2 3 -5 6 -7 -8
leaf_value=0.028182304995765423 0.00037590707579613817 0.01438914769137979 -0.061298655764499756 -0.0021552954642409454 -0.045659412703479653 0.037989025200531198 0
leaf_weight=7.1334890574216834 546.35007897019386 6.8931507468223598 7.6012891083955756 8.2833610326051694 7.1929358243942243 6.5022790879011145 6.3312382400035858
leaf_count=30 2326 29 32 36 30 31 27
internal_value=0 -0.000430845 -0.0182389 -0.0353727 0.000228093 0.000976356 -0.0248787
internal_weight=596.288 589.154 22.7778 15.8847 566.377 552.852 13.5242
internal_count=2541 2511 97 68 2414 2357 57
is_linear=0
shrinkage=0.05


Tree=79
num_leaves=12
num_cat=0
split_feature=25 41 111 111 111 25 78 89 13 78 111
split_gain=2.58924 4.38987 4.84881 8.57019 5.44833 4.81812 4.80362 4.17522 5.93397 2.7793 1.69053
threshold=7.7000000000000002 4.2111111111111121 1.0516006657115775 1.0560671964377029 1.049080342510702 14.100000000000001 1.8333333333333339 -0.15273549999999994 2.8333333333333335 -0.33333333333333309 1.0531783793620819
decision_type=2 2 2 2 2 2 2 2 2 2 2
left_child=7 5 4 -4 -3 6 -2 9 10 -1 -9
right_child=1 2 3 -5 -6 -7 -8 8 -10 -11 -12
leaf_value=-0.0094815040069638878 0.0027445483517214483 -0.0047691830601454847 -0.015233286732859987 0.0030377548889735087 0.015642124406661934 0.044058620853698112 0.039620116109472692 -0.017912071579428011 -0.045679673724198656 0.028290583163880757 0.015504985835203945
leaf_weight=8.1105170696973783 165.15734298527241 58.087841972708702 128.46192400157452 119.47016483545303 65.842306524515152 7.8691324740648261 8.7539637684822065 5.9074191451072711 13.699928015470503 7.4556829780340186 7.3614864647388458
leaf_count=34 703 251 546 505 281 35 40 25 58 32 31
internal_value=0 0.000884939 -0.00212523 -0.00625139 0.00571323 0.00729423 0.00510247 -0.0117775 -0.0237968 0.00620751 0
internal_weight=596.178 553.643 371.862 247.932 123.93 181.78 173.911 42.535 26.9688 15.5662 13.2689
internal_count=2541 2361 1583 1051 532 778 743 180 114 66 56
is_linear=0
shrinkage=0.05


Tree=80
num_leaves=9
num_cat=0
split_feature=44 91 6 102 16 126 2 128
split_gain=2.64986 2.96886 4.73632 4.41409 4.34577 8.82115 6.04521 4.30829
threshold=0.83333333333333337 1.8333333333333337 5.5833333333333348 7.5000000000000009 1.5482455000000004 0.22136766321872178 1.2978248333333335 0.8490362419958889
decision_type=2 2 2 2 2 2 2 2
left_child=1 4 7 -4 6 -6 -1 -3
right_child=-2 2 3 -5 5 -7 -8 -9
leaf_value=0.0027805177594782187 -0.030048378072549006 -0.048812035148074306 0.011469777216176438 -0.024469653765145101 0.022490947751487706 0.00079544481781318704 -0.012412681198999923 0
leaf_weight=170.80834852159023 6.2579985857009879 11.085355445742609 25.13603900372982 11.687619641423224 62.375975340604782 200.70568463206291 101.71931724250317 6.1006591320037833
leaf_count=716 27 46 111 50 283 853 427 28
internal_value=0 0.000347624 -0.010602 0 0.00156264 0.00619442 -0.0027321 -0.0314816
internal_weight=595.877 589.619 54.0097 36.8237 535.609 263.082 272.528 17.186
internal_count=2541 2514 235 161 2279 1136 1143 74
is_linear=0
shrinkage=0.05


Tree=81
num_leaves=9
num_cat=0
split_feature=70 67 27 6 118 12 98 112
split_gain=2.58032 3.3019 5.30209 5.89586 5.16539 5.07049 4.75373 4.18606
threshold=0.45000000000000007 0.43650793650793657 6.7000000000000002 6.416666666666667 70.700000000000003 4.416666666666667 1.3166666666666671 0.49170091994519477
decision_type=2 2 2 2 2 2 2 2
left_child=-1 2 6 -4 5 -3 -2 -6
right_child=1 4 3 -5 7 -7 -8 -9
leaf_value=-0.028915026431743186 -0.0027065214163443686 0.006194282172974879 0 0.04577011734265958 -0.00040084728073391904 -0.018487848744978167 -0.030677015392212677 0.018477815199111011
leaf_weight=6.6298159360885611 339.96277505159378 46.72439768910408 22.139902696013451 10.377929225564001 37.362352728843689 33.972768366336823 15.493383571505545 82.808143392205238
leaf_count=28 1427 198 96 47 166 143 66 370
internal_value=0 0.000348616 -0.00225371 0.0164736 0.00560893 -0.00368376 -0.00414859 0.0122407
internal_weight=595.471 588.842 387.974 32.5178 200.868 80.6972 355.456 120.17
internal_count=2541 2513 1636 143 877 341 1493 536
is_linear=0
shrinkage=0.05


Tree=82
num_leaves=8
num_cat=0
split_feature=0 2 38 106 116 114 8
split_gain=2.5537 3.53123 4.03197 5.57663 3.4605 4.6622 3.13251
threshold=1.0000000180025095e-35 0.75667433333333356 1.9241204500000004 2.6583333333333337 1.1766392429792634 1.3333014098485532 1.8333333333333337
decision_type=2 2 2 2 2 2 2
left_child=-1 2 3 -2 5 -3 -6
right_child=1 4 -4 -5 6 -7 -8
leaf_value=0.024245135111471243 0 -0.0062398799765379237 0.0098541573936750046 -0.047201236520550222 -0.024015088374675087 0.0044794271179389817 0.0022752846879449278
leaf_weight=9.6400626450777036 10.417404428124433 134.694884583354 7.5693203359842292 13.393214777112005 25.378593683242798 379.91638477146626 14.057491570711134
leaf_count=41 43 567 32 56 108 1634 60
internal_value=0 -0.000470341 -0.0165585 -0.0270291 0.000378964 0.00157011 -0.0135825
internal_weight=595.067 585.427 31.3799 23.8106 554.047 514.611 39.4361
internal_count=2541 2500 131 99 2369 2201 168
is_linear=0
shrinkage=0.05


Tree=83
num_leaves=13
num_cat=0
split_feature=83 95 31 87 121 124 83 111 41 128 79 94
split_gain=2.44678 5.90278 5.49933 5.44921 5.39961 7.23054 5.83032 4.91383 7.52352 6.19286 4.07446 3.21679
threshold=0.83333333333333359 -0.52007974999999995 0.80930170000000012 0.064909700000000084 41.760000000000012 0.46934208318610854 0.50000000000000022 1.0555339722006392 4.7250000000000005 0.82133627524727415 -1.0000000180025095e-35 0.85840669999999997
decision_type=2 2 2 2 2 2 2 2 2 2 2 2
left_child=2 10 3 -1 5 -4 -6 9 -9 -3 -2 -5
right_child=1 7 4 11 6 -7 -8 8 -10 -11 -12 -13
leaf_value=-0.0096890185631816183 0 -0.0057503814919932497 -0.012903647384558537 0.056545006212051253 -0.0117296543532509 0.0078289378700543751 0.020473701513897297 0 -0.039729710409202597 0.02187012039790159 -0.059754531519850107 0.0055556308318917003
leaf_weight=5.9548809677362469 5.9803448617458344 44.624573186039925 48.312605082988739 10.219747751951219 119.47805343568325 245.6715907305479 14.006901726126669 34.63595712184906 17.474192559719086 33.285304322838783 7.1591729223728162 7.9573640078306189
leaf_count=26 26 187 202 46 509 1042 61 148 74 154 30 36
internal_value=0 -0.00569926 0.00178025 0.0245424 0.000324282 0.0042201 -0.00785158 -0.00193871 -0.0139611 0.00554386 -0.0366061 0.0382844
internal_weight=594.761 143.16 451.601 24.132 427.469 293.984 133.485 130.02 52.1101 77.9099 13.1395 18.1771
internal_count=2541 619 1922 108 1814 1244 570 563 222 341 56 82
is_linear=0
shrinkage=0.05


Tree=84
num_leaves=12
num_cat=0
split_feature=88 97 36 127 121 95 34 77 26 36 69
split_gain=2.44167 7.63356 5.15528 4.94287 4.10286 8.88068 7.18145 6.98175 4.29582 4.40455 3.64452
threshold=0.38644669999999998 -0.7321428571428571 1.0500000000000003 0.18566184025757074 41.760000000000012 0.0048155499999998916 6.5500000000000007 0.23611111111111113 1.9000000000000001 1.5277777777777779 1.9500000000000002
decision_type=2 2 2 2 2 2 2 2 2 2 2
left_child=4 -2 10 -4 8 7 -7 -6 -1 -10 -3
right_child=1 2 3 -5 5 6 -8 -9 9 -11 -12
leaf_value=-0.029367938177815203 -0.047591971629082838 0.041776478669209402 0.0065892776627266229 -0.019598400636724123 0.012562695174528841 -0.036138380176431201 0.0016531168051553491 -0.010069090664605091 9.4683784511604416e-05 0.012302114292424764 0
leaf_weight=7.4810806214809409 9.6106199622154218 9.073775649070738 27.662987053394318 40.064481049776077 72.607877105474472 32.179547399282455 16.210371911525726 61.122524604201317 168.12094736099243 143.83911435306072 6.3676268756389609
leaf_count=32 40 38 126 169 316 135 72 259 709 618 27
internal_value=0 -0.00744013 -0.00169601 -0.0082344 0.00134782 -0.00448562 -0.0226889 0.00184959 0.00483324 0.0059044 0.0226975
internal_weight=594.341 92.7795 83.1689 67.7275 501.561 182.12 48.3899 133.73 319.441 311.96 15.4414
internal_count=2541 400 360 295 2141 782 207 575 1359 1327 65
is_linear=0
shrinkage=0.05


Tree=85
num_leaves=6
num_cat=0
split_feature=16 2 90 16 34
split_gain=2.50613 3.85425 4.07724 3.47057 3.61401
threshold=0.55604480000000012 0.63050200000000012 -0.62499999999999989 0.71431540000000016 3.683333333333334
decision_type=2 2 2 2 2
left_child=-1 2 -2 -3 -5
right_child=1 3 -4 4 -6
leaf_value=0.043161428390170911 0 -0.031593520660311451 -0.049357499296280395 0.018299146355947076 0
leaf_weight=2.3380712717771521 7.1797243058681488 7.3353199362754813 7.1386087387800199 27.191325604915619 542.79927812516689
leaf_count=10 30 31 30 114 2326
internal_value=0 -0.000281038 -0.0250781 0.0002898 0.000842292
internal_weight=593.982 591.644 14.3183 577.326 569.991
internal_count=2541 2531 60 2471 2440
is_linear=0
shrinkage=0.05


Tree=86
num_leaves=12
num_cat=0
split_feature=39 24 23 88 95 37 95 112 22 116 81
split_gain=2.49612 5.62576 5.31958 6.26797 5.23543 6.19393 5.72336 5.09619 5.66815 4.65525 4.00013
threshold=10.535714285714286 2.4649544000000003 1.1533371000000001 0.47168590000000016 -0.074588149999999728 1.1649789000000002 -0.1610199999999998 0.52473975111050841 2.6333333333333337 0.077236782262916762 -0.30099633333333337
decision_type=2 2 2 2 2 2 2 2 2 2 2
left_child=2 4 7 10 6 -6 -2 8 -1 -9 -4
right_child=1 -3 3 -5 5 -7 -8 9 -10 -11 -12
leaf_value=-6.9565438540721317e-05 0.0017611692062816286 0.03845649755559976 -0.0054372685962781591 0.0163617641028064 0.017604433926091276 -0.0086674328799873131 0.022275031605866875 0.030708808910338184 -0.036789719021168781 -0.0047642595510697079 -0.036560076831625675
leaf_weight=105.84440079331398 146.79178975522518 9.5995135903358442 23.130252242088318 9.5313857197761518 24.283038139343262 155.25516684353352 46.14955461025238 22.325110793113708 11.037990108132361 11.355902835726736 28.550710588693619
leaf_count=454 629 45 99 41 103 660 198 96 46 48 122
internal_value=0 0.00237269 -0.00438092 -0.0167052 0.00120838 -0.00475931 0.00701524 0.000376824 -0.00424412 0.0175145 -0.0239475
internal_weight=593.855 382.079 211.776 61.2123 372.48 179.538 192.941 150.563 116.882 33.681 51.681
internal_count=2541 1635 906 262 1590 763 827 644 500 144 221
is_linear=0
shrinkage=0.05


Tree=87
num_leaves=6
num_cat=0
split_feature=12 44 46 38 83
split_gain=2.4481 3.13373 3.06696 5.90397 5.771
threshold=8.5000000000000018 0.83333333333333337 1.8333333333333337 1.6186668 0.83333333333333359
decision_type=2 2 2 2 2
left_child=1 2 4 -4 -1
right_child=-2 -3 3 -5 -6
leaf_value=0.0072964632957619544 -0.029386729452894556 -0.032840417143846258 -0.014300528692513692 0.0039663412962394435 -0.0052410116989891325
leaf_weight=281.4868597984314 6.018815577030181 5.9742363989353171 83.095165401697159 86.358564496040344 130.61036093533039
leaf_count=1202 25 26 352 369 567
internal_value=0 0.000316444 0.000798681 -0.00472921 0.00319872
internal_weight=593.544 587.525 581.551 169.454 412.097
internal_count=2541 2516 2490 721 1769
is_linear=0
shrinkage=0.05


Tree=88
num_leaves=8
num_cat=0
split_feature=22 77 2 80 124 51 33
split_gain=2.38969 2.65436 5.67209 3.82079 2.91867 7.24324 3.30575
threshold=0.26666666666666672 0.55000000000000016 1.1441308333333335 1.1623558333333335 0.63941238447349968 1.8333333333333337 2.5500000000000003
decision_type=2 2 2 2 2 2 2
left_child=-1 4 -3 -4 6 -6 -2
right_child=1 2 3 -5 5 -7 -8
leaf_value=0.026965162064378507 0.034743298913981556 0.015010027622038425 -0.051500395643656473 0 0.024718935181010922 -0.013205190330297096 -0.00141723154022119
leaf_weight=7.0754310041666022 5.3282235562801352 6.8806382268667248 9.8117350488901121 6.0312772095203391 34.906425818800926 16.721255600452423 506.6277449131012
leaf_count=30 23 29 42 26 157 75 2159
internal_value=0 -0.000417601 -0.0168293 -0.033696 0.000184195 0.0114684 -0.000876416
internal_weight=593.383 586.307 22.7237 15.843 563.584 51.6277 511.956
internal_count=2541 2511 97 68 2414 232 2182
is_linear=0
shrinkage=0.05


Tree=89
num_leaves=8
num_cat=0
split_feature=34 6 103 5 121 52 10
split_gain=2.38048 2.88279 2.81737 3.05352 4.17047 3.50509 2.30804
threshold=8.5500000000000025 8.1666666666666696 83.500000000000014 7.5000000000000009 41.760000000000012 1.8333333333333337 1.506466166666667
decision_type=2 2 2 2 2 2 2
left_child=2 -2 3 4 -1 -5 -3
right_child=1 6 -4 5 -6 -7 -8
leaf_value=0.0018918952925181351 0.044769007097253621 -0.012758196771275857 -0.032416899622065863 0.025739323690584983 -0.007350868804373762 -0.0074716631507875386 0.021581336961652403
leaf_weight=352.64199683070183 5.4179928153753307 8.5459853112697619 5.9283942878246298 21.864512130618099 182.10217320919037 8.6075954437255842 8.1300328075885755
leaf_count=1495 27 39 25 98 778 38 41
internal_value=0 0.0157 -0.000672507 -0.000194579 -0.00117016 0.01483 0.00142842
internal_weight=593.239 22.094 571.145 565.216 534.744 30.4721 16.676
internal_count=2541 107 2434 2409 2273 136 80
is_linear=0
shrinkage=0.05


Tree=90
num_leaves=8
num_cat=0
split_feature=22 10 25 21 25 80 17
split_gain=2.37282 3.99413 5.71916 3.20029 4.41307 4.31736 2.88401
threshold=3.1000000000000005 2.6668616666666671 10.633333333333335 0.45000000000000007 8.1000000000000014 -0.47533333333333344 1.4229480000000003
decision_type=2 2 2 2 2 2 2
left_child=1 3 6 5 -5 -1 -3
right_child=-2 2 -4 4 -6 -7 -8
leaf_value=-0.0098140850778788979 -0.025362753823203261 0.020192492842105433 0.048958651437952333 -0.016855873422491244 -4.602261372966457e-05 0.025047877336394065 -0.020093100742519094
leaf_weight=10.217839136719702 8.1027564257383329 8.1659312844276446 9.117873087525366 42.101618632674217 482.26772248744965 25.469714567065239 7.6015538722276679
leaf_count=43 35 36 43 180 2062 109 33
internal_value=0 0.000361417 0.0196099 -0.000438172 -0.00152037 0.0137081 0
internal_weight=593.045 584.942 24.8854 560.057 524.369 35.6876 15.7675
internal_count=2541 2506 112 2394 2242 152 69
is_linear=0
shrinkage=0.05


Tree=91
num_leaves=13
num_cat=0
split_feature=91 71 82 114 16 126 118 34 112 41 1 13
split_gain=2.35572 4.03235 5.72787 4.425 3.45126 7.54544 6.13902 5.73825 6.19092 3.97961 3.6176 2.4578
threshold=1.8333333333333337 0.23611111111111113 -0.54414483333333308 1.7435624538063561 1.5482455000000004 0.22136766321872178 53.899999999999999 5.6333333333333337 0.49170091994519477 4.4722222222222232 0.58333333333333337 3.8333333333333335
decision_type=2 2 2 2 2 2 2 2 2 2 2 2
left_child=4 11 -3 -4 7 10 -7 9 -9 -1 -6 -2
right_child=1 2 3 -5 5 6 -8 8 -10 -11 -12 -13
leaf_value=0.0094942437914362875 -0.0021488713212895836 0.035609720982338076 -0.027859462689441367 0.0053214012553750639 -0.0037756902127081093 -0.01799180861536465 0.0044686088823939311 0.0042984827943897451 -0.024790188245431791 -0.0045154925134812873 0.025307290472463235 -0.056082431151459167
leaf_weight=87.335859760642052 6.2580975145101529 7.0954683870077124 17.888110011816025 16.708400785923004 9.4728941172361356 36.179636612534523 165.00662685930729 24.079052627086639 49.792717948555946 114.00718513131142 53.138525724411011 5.8461822271347046
leaf_count=367 27 33 76 75 43 151 708 102 211 479 244 25
internal_value=0 -0.00991398 -0.00102365 -0.0107308 0.000965636 0.00511125 0.000113211 -0.0028311 -0.0147099 0.00133124 0.0201309 -0.0343054
internal_weight=592.809 53.7963 41.692 34.5965 539.012 263.798 201.186 275.215 73.8718 201.343 62.6114 12.1043
internal_count=2541 236 184 151 2305 1146 859 1159 313 846 287 52
is_linear=0
shrinkage=0.05


Tree=92
num_leaves=7
num_cat=0
split_feature=27 41 25 78 24 75
split_gain=2.32187 2.8172 5.15656 5.29745 4.3957 4.3005
threshold=8.3000000000000025 4.2111111111111121 14.100000000000001 1.8333333333333339 2.4649544000000003 1.3166666666666669
decision_type=2 2 2 2 2 2
left_child=1 2 3 -1 5 -3
right_child=-2 4 -4 -5 -6 -7
leaf_value=8.7924890684583319e-05 0.023447304699106095 -0.010939394100657591 0.042019060338299899 0.038067310537058315 0.027138394900330928 0
leaf_weight=193.79619514942169 9.3348632454872114 142.5598511993885 7.7305229455232611 8.7941365391015989 10.205088987946509 219.96543371677399
leaf_count=829 45 603 35 41 47 941
internal_value=0 -0.000458541 0.00405456 0.00216103 -0.00314297 -0.00420524
internal_weight=592.386 583.051 210.321 202.59 372.73 362.525
internal_count=2541 2496 905 870 1591 1544
is_linear=0
shrinkage=0.05


Tree=93
num_leaves=7
num_cat=0
split_feature=16 2 90 101 125 113
split_gain=2.30936 3.46188 3.70048 3.39762 3.75368 3.39484
threshold=0.55604480000000012 0.63050200000000012 -0.62499999999999989 4.2678571428571432 0.0695454346451337 0.5064274148243616
decision_type=2 2 2 2 2 2
left_child=-1 2 -2 4 -3 -5
right_child=1 3 -4 5 -6 -7
leaf_value=0.041698235619802328 0 -0.028533240396367565 -0.047112435632202597 -0.044462897692579419 0.0016562084746534309 0
leaf_weight=2.3004035502672187 7.1634823232889175 9.3727696239948255 7.060566693544386 7.3227783888578397 551.79711228609085 7.0862648040056229
leaf_count=10 30 40 30 31 2370 30
internal_value=0 -0.000242832 -0.0238226 0.000293473 0.00101318 -0.0227378
internal_weight=592.103 589.803 14.224 575.579 561.17 14.409
internal_count=2541 2531 60 2471 2410 61
is_linear=0
shrinkage=0.05


Tree=94
num_leaves=9
num_cat=0
split_feature=70 67 27 6 12 12 98 78
split_gain=2.30152 2.95021 4.95751 5.25904 4.90851 7.92196 4.35212 3.44961
threshold=0.45000000000000007 0.43650793650793657 6.7000000000000002 6.416666666666667 2.1666666666666674 4.416666666666667 1.3166666666666671 -0.33333333333333309
decision_type=2 2 2 2 2 2 2 2
left_child=-1 2 6 -4 7 -6 -2 -3
right_child=1 4 3 -5 5 -7 -8 -9
leaf_value=-0.027318915121672428 -0.0025694110870733799 -0.043014968680272318 0 0.044057095883734951 0.017254325552085416 -0.0033610348110243494 -0.029442268845086828 0
leaf_weight=6.6198239773511878 338.46153865754604 6.9678158015012768 22.035734131932259 10.191297501325606 102.33992764353752 78.178527608513832 15.378862231969832 11.839343622326849
leaf_count=28 1427 29 96 47 453 344 66 51
internal_value=0 0.000337902 -0.00212021 0.0160647 0.00533536 0.00808149 -0.00395797 -0.017576
internal_weight=592.013 585.393 386.067 32.227 199.326 180.518 353.84 18.8072
internal_count=2541 2513 1636 143 877 797 1493 80
is_linear=0
shrinkage=0.05


Tree=95
num_leaves=9
num_cat=0
split_feature=0 15 63 31 31 81 10 38
split_gain=2.31611 2.73798 6.03726 5.29863 4.60129 7.05179 6.52681 3.08635
threshold=1.0000000180025095e-35 1.6333333333333335 0.90000000000000013 1.1779747000000003 1.6356698500000002 0.14254516666666653 2.6273750000000002 1.5968639
decision_type=2 2 2 2 2 2 2 2
left_child=-1 4 7 -4 6 -6 -2 -3
right_child=1 2 3 -5 5 -7 -8 -9
leaf_value=0.023202145568278293 -0.0019038623913062076 -0.050010068854232675 -0.043986712952648541 0.0016691295372304911 0.027815070314132481 -0.01079797315988967 0.028019401437688447 -0.0097821092620242467
leaf_weight=9.5376380532979947 383.39287754893303 9.873313784599306 5.73647616803646 97.927209824323654 35.225071251392365 14.653623253107069 18.077670447528362 17.197373330593109
leaf_count=41 1644 42 24 418 153 63 83 73
internal_value=0 -0.0004488 -0.00685453 -0.000775752 0.00130715 0.0154991 -0.000365955 -0.0274943
internal_weight=591.621 582.084 130.734 103.664 451.349 49.8787 401.471 27.0707
internal_count=2541 2500 557 442 1943 216 1727 115
is_linear=0
shrinkage=0.05


Tree=96
num_leaves=5
num_cat=0
split_feature=12 13 103 44
split_gain=2.27411 2.90893 2.8498 2.86736
threshold=8.5000000000000018 9.1666666666666696 83.500000000000014 0.83333333333333337
decision_type=2 2 2 2
left_child=1 2 3 -1
right_child=-2 -3 -4 -5
leaf_value=0.00074304096037567313 -0.028338658031949349 0.029740272415925528 -0.032041194090528628 -0.031571737492041695
leaf_weight=566.20331931114197 6.0118525922298423 7.2827463299036017 5.9003792852163306 5.9184169918298712
leaf_count=2430 25 35 25 26
internal_value=0 0.000304046 -3.12035e-05 0.000267009
internal_weight=591.317 585.305 578.022 572.122
internal_count=2541 2516 2481 2456
is_linear=0
shrinkage=0.05


Tree=97
num_leaves=13
num_cat=0
split_feature=88 97 36 128 121 95 111 89 114 98 36 69
split_gain=2.23898 6.7623 4.61878 4.71268 3.62647 7.76188 9.05703 6.05959 3.97551 7.74452 4.97493 3.27908
threshold=0.38644669999999998 -0.7321428571428571 1.0500000000000003 0.85768392030878748 41.760000000000012 0.0048155499999998916 1.0579831606154686 0.2246810000000001 1.3333014098485532 1.3166666666666671 1.5277777777777779 1.9500000000000002
decision_type=2 2 2 2 2 2 2 2 2 2 2 2
left_child=4 -2 11 -4 8 7 -7 -6 9 -1 -10 -3
right_child=1 2 3 -5 5 6 -8 -9 10 -11 -12 -13
leaf_value=0.00014151212121373073 -0.045052763356663875 0.039508448880956025 -0.01419988412674621 0.019551373112523255 0.0079639909706555548 -0.0080409014415380176 -0.062270534333785037 -0.016746176013709205 0.00095055914119384537 -0.052218333480777625 0.016673969217225658 0
leaf_weight=96.23910191655159 9.5627473145723325 9.0506079941987974 56.680907681584358 10.631028063595293 101.75801928341389 38.237283766269684 9.9188807755708677 31.180900201201439 115.7156435996294 6.477145478129386 99.39102791249752 6.3392038345336905
leaf_count=405 40 38 242 53 442 165 42 133 492 28 434 27
internal_value=0 -0.00715341 -0.00168787 -0.00792921 0.00128463 -0.00420643 -0.0212675 0.00171315 0.00457363 -0.00314978 0.00849054 0.021378
internal_weight=591.182 92.2645 82.7017 67.3119 498.918 181.095 48.1562 132.939 317.823 102.716 215.107 15.3898
internal_count=2541 400 360 295 2141 782 207 575 1359 433 926 65
is_linear=0
shrinkage=0.05


Tree=98
num_leaves=13
num_cat=0
split_feature=116 108 18 8 36 38 79 103 82 10 9 14
split_gain=2.3148 3.36642 3.96087 3.41673 3.30914 5.09056 4.96515 4.33183 4.52386 3.67374 2.78121 0.929326
threshold=1.1766392429792634 0.38385237628442365 19.100000000000005 1.8333333333333337 2.2678571428571432 2.0257658500000004 -1.583333333333333 9.5000000000000018 -0.22337683333333322 2.4764516666666672 0.98837600000000014 1.3666666666666669
decision_type=2 2 2 2 2 2 2 2 2 2 2 2
left_child=4 11 3 -3 5 6 -1 8 -6 -7 -9 -2
right_child=1 2 -4 -5 7 9 -8 10 -10 -11 -12 -13
leaf_value=0.020223577840108628 0.021165685723644596 -0.045237551240137092 0.009672827526388629 -0.0006555258695496711 -0.02279190122394182 0.0048806904790028244 -0.00096141048278146129 -0.057431312587122696 0.0106872397719771 0.035151389067727294 -0.00025737639304017736 0
leaf_weight=28.510803177952766 5.9048968702554685 14.0993521809578 5.5479803681373587 9.3788970410823804 15.407066717743872 32.659456551074982 419.34172107279301 6.287994444370268 24.075325220823288 17.907887510955334 5.6558400988578796 5.9804434031248093
leaf_count=121 25 61 25 40 66 144 1794 26 106 83 25 25
internal_value=0 -0.0113791 -0.0208659 -0.0302253 0.000808535 0.00214572 0.000317906 -0.0109913 -0.00138238 0.0170441 -0.0363317 0.00773024
internal_weight=590.758 40.9116 29.0262 23.4782 549.846 498.42 447.853 51.4262 39.4824 50.5673 11.9438 11.8853
internal_count=2541 176 126 101 2365 2142 1915 223 172 227 51 50
is_linear=0
shrinkage=0.05


Tree=99
num_leaves=11
num_cat=0
split_feature=95 96 96 95 10 80 109 120 79 20
split_gain=2.27165 4.80962 4.04986 3.95659 5.90672 6.73236 4.48249 6.00521 4.50919 2.5171
threshold=-0.71231750000000005 0.024659700000000121 -0.2351660500000001 -0.46239900000000006 2.0057550000000002 1.0663678333333335 0.20070237511089381 2.0000000000000004 0.33333333333333326 5.9000000000000012
decision_type=2 2 2 2 2 2 2 2 2 2
left_child=1 2 -1 4 5 -2 8 -8 -5 -6
right_child=3 -3 -4 6 9 -7 7 -9 -10 -11
leaf_value=-0.026457437678842812 0.035501489167825681 -0.037250007255097153 0.021661458852136845 0.018282865061458098 0.0029194313016131825 -0.011018726395987475 -0.0044473470150420049 0.024972048654617929 -0.0013766674117842194 -0.035356492643958529
leaf_weight=5.7546795010566738 29.291757345199585 11.570311591029165 10.558577805757524 55.072126597166061 5.9297550171613675 7.9712546765804282 390.05460615456104 16.770192161202431 51.59230051189661 5.8177634179592133
leaf_count=25 125 49 46 248 26 34 1656 75 232 25
internal_value=0 -0.0137303 0.0012513 0.000644346 0.0141116 0.0242153 -0.000568798 -0.00305376 0.00838491 -0.0134004
internal_weight=590.383 27.8836 16.3133 562.5 49.0105 37.263 513.489 406.825 106.664 11.7475
internal_count=2541 120 71 2421 210 159 2211 1731 480 51
is_linear=0
shrinkage=0.05


Tree=100
num_leaves=10
num_cat=0
split_feature=3 74 82 9 25 87 80 17 75
split_gain=2.22762 4.95592 5.73286 5.07705 4.97356 3.5875 4.80835 3.95386 3.63769
threshold=0.94510150000000015 0.41428571428571431 -0.17676850000000008 1.1966028333333336 7.9000000000000012 1.1097490999999999 1.2724980000000004 1.0490600000000001 1.5277777777777779
decision_type=2 2 2 2 2 2 2 2 2
left_child=1 2 3 -1 -4 6 7 -2 -7
right_child=5 -3 4 -5 -6 8 -8 -9 -10
leaf_value=0.043480034830031378 -0.016240951400914472 -0.025023029853554774 -0.039630188207983114 0.0077945428385585158 0.0038281582821583526 -0.048227046760717505 0.032207970202895918 0 0
leaf_weight=17.104992941021919 41.117625206708908 10.522705122828482 6.2321974635124198 33.921120181679726 72.379640012979507 7.2697498798370388 9.6466321945190412 382.54640789330006 9.2664249837398511
leaf_count=75 180 44 27 149 315 30 43 1636 42
internal_value=0 0.00542192 0.00844851 0.0213239 0 -0.00177428 -0.000755789 -0.00169817 -0.0240464
internal_weight=590.007 140.161 129.638 51.0261 78.6118 449.847 433.311 423.664 16.5362
internal_count=2541 610 566 224 342 1931 1859 1816 72
is_linear=0
shrinkage=0.05


Tree=101
num_leaves=14
num_cat=0
split_feature=91 6 102 115 5 19 20 4 91 128 118 97 124
split_gain=2.21472 3.93034 3.82942 4.16128 3.58123 5.77463 4.16311 4.04561 3.54576 3.33831 2.96576 2.51348 2.13895
threshold=1.8333333333333337 5.5833333333333348 7.5000000000000009 1.3333014098485532 7.166666666666667 7.6333333333333337 8.7750000000000021 16.166666666666668 0.68333333333333346 0.8490362419958889 65.050000000000011 0.37638888888888894 0.52160173923794473
decision_type=2 2 2 2 2 2 2 2 2 2 2 2 2
left_child=4 9 3 -3 6 10 7 -1 -8 -2 -6 -7 -4
right_child=1 2 12 -5 5 11 8 -9 -10 -11 -12 -13 -14
leaf_value=0.0006914660250093382 -0.044228347740347548 -0.017347501891117466 -0.041232117783433379 0.024042351777391315 0.0027439814614584777 -0.033405139121866101 0.040864398824753845 -0.012332808506541972 0 0 0.044014534864953041 0.0068089283610664689 0
leaf_weight=417.29552592337132 10.893296226859094 6.6690905690193203 6.0162166059017164 18.182331994175911 10.156140863895418 5.5120607018470746 10.226077765226366 67.668113440275192 5.7953296154737464 5.9718970730900756 14.4224217236042 5.4341646730899811 5.5691972076892853
leaf_count=1773 46 29 25 83 44 24 49 294 26 28 69 26 25
internal_value=0 -0.00968491 0 0.0107595 0.000908247 0.0160356 -9.46336e-05 -0.00104459 0.0240949 -0.0288981 0.0296898 -0.010357 -0.0228668
internal_weight=589.812 53.302 36.4368 24.8514 536.51 35.5248 500.985 484.964 16.0214 16.8652 24.5786 10.9462 11.5854
internal_count=2541 236 162 112 2305 163 2142 2067 75 74 113 50 50
is_linear=0
shrinkage=0.05


Tree=102
num_leaves=15
num_cat=0
split_feature=58 111 116 89 112 66 111 40 35 20 20 41 54 32
split_gain=2.20911 9.51992 6.99782 7.51098 6.25081 6.09304 5.14032 6.66547 10.2575 7.44015 4.76954 8.05884 6.13086 4.40158
threshold=1.3666666666666669 1.0515188545632836 1.1608581680009236 0.55251920000000021 0.52185321040282884 1.267857142857143 1.0560671964377029 4.0500000000000007 2.1125000000000003 4.7083333333333348 6.4500000000000011 4.1833333333333345 0.77500000000000013 17.850000000000005
decision_type=2 2 2 2 2 2 2 2 2 2 2 2 2 2
left_child=1 2 3 -1 13 -6 10 9 -9 -8 11 -2 -12 -3
right_child=6 4 -4 -5 5 -7 7 8 -10 -11 12 -13 -14 -15
leaf_value=0.027866340761881006 0.0030154150752276909 -0.00024570128831163539 -0.0250389471275798 -0.021628322664939359 -0.04652218427407822 -0.0063830022390586605 0.02026696603936564 0.028215448015167472 -0.029503246660662442 -0.019394613850720568 -0.026651543683424952 -0.018599317567088349 0.015345624237512177 0.024906780233738914
leaf_weight=67.338132858276367 61.706417351961136 92.866434372961521 6.8451504409313193 6.7367175966501227 12.183366775512694 51.15979215502739 15.762458130717276 45.492302849888802 7.5704240649938574 35.067579731345177 9.4766751825809461 117.65039864182472 40.146634951233864 19.431737959384918
leaf_count=297 262 396 29 29 52 220 66 197 32 150 40 499 181 91
internal_value=0 0.0034172 0.017585 0.0224709 -0.00288964 -0.0154835 -0.00274469 0.00618873 0.0186625 -0.00597709 -0.00702465 -0.0109102 0.00596961 0.00384671
internal_weight=589.434 256.561 80.92 74.0749 175.641 63.3432 332.873 103.893 53.0627 50.83 228.98 179.357 49.6233 112.298
internal_count=2541 1114 355 326 759 272 1427 445 229 216 982 761 221 487
is_linear=0
shrinkage=0.05


Tree=103
num_leaves=13
num_cat=0
split_feature=39 23 88 81 38 113 83 66 52 81 81 6
split_gain=2.17422 4.94863 5.58491 5.05439 4.8753 4.44863 3.77913 5.73704 5.49035 3.52356 3.39522 2.19925
threshold=10.535714285714286 1.1533371000000001 0.48984470000000013 0.61894233333333348 2.2575630785714291 0.47477739840664129 0.83333333333333359 1.0500000000000003 1.1666666666666667 -0.016518833333333423 0.94681783333333336 5.166666666666667
decision_type=2 2 2 2 2 2 2 2 2 2 2 2
left_child=1 3 9 5 6 -1 7 -2 -8 -3 -5 -6
right_child=4 2 -4 10 11 -7 8 -9 -10 -11 -12 -13
leaf_value=0.020571186618140513 -0.0058731161260734245 -0.0095932152530323056 0.016329819697533485 -0.040130766691047398 7.593343537261187e-05 -0.00051044683800458089 -0.033574326560255982 0.008624040278563205 -0.00039948857113554325 -0.039484898730748536 0 0.046569502387680997
leaf_weight=30.452675968408585 100.38645412027836 31.647164613008499 8.7829322218894941 10.760253652930261 6.7802992165088636 102.28251470625401 16.603899076581001 193.14838048815727 54.158998243510723 20.246516510844231 5.6193527132272711 7.8637183308601379
leaf_count=131 425 137 38 47 30 440 71 836 236 87 26 37
internal_value=0 -0.00414748 -0.0160896 0.000453661 0.0021824 0.00406997 0.00086454 0.00349327 -0.00923979 -0.0227269 -0.0245228 0.0296196
internal_weight=588.733 209.791 60.6766 149.115 378.942 132.735 364.298 293.535 70.7629 51.8937 16.3796 14.644
internal_count=2541 906 262 644 1635 571 1568 1261 307 224 73 67
is_linear=0
shrinkage=0.05


Tree=104
num_leaves=15
num_cat=0
split_feature=68 76 24 66 46 128 128 89 92 97 68 128 116 94
split_gain=2.14353 5.17012 5.3788 7.26495 5.53182 5.19356 3.56631 3.37549 6.50646 6.05698 4.25517 5.87169 4.04825 2.7879
threshold=0.31666666666666671 1.7071428571428573 1.4419307000000003 1.0500000000000003 1.4166666666666667 0.78467643282640187 0.84291977900207937 0.55251920000000021 0.29999999999999993 0.29999999999999993 0.29285714285714287 0.8490362419958889 1.1766392429792634 0.55950865000000016
decision_type=2 2 2 2 2 2 2 2 2 2 2 2 2 2
left_child=7 2 4 -4 -2 -3 -7 10 9 -9 12 -12 -1 -10
right_child=1 5 3 -5 -6 6 -8 8 13 -11 11 -13 -14 -15
leaf_value=0.0012818606036708578 -0.027543103383210317 0 -0.012598655916225901 0.024718554422233696 0.011034923006141071 -0.064901744449413948 -0.0075410565580165349 -0.041653064020750738 0.03044416740004019 0.0094154790947657621 0.0056322850428194883 0.03847461303111202 -0.020628333767356954 -0.0082923838830273235
leaf_weight=296.32247202843428 26.077392593026161 9.4016086012125033 18.72537337243557 32.183645650744438 11.244762405753134 8.2051989436149579 7.4712191373109809 19.002086162567142 8.3572301715612394 5.7132097482681266 102.25467182695866 16.128496378660202 21.645099103450775 5.6310481280088416
leaf_count=1287 110 40 79 137 47 35 32 80 37 26 435 77 94 25
internal_value=0 -0.00622619 0 0.010051 -0.0146306 -0.0257985 -0.042654 0.00139588 -0.0123428 -0.0279966 0.00275424 0.0108103 -0.000112879 0.0120018
internal_weight=588.364 113.309 88.2312 50.909 37.3222 25.078 15.6764 475.054 38.7036 24.7153 436.351 118.383 317.968 13.9883
internal_count=2541 480 373 216 157 107 67 2061 168 106 1893 512 1381 62
is_linear=0
shrinkage=0.05


Tree=105
num_leaves=10
num_cat=0
split_feature=82 112 89 82 15 25 62 127 82
split_gain=2.13567 6.49807 3.94345 4.73729 4.8535 4.69756 3.53875 3.20683 2.36965
threshold=0.88602250000000016 0.49170091994519477 0.37294590000000011 0.39794449999999998 1.7083333333333337 14.300000000000002 1.0000000180025095e-35 0.45930413402561726 1.1493098333333334
decision_type=2 2 2 2 2 2 2 2 2
left_child=2 -2 3 4 -1 7 -5 -4 -3
right_child=1 8 5 6 -6 -7 -8 -9 -10
leaf_value=0.0018359851146497611 -0.014975428468090819 0.046235914949107337 -0.024781264074458874 0.037372562136135858 -0.010629963341231384 0.017643831253556456 0.0046503843041475765 0 0.0041484991874476069
leaf_weight=349.57612261921167 10.651084035634996 10.400744929909708 42.526992604136467 13.245210722088812 98.541242733597755 8.7350331991910917 31.573057547211647 13.383949786424635 9.2033683732151967
leaf_count=1516 46 46 183 57 422 38 137 56 40
internal_value=0 0.012637 -0.000789198 0.000646623 -0.000811519 -0.0123423 0.0160167 -0.0181333 0.0300645
internal_weight=587.837 30.2552 557.582 492.936 448.117 64.646 44.8183 55.9109 19.6041
internal_count=2541 132 2409 2132 1938 277 194 239 86
is_linear=0
shrinkage=0.05


Tree=106
num_leaves=6
num_cat=0
split_feature=0 46 47 66 118
split_gain=2.1237 2.52344 3.11694 7.09943 4.31376
threshold=1.0000000180025095e-35 1.0000000180025095e-35 0.41666666666666669 1.0500000000000003 73.750000000000014
decision_type=2 2 2 2 2
left_child=-1 -2 4 -4 -3
right_child=1 2 3 -5 -6
leaf_value=0.022263155425630704 -0.023675995659706073 -0.0050158188339178809 -0.02865929473958816 0.01386924677454553 0.0049720891053923449
leaf_weight=9.4698463380336744 10.468118339776991 319.4564319178462 9.5952751040458661 80.19458095729351 158.47150016576052
leaf_count=41 44 1370 40 352 694
internal_value=0 -0.000454965 0 0.00850816 -0.00159616
internal_weight=587.656 578.186 567.718 89.7899 477.928
internal_count=2541 2500 2456 392 2064
is_linear=0
shrinkage=0.05


Tree=107
num_leaves=11
num_cat=0
split_feature=114 19 127 3 22 25 45 106 124 95
split_gain=2.08876 4.6588 6.11264 4.68964 3.8717 3.10674 5.12613 4.47213 4.952 3.795
threshold=1.1477224202153975 3.1000000000000005 0.55826973047252981 1.5232865 1.7083333333333337 18.500000000000004 1.5833333333333337 2.9750000000000005 0.48081605048526288 -0.40096774999999996
decision_type=2 2 2 2 2 2 2 2 2 2
left_child=1 4 3 -3 -1 7 -7 9 -9 -2
right_child=5 2 -4 -5 -6 6 -8 8 -10 -11
leaf_value=-0.058032726257315648 0.011477818118547365 -0.01733800603209968 0.032731565642887199 0.012772628914876722 0 0.0050053764972505825 -0.050100082251979962 -0.0071239228863020157 0.011893533881064101 -0.0042994777807887309
leaf_weight=6.6625889241695386 42.736571200191975 41.605139717459679 9.7555157095193845 15.85635322332382 7.238606721162796 5.8870893567800504 6.696169376373291 39.519668906927109 156.31888044625521 255.16835424304008
leaf_count=28 185 177 42 67 30 27 29 171 689 1096
internal_value=0 -0.00744727 -0.00104583 -0.00809744 -0.0328975 0.00114704 -0.0221675 0.00188588 0.00778515 -0.00183801
internal_weight=587.445 81.1182 67.217 57.4615 13.9012 506.327 12.5833 493.743 195.839 297.905
internal_count=2541 344 286 244 58 2197 56 2141 860 1281
is_linear=0
shrinkage=0.05


Tree=108
num_leaves=15
num_cat=0
split_feature=91 52 79 123 111 5 19 83 89 103 34 97 0 113
split_gain=2.11498 3.78052 4.73109 4.63778 4.41812 3.0338 5.26437 4.12906 3.91644 8.91432 3.61152 2.28065 1.90332 0.573934
threshold=1.8333333333333337 1.8333333333333337 0.33333333333333326 0.64566544009175775 1.0542254932668704 7.166666666666667 7.6333333333333337 0.83333333333333359 -0.6161317999999999 5.5000000000000009 7.9500000000000011 0.37638888888888894 1.5833333333333337 0.49613337851035427
decision_type=2 2 2 2 2 2 2 2 2 2 2 2 2 2
left_child=5 2 13 12 -5 8 7 -7 9 -1 -10 -8 -3 -2
right_child=1 3 -4 4 -6 6 11 -9 10 -11 -12 -13 -14 -15
leaf_value=-0.048640904033145874 0.0038689326148005163 -0.0033258230922926092 -0.017303628910473108 0.033607121415088696 -0.022110195523923338 0.040499726423470536 -0.032089981502234445 0 6.3959784310389545e-05 0.00046668868370848109 0.021490878676113115 0.0059677688156440437 -0.046014048720161023 0.040143055219589219
leaf_weight=12.303266301751135 5.9664983451366442 6.7392546683549943 9.4038408994674665 5.551159627735613 6.4626813232898712 17.449530676007274 5.5149140655994398 6.7329296320676795 443.04465022683144 23.972521901130676 19.837358124554157 5.3654302656650543 13.175572767853735 5.5814511924982071
leaf_count=52 27 29 41 29 29 82 24 31 1893 103 94 26 56 25
internal_value=0 -0.00949736 0.00506238 -0.0204336 0.000396829 0.00089366 0.0149051 0.0281385 -1.84229e-05 -0.0157053 0.00113437 -0.0101913 -0.0348086 0.0271879
internal_weight=587.101 52.8805 20.9518 31.9287 12.0138 534.221 35.0628 24.1825 499.158 36.2758 462.882 10.8803 19.9148 11.5479
internal_count=2541 236 93 143 58 2305 163 113 2142 155 1987 50 85 52
is_linear=0
shrinkage=0.05


Tree=109
num_leaves=9
num_cat=0
split_feature=95 96 96 95 83 81 0 5
split_gain=2.11968 4.06194 3.68354 3.40215 5.53613 4.74246 4.07926 4.44811
threshold=-0.71231750000000005 0.024659700000000121 -0.2351660500000001 -0.46239900000000006 0.83333333333333359 -0.64665349999999988 1.0000000180025095e-35 7.166666666666667
decision_type=2 2 2 2 2 2 2 2
left_child=1 2 -1 4 5 -2 -5 -8
right_child=3 -3 -4 6 -6 -7 7 -9
leaf_value=-0.026011202463165517 0.0011497596861622112 -0.034820848005451752 0.020195884030069874 0.037426415901289506 -0.01813818333533208 0.038297651711972844 -0.0025945443015660936 0.014429621875361776
leaf_weight=5.7292920798063305 19.536778420209881 11.561285346746443 10.419562965631487 5.9253886044025412 8.9238136857748014 20.141552686691288 464.11052852123976 40.351169355213642
leaf_count=25 85 49 46 26 38 87 1996 189
internal_value=0 -0.0132986 0.000326039 0.000629313 0.0131705 0.0217139 -0.000490579 -0.00110803
internal_weight=586.699 27.7101 16.1489 558.989 48.6021 39.6783 510.387 504.462
internal_count=2541 120 71 2421 210 172 2211 2185
is_linear=0
shrinkage=0.05


Tree=110
num_leaves=11
num_cat=0
split_feature=41 25 83 6 46 75 51 37 109 110
split_gain=2.07059 4.65973 4.4839 4.34685 5.91251 5.58039 6.58801 5.6473 5.40677 4.18039
threshold=4.2111111111111121 14.100000000000001 -1.8333333333333333 3.4166666666666674 2.4166666666666674 1.3166666666666669 1.4166666666666667 1.3680272 0.2491808346125198 0.38840633036222783
decision_type=2 2 2 2 2 2 2 2 2 2
left_child=1 2 -1 4 8 7 -7 -5 -2 -4
right_child=3 -3 9 5 -6 6 -8 -9 -10 -11
leaf_value=-0.028231994394370977 0 0.040464192373434113 0.0008473405716967078 -0.0012518241059000623 0.019741330909834754 0.017705366638190324 -0.0010591987280818896 -0.025255823353125775 -0.037115844738089307 0.022583645750940119
leaf_weight=10.086453303694723 14.144412189722059 7.5506713837385169 164.42393513023853 93.947133332490921 7.346409559249877 67.219069093465805 134.7161800712347 34.828057371079922 26.451156795024872 25.7181785851717
leaf_count=42 61 35 719 403 32 294 587 149 110 109
internal_value=0 0.00395905 0.00213971 -0.00223947 -0.0161536 -2.90343e-05 0.00499713 -0.00827372 -0.0241699 0.0041517
internal_weight=586.432 207.779 200.229 378.652 47.942 330.71 201.935 128.775 40.5956 190.142
internal_count=2541 905 870 1636 203 1433 881 552 171 828
is_linear=0
shrinkage=0.05


Tree=111
num_leaves=13
num_cat=0
split_feature=101 38 38 62 11 114 27 15 17 31 30 33
split_gain=2.04443 5.22026 6.17295 6.1208 6.11708 4.61425 3.52563 3.55789 4.87516 3.9388 3.06901 2.59033
threshold=2.2111111111111117 1.6996346000000002 1.4434975500000002 1.0000000180025095e-35 8.8333333333333339 1.818240438540748 8.3000000000000025 1.6333333333333335 1.5114818000000001 1.2512711999999999 1.8639357000000001 4.1833333333333345
decision_type=2 2 2 2 2 2 2 2 2 2 2 2
left_child=1 2 5 11 -5 -1 7 8 -2 -9 -4 -3
right_child=6 3 10 4 -6 -7 -8 9 -10 -11 -12 -13
leaf_value=-0.011250781913525559 0.00015557776736060364 0 -0.043964727204807298 -0.007082433682401139 0.034935001851538409 0.030999463259409374 0.032155720004442896 -0.036473351825591534 0.015124178433428608 -0.0033961920005072216 0 -0.036896324160280061
leaf_weight=28.690202549099922 295.4905461743474 6.1162754297256452 19.088254898786548 11.297599866986276 20.239247247576714 7.1227257996797553 8.1898999065160734 9.7179045826196653 67.730775117874146 98.158640697598457 6.3951018005609503 7.8537621945142746
leaf_count=121 1286 26 82 48 88 30 41 41 294 423 28 33
internal_value=0 -0.00625814 -0.0159014 0.0057185 0.0185911 -0.000875721 0.00136054 0.000652289 0.00311795 -0.00714277 -0.0342992 -0.0193017
internal_weight=586.091 106.803 61.2963 45.5069 31.5368 35.8129 479.288 471.098 363.221 107.877 25.4834 13.97
internal_count=2541 456 261 195 136 151 2085 2044 1580 464 110 59
is_linear=0
shrinkage=0.05


Tree=112
num_leaves=8
num_cat=0
split_feature=12 82 112 128 39 30 52
split_gain=2.03643 2.6054 6.16234 3.20743 2.78426 4.87416 4.12989
threshold=8.5000000000000018 0.88602250000000016 0.49170091994519477 0.83082912817906729 10.414285714285716 0.83298520000000009 1.1666666666666667
decision_type=2 2 2 2 2 2 2
left_child=1 4 -3 -4 6 -6 -1
right_child=-2 2 3 -5 5 -7 -8
leaf_value=0.0049272539059817804 -0.026886814922960724 -0.012074471481869218 0.046272525390743495 0 0.040959300896969482 0.0010833208427067258 -0.010308608360540952
leaf_weight=60.683840960264206 5.978133797645568 10.389064431190492 12.185728594660761 6.2445485144853583 6.9714621603488913 349.82431443035603 133.3739597350359
leaf_count=263 25 45 53 29 30 1518 578
internal_value=0 0.00028325 0.0147284 0.0322542 -0.000407202 0.0021145 -0.00528703
internal_weight=585.651 579.673 28.8193 18.4303 550.854 356.796 194.058
internal_count=2541 2516 127 82 2389 1548 841
is_linear=0
shrinkage=0.05


Tree=113
num_leaves=14
num_cat=0
split_feature=41 118 101 33 9 20 6 10 109 75 51 37 37
split_gain=2.02404 4.23863 7.11074 5.91429 5.6091 4.44679 3.90719 5.74044 7.82655 4.87756 6.00959 5.17517 2.62038
threshold=4.2111111111111121 72.950000000000003 3.6458333333333335 3.2678571428571432 0.97946116666666672 4.4500000000000011 3.4166666666666674 2.0231455000000005 0.2491808346125198 1.3166666666666669 1.4166666666666667 1.3680272 1.0239364450000004
decision_type=2 2 2 2 2 2 2 2 2 2 2 2 2
left_child=1 3 4 12 -3 -5 7 8 -2 11 -11 -8 -1
right_child=6 2 -4 5 -6 -7 9 -9 -10 10 -12 -13 -14
leaf_value=-0.055653829792523923 0.00081117232013268282 0 -0.031770360167150728 0.019243431485523359 0.028904135049825655 -0.0032889969894622419 -0.0010653950152207335 0.012935217145904976 -0.042808076720711984 0.016767239532712027 -0.0011745619178650211 -0.024054677423197644 -0.0014233840204383006
leaf_weight=5.8469183444976789 14.245403721928595 29.950036212801933 6.4434696137905112 27.468949973583221 44.292736947536469 86.956182226538658 93.895005032420158 10.777708083391188 22.760798215866089 66.989354200661182 134.54647003114223 34.860400155186653 6.4485170841217041
leaf_count=25 62 129 28 117 197 382 403 46 95 294 587 149 27
internal_value=0 0.00393024 0.0128809 -0.00143365 0.0177915 0.00180682 -0.00220369 -0.0154239 -0.0251219 -9.93837e-05 0.00459566 -0.00781248 -0.0332189
internal_weight=585.482 207.407 80.6862 126.721 74.2428 114.425 378.075 47.7839 37.0062 330.291 201.536 128.755 12.2954
internal_count=2541 905 354 551 326 499 1636 203 157 1433 881 552 52
is_linear=0
shrinkage=0.05


Tree=114
num_leaves=13
num_cat=0
split_feature=88 75 88 38 122 78 121 95 111 42 109 87
split_gain=1.99186 5.79736 4.30511 4.87391 4.85537 3.7598 4.22206 9.39273 4.79534 3.35976 2.28285 0.59228
threshold=0.38644669999999998 2.1055555555555561 0.85258000000000012 1.5032694500000001 37.775000000000006 1.416666666666667 41.760000000000012 0.0048155499999998916 1.058727514845075 2.1666666666666674 0.2575175310656645 0.67906970000000022
decision_type=2 2 2 2 2 2 2 2 2 2 2 2
left_child=5 2 3 -2 -4 6 8 -8 -1 10 -7 -3
right_child=1 11 4 -5 -6 9 7 -9 -10 -11 -12 -13
leaf_value=0.0006297564303011546 0.0083686156529398162 -0.011002339156346307 -0.010203438015045786 -0.018805837882866425 0.040269281628055466 0.043235458230271057 0.00023771733072820472 -0.0267160781941502 0.017976028587360644 0 0 -0.052535255748410628
leaf_weight=251.42891041189432 24.554648965597153 6.2046343982219678 5.3610186874866477 38.55529148876667 10.546982102096079 11.964674085378652 123.69801790267229 41.132964730262756 48.037271678447723 11.054718554019926 6.5120713710784903 5.9830471128225327
leaf_count=1085 105 27 24 170 49 55 540 177 207 49 28 25
internal_value=0 -0.00678975 -0.000998888 -0.00748735 0.0207053 0.00121369 0 -0.00630753 0.00362924 0.0182136 0.0308428 -0.0376203
internal_weight=585.034 91.2056 79.0179 63.1099 15.908 493.829 464.297 164.831 299.466 29.5315 18.4767 12.1877
internal_count=2541 400 348 275 73 2141 2009 717 1292 132 83 52
is_linear=0
shrinkage=0.05


Tree=115
num_leaves=11
num_cat=0
split_feature=80 81 29 18 27 101 42 99 20 10
split_gain=2.03304 4.37693 6.08485 4.37648 4.16756 3.51733 4.63755 4.29519 3.40833 3.29526
threshold=-1.0712491666666666 0.03181200000000018 1.6458333333333337 8.1000000000000014 3.1000000000000005 2.2111111111111117 1.1666666666666667 0.34848484848484856 5.6750000000000007 2.3756550000000005
decision_type=2 2 2 2 2 2 2 2 2 2
left_child=1 4 9 -2 -1 6 -5 -7 -6 -3
right_child=3 2 -4 5 8 7 -8 -9 -10 -11
leaf_value=-0.0061908465219285072 -0.034047538317137908 -0.0095909102204250855 -0.039247919481017642 -0.022796977296020756 0.039208934089248741 0.0086663247138945472 0 -0.001910662689071464 0 0.028806430872623048
leaf_weight=7.9364884644746772 8.8923421651124936 8.2245690077543312 8.3631582260131818 36.489247068762779 20.642962858080868 140.90403771400452 54.403206154704094 282.90558768063784 6.1556852757930747 9.7852574810385686
leaf_count=34 38 35 36 157 89 607 233 1240 28 44
internal_value=0 0.00851582 -0.00530712 -0.00105019 0.020265 -0.000318236 -0.00926576 0.00150029 0.0298395 0.00905914
internal_weight=584.703 61.1081 26.373 523.594 34.7351 514.702 90.8925 423.81 26.7986 18.0098
internal_count=2541 266 115 2275 151 2237 390 1847 117 79
is_linear=0
shrinkage=0.05


Tree=116
num_leaves=15
num_cat=0
split_feature=58 111 106 82 17 89 83 101 87 126 111 4 29 40
split_gain=1.99546 8.46978 5.74813 5.65747 5.63323 5.04319 7.21472 4.5577 5.71793 4.98935 4.38347 4.82926 4.61502 3.61037
threshold=1.3666666666666669 1.0515188545632836 3.3750000000000004 0.017714666666666771 1.1592060000000004 0.57958770000000015 0.83333333333333359 2.9583333333333335 0.4896521000000002 0.21957989097088879 1.0565553917127106 13.16666666666667 1.267857142857143 4.0500000000000007
decision_type=2 2 2 2 2 2 2 2 2 2 2 2 2 2
left_child=1 5 3 -3 -4 6 -1 10 9 -9 12 -12 -2 -10
right_child=7 2 4 -5 -6 -7 -8 8 13 -11 11 -13 -14 -15
leaf_value=0.03231136832580573 -0.022211605366872195 0.0016991270686064189 0 -0.016941714888072994 0.052581609971313593 -0.02159992638471234 0 0.035555417577890401 -0.037779834620667828 0.0046878590045209209 0.017281106114758221 -0.010036292591215893 -0.004025170376116655 0
leaf_weight=46.980146214365959 59.743624910712242 92.055739022791386 8.0532524809241277 66.381670832633972 7.770289108157157 5.8465522825717917 27.179708361625671 17.9934161901474 8.708840414881708 61.047190777957439 33.230670213699341 27.687027141451836 104.31538632512093 17.415821135044098
leaf_count=208 256 400 37 287 35 25 122 81 38 263 143 119 450 77
internal_value=0 0.00326872 -0.00268119 -0.00585463 0.024581 0.0167185 0.0206519 -0.00261315 0.00569084 0.0126959 -0.00672411 0.00409628 -0.0110453 -0.0133464
internal_weight=584.409 254.267 174.261 158.437 15.8235 80.0064 74.1599 330.142 105.165 79.0406 224.977 60.9177 164.059 26.1247
internal_count=2541 1114 759 687 72 355 330 1427 459 344 968 262 706 115
is_linear=0
shrinkage=0.05


Tree=117
num_leaves=10
num_cat=0
split_feature=95 95 6 88 83 38 81 121 110
split_gain=1.97085 3.95689 5.18912 3.11378 6.30463 4.45839 4.44439 3.99639 3.57531
threshold=-0.71231750000000005 -0.9666572499999998 5.5833333333333348 -0.41055809999999993 -0.83333333333333315 2.1098540500000005 -0.80742566666666671 47.270000000000017 0.17325015503776972
decision_type=2 2 2 2 2 2 2 2 2
left_child=1 -1 -3 4 7 -6 -5 -2 -8
right_child=3 2 -4 6 5 -7 8 -9 -10
leaf_value=0.014294941510749651 0.035493254788744572 0.00042802097500246189 -0.044386724736528979 -0.031919506829489575 -0.004814197512365375 0.02735380470806445 0.0080043598184956818 -0.0018168210200220068 -0.0027703637210972488
leaf_weight=6.9266365915536907 25.298379316926006 8.5122210234403628 12.179112263023852 10.461179241538046 65.355907171964645 11.841060973703859 98.147752590477467 6.3789457827806464 338.76844272017479
leaf_count=30 111 37 53 45 284 57 445 28 1451
internal_value=0 -0.0128449 -0.0244755 0.0006071 0.00820765 0 -0.00114525 0.0266242 -0.000223029
internal_weight=583.87 27.618 20.6913 556.252 108.874 77.197 447.377 31.6773 436.916
internal_count=2541 120 90 2421 480 341 1941 139 1896
is_linear=0
shrinkage=0.05


Tree=118
num_leaves=13
num_cat=0
split_feature=100 30 2 97 88 88 76 9 106 4 124 41
split_gain=1.98925 7.58145 6.59947 4.95495 3.96711 4.5593 4.26729 4.25399 3.96238 3.08671 2.7435 1.43904
threshold=0.34848484848484856 1.1279212000000003 1.6000428333333336 0.49999999999999989 -0.77852089999999974 -0.73287542999999999 1.5857142857142861 1.472556666666667 2.9750000000000005 11.833333333333334 0.53475929714943204 4.4722222222222232
decision_type=2 2 2 2 2 2 2 2 2 2 2 2
left_child=4 11 9 -4 6 -6 7 -1 -7 -3 -8 -2
right_child=1 2 3 -5 5 8 10 -9 -10 -11 -12 -13
leaf_value=-0.054237878005863306 0.058509560731485347 0 0.027400071615919626 -0.0031279268964802508 0.041140389562058094 -0.0047050164848995712 -0.017745282405183759 0 0.0049661076271948082 -0.024127761472708589 0.026575924948621418 0.011202837137203981
leaf_weight=9.9430947154760414 6.4543878287076932 22.627241149544716 27.664584651589394 19.577404364943504 5.5422086417675009 271.52216367423534 5.7067286074161512 7.4977705776691428 169.62849421799183 24.581939339637756 5.7320641130208969 7.0120609104633331
leaf_count=41 27 97 121 86 25 1172 25 35 750 105 27 30
internal_value=0 0.00604856 0.000344512 0.01391 -0.0014401 -0.000146781 -0.0190966 -0.0341902 -0.000870431 -0.0122002 0.000795739 0.0398101
internal_weight=583.49 107.918 94.4512 47.242 475.573 446.693 28.8797 17.4409 441.151 47.2092 11.4388 13.4664
internal_count=2541 466 409 207 2075 1947 128 76 1922 202 52 57
is_linear=0
shrinkage=0.05


Tree=119
num_leaves=12
num_cat=0
split_feature=36 24 103 82 27 27 126 82 37 128 37
split_gain=2.00386 5.56055 3.92441 4.29667 3.71962 5.08935 4.56856 3.31943 3.09481 3.06245 2.00087
threshold=2.2678571428571432 2.4649544000000003 9.5000000000000018 -0.22337683333333322 2.6333333333333337 3.2250000000000005 0.27993831580594447 -0.53723609999999999 1.1710900000000002 0.83581202331764348 0.98276588333333337
decision_type=2 2 2 2 2 2 2 2 2 2 2
left_child=1 4 3 7 6 -6 -1 -2 -5 -4 -3
right_child=2 10 9 8 5 -7 -8 -9 -10 -11 -12
leaf_value=0.034719594085254095 0 0 -0.0009594080571620529 0.023314549269013114 -0.018515662116228734 0.00036623304973057002 -0.0077824692014056389 -0.04370661517772953 -0.010071445991934977 -0.057150896752166405 0.038376571357946199
leaf_weight=15.365751311182978 7.971295028924942 5.6093523055315044 6.9033462852239591 17.557416662573818 37.39138238132 452.22628765553236 7.1432526856660834 7.2657261788845044 7.8828208297491065 5.7472469359636307 12.127928577363489
leaf_count=67 35 25 30 77 162 1961 31 31 37 25 60
internal_value=0 0.000900787 -0.00918056 -0.000133561 0 -0.00100864 0.0193474 -0.0214794 0.011089 -0.032467 0.0276568
internal_weight=583.192 529.864 53.3279 40.6773 512.127 489.618 22.509 15.237 25.4402 12.6506 17.7373
internal_count=2541 2306 235 180 2221 2123 98 66 114 55 85
is_linear=0
shrinkage=0.05


Tree=120
num_leaves=14
num_cat=0
split_feature=46 66 30 82 38 25 112 91 88 127 90 10 118
split_gain=2.00397 4.9275 7.51688 6.34996 4.85581 10.8272 6.97879 5.24586 4.73849 4.73084 5.09014 4.30414 4.27938
threshold=1.8333333333333337 1.1833333333333336 1.1336692428571431 -0.49473900000000004 1.6186668 13.450000000000001 0.46786292587819317 -2.3666666666666658 -0.032914000000000047 0.7217377205911043 0.47500000000000014 1.3446956666666667 59.45000000000001
decision_type=2 2 2 2 2 2 2 2 2 2 2 2 2
left_child=1 2 8 -4 5 6 -2 -6 -1 10 -3 -7 -9
right_child=4 9 3 -5 7 11 -8 12 -10 -11 -12 -13 -14
leaf_value=0 0.01501318616233871 0.011936731151937609 0.01249195293586256 -0.021760936023027665 0.046612524708444805 -0.0024625124745083788 -0.032554943616465049 -0.022094356867750048 0.037472597312755949 -0.03496394182687404 -0.0009477535990056416 0.0349747688379453 0.0057678389066735496
leaf_weight=19.089942961931232 6.9322336614131919 170.48879220336676 14.197993889451025 67.121957585215569 5.4678562730550757 15.882456600666048 49.847140818834305 16.538567021489143 11.303433999419211 5.8024313151836386 126.28692141920328 10.707075163722036 63.230070814490318
leaf_count=81 29 744 62 287 24 68 214 70 48 25 565 47 277
internal_value=0 0.00182734 -0.00691721 -0.0150941 -0.00462197 -0.0132556 -0.0257226 0.00329847 0.0131519 0.00523272 0.00630132 0.0115217 0
internal_weight=582.897 414.291 111.713 81.32 168.605 83.3689 56.7794 85.2365 30.3934 302.578 296.776 26.5895 79.7686
internal_count=2541 1812 478 349 729 358 243 371 129 1334 1309 115 347
is_linear=0
shrinkage=0.05


Tree=121
num_leaves=9
num_cat=0
split_feature=70 3 6 121 114 4 68 66
split_gain=1.96103 2.37687 4.40152 5.62506 3.96633 3.89725 6.64891 4.94788
threshold=0.45000000000000007 0.94510150000000015 7.416666666666667 47.270000000000017 2.6694688448906247 16.166666666666668 0.38750000000000007 1.6333333333333335
decision_type=2 2 2 2 2 2 2 2
left_child=-1 2 4 -4 -2 7 -7 -3
right_child=1 5 3 -5 -6 6 -8 -9
leaf_value=-0.025314959178644382 0.0035526265647944639 -0.0019814935331664688 0.036326863822620396 0 -0.031294684143023464 -0.0024496508704239411 -0.039085194750470224 0.012968905002056644
leaf_weight=6.5713600218296042 85.358750611543655 305.61056539416313 21.903593093156815 17.183818429708481 8.0119114220142347 55.184851050376892 16.504879355430603 66.109613418579102
leaf_count=28 372 1313 99 81 34 254 71 289
internal_value=0 0.00029585 0.00621686 0.020079 0 -0.00137041 -0.0119936 0.000570914
internal_weight=582.439 575.868 132.458 39.0874 93.3707 443.41 71.6897 371.72
internal_count=2541 2513 586 180 406 1927 325 1602
is_linear=0
shrinkage=0.05


Tree=122
num_leaves=13
num_cat=0
split_feature=88 75 21 127 78 121 95 111 31 42 109 87
split_gain=1.95176 5.36553 3.93476 7.04121 3.25286 3.59995 8.46141 4.09506 3.21793 3.15042 1.98061 0.419053
threshold=0.38644669999999998 2.1055555555555561 0.90000000000000013 0.19489456499332966 1.416666666666667 41.760000000000012 0.0048155499999998916 1.058727514845075 1.2813828500000002 2.1666666666666674 0.2575175310656645 0.67906970000000022
decision_type=2 2 2 2 2 2 2 2 2 2 2 2
left_child=4 2 8 -4 5 7 -7 -1 -2 10 -6 -3
right_child=1 11 3 -5 9 6 -8 -9 -10 -11 -12 -13
leaf_value=0.00063580127067023706 -0.034220316350693891 -0.010958532373551166 0.032428632328725754 -0.0053401981879016239 0.041212141747629639 0.00044486000839603679 -0.02517811472142898 0.016741857863758737 0 -6.3379685952116801e-06 0 -0.050394387634050866
leaf_weight=250.33024703711271 12.64936211705208 6.1840870827436429 16.644967995584011 35.666443035006523 11.756558448076253 123.15186296403408 40.984544321894646 47.70131528377533 13.683577597141264 11.003746539354323 6.4851849228143683 5.9578022956848145
leaf_count=1085 57 27 80 152 55 540 177 207 59 49 28 25
internal_value=0 -0.00674168 -0.00112289 0.00612244 0.00119884 5.02736e-05 -0.00576409 0.00342822 -0.0170427 0.0170948 0.0294732 -0.0364758
internal_weight=582.2 90.7862 78.6444 52.3114 491.413 462.168 164.136 298.032 26.3329 29.2455 18.2417 12.1419
internal_count=2541 400 348 232 2141 2009 717 1292 116 132 83 52
is_linear=0
shrinkage=0.05


Tree=123
num_leaves=9
num_cat=0
split_feature=22 21 36 25 106 80 6 92
split_gain=1.92466 2.80073 3.68177 3.41793 5.21374 4.51617 3.28765 1.16417
threshold=3.1000000000000005 0.45000000000000007 1.9500000000000002 8.1000000000000014 2.8583333333333338 -1.0712491666666666 6.8333333333333348 -0.7749999999999998
decision_type=2 2 2 2 2 2 2 2
left_child=1 2 6 4 -3 -5 -1 -4
right_child=-2 3 7 5 -6 -7 -8 -9
leaf_value=0.034626136773305081 -0.023094642291692762 -0.029475609807288212 0.0024748218968524594 0.016158536114271885 0.0026222642575714915 -0.0007871166013770774 0 -0.022966731914784613
leaf_weight=18.827130377292637 7.9189918339252463 23.650477886199951 5.7283870577812195 41.803072966635227 20.460424289107323 451.03450743108988 6.8549522012472144 5.4962867498397809
leaf_count=81 35 103 25 184 90 1968 30 25
internal_value=0 0.000308192 0.0134975 -0.000528827 -0.0137508 0.000578796 0.0241433 -0.00675248
internal_weight=581.774 573.855 36.9068 536.948 44.1109 492.838 25.6821 11.2247
internal_count=2541 2506 161 2345 193 2152 111 50
is_linear=0
shrinkage=0.05


Tree=124
num_leaves=15
num_cat=0
split_feature=7 77 112 24 112 24 12 126 85 10 98 36 117 127
split_gain=1.91616 5.44622 6.46738 5.58215 4.29339 4.86811 4.28578 4.43862 7.25506 5.98971 4.04974 3.70491 3.25353 2.25628
threshold=0.83333333333333337 0.23611111111111113 0.52956610819206251 1.9419640000000002 0.49170091994519477 2.0450360000000001 2.5833333333333335 0.21863868278769702 -0.39999999999999997 2.3756550000000005 -0.48333333333333323 1.9500000000000002 73.750000000000014 0.32023161902801128
decision_type=2 2 2 2 2 2 2 2 2 2 2 2 2 2
left_child=1 2 3 -1 10 -6 12 8 -8 -9 -3 -4 13 -2
right_child=6 4 11 -5 5 -7 7 9 -10 -11 -12 -13 -14 -15
leaf_value=0.017781300380289043 -0.02191772008908463 0.033551324464316211 0.055292073162629019 -0.010352241605609602 -0.021730272986327598 0.018840167963702296 -0.013747729477240353 -0.0058942753887445782 0.017249864422507217 0.018429866345427898 -0.0018498835082220563 0.004121260075312291 -0.049833574830302887 0.012678603832908884
leaf_weight=37.371231198310852 9.2511979341506976 10.04316781461239 11.790324002504351 29.63803194463253 40.047167778015137 6.9030872732400885 23.224021345376968 274.89939715713263 69.309065587818623 26.148185327649117 21.557217478752136 8.3081285506486875 6.9595309644937506 6.1416474878787986
leaf_count=164 41 43 53 129 171 29 103 1179 323 117 95 38 30 26
internal_value=0 0.0044786 0.0131735 0.00463346 -0.0045793 -0.014454 -0.00186332 -0.000496966 0.00887169 -0.00356199 0.00855158 0.0377073 -0.0227295 -0.00513253
internal_weight=581.591 165.658 87.1077 67.0093 78.5506 46.9503 415.933 393.581 92.5331 301.048 31.6004 20.0985 22.3524 15.3928
internal_count=2541 722 384 293 338 200 1819 1722 426 1296 138 91 97 67
is_linear=0
shrinkage=0.05


Tree=125
num_leaves=6
num_cat=0
split_feature=12 44 46 81 83
split_gain=1.89496 2.45406 2.46019 5.67396 4.37239
threshold=8.5000000000000018 0.83333333333333337 1.8333333333333337 0.073976833333333394 0.83333333333333359
decision_type=2 2 2 2 2
left_child=1 2 4 -4 -1
right_child=-2 -3 3 -5 -6
leaf_value=0.0065108621784699828 -0.026012458011854117 -0.029495505715083248 0.0021483375575942951 -0.0167734073472653 -0.0044974009274192407
leaf_weight=275.41628516465425 5.9380185455083838 5.7679658085107794 107.71023678779602 58.473543025553226 127.74983043968678
leaf_count=1202 25 26 467 254 567
internal_value=0 0.000272542 0.000712968 -0.00427091 0.0028965
internal_weight=581.056 575.118 569.35 166.184 403.166
internal_count=2541 2516 2490 721 1769
is_linear=0
shrinkage=0.05


Tree=126
num_leaves=12
num_cat=0
split_feature=41 25 78 34 13 31 87 81 111 122 122
split_gain=1.83489 4.02301 4.05951 4.33084 3.65621 9.0705 7.77747 6.45964 5.66859 5.27496 4.31005
threshold=4.2111111111111121 14.100000000000001 1.8333333333333339 5.0500000000000007 5.166666666666667 1.6837769 -0.13487030000000008 -0.090517166666666746 1.0516006657115775 51.865000000000009 36.895000000000003
decision_type=2 2 2 2 2 2 2 2 2 2 2
left_child=1 2 3 -1 7 8 -7 9 -6 -2 -9
right_child=4 -3 -4 -5 5 6 -8 10 -10 -11 -12
leaf_value=0.010205891103118587 -0.0032561674830218798 0.038107821478879846 0.034216945160544715 -0.0053303521576081193 0.011149189099648011 0 0.054045666951135676 -0.033172799505753102 -0.0089124495368920545 0.026915048282056316 -0.0080457557802953786
leaf_weight=70.097558282315731 86.361070439219475 7.347210854291915 8.3600361943244916 119.62087865918875 51.549584597349167 14.69200558960438 13.728840082883833 28.121884569525719 101.45978486537933 16.140106871724129 63.39563561975956
leaf_count=301 375 35 41 528 230 65 65 120 438 69 274
internal_value=0 0.00373514 0.002024 0.000171259 -0.00212964 0.00277147 0.0283093 -0.00695985 -0.00180043 0.00122573 -0.0165824
internal_weight=580.875 205.426 198.078 189.718 375.449 181.43 28.4208 194.019 153.009 102.501 91.5175
internal_count=2541 905 870 829 1636 798 130 838 668 444 394
is_linear=0
shrinkage=0.05


Tree=127
num_leaves=12
num_cat=0
split_feature=97 88 110 128 124 102 36 20 83 125 95
split_gain=1.87831 5.8515 6.18263 6.35726 4.53075 4.4645 4.97796 4.00327 2.9591 6.18725 5.97297
threshold=-0.7321428571428571 0.38644669999999998 0.43462792176816667 0.77154458248436941 0.63941238447349968 4.5000000000000009 1.6833333333333336 4.366666666666668 0.83333333333333359 0.62551049169967599 -0.46239900000000006
decision_type=2 2 2 2 2 2 2 2 2 2 2
left_child=1 2 7 -4 8 -6 -7 -1 10 -10 -2
right_child=4 -3 3 -5 5 6 -8 -9 9 -11 -12
leaf_value=0.0056484340531325885 0.020629361024897579 -0.041890101332315549 -0.015618459078419062 0.015487497715213395 0.0442428622482295 0.025744242198761775 -0.011604946205526059 -0.034434376944243381 -0.014980679894420213 0.0071973675217288204 -5.9447870880173005e-05
leaf_weight=5.880791828036311 38.394879095256329 9.3948495686054212 22.019520193338394 50.245705515146255 10.457066863775252 15.524756103754042 16.625241994857788 18.810425505042076 81.786581337451935 46.472773253917694 264.80471490323544
leaf_count=25 168 40 92 221 49 71 79 79 349 215 1153
internal_value=0 -0.00600456 -0.00162476 0.00524312 0.00131801 0.0166893 0.00515467 -0.0230933 -0.000119388 -0.00656448 0.00245526
internal_weight=580.417 106.351 96.9564 72.2652 474.066 42.6071 32.15 24.6912 431.459 128.259 303.2
internal_count=2541 457 417 313 2084 199 150 104 1885 564 1321
is_linear=0
shrinkage=0.05


Tree=128
num_leaves=14
num_cat=0
split_feature=100 30 2 98 88 18 13 51 76 9 4 124 124
split_gain=1.8419 6.77487 5.73969 6.92748 3.60172 4.33847 6.86681 6.42209 3.87843 3.77977 2.7191 2.41315 1.35248
threshold=0.34848484848484856 1.1279212000000003 1.6000428333333336 0.49999999999999989 -0.77852089999999974 12.700000000000001 8.1666666666666696 1.1666666666666667 1.5857142857142861 1.472556666666667 11.833333333333334 0.53475929714943204 0.53548945028282924
decision_type=2 2 2 2 2 2 2 2 2 2 2 2 2
left_child=4 12 10 -4 8 6 -6 -7 9 -1 -3 -10 -2
right_child=1 2 3 -5 5 7 -8 -9 11 -11 -12 -13 -14
leaf_value=-0.051627146345097047 0.054397463362665037 0 0.030733679597282477 -0.0057178772306787865 -0.0081709214953730302 0.014265962944048784 0.036372991511972923 -0.0018906099883949402 -0.016452710969590025 0 -0.022507381090638962 0.025248148924850125 0.0083991484254360965
leaf_weight=9.8922045975923591 6.9381146281957609 22.538811385631561 25.321349173784256 21.580089017748833 183.04633701592684 95.431258454918861 7.7648006379604331 157.75342763215303 5.6825685799121839 7.4261007383465758 24.429046228528023 5.6333798766136169 6.407939150929451
leaf_count=41 29 97 112 95 784 423 36 704 25 35 105 27 28
internal_value=0 0.00585545 0.000417584 0.0131487 -0.00137423 -0.000133669 -0.00591742 0.00403464 -0.0182692 -0.0326955 -0.0112622 0.000611743 0.0379222
internal_weight=579.845 107.215 93.8693 46.9014 472.63 443.996 190.811 253.185 28.6343 17.3183 46.9679 11.3159 13.3461
internal_count=2541 466 409 207 2075 1947 820 1127 128 76 202 52 57
is_linear=0
shrinkage=0.05


Tree=129
num_leaves=7
num_cat=0
split_feature=16 2 90 101 125 82
split_gain=1.815 3.0761 3.11051 2.86548 3.17564 2.68319
threshold=0.55604480000000012 0.63050200000000012 -0.62499999999999989 4.2678571428571432 0.0695454346451337 0.15056516666666683
decision_type=2 2 2 2 2 2
left_child=-1 2 -2 4 -3 -5
right_child=1 3 -4 5 -6 -7
leaf_value=0.037553894198839977 0 -0.026291473544675703 -0.044349304610993553 -0.037846840516771146 0.0015625751358943397 0
leaf_weight=2.1956581324338904 7.0154008716344833 9.2979237586259824 6.857587516307829 8.3650354743003827 539.83635567873716 5.8669143021106711
leaf_count=10 30 40 30 36 2370 25
internal_value=0 -0.000230352 -0.0227216 0.000274183 0.000953131 -0.0209829
internal_weight=579.435 577.239 13.873 563.366 549.134 14.2319
internal_count=2541 2531 60 2471 2410 61
is_linear=0
shrinkage=0.05


Tree=130
num_leaves=14
num_cat=0
split_feature=35 99 116 110 110 98 18 116 100 70 111 25 124
split_gain=1.79296 8.2827 5.69196 4.99277 3.44997 5.41081 4.84337 4.49366 5.78639 4.87992 3.36174 2.28849 1.94463
threshold=1.9500000000000002 0.13392857142857145 -1.1582267247559923 0.42020373514431242 0.32901562635826659 0.30000000000000016 13.266666666666667 -0.67051801832535041 0.11805555555555557 1.2111111111111115 1.052218795157071 10.450000000000001 0.55595585550446203
decision_type=2 2 2 2 2 2 2 2 2 2 2 2 2
left_child=4 10 -3 -4 7 6 -6 8 -1 -9 -2 -7 -12
right_child=1 2 3 -5 5 11 -8 9 -10 -11 12 -13 -14
leaf_value=0.01007803842714319 -0.0060269802714020609 0.019097972973991226 0 -0.03936914328409663 -0.0023657936709076538 0.00086689909416215601 0.014264110506942904 0.0073793132917591986 -0.029388113090450425 -0.0060196955216165063 0.00093549231230267711 0.047111673216473922 0.04761352101269567
leaf_weight=10.522060573101042 6.5506958961486843 5.9709435552358618 14.141495332121847 26.476946786046028 119.34797129034996 6.6311205476522472 64.935140661895275 124.43364392220974 29.148228645324707 147.17543178796768 6.277887284755705 10.206912994384764 7.4962261468172073
leaf_count=46 30 27 64 113 513 28 281 560 127 647 27 44 34
internal_value=0 -0.00766234 -0.0196728 -0.0268955 0.000981968 0.00613681 0.00326952 -0.00219751 -0.0177004 0 0.0171554 0.0327722 0.0312265
internal_weight=579.315 66.9142 46.5894 40.6184 512.401 201.121 184.283 311.279 39.6703 271.609 20.3248 16.838 13.7741
internal_count=2541 295 204 177 2246 866 794 1380 173 1207 91 72 61
is_linear=0
shrinkage=0.05


Tree=131
num_leaves=15
num_cat=0
split_feature=41 118 101 33 109 28 6 83 4 111 111 56 111 89
split_gain=1.79725 3.98153 6.55497 5.19611 5.13111 3.96514 3.39907 5.38584 5.85477 4.31686 6.38704 5.98507 3.84584 1.36036
threshold=4.2111111111111121 72.950000000000003 3.6458333333333335 3.2678571428571432 0.29163185642588541 1.2111111111111115 3.4166666666666674 -0.58333333333333315 11.583333333333334 1.0516006657115775 1.0491051219862262 0.22500000000000003 1.057255667038276 -0.033752499999999845
decision_type=2 2 2 2 2 2 2 2 2 2 2 2 2 2
left_child=1 3 4 13 -3 -5 7 8 -2 10 -8 -11 -9 -1
right_child=6 2 -4 5 -6 -7 9 12 -10 11 -12 -13 -14 -15
leaf_value=-0.002514600557448116 -0.01373845478802288 0.02201261992370912 -0.030383754667393265 0.016775176325588309 -0.017309139799612554 -0.0037509497483348901 -0.0040497887144783579 -0.043090238508370064 0.037075165179687952 0.0010973467569845021 0.019607345340488903 -0.01626571991563306 0 -0.047380291941415659
leaf_weight=5.7919425517320633 17.256310641765598 66.002444371581078 6.4026224017143241 31.038963660597801 7.2728533297777167 82.040376879274845 50.963200882077217 16.871172651648525 7.1415969580411902 150.09728883206844 56.054694592952728 69.892414316534996 5.9195904582738867 6.2839242219924909
leaf_count=25 75 294 28 133 32 366 228 72 31 654 248 303 25 27
internal_value=0 0.00374366 0.0124791 -0.00147607 0.0172561 0.0015426 -0.00207044 -0.0144798 4.08519e-05 -8.85922e-05 0.00794545 -0.00424142 -0.0314744 -0.0315232
internal_weight=579.029 204.833 79.6779 125.155 73.2753 113.079 374.196 47.1887 24.3979 327.008 107.018 219.99 22.7908 12.0759
internal_count=2541 905 354 551 326 499 1636 203 106 1433 476 957 97 52
is_linear=0
shrinkage=0.05


Tree=132
num_leaves=15
num_cat=0
split_feature=91 52 84 79 0 31 109 94 30 65 16 83 109 113
split_gain=1.79069 3.22288 5.90224 4.32749 3.48157 2.85703 3.97033 3.69161 4.39136 3.8276 2.53472 2.12434 1.16825 0.535307
threshold=1.8333333333333337 1.8333333333333337 3.1666666666666674 0.33333333333333326 1.5833333333333337 0.80930170000000012 0.20070237511089381 0.57196825000000029 2.1845521500000005 0.22500000000000003 1.8644913000000003 0.83333333333333359 0.16489200187616807 0.49613337851035427
decision_type=2 2 2 2 2 2 2 2 2 2 2 2 2 2
left_child=5 3 4 13 -3 6 11 8 -7 -9 -8 -1 -4 -2
right_child=1 2 12 -5 -6 7 10 9 -10 -11 -12 -13 -14 -15
leaf_value=0.055193042933577956 0.0031975811191998385 0 0.023099071632314425 -0.01667602986784289 -0.04874906543395844 0.00054164147609836065 -0.017801056963938418 0.0010639281545468807 0.026802483380875666 -0.020717989441418536 0.017044851718454795 0.0008344057350029993 -0.0026869143810826614 0.038688959133427119
leaf_weight=6.4697863310575503 5.8742671906948107 6.4742429405450883 5.2159490883350355 9.3364273309707624 13.605145446956156 408.64988242834806 8.691913381218912 31.637902200222015 15.824376992881296 39.847346007823944 10.240397647023199 5.0467555373907089 6.1456167548894882 5.4599205255508423
leaf_count=33 27 29 26 41 61 1773 38 140 77 173 47 24 27 25
internal_value=0 -0.00878265 -0.0189883 0.00459323 -0.0351235 0.000848789 0.0154661 0 0.00169885 -0.0105063 0 0.0373366 0.00601728 0.0260989
internal_weight=578.52 52.1116 31.441 20.6706 20.0794 526.408 30.4489 495.96 424.474 71.4852 18.9323 11.5165 11.3616 11.3342
internal_count=2541 236 143 93 90 2305 142 2163 1850 313 85 57 53 52
is_linear=0
shrinkage=0.05


Tree=133
num_leaves=9
num_cat=0
split_feature=33 33 39 11 96 16 33 95
split_gain=1.78093 2.39666 3.35741 5.22895 3.33446 4.8392 3.96235 3.17812
threshold=2.5500000000000003 3.4222222222222229 9.7500000000000018 9.8333333333333339 -0.64178269999999971 1.5807068000000002 3.535714285714286 -0.15467205000000009
decision_type=2 2 2 2 2 2 2 2
left_child=-1 2 7 -4 5 -3 -6 -2
right_child=1 4 3 -5 6 -7 -8 -9
leaf_value=0.023820930275575757 -0.049149696808782103 -0.050928211114300154 0.029710887193316361 -0.01108899923086566 0.026782777723197218 0.00024810786201244874 0.00058411954750095649 -0.0012466431688636492
leaf_weight=6.7351195514202109 8.1517355740070361 6.5525234639644605 9.0515255182981473 33.3466407507658 14.099396228790281 7.2140873968601227 483.63110598921776 9.3918576985597593
leaf_count=30 35 28 39 144 62 31 2131 41
internal_value=0 -0.000332092 -0.00976326 -0.000742661 0.000692468 -0.0225237 0.00147873 -0.0276516
internal_weight=578.174 571.439 59.9418 42.3982 511.497 13.7666 497.731 17.5436
internal_count=2541 2511 259 183 2252 59 2193 76
is_linear=0
shrinkage=0.05


Tree=134
num_leaves=9
num_cat=0
split_feature=70 3 16 21 109 28 111 111
split_gain=1.78287 2.04287 3.65992 4.34894 3.29717 3.29149 7.5162 4.20302
threshold=0.45000000000000007 0.94510150000000015 1.4449604000000005 1.4500000000000002 0.27026274769227826 1.7071428571428573 1.0555339722006392 1.0565553917127106
decision_type=2 2 2 2 2 2 2 2
left_child=-1 2 4 -4 -2 7 -7 -3
right_child=1 5 3 -5 -6 6 -8 -9
leaf_value=-0.024204323396865735 -0.024522450856912806 -0.0022210284556887258 0.018159248110296556 -0.0018069848273606463 0.0076912476082787729 0.00098518745950987373 -0.024858450692611226 0.010208441979335466
leaf_weight=6.5143852382898322 15.628558725118639 236.03513829410076 65.416078180074692 38.883329927921295 11.284914597868918 68.42331475019455 42.98455723375082 92.842309862375259
leaf_count=28 67 1021 296 175 48 312 190 404
internal_value=0 0.00030959 0.00582932 0.0102944 -0.00943224 -0.00123156 -0.00867371 0.00115656
internal_weight=578.013 571.498 131.213 104.299 26.9135 440.285 111.408 328.877
internal_count=2541 2513 586 471 115 1927 502 1425
is_linear=0
shrinkage=0.05


Tree=135
num_leaves=9
num_cat=0
split_feature=22 72 73 31 22 105 77 126
split_gain=1.74995 2.00183 6.79292 5.59537 3.50374 3.86939 3.77957 0.182622
threshold=0.26666666666666672 2.0500000000000003 0.61250000000000016 1.4218191000000002 0.63333333333333341 1.0000000180025095e-35 0.55000000000000016 0.25410489511149253
decision_type=2 2 2 2 2 2 2 2
left_child=-1 4 7 -4 5 -2 -6 -3
right_child=1 2 3 -5 6 -7 -8 -9
leaf_value=0.023479667720424438 0.033169986239504262 -0.051831500125939456 -0.011309593815894331 0.020947950579771491 0.00032556801974376818 -0.0049046223590041979 -0.034893771413185254 -0.01288304242618005
leaf_weight=6.8183229714632025 15.784286364912989 6.8711227178573591 40.039207503199577 18.915443122386932 469.55941684544086 7.3416343480348578 6.7270660549402228 5.7381131052970886
leaf_count=30 68 30 173 85 2068 32 30 25
internal_value=0 -0.000336262 -0.00815459 0 0.000698213 0.0193079 -0.000139177 -0.0400301
internal_weight=577.795 570.976 71.5639 58.9547 499.412 23.1259 476.286 12.6092
internal_count=2541 2511 313 258 2198 100 2098 55
is_linear=0
shrinkage=0.05


Tree=136
num_leaves=11
num_cat=0
split_feature=82 112 35 89 127 82 6 32 128 82
split_gain=1.71508 5.10693 3.19481 3.537 5.14685 4.05904 3.52781 6.08938 2.17629 0.44868
threshold=0.88602250000000016 0.49170091994519477 2.1125000000000003 0.37294590000000011 0.49863587226401523 0.39794449999999998 7.166666666666667 11.950000000000001 0.83082912817906729 1.1493098333333334
decision_type=2 2 2 2 2 2 2 2 2 2
left_child=2 -2 3 5 -5 -1 7 -4 9 -3
right_child=1 8 6 4 -6 -7 -8 -9 -10 -11
leaf_value=5.7513054758306257e-05 -0.012630698680224747 0.052087100136703139 0.0081330392213758793 -0.020199870005587404 0.013023311937347971 0.016395881353789589 0.0076420271199069177 -0.045525841569184718 0 0.012207370982137743
leaf_weight=423.79022573679686 10.531334996223451 6.5358239412307757 5.5565145760774675 43.222151055932045 13.137698769569395 41.48528964817524 6.8464729189872733 14.136514499783514 6.1261100992560378 6.3238125294446945
leaf_count=1864 46 29 25 189 56 183 32 60 29 28
internal_value=0 0.0115151 -0.000662744 0.000118348 -0.0114917 0.00165356 -0.0172776 -0.028308 0.0273723 0.0383793
internal_weight=577.692 29.5171 548.175 521.635 56.3598 465.276 26.5395 19.693 18.9857 12.8596
internal_count=2541 132 2409 2292 245 2047 117 85 86 57
is_linear=0
shrinkage=0.05


Tree=137
num_leaves=11
num_cat=0
split_feature=114 19 127 3 0 25 11 86 35 38
split_gain=1.70926 4.47534 4.94404 3.76209 2.90565 2.63948 3.16633 6.68521 5.24704 2.94604
threshold=1.1477224202153975 3.1000000000000005 0.55826973047252981 1.5232865 0.83333333333333337 18.500000000000004 15.833333333333334 -0.39999999999999997 1.9500000000000002 1.2577734000000003
decision_type=2 2 2 2 2 2 2 2 2 2
left_child=1 4 3 -3 -1 6 8 -8 -2 -7
right_child=5 2 -4 -5 -6 9 7 -9 -10 -11
leaf_value=0 0.0021608133829001766 -0.015314792848360842 0.030232874755319883 0.011780296427782909 -0.0505600503847419 -0.040901269797479538 -0.028455652413827078 0.023727328683457075 -0.017510465828894897 0
leaf_weight=5.9657412320375425 408.06269624084234 40.97569115459919 9.5355188399553281 15.594125181436537 7.6518681943416595 6.7716645300388318 5.6934508383274069 35.745586700737476 35.815240442752838 5.6763859242200851
leaf_count=25 1797 177 42 67 33 29 25 162 157 27
internal_value=0 -0.006749 -0.000429866 -0.00690232 -0.0318762 0.00109341 0.00179032 0.014878 0.000425411 -0.0204722
internal_weight=577.488 79.7229 66.1053 56.5698 13.6176 497.765 485.317 41.439 443.878 12.4481
internal_count=2541 344 286 244 58 2197 2141 187 1954 56
is_linear=0
shrinkage=0.05


Tree=138
num_leaves=8
num_cat=0
split_feature=33 33 3 88 96 16 32
split_gain=1.68635 2.19448 4.43869 3.5358 2.97914 4.41876 3.54944
threshold=2.5500000000000003 3.4222222222222229 2.2613100000000004 -0.39511610000000003 -0.64178269999999971 1.5807068000000002 10.950000000000001
decision_type=2 2 2 2 2 2 2
left_child=-1 2 3 -2 5 -3 -6
right_child=1 4 -4 -5 6 -7 -8
leaf_value=0.023221424735351992 0.0045825977402045867 -0.048468440704915988 0.019405818118296406 -0.023089098289457211 0.015437759019106446 0.00022392791431235896 2.2595775439047141e-05
leaf_weight=6.7079728543758383 11.977924898266791 6.5485571920871717 8.9100014418363553 38.876887187361717 40.344756081700325 7.1998340934514999 456.62640620023012
leaf_count=30 52 28 40 167 174 31 2019
internal_value=0 -0.000322593 -0.00936294 -0.0156446 0.000653835 -0.0212925 0.00140291
internal_weight=577.192 570.484 59.7648 50.8548 510.72 13.7484 496.971
internal_count=2541 2511 259 219 2252 59 2193
is_linear=0
shrinkage=0.05


Tree=139
num_leaves=12
num_cat=0
split_feature=94 64 17 41 111 17 18 17 13 66 63
split_gain=1.71395 8.32949 4.33551 4.62143 4.03452 4.34089 3.29457 4.16236 4.38499 4.19977 2.68994
threshold=-0.61458254999999995 1.6333333333333335 1.407097 4.1339285714285721 1.0483648147962878 1.2122537000000002 8.1000000000000014 1.7880859000000002 4.8333333333333348 1.267857142857143 1.3666666666666669
decision_type=2 2 2 2 2 2 2 2 2 2 2
left_child=1 4 10 -4 -1 -6 -2 9 -9 -8 -3
right_child=6 2 3 -5 5 -7 7 8 -10 -11 -12
leaf_value=-0.0092273633372054013 -0.035889543722987576 0.027653965897066868 0 -0.038500842124434116 0 0.037735674961643137 -0.0099126557068888871 0 0.024872458453922552 0.00073995937140200756 -0.0062567204764504315
leaf_weight=5.5880550742149344 5.7914955765008918 10.235422417521479 17.469074621796612 14.167883813381193 6.9516829699277869 28.852279409766197 130.89618663489819 34.064536228775978 29.570261530578136 285.57827509939671 7.8337444067001334
leaf_count=24 25 44 77 63 31 126 563 149 134 1270 35
internal_value=0 0.00626265 -0.00674137 -0.0183002 0.0228488 0.0293283 -0.00117544 -0.000579032 0.0110901 -0.00250407 0.0107731
internal_weight=576.999 91.0981 49.7061 31.637 41.392 35.804 485.901 480.109 63.6348 416.474 18.0692
internal_count=2541 400 219 140 181 157 2141 2116 283 1833 79
is_linear=0
shrinkage=0.05


Tree=140
num_leaves=12
num_cat=0
split_feature=91 115 6 52 31 109 31 1 55 87 87
split_gain=1.70394 3.29308 3.01843 3.3335 2.68937 3.67762 3.18649 7.13599 5.06847 2.32035 1.08422
threshold=1.8333333333333337 1.1996806869913252 4.416666666666667 1.8333333333333337 0.80930170000000012 0.20070237511089381 1.1714792500000002 1.5833333333333337 0.45000000000000007 0.13207780000000005 0.76148330000000009
decision_type=2 2 2 2 2 2 2 2 2 2 2
left_child=4 -2 -3 -4 5 10 7 -6 -8 -7 -1
right_child=1 2 3 -5 6 9 8 -9 -10 -11 -12
leaf_value=0.053539461260206991 -0.031696353144840532 -0.029953354272459543 0.023949273855515683 -0.0061612859624389262 -0.00092458423263273328 -0.019291049392712072 -0.00016408102142887986 -0.033045592018773627 0.015417093321539089 0.01468127894995863 0.0073739715695605576
leaf_weight=5.5026541650295275 11.041982397437094 6.6370190978050223 13.307530984282492 20.923265755176544 101.93123494833708 7.3539453297853496 311.53398806601763 20.801735274493694 60.312638998031616 11.489571511745451 5.8430441617965698
leaf_count=28 49 30 61 96 450 33 1358 90 265 52 29
internal_value=0 -0.00855913 -0.000505755 0.00447278 0.000854325 0.0150955 0 -0.00699587 0.00226362 0 0.0363373
internal_weight=576.679 51.9098 40.8678 34.2308 524.769 30.1892 494.58 122.733 371.847 18.8435 11.3457
internal_count=2541 236 187 157 2305 142 2163 540 1623 85 57
is_linear=0
shrinkage=0.05


Tree=141
num_leaves=9
num_cat=0
split_feature=59 47 66 62 91 123 35 11
split_gain=1.69702 2.88622 5.47363 4.34232 3.37332 4.63451 3.29932 2.38754
threshold=0.63333333333333341 0.41666666666666669 1.0500000000000003 0.55000000000000016 1.8333333333333337 0.64566544009175775 0.77500000000000013 11.583333333333334
decision_type=2 2 2 2 2 2 2 2
left_child=1 4 -3 -4 6 -6 -1 -2
right_child=7 2 3 -5 5 -7 -8 -9
leaf_value=0.012796249964778614 0 -0.023231486018913068 0.018641388994617588 -0.014851813544107785 -0.028943256821530806 0.0077734146941633858 -0.0012967892271464592 -0.03586883732212337
leaf_weight=45.273432672023773 7.4199292957782728 9.6043862998485547 66.606784828007221 8.8457732498645765 22.657964259386063 10.113018549978731 398.93256269395351 6.8554988950490952
leaf_count=195 33 41 297 39 99 50 1757 30
internal_value=0 0.000431318 0.00892085 0.0139179 -0.000993467 -0.0162374 5.27804e-05 -0.0164585
internal_weight=576.309 562.034 85.0569 75.4526 476.977 32.771 444.206 14.2754
internal_count=2541 2478 377 336 2101 149 1952 63
is_linear=0
shrinkage=0.05


Tree=142
num_leaves=7
num_cat=0
split_feature=84 91 106 111 45 87
split_gain=1.68666 3.32601 4.18845 3.22673 3.08738 2.86643
threshold=3.8333333333333339 2.100000000000001 3.2250000000000005 1.0540479417596187 3.1666666666666674 1.3653138000000002
decision_type=2 2 2 2 2 2
left_child=1 4 3 -3 5 -1
right_child=-2 2 -4 -5 -6 -7
leaf_value=0.00067689619350000309 0.022723054558813627 0 0.01215232872818723 -0.04016034500450881 0.029708177726469449 -0.020744472475583683
leaf_weight=513.44111108034849 7.0341197773814192 10.425797939300539 7.3405290320515624 14.838357314467428 7.9092476516962043 15.104643568396567
leaf_count=2255 32 48 36 65 38 67
internal_value=0 -0.000346202 -0.0156578 -0.0257968 0.000518775 0
internal_weight=576.094 569.06 32.6047 25.2642 536.455 528.546
internal_count=2541 2509 149 113 2360 2322
is_linear=0
shrinkage=0.05


Tree=143
num_leaves=13
num_cat=0
split_feature=7 118 38 80 95 25 37 40 37 28 20 80
split_gain=1.65721 4.05951 5.44507 8.12205 4.02319 3.91542 5.65535 3.52933 5.45729 5.93635 3.26555 2.20067
threshold=0.83333333333333337 53.899999999999999 1.3850535500000001 -0.42849933333333334 0.086675149999999937 7.7000000000000002 1.0317783500000004 5.1833333333333345 1.0409206000000002 2.3541666666666674 6.1000000000000005 -0.4007768333333333
decision_type=2 2 2 2 2 2 2 2 2 2 2 2
left_child=7 2 4 -4 -2 11 -7 8 10 -10 -1 -3
right_child=1 5 3 -5 -6 6 -8 -9 9 -11 -12 -13
leaf_value=0.0036211680901496873 -0.012146526468005564 -0.045494870797284273 0.0027381897767800884 -0.048879658304371999 0.025837984182033393 0.017102937622561359 -0.0011492985704368611 -0.022681660365792267 0.020698761901242587 -0.019105276949920147 -0.017981412153371328 0
leaf_weight=51.246636316180229 18.447880387306217 6.1112930327653885 9.7013470679521578 17.913873799145222 9.7679156959056836 47.968057632446289 295.90538407862186 9.6543770879507047 70.549057006835938 8.6845029816031438 23.895538866519928 6.1567833721637708
leaf_count=224 79 27 42 77 41 211 1315 42 310 41 105 27
internal_value=0 -0.00171112 -0.0141332 -0.0295368 0 0.000130366 0.001294 0.00421638 0.00635549 0.0155291 -0.00273781 -0.0263569
internal_weight=576.003 411.973 55.831 27.6152 28.2158 356.142 343.873 164.03 154.376 79.2336 75.1422 12.2681
internal_count=2541 1819 239 119 120 1580 1526 722 680 351 329 54
is_linear=0
shrinkage=0.05


Tree=144
num_leaves=16
num_cat=0
split_feature=46 81 80 109 83 80 121 66 30 113 83 88 122 94 36
split_gain=1.68195 4.59791 7.74885 7.35124 6.4106 5.02934 4.49656 3.89758 6.3526 5.70307 5.07925 4.36258 4.30214 4.26713 2.87993
threshold=1.8333333333333337 0.073976833333333394 0.0079383333333329937 0.25477013546733979 -0.83333333333333315 0.23950133333333337 41.760000000000012 1.1833333333333336 1.1336692428571431 0.47927238555510815 -0.58333333333333315 -0.032914000000000047 62.654999999999994 0.02941559999999999 1.7638888888888891
decision_type=2 2 2 2 2 2 2 2 2 2 2 2 2 2 2
left_child=7 2 6 -4 14 -6 -2 8 11 -10 13 -1 -12 -9 -3
right_child=1 4 3 -5 5 -7 -8 10 9 -11 12 -13 -14 -15 -16
leaf_value=-8.7212144944062697e-05 0.021821342268543216 -0.04379848468609418 0.00095405216681339637 -0.037074778134156279 -0.012235043592970233 0.03036338138276197 -0.0077973024993375677 0 -0.031405613920209748 -0.002582339494437117 0.0028369367084462279 0.035952987238721749 -0.030102601188657936 0.027563068566332945 0
leaf_weight=18.800184890627865 45.142988696694374 18.561679020524029 30.655472010374069 18.133806705474854 25.057784646749496 8.4069559723138791 14.186197482049463 21.481673821806908 28.564995542168617 51.96910460293293 229.78268314152956 11.136779606342314 9.224717050790785 38.16481076925993 6.5418249368667594
leaf_count=81 198 80 135 77 111 37 63 93 125 224 1030 48 40 171 28
internal_value=0 -0.00425556 0.00145997 -0.0126369 -0.0154933 0 0.0138986 0.00168765 -0.0061062 -0.0136788 0.00474819 0.0124326 0.00123715 0.0177403 -0.0340843
internal_weight=575.812 166.687 108.118 48.7893 58.5682 33.4647 59.3292 409.125 110.471 80.5341 298.654 29.937 239.007 59.6465 25.1035
internal_count=2541 729 473 212 256 148 261 1812 478 349 1334 129 1070 264 108
is_linear=0
shrinkage=0.05


Tree=145
num_leaves=14
num_cat=0
split_feature=36 24 102 128 96 89 51 27 27 126 32 23 95
split_gain=1.66912 4.68881 3.45993 5.54259 4.26139 4.98796 3.43686 3.25306 4.37812 4.00387 2.56561 2.45378 0.239674
threshold=2.2678571428571432 2.4649544000000003 7.5000000000000009 0.84612691599206025 -0.062730899999999909 0.32020280000000007 0.83333333333333337 2.6333333333333337 3.2250000000000005 0.27993831580594447 12.316666666666668 1.0795974000000002 -0.084234499999999976
decision_type=2 2 2 2 2 2 2 2 2 2 2 2 2
left_child=1 7 4 11 6 -6 -2 9 -9 -1 -3 -4 -12
right_child=2 10 3 -5 5 -7 -8 8 -10 -11 12 -13 -14
leaf_value=0.032755465399279551 0.0047631337679852016 0 -0.023646951154329833 -0.063348577550536564 0.034308375693082531 -0.013970945034117803 -0.036274159197885764 -0.017302800457465278 0.00030982257613475163 -0.0070372620865462509 0.010945082464387627 0.016567664035834172 0.054834713197660916
leaf_weight=15.118512719869615 6.0138862729072562 7.4061806350946453 6.7394718229770678 5.5538499504327765 12.963469162583353 6.1777913570404044 9.4266164898872358 36.923457637429237 446.37173796445131 7.0167777091264716 4.7680028825998315 5.7111641764640808 5.1150740310549709
leaf_count=67 27 33 29 25 60 28 41 162 1961 31 26 25 26
internal_value=0 0.000809056 -0.0084542 -0.0256257 0 0.0163239 -0.0179319 0 -0.000965478 0.0182212 0.025684 -0.00162272 0.0412061
internal_weight=575.306 522.72 52.5862 18.0045 34.5818 19.1413 15.4405 505.43 483.295 22.1353 17.2893 12.4506 9.88308
internal_count=2541 2306 235 79 156 88 68 2221 2123 98 85 54 52
is_linear=0
shrinkage=0.05


Tree=146
num_leaves=7
num_cat=0
split_feature=27 27 38 27 111 97
split_gain=1.62575 2.47131 3.89044 2.64042 4.04589 2.94184
threshold=8.3000000000000025 7.5000000000000009 1.0613412000000002 6.7000000000000002 1.0549029191344184 -0.7321428571428571
decision_type=2 2 2 2 2 2
left_child=1 3 -3 5 -5 -1
right_child=-2 2 -4 4 -6 -7
leaf_value=-0.0088439936507783787 0.020124960632427791 0.0049409851881840813 -0.040185246322152576 0.033158696610057457 -0.0019829917318308281 0.00098025698619200316
leaf_weight=90.328120201826096 8.8206061348319036 5.6445377171039572 8.800456225872038 13.968410804867746 12.541865050792692 434.85048494488001
leaf_count=388 45 25 38 65 55 1925
internal_value=0 -0.000391413 -0.0201362 7.05999e-05 0.0152481 -0.000628037
internal_weight=574.954 566.134 14.445 551.689 26.5103 525.179
internal_count=2541 2496 63 2433 120 2313
is_linear=0
shrinkage=0.05


Tree=147
num_leaves=11
num_cat=0
split_feature=82 113 89 3 79 25 3 90 128 82
split_gain=1.6348 4.71794 2.60796 3.71329 3.50552 3.32533 2.92886 2.89568 2.01299 0.302433
threshold=0.88602250000000016 0.50958113133685667 0.36514024999999989 0.88711150000000016 0.33333333333333326 14.300000000000002 1.7612816666666669 -0.25000000000000006 0.83082912817906729 1.1493098333333334
decision_type=2 2 2 2 2 2 2 2 2 2
left_child=2 8 3 7 -5 6 -4 -1 9 -2
right_child=1 -3 5 4 -6 -7 -8 -9 -10 -11
leaf_value=0.025790464411576692 0.050283967436754111 -0.011844976752199724 -0.021039941399122797 0.0012266180321826258 -0.0094084127046121097 0.014727516804284866 0.0024909095484703415 0.0036244159668745316 0 0.012097279358190851
leaf_weight=21.489229008555412 6.4178274273872429 10.472300529479979 44.20110584795475 288.90427446365356 102.32071599364281 8.9474494010210019 13.386688455939291 66.257184877991676 6.106966257095336 6.2843452990055084
leaf_count=96 29 46 193 1270 451 40 59 300 29 28
internal_value=0 0.0112728 -0.000661287 0.00053606 -0.00144428 -0.00990137 -0.0147675 0.00984576 0.0266162 0.037302
internal_weight=574.788 29.2814 545.507 478.971 391.225 66.5352 57.5878 87.7464 18.8091 12.7022
internal_count=2541 132 2409 2117 1721 292 252 396 86 57
is_linear=0
shrinkage=0.05


Tree=148
num_leaves=12
num_cat=0
split_feature=88 97 36 128 78 121 95 106 42 86 109
split_gain=1.64283 4.51243 3.9871 4.02701 2.88021 3.11048 7.10497 3.8879 2.81323 2.64993 1.66343
threshold=0.38644669999999998 -0.7321428571428571 1.0500000000000003 0.85768392030878748 1.416666666666667 41.760000000000012 0.0048155499999998916 2.5750000000000006 2.1666666666666674 0.20000000000000001 0.2575175310656645
decision_type=2 2 2 2 2 2 2 2 2 2 2
left_child=4 -2 9 -4 5 7 -7 -1 10 -3 -6
right_child=1 2 3 -5 8 6 -8 -9 -10 -11 -12
leaf_value=-0.005674813140024923 -0.037789586716373065 0.041553902076495085 -0.013379076212631846 0.018454462848911966 0.039165552067725963 0.00030960934365900655 -0.023267909324534243 0.0068825218657480513 0 0 0
leaf_weight=81.702464431524277 9.1973623186349851 6.564867064356803 55.02903188765049 10.040431819856165 11.402884438633924 121.77577079087496 40.499568909406662 212.57281958311796 10.882173106074331 8.465010851621626 6.41413290798664
leaf_count=353 40 28 242 53 55 540 177 939 49 37 28
internal_value=0 -0.00620163 -0.00153679 -0.0075053 0.0011421 5.0274e-05 -0.00537494 0.00321936 0.0162409 0.02004 0.0281081
internal_weight=574.547 89.2967 80.0993 65.0695 485.25 456.551 162.275 294.275 28.6992 15.0299 17.817
internal_count=2541 400 360 295 2141 2009 717 1292 132 65 83
is_linear=0
shrinkage=0.05


Tree=149
num_leaves=13
num_cat=0
split_feature=116 108 18 58 106 17 116 95 101 27 20 14
split_gain=1.6524 3.08855 3.17402 2.84518 4.52268 6.23044 4.05115 4.01707 3.88423 2.28857 1.28261 0.740378
threshold=1.1766392429792634 0.38385237628442365 19.100000000000005 1.2250000000000003 3.3750000000000004 1.1592060000000004 -0.66058935767913496 -0.68560379999999999 2.9583333333333335 4.1000000000000005 5.9000000000000012 1.3666666666666669
decision_type=2 2 2 2 2 2 2 2 2 2 2 2
left_child=3 11 9 4 6 -6 -1 10 -9 -3 -5 -2
right_child=1 2 -4 7 5 -7 -8 8 -10 -11 -12 -13
leaf_value=-0.010941998715563381 0.020339248536631542 -0.0014032229311315434 0.0080518792967980094 -0.040796726902634244 0 0.052406715184809029 0.0061563090189114952 -0.0048603056642796709 0.0073921463729241191 -0.040337633851716348 -0.0037208009813735504 0
leaf_weight=41.446053817868233 5.7773971110582334 9.0054442882537895 5.3006186187267295 7.7601926177740088 10.809482127428057 10.446262151002882 164.71462167799473 197.44356148689985 93.783283345401287 13.650044351816176 8.1960589960217458 5.8257512450218201
leaf_count=179 25 41 25 33 51 49 736 864 416 60 37 25
internal_value=0 -0.00973085 -0.0191413 0.000736422 0.00503412 0.0266956 0.00244132 -0.00228906 -0.000731776 -0.0276886 -0.0260437 0.00869466
internal_weight=574.159 39.5593 27.9561 534.6 227.416 21.2557 206.161 307.183 291.227 22.6555 15.9563 11.6031
internal_count=2541 176 126 2365 1015 100 915 1350 1280 101 70 50
is_linear=0
shrinkage=0.05


Tree=150
num_leaves=13
num_cat=0
split_feature=100 30 80 118 80 88 88 128 76 24 124 41
split_gain=1.62011 5.95136 5.30063 3.86734 3.33125 3.16764 4.02598 3.86739 3.43194 2.49691 2.05003 1.02153
threshold=0.34848484848484856 1.1279212000000003 -0.29394100000000001 59.45000000000001 -0.83164133333333312 -0.77852089999999974 -0.73287542999999999 0.8490362419958889 1.5857142857142861 1.3290155000000001 0.53475929714943204 4.4722222222222232
decision_type=2 2 2 2 2 2 2 2 2 2 2 2
left_child=5 11 4 -4 -3 8 -7 -8 9 -1 -10 -2
right_child=1 2 3 -5 -6 6 7 -9 10 -11 -12 -13
leaf_value=0 0.052382602191274066 0.0023819885440925473 -0.0074240145101075201 0.017674224884982395 -0.028171059932946243 0.039162553349628884 -0.0030544598807655367 0.0093203075717918759 -0.014870222289282489 -0.043521415367267141 0.023723078571362029 0.0096051180417467616
leaf_weight=5.7204246670007768 6.2805379927158338 10.721962556242945 19.422856450080872 43.410472124814987 19.409371495246887 5.3877721279859534 359.20279976725578 74.75018548220396 5.650956913828848 11.405732467770575 5.4974069893360138 6.8893487453460693
leaf_count=26 27 47 84 194 84 25 1559 363 25 50 27 30
internal_value=0 0.00553902 0.000385986 0.00913788 -0.0159657 -0.00127626 -0.000100033 -0.000791373 -0.0172173 -0.030854 0.000431111 0.0357908
internal_weight=573.75 106.135 92.9647 62.8333 30.1313 467.615 439.341 433.953 28.2745 17.1262 11.1484 13.1699
internal_count=2541 466 409 278 131 2075 1947 1922 128 76 52 57
is_linear=0
shrinkage=0.05


Tree=151
num_leaves=13
num_cat=0
split_feature=36 24 88 102 128 96 89 27 27 14 8 28
split_gain=1.60137 4.31878 3.46557 3.14053 5.08192 3.83546 4.48463 2.95557 4.06836 3.36174 2.28286 1.79627
threshold=2.2678571428571432 2.4649544000000003 -0.02800380000000002 7.5000000000000009 0.84612691599206025 -0.062730899999999909 0.32020280000000007 2.6333333333333337 3.2250000000000005 1.1000000000000003 2.4166666666666674 1.6833333333333336
decision_type=2 2 2 2 2 2 2 2 2 2 2 2
left_child=1 7 -3 5 10 11 -7 9 -9 -1 -5 -2
right_child=3 2 -4 4 -6 6 -8 8 -10 -11 -12 -13
leaf_value=-0.005441030081059727 -0.029417720015698548 0 0.047468354464126117 0.014646841628918238 -0.060806397331081875 0.032695581936132333 -0.012999952654324399 -0.016629549976542854 0.00037875084739313458 0.030700269490565521 -0.024084825958698174 0
leaf_weight=6.8819446712732342 9.775127246975897 9.2914439290761965 7.8033211082220069 6.1774092912673968 5.5335841327905646 12.802642196416857 6.1661146432161322 36.804288968443871 445.11878836899996 15.14030300080776 6.2306907176971436 5.636612467467784
leaf_count=30 42 46 39 27 25 60 28 162 1961 68 27 26
internal_value=0 0.00084772 0.024848 -0.00824889 -0.024618 0 0.0154304 0 -0.000848376 0.0174886 -0.00141881 -0.0171626
internal_weight=573.362 521.04 17.0948 52.3222 17.9417 34.3805 18.9688 503.945 481.923 22.0222 12.4081 15.4117
internal_count=2541 2306 85 235 79 156 88 2221 2123 98 54 68
is_linear=0
shrinkage=0.05


Tree=152
num_leaves=15
num_cat=0
split_feature=101 38 38 32 51 10 3 89 16 30 3 121 33 2
split_gain=1.60806 4.14178 5.88334 5.62562 4.62656 4.11669 3.54359 3.0131 2.88321 4.34116 3.82795 5.54337 4.27097 2.35582
threshold=2.2111111111111117 1.6996346000000002 1.4434975500000002 12.850000000000003 1.1666666666666667 1.4407925000000001 0.96474166666666672 -0.32263709999999995 0.81498110000000012 0.94435365000000004 1.7121890000000002 41.760000000000012 3.3541666666666674 0.64945188333333348
decision_type=2 2 2 2 2 2 2 2 2 2 2 2 2 2
left_child=1 2 5 7 -5 -1 -4 -3 9 13 12 -12 -10 -2
right_child=8 3 6 4 -6 -7 -8 -9 10 -11 11 -13 -14 -15
leaf_value=-0.012284326387191662 0.022859576908036753 0 0 -0.031470480371581809 0.0094077435501869148 0.023365797543678027 -0.042244029406436359 0.035631150342649007 -0.020578513528347414 -0.046723467499059666 0.017529312564101184 -0.0092768835138801325 0.0011968492961274332 -0.018981285308074344
leaf_weight=24.320620313286781 5.6337728947401065 5.926528453826907 5.6022363305091885 12.089121133089067 11.299581393599508 10.851981416344641 19.174291864037514 14.997411802411078 23.111950650811195 6.6515755504369727 75.495842859148979 22.398250341415405 329.73796938359737 5.7251962423324585
leaf_count=104 25 26 25 53 52 47 85 64 99 29 338 100 1468 26
internal_value=0 -0.00558142 -0.0142836 0.0051434 -0.0100952 0 -0.0324503 0.0241412 0.00125597 -0.0175437 0.00215501 0.0108587 -0.000142277 0
internal_weight=573.016 104.262 59.9491 44.3126 23.3887 35.1726 24.7765 20.9239 468.755 18.0105 450.744 97.8941 352.85 11.359
internal_count=2541 456 261 195 105 151 110 90 2085 80 2005 438 1567 51
is_linear=0
shrinkage=0.05


Tree=153
num_leaves=15
num_cat=0
split_feature=15 80 101 6 43 127 63 100 63 113 18 118 110 4
split_gain=1.62814 3.95618 3.84895 4.96613 3.7419 3.71672 3.68299 3.45768 3.82571 3.39943 3.37066 2.75723 2.15678 1.06951
threshold=1.6333333333333335 -1.0712491666666666 2.2111111111111117 3.1666666666666674 1.0000000180025095e-35 0.33444898802048489 0.90000000000000013 0.45804195804195807 1.5500000000000003 0.47348332663720377 13.450000000000001 73.750000000000014 0.34612387488282981 12.500000000000002
decision_type=2 2 2 2 2 2 2 2 2 2 2 2 2 2
left_child=1 5 4 -4 -3 10 9 8 -8 -2 -1 -11 -7 -9
right_child=6 2 3 -5 -6 12 7 13 -10 11 -12 -13 -14 -15
leaf_value=0.042862317596341015 0.0054064588733726748 -0.030766593313735286 -0.019853836313110051 0.0040597761420986117 -0.0028683550852286327 -0.020138112546688056 0.0060271356387904401 0 -0.013638609914679701 -0.041621538373462386 0 0 0.01566786668153209 0.039208144649173715
leaf_weight=14.536205045878889 6.0797720700502422 16.728280693292618 21.871443346142769 310.80027414858341 54.519713550806046 7.3752228021621686 44.469449281692505 5.992011144757269 48.668313056230545 14.89090806245804 7.1867911964654914 6.7862241938710204 7.1286296769976616 5.4995550513267517
leaf_count=65 28 73 93 1390 240 32 194 26 215 64 34 30 32 25
internal_value=0 0.00145496 0 0.00228294 -0.0104458 0.0170519 -0.00484914 -9.58913e-06 -0.00375361 -0.0207184 0.0297536 -0.0301658 0 0.0242038
internal_weight=572.533 440.147 403.92 332.672 71.248 36.2268 132.386 104.629 93.1378 27.7569 21.723 21.6771 14.5039 11.4916
internal_count=2541 1959 1796 1483 313 163 582 460 409 122 99 94 64 51
is_linear=0
shrinkage=0.05


Tree=154
num_leaves=6
num_cat=0
split_feature=103 84 84 112 112
split_gain=1.63003 1.97212 2.72638 4.71209 3.16122
threshold=83.500000000000014 3.8333333333333339 1.4166666666666672 0.48516483516483522 0.468712076727344
decision_type=2 2 2 2 2
left_child=1 2 4 -4 -1
right_child=-2 -3 3 -5 -6
leaf_value=0.013754050694650015 -0.023684249255314455 0.025408783354223072 -0.025912806189188828 -0.00011555930216203991 7.1902049618199515e-06
leaf_weight=46.395297646522522 6.177698701620101 6.7122755050659171 25.110240638256073 67.671186536550522 420.07735121250153
leaf_count=202 27 31 113 308 1860
internal_value=0 0.000293385 0 -0.00783231 0.00150791
internal_weight=572.144 565.966 559.254 92.7814 466.473
internal_count=2541 2514 2483 421 2062
is_linear=0
shrinkage=0.05


Tree=155
num_leaves=13
num_cat=0
split_feature=88 101 28 17 46 17 79 79 23 108 86 71
split_gain=1.58654 4.39629 3.77754 5.7627 3.31329 5.77788 2.87409 2.59377 8.19951 4.75514 4.08733 4.04164
threshold=0.43241829999999981 2.759615384615385 1.6833333333333336 1.0751195000000002 1.4166666666666667 1.1941423000000002 -0.33333333333333331 -1.583333333333333 1.3132974000000004 0.41372540003466368 -1.4749999999999999 1.0000000180025095e-35
decision_type=2 2 2 2 2 2 2 2 2 2 2 2
left_child=7 4 6 -4 5 -2 -3 8 9 -1 -9 -12
right_child=1 2 3 -5 -6 -7 -8 10 -10 -11 11 -13
leaf_value=0.049748671057861904 0 -0.014186945586373817 0 -0.041202343087538673 -0.011672699400385456 0.052742438477053358 0.027666368039153122 -0.034488088266457863 -0.019355046406051034 0.0022149612964160806 0.017242609518936167 -0.00058752745852511514
leaf_weight=13.140427291393282 9.0080141574144417 6.4025675803422928 16.928079262375832 20.18255178630352 8.7526678442954999 7.4374704360961905 6.7727395296096784 7.4341964870691291 10.559727810323237 12.312309756875036 33.123637184500694 420.05468709766865
leaf_count=58 42 28 80 89 39 32 30 32 48 54 148 1861
internal_value=0 -0.00671136 -0.0155266 -0.0237813 0.00889315 0.0227465 0.00423438 0.00102353 0.0137579 0.0295982 0 0.000640716
internal_weight=572.109 75.4841 50.2859 37.1106 25.1982 16.4455 13.1753 496.625 36.0125 25.4527 460.613 453.178
internal_count=2541 340 227 169 113 74 58 2201 160 112 2041 2009
is_linear=0
shrinkage=0.05


Tree=156
num_leaves=9
num_cat=0
split_feature=22 87 110 99 38 80 116 80
split_gain=1.57826 2.09639 6.15112 9.1982 4.56566 4.11404 7.88664 3.58461
threshold=0.26666666666666672 0.50831870000000023 0.42020373514431242 0.21111111111111114 1.3408517000000004 0.39368300000000028 0.52322231472292835 1.0000000180025095e-35
decision_type=2 2 2 2 2 2 2 2
left_child=-1 5 4 -4 -3 7 -7 -2
right_child=1 2 3 -5 -6 6 -8 -9
leaf_value=0.022456556982952874 0.0022574812663647805 0.014813385763377524 0 -0.049342956995153495 -0.007565866663574318 0.023063041923215306 -0.017909314580439574 -0.008642457514025495
leaf_weight=6.7082608491182318 272.15223454684019 34.549883171916008 16.486013367772102 16.657453939318657 62.121370986104012 47.820714831352234 13.281594932079313 102.14521636813879
leaf_count=30 1201 153 73 71 290 216 58 449
internal_value=0 -0.000321138 -0.00594139 -0.0241999 0 0.00124975 0.0132069 -0.00059897
internal_weight=571.923 565.214 129.815 33.1435 96.6713 435.4 61.1023 374.297
internal_count=2541 2511 587 144 443 1924 274 1650
is_linear=0
shrinkage=0.05


Tree=157
num_leaves=9
num_cat=0
split_feature=34 6 28 34 100 30 34 10
split_gain=1.56421 2.69553 2.23048 3.97885 2.50174 4.71413 2.94799 1.76001
threshold=8.5500000000000025 8.1666666666666696 2.7888888888888892 7.1055555555555561 0.34848484848484856 1.1279212000000003 7.0500000000000007 1.506466166666667
decision_type=2 2 2 2 2 2 2 2
left_child=2 -2 4 -4 6 -6 -1 -3
right_child=1 7 3 -5 5 -7 -8 -9
leaf_value=0 0.041683430542869854 -0.013226544137324148 -0.035653442601923609 0.0078109002935137012 0.034268048026640574 0.0021683268469858291 -0.012686829368013172 0.018149410729242869
leaf_weight=380.83320715278387 5.0400192737579372 8.1337461471557599 10.99252160638571 6.1066692024469367 13.054400622844694 88.310958623886108 51.720545761287212 7.5068111941218367
leaf_count=1674 27 39 49 30 57 390 234 41
internal_value=0 0.0131618 -0.000529486 -0.0177945 0 0.00708513 -0.00160417 0
internal_weight=571.699 20.6806 551.018 17.0992 533.919 101.365 432.554 15.6406
internal_count=2541 107 2434 79 2355 447 1908 80
is_linear=0
shrinkage=0.05


Tree=158
num_leaves=14
num_cat=0
split_feature=15 80 101 42 6 127 63 31 128 113 38 3 110
split_gain=1.57701 3.4638 3.66255 4.71529 4.57139 3.42795 3.28139 4.16306 3.54358 3.10096 3.00276 2.21436 1.94596
threshold=1.6333333333333335 -1.0712491666666666 2.2111111111111117 1.1666666666666667 3.1666666666666674 0.33444898802048489 0.90000000000000013 1.1750561500000003 0.7619202417600166 0.47348332663720377 2.1019255500000003 1.9684465000000004 0.34612387488282981
decision_type=2 2 2 2 2 2 2 2 2 2 2 2 2
left_child=1 5 3 -3 -4 10 9 -8 -9 -2 -1 -11 -7
right_child=6 2 4 -5 -6 12 7 8 -10 11 -12 -13 -14
leaf_value=0.045167957292291012 0.0048678155310420222 -0.026486904167311948 -0.018927719818531877 0 0.0040163422850952053 -0.019436789015370094 -0.040242467680902928 -0.012050591304052723 0.0082598381845532184 -0.041796431379087305 0.0021411346486698373 -0.0020858702679939539 0.014521438538904238
leaf_weight=11.547686651349069 6.0798261910676983 26.326882719993591 21.827313959598541 44.856776639819145 310.42760951071978 7.3557316958904249 5.222673073410987 28.70229010283947 70.512762114405632 12.914596557617189 10.059158250689505 8.6619037613272649 7.1006100699305534
leaf_count=50 28 117 93 196 1390 32 22 123 315 56 49 38 32
internal_value=0 0.00144008 0 -0.0101135 0.00230674 0.0160714 -0.00477056 -0.000167512 0.00182362 -0.0197957 0.0283291 -0.0288678 0
internal_weight=571.596 439.502 403.439 71.1837 332.255 36.0632 132.094 104.438 99.2151 27.6563 21.6068 21.5765 14.4563
internal_count=2541 1959 1796 313 1483 163 582 460 438 122 99 94 64
is_linear=0
shrinkage=0.05


Tree=159
num_leaves=9
num_cat=0
split_feature=69 91 37 25 87 54 39 36
split_gain=1.55323 2.53561 4.00094 3.55018 2.6559 3.81752 2.93305 1.70481
threshold=2.8500000000000001 1.8333333333333337 1.0009872000000002 12.500000000000002 1.3653138000000002 1.7750000000000001 13.612500000000002 1.9500000000000002
decision_type=2 2 2 2 2 2 2 2
left_child=1 4 7 -4 5 -1 -6 -3
right_child=-2 2 3 -5 6 -7 -8 -9
leaf_value=-0.00099826198275361684 0.021526420151773099 0.020383625796967817 -0.034226046793180878 0.0006850779485467987 -0.037627047855479767 0.0091332669231678539 0 -0.0065294061338179001
leaf_weight=383.22167702019215 7.248919039964675 8.8382157981395739 20.163557246327404 6.94197043031454 8.3747024685144407 119.37601162493229 6.7719578593969336 10.161733016371725
leaf_count=1687 37 39 93 32 37 538 31 47
internal_value=0 -0.000327642 -0.0114901 -0.0237997 0.000590226 0.00132223 -0.0191802 0.00388296
internal_weight=571.099 563.85 46.1055 27.1055 517.744 502.598 15.1467 18.9999
internal_count=2541 2504 211 125 2293 2225 68 86
is_linear=0
shrinkage=0.05


Tree=160
num_leaves=16
num_cat=0
split_feature=118 43 101 17 64 80 80 116 65 84 40 26 124 25 122
split_gain=1.54011 4.12218 5.85674 4.3445 9.31294 4.05165 6.69115 7.91329 6.99123 6.02454 6.20063 5.78759 3.93204 3.41103 1.27216
threshold=73.750000000000014 1.0000000180025095e-35 2.379807692307693 1.3054613000000004 1.6333333333333335 0.0079383333333329937 0.36028583333333336 0.58364028018762049 0.22500000000000003 -0.49999999999999994 2.4142857142857146 3.4500000000000006 0.49259345254247872 11.550000000000002 36.615000000000002
decision_type=2 2 2 2 2 2 2 2 2 2 2 2 2 2 2
left_child=5 2 14 12 -5 9 7 -7 -8 11 -11 -1 -3 -4 -2
right_child=1 3 13 4 -6 6 8 -9 -10 10 -12 -13 -14 -15 -16
leaf_value=-0.0038050523583282939 -0.0051135013915415296 -0.02342154984441118 -0.011286117189510315 0.032715009693593457 -0.0097355538458698317 -0.026981574688607114 0.012324514888670604 0.01304579562176955 -0.011084149560111486 0.02635086117047249 -0.008675925986037232 0.024157126762344851 0.0059406190419107989 0.015858945156276578 -0.049605068370664772
leaf_weight=24.362925492227077 5.8607813864946348 12.633387237787245 22.319822810590267 38.664361178874969 16.302091874182224 58.772592321038246 60.086441949009895 13.058018192648886 65.738838598132133 13.119083434343336 95.772307857871056 49.740013167262077 65.907299630343914 21.234301052987576 7.3331607133150101
leaf_count=108 26 55 98 175 74 255 272 58 288 58 426 218 302 96 32
internal_value=0 0.00365116 -0.00708296 0.00860423 0.0192825 -0.00184608 -0.00687744 -0.0189393 0 0.00332448 -0.00379956 0.01437 0.000353979 0.000884818 -0.0351171
internal_weight=570.905 190.255 56.7481 133.507 54.9665 380.65 197.656 71.8306 125.825 182.994 108.891 74.1029 78.5407 43.5541 13.1939
internal_count=2541 858 252 606 249 1683 873 313 560 810 484 326 357 194 58
is_linear=0
shrinkage=0.05


Tree=161
num_leaves=13
num_cat=0
split_feature=114 19 30 69 40 22 27 14 27 100 113 98
split_gain=1.53264 3.9739 4.33238 4.95484 4.34042 2.64242 2.22724 3.73915 3.71146 4.74542 4.42517 2.4951
threshold=1.1477224202153975 3.1000000000000005 1.3477175000000001 1.5500000000000003 3.9500000000000006 1.7083333333333337 2.6333333333333337 1.1000000000000003 3.7750000000000004 0.11805555555555557 0.39027363184079605 1.0857142857142861
decision_type=2 2 2 2 2 2 2 2 2 2 2 2
left_child=1 5 4 -4 -3 -1 7 -2 9 -8 -10 -9
right_child=6 2 3 -5 -6 -7 8 11 10 -11 -12 -13
leaf_value=-0.051593941285689941 -0.0090937901124406913 -0.0050560921793885525 -0.027105021641000954 0.0058640455230127 0.032726295497187939 -0.00027934219468554494 0.010488809674665962 0.043670814778210727 -0.016108576420075123 -0.015363256568945631 0.0040669387621352342 0
leaf_weight=6.4560505449771863 7.2201687693595913 10.993126377463343 22.020285874605179 18.12595109641552 14.129164546728132 6.9593947976827621 20.59969412535429 10.000361904501917 27.766979485750198 69.218389734625816 349.5620351433754 7.1536785066127768
leaf_count=28 32 47 97 80 62 30 93 45 131 306 1557 33
internal_value=0 -0.00645346 -0.000412364 -0.0112236 0.0147186 -0.0303085 0.00102058 0.015471 0.00012836 -0.00883335 0.00241144 0.028496
internal_weight=570.205 78.684 65.2685 40.1462 25.1223 13.4154 491.521 24.3742 467.147 89.8181 377.329 17.154
internal_count=2541 344 286 177 109 58 2197 110 2087 399 1688 78
is_linear=0
shrinkage=0.05


Tree=162
num_leaves=12
num_cat=0
split_feature=109 72 88 54 71 31 21 79 25 13 17
split_gain=1.53577 2.66667 3.34665 2.65753 5.64784 3.17438 2.37795 2.46615 1.62308 0.91961 0.704677
threshold=0.14449823711590609 0.42222222222222228 -0.28964309999999988 2.5000000000000004 0.38750000000000007 0.78535846000000009 0.90000000000000013 0.83333333333333337 8.6333333333333346 4.8333333333333348 0.8888039000000002
decision_type=2 2 2 2 2 2 2 2 2 2 2
left_child=6 2 -2 5 -5 -3 10 9 -4 -8 -1
right_child=1 3 8 4 -6 -7 7 -9 -10 -11 -12
leaf_value=0.0031215963646863726 0.0069573810387825426 0.019220408549548207 -0.00078013665310380938 0.010667347901503029 -0.032329038028117034 0 0.044219235576793657 0 -0.046674598787574649 0.0016099069192632286 -0.016433068866389584
leaf_weight=5.4879149496555346 5.3618670403957394 21.554781787097454 5.5715474337339383 10.169889286160471 17.27080500125885 473.04336430132389 8.1397659406065959 5.1856944411993018 7.7217115759849548 4.6258898377418509 5.8133149892091751
leaf_count=26 25 101 26 46 78 2086 42 26 34 24 27
internal_value=0 -0.00063925 -0.0187202 0 -0.0148212 0.00089426 0.010936 0.0222967 -0.0323376 0.0336497 -0.0033908
internal_weight=569.947 540.694 18.6551 522.039 27.4407 494.598 29.2526 17.9514 13.2933 12.7657 11.3012
internal_count=2541 2396 85 2311 124 2187 145 92 60 66 53
is_linear=0
shrinkage=0.05


Tree=163
num_leaves=16
num_cat=0
split_feature=7 77 112 24 40 27 75 115 9 123 128 8 92 126 36
split_gain=1.54902 4.85173 5.58828 4.52822 4.22905 5.74833 3.75117 7.52654 6.14088 5.74682 6.23475 5.36634 4.73102 3.17108 3.03897
threshold=0.83333333333333337 0.23611111111111113 0.52956610819206251 1.9419640000000002 4.5357142857142865 5.366666666666668 1.3166666666666669 1.7973241261666149 1.2901391666666668 0.53180334833413856 0.81278518227721841 1.1666666666666667 -0.29999999999999993 0.25836903099833247 1.9500000000000002
decision_type=2 2 2 2 2 2 2 2 2 2 2 2 2 2 2
left_child=1 2 3 -1 5 -3 7 8 -2 12 -11 -9 -8 -6 -4
right_child=6 4 14 -5 13 -7 9 11 -10 10 -12 -13 -14 -15 -16
leaf_value=0.016343266986095784 0.0077547318895634862 -0.0048906146885758168 0.051980530921266026 -0.0092149824315020598 -0.044721467565638218 0.036581938536116992 0.0066303641777512969 0 -0.016335774046336713 0.022793619131785979 0.00095440377168832407 -0.042058411338090414 -0.01570850009540687 0 0.003872675406888567
leaf_weight=36.631901472806931 66.620234772562981 53.065427422523499 11.386010318994524 28.844041250646114 9.0200678110122663 8.7952481284737569 32.748961828649044 12.263523951172827 41.828683584928513 46.852128610014915 120.38988494127989 22.64059966057539 64.271679773926735 6.2754827588796607 8.0416041016578657
leaf_count=164 296 232 53 129 40 39 142 53 189 208 558 98 275 27 38
internal_value=0 0.00409974 0.0124426 0.00436272 -0.00448281 0.000698624 -0.00166432 -0.00820969 -0.00114449 0.00171538 0.00746887 -0.0281258 -0.00766729 -0.0272636 0.0356795
internal_weight=569.675 162.06 84.9036 65.4759 77.1562 61.8607 407.616 143.353 108.449 264.263 167.242 34.9041 97.0206 15.2956 19.4276
internal_count=2541 722 384 293 338 271 1819 636 485 1183 766 151 417 67 91
is_linear=0
shrinkage=0.05


Tree=164
num_leaves=13
num_cat=0
split_feature=11 38 106 99 84 79 101 33 74 98 10 38
split_gain=1.57684 3.23449 3.97031 3.47237 2.94255 4.11358 2.88447 6.08924 3.00246 4.63224 4.47762 1.91078
threshold=8.4166666666666696 1.6426091000000003 2.5250000000000004 0.42261904761904767 1.8333333333333339 -1.0000000180025095e-35 4.2111111111111121 4.4142857142857155 0.10555555555555557 -0.3999999999999998 1.2353395000000003 1.8845257000000004
decision_type=2 2 2 2 2 2 2 2 2 2 2 2
left_child=1 2 -1 -4 5 -3 8 -8 9 -2 -10 -6
right_child=6 4 3 -5 11 -7 7 -9 10 -11 -12 -13
leaf_value=0.0058668756968279084 0.0060008112700151352 -0.0011644625712334219 -0.038993009240660619 0 0.0003479442723245017 0.029186473827201749 0.0098170920328733858 -0.048276758255811701 -0.0040270474817505455 -0.012479641606223217 0.0084830186112117845 -0.028049986039916854
leaf_weight=9.1599374413490278 56.427410423755646 31.513606488704681 18.476155623793606 7.2549577653408042 5.3436394482851055 14.202849119901655 6.3872087299823743 7.8240183442831039 96.693170636892319 74.892675638198853 230.10498806089163 10.984582453966139
leaf_count=41 249 140 84 33 24 63 28 34 422 337 1037 49
internal_value=0 -0.00578453 -0.0177874 -0.027983 0.000347318 0.00761737 0.00118538 -0.0199507 0.00199197 -0.0041755 0.00462801 -0.0163871
internal_weight=569.265 96.9357 34.8911 25.7311 62.0447 45.7165 472.329 14.2112 458.118 131.32 326.798 16.3282
internal_count=2541 434 158 117 276 203 2107 62 2045 586 1459 73
is_linear=0
shrinkage=0.05


Tree=165
num_leaves=9
num_cat=0
split_feature=44 46 71 39 81 106 17 54
split_gain=1.52695 1.77484 4.24847 5.14251 4.69589 2.8247 5.99852 3.86859
threshold=0.83333333333333337 1.8333333333333337 0.23611111111111113 13.52777777777778 0.046606166666666511 3.3750000000000004 1.1592060000000004 0.77500000000000013
decision_type=2 2 2 2 2 2 2 2
left_child=1 5 4 -4 -3 7 -7 -1
right_child=-2 2 3 -5 -6 6 -8 -9
leaf_value=-0.015072894894645653 -0.02350606991676759 0.0082374116571522649 -0.027373233140513611 0.0097608421633626104 -0.011886885213852033 -0.0049222055249954835 0.030542694042572177 0.0023787262730682124
leaf_weight=33.96967738866806 5.8343234956264487 77.041953325271606 32.414311468601227 9.9739670902490598 44.745956055819988 18.406695932149887 24.017635501921177 322.42516812682152
leaf_count=147 27 344 142 45 197 86 113 1440
internal_value=0 0.000270166 -0.00398638 -0.0174596 0.000399769 0.00215304 0.0142451 0.000537908
internal_weight=568.83 562.995 164.176 42.3883 121.788 398.819 42.4243 356.395
internal_count=2541 2514 728 187 541 1786 199 1587
is_linear=0
shrinkage=0.05


Tree=166
num_leaves=9
num_cat=0
split_feature=22 87 110 99 114 114 16 6
split_gain=1.49491 1.72075 5.65473 8.47315 5.14905 3.83377 4.09892 4.02136
threshold=0.26666666666666672 0.50831870000000023 0.42020373514431242 0.21111111111111114 1.1477224202153975 2.6271515339895104 1.5482455000000004 7.166666666666667
decision_type=2 2 2 2 2 2 2 2
left_child=-1 5 4 -4 -3 6 -2 -7
right_child=1 2 3 -5 -6 7 -8 -9
leaf_value=0.021930240679015878 -0.00098499679486500013 -0.029537141682545537 0 -0.047203013221443373 0.0050737425365181233 -0.020156181286523578 0.009460777100914702 0.012995952118631372
leaf_weight=6.6516178250312796 240.89834184199572 11.226367041468619 16.410884648561478 16.57006299495697 84.933610282838345 36.621508926153183 145.73864339292049 9.3975917771458608
leaf_count=30 1055 49 73 71 394 161 664 44
internal_value=0 -0.000319204 -0.00542842 -0.0229933 0.000256001 0.00109952 0.00283769 -0.0121904
internal_weight=568.449 561.797 129.141 32.9809 96.16 432.656 386.637 46.0191
internal_count=2541 2511 587 144 443 1924 1719 205
is_linear=0
shrinkage=0.05


Tree=167
num_leaves=14
num_cat=0
split_feature=39 0 34 30 89 40 59 40 112 116 54 116 6
split_gain=1.46483 4.90323 5.26108 4.84123 3.44575 5.94485 3.20961 8.08952 8.12636 5.68332 4.77943 3.54045 2.94129
threshold=11.050000000000002 1.4166666666666667 3.9500000000000006 1.5705538500000003 0.55251920000000021 4.0500000000000007 0.36666666666666675 4.7750000000000012 0.52380526399491101 -0.82580873147651668 0.77500000000000013 -0.01792891806102281 4.166666666666667
decision_type=2 2 2 2 2 2 2 2 2 2 2 2 2
left_child=1 4 -3 -4 5 -1 9 8 -8 10 -2 -11 -9
right_child=6 2 3 -5 -6 -7 7 12 -10 11 -12 -13 -14
leaf_value=0.0017052006849317082 -0.015689666036598125 0.029369364863044596 -0.030565575653778845 -0.0059172906826084285 -0.025381890058810565 0.038819480812414403 0.032939735793161874 -0.026983577229183181 -0.0018040947368420921 -0.018753290694850835 0.024370215238180028 -0.001153473094703982 6.9818997831804571e-05
leaf_weight=111.38009038567543 7.3475186079740515 6.0477854162454596 30.371552616357803 77.24938528239727 8.0988335907459241 11.466328844428061 43.564420521259308 10.794159203767775 22.700073629617691 39.389596201479435 31.044050872325897 123.4961945861578 45.104538634419441
leaf_count=491 32 26 135 358 36 51 195 46 102 173 139 552 205
internal_value=0 -0.00293267 -0.0105951 -0.0135509 0.00336974 0.0058586 0.0021855 0.00860771 0.0204444 -0.0014885 0.0152304 -0.00580307 -0.00465792
internal_weight=568.055 244.614 113.669 107.621 130.945 122.846 323.441 122.163 66.2645 201.277 38.3916 162.886 55.8987
internal_count=2541 1097 519 493 578 542 1444 548 297 896 171 725 251
is_linear=0
shrinkage=0.05


Tree=168
num_leaves=15
num_cat=0
split_feature=7 77 112 24 40 27 12 37 26 91 126 123 36 111
split_gain=1.51415 4.5366 5.08766 4.15274 3.85906 5.20739 3.41522 3.62362 9.26754 5.11531 2.85342 2.75734 2.74067 1.15061
threshold=0.83333333333333337 0.23611111111111113 0.52956610819206251 1.9419640000000002 4.5357142857142865 5.366666666666668 2.5833333333333335 1.0273712500000003 2.7083333333333335 1.8333333333333337 0.25836903099833247 0.58076523125467183 1.9500000000000002 1.0541900768014336
decision_type=2 2 2 2 2 2 2 2 2 2 2 2 2 2
left_child=1 2 3 -1 5 -3 11 8 -8 -9 -6 13 -4 -2
right_child=6 4 12 -5 10 -7 7 9 -10 -11 -12 -13 -14 -15
leaf_value=0.015898940037294539 0.0065386612908653746 -0.004571944248202702 0.050194161529319208 -0.0085621720130900931 -0.042505345827887335 0.035026429311358513 -0.036882809927891266 -0.00081138647240835407 0.020236870843341834 -0.028039458551143981 0 -0.042312916915305039 0.0038472188400913128 -0.019135554730305468
leaf_weight=36.475834116339684 7.5240157991647738 52.895707458257675 11.215302586555483 28.794216670095921 9.0446356087923032 8.7182247713208181 6.9129652827978125 313.41410647332668 46.533129595220089 17.624393753707409 6.2774171680212012 8.1751206368207914 8.0286267548799497 6.0125181078910828
leaf_count=164 33 232 53 129 40 39 30 1403 207 82 27 37 38 27
internal_value=0 0.00405407 0.0121453 0.00438694 -0.00423438 0.000702504 -0.00165507 -0.000407954 0.0113887 -0.00249167 -0.0259769 -0.020548 0.0344731 -0.00195733
internal_weight=567.646 161.45 84.514 65.2701 76.936 61.6139 406.196 384.485 53.4461 331.039 15.3221 21.7117 19.2439 13.5365
internal_count=2541 722 384 293 338 271 1819 1722 237 1485 67 97 91 60
is_linear=0
shrinkage=0.05


Tree=169
num_leaves=12
num_cat=0
split_feature=41 20 112 16 16 28 24 41 88 38 89
split_gain=1.43932 3.49088 5.59933 6.43933 4.77213 4.05107 3.09984 3.88406 3.90971 3.77199 2.76445
threshold=4.2111111111111121 4.4500000000000011 0.48516483516483522 1.5726244000000003 0.9091245 1.2928571428571431 2.4649544000000003 5.0500000000000007 0.099312000000000081 1.9845281000000001 0.35781230000000014
decision_type=2 2 2 2 2 2 2 2 2 2 2
left_child=1 4 5 -4 -1 -3 7 8 -2 -9 -6
right_child=6 2 3 -5 10 -7 -8 9 -10 -11 -12
leaf_value=-0.013355932882607256 -0.0024349223319375547 0.03465212008621335 -0.022206841727615154 0.0025143323256293414 0.028015116748501514 0.0010763356202748741 0.024583707266335811 0.0041849101590490483 -0.019200106682011955 -0.021829078937448121 0
leaf_weight=9.7767456918954831 113.38044664263725 14.853617593646048 41.114664539694786 62.061027131974697 34.559128947556019 28.715777367353439 9.3745508044958097 175.15927612036467 55.717655420303345 13.78321176022291 8.8376537561416608
leaf_count=44 500 65 182 289 153 133 47 781 245 63 39
internal_value=0 0.00336578 -0.000306824 -0.0069755 0.0142427 0.0141655 -0.00189444 -0.00279352 -0.00833338 0.00191904 0.0217474
internal_weight=567.334 199.919 146.745 103.176 53.1735 43.5694 367.415 358.041 169.098 188.942 43.3968
internal_count=2541 905 669 471 236 198 1636 1589 745 844 192
is_linear=0
shrinkage=0.05


Tree=170
num_leaves=13
num_cat=0
split_feature=39 23 124 37 38 81 69 94 40 123 6 117
split_gain=1.43353 4.14897 4.06765 5.01514 3.67446 3.45231 3.06029 4.51404 2.9688 2.98268 1.92146 1.54112
threshold=10.535714285714286 1.1533371000000001 0.62069600718213136 0.9168989861111112 2.2575630785714291 0.61894233333333348 0.5277777777777779 0.02941559999999999 3.2250000000000005 0.52218930965252064 5.166666666666667 72.950000000000003
decision_type=2 2 2 2 2 2 2 2 2 2 2 2
left_child=1 2 5 -4 6 -1 -2 -8 11 -10 -6 -3
right_child=4 8 3 -5 10 -7 7 -9 9 -11 -12 -13
leaf_value=0.00078029060850072073 0.027925554035937175 0.013451700514067752 -0.0077762452486666404 0.042737731368786225 0 -0.023861762454964991 -0.0066011762486984987 0.0049225615964247765 -0.0013143929418480479 -0.032655609712469301 0.042641371558582025 -0.01481785154162006
leaf_weight=111.86883373558521 9.0086207687854749 11.017762005329134 5.4281799495220211 11.031948953866957 6.3974155187606794 14.826907418668268 150.33355829119682 192.57558447122574 15.864572703838347 24.757741555571556 7.2856539040803909 6.6431774497032157
leaf_count=498 40 49 24 53 30 69 659 869 70 113 37 30
internal_value=0 -0.00340969 0.000864645 0.0237244 0.0018319 -0.00187624 0.000661357 0 -0.0145892 -0.0219426 0.0264368 0
internal_weight=567.04 201.439 143.156 16.4601 365.601 126.696 351.918 342.909 58.2833 40.6223 13.6831 17.6609
internal_count=2541 906 644 77 1635 567 1568 1528 262 183 67 79
is_linear=0
shrinkage=0.05


Tree=171
num_leaves=11
num_cat=0
split_feature=109 72 3 2 2 118 6 112 112 21
split_gain=1.43449 2.37699 2.94031 2.57314 4.68895 3.83957 2.22162 2.6309 1.47953 0.685006
threshold=0.14449823711590609 0.42222222222222228 1.2681168333333337 1.2936970000000003 1.188787166666667 53.899999999999999 9.1666666666666696 0.48786455275004903 0.53222184574704856 1.1000000000000003
decision_type=2 2 2 2 2 2 2 2 2 2
left_child=6 2 -2 4 -3 -5 7 -1 -4 -9
right_child=1 3 8 5 -6 -7 -8 9 -10 -11
leaf_value=0 0.0035438504735631621 0.00073917773715674855 -0.046788906690541407 -0.0149392097887043 0.022471794272797663 -7.0175714019720151e-05 -0.0095284611838937841 0.0080648744514908565 -0.00087046683369728566 0.043961516037388806
leaf_weight=7.8946070969104829 6.2011262029409435 141.26156923174858 6.8117619752883893 51.366482928395271 30.660187557339668 295.94735603779554 6.5285864770412436 7.3327072262763959 5.4131435081362724 7.2788220047950745
leaf_count=38 29 620 31 222 133 1336 32 35 25 40
internal_value=0 -0.00061653 -0.0177888 0 0.00501162 -0.00244938 0.0106106 0.0187365 -0.0318404 0.0308203
internal_weight=566.696 537.662 18.426 519.236 171.922 347.314 29.0347 22.5061 12.2249 14.6115
internal_count=2541 2396 85 2311 753 1558 145 113 56 75
is_linear=0
shrinkage=0.05


Tree=172
num_leaves=7
num_cat=0
split_feature=70 71 18 41 112 24
split_gain=1.42691 1.92397 2.71446 1.97247 3.89346 2.97121
threshold=0.45000000000000007 0.55000000000000016 16.266666666666669 4.2111111111111121 0.48516483516483522 2.4649544000000003
decision_type=2 2 2 2 2 2
left_child=-1 3 -3 4 -2 -5
right_child=1 2 -4 5 -6 -7
leaf_value=-0.021835773271449109 0.014207082123177006 0 0.035479420406481069 -0.0033795644457964742 -0.00070916621586556133 0.02343874465100089
leaf_weight=6.400632604956626 60.735983349382877 7.6688516587018958 8.2313499599695188 343.17708394676447 130.88856080174446 9.2827013432979566
leaf_count=28 275 33 41 1522 595 47
internal_value=0 0.000262452 0.0169128 -0.00016254 0.00380822 -0.00246748
internal_weight=566.385 559.985 15.9002 544.084 191.625 352.46
internal_count=2541 2513 74 2439 870 1569
is_linear=0
shrinkage=0.05


Tree=173
num_leaves=12
num_cat=0
split_feature=36 24 88 124 97 28 103 96 126 34 128
split_gain=1.4205 3.45925 3.22875 2.66381 5.90246 2.81164 2.52584 1.95427 3.20021 2.31373 1.91044
threshold=2.2678571428571432 2.4649544000000003 -0.02800380000000002 0.64302237683937036 -0.79999999999999993 1.7638888888888891 9.5000000000000018 -0.062730899999999909 0.20618220205140353 5.0500000000000007 0.82549670345866299
decision_type=2 2 2 2 2 2 2 2 2 2 2
left_child=1 3 -3 5 -5 -1 7 9 -9 -2 -8
right_child=6 2 -4 4 -6 -7 10 8 -10 -11 -12
leaf_value=0.001508796610597294 0.0007185412730799501 0 0.044682057520161376 -0.018105284711093857 0.02583911400274749 -0.0067899197648970209 0 0.037290700573807886 -0.0009648003679469273 -0.030226842864785483 -0.044621967650254425
leaf_weight=318.25356876850128 7.9642113298177746 9.0479913577437419 7.5292792394757262 8.5362009406089765 25.697425663471222 145.78510630130768 5.8593346923589689 5.8254402428865459 16.528237104415894 9.0257689729332906 6.1976150274276733
leaf_count=1396 35 46 39 37 125 663 26 29 75 41 29
internal_value=0 0.000773466 0.0225735 0 0.0132596 -0.000999853 -0.00786649 -0.000222885 0.0080336 -0.013708 -0.027052
internal_weight=566.25 514.85 16.5773 498.272 34.2336 464.039 51.4006 39.3437 22.3537 16.99 12.0569
internal_count=2541 2306 85 2221 162 2059 235 180 104 76 55
is_linear=0
shrinkage=0.05


Tree=174
num_leaves=14
num_cat=0
split_feature=109 79 63 22 103 16 126 65 64 27 23 99 35
split_gain=1.47255 4.33243 5.5283 4.24225 5.05276 4.26695 4.03148 3.62851 6.4968 4.85741 3.54852 1.85895 1.67316
threshold=0.25283083365380515 0.83333333333333337 1.3666666666666669 0.70833333333333337 4.5000000000000009 2.2169779000000003 0.21440210010696548 0.36666666666666675 1.7750000000000001 2.9000000000000004 1.0165671000000003 0.32051282051282054 1.4722222222222225
decision_type=2 2 2 2 2 2 2 2 2 2 2 2 2
left_child=1 7 -3 4 -2 10 -4 8 -1 -9 -5 -6 -7
right_child=3 2 6 5 11 12 -8 9 -10 -11 -12 -13 -14
leaf_value=0.021726094386828911 -0.01376774245491213 -0.040877431665735667 0.018895859385436545 0.0058908395978999164 0.0020202083885108436 -0.052378095956397822 -0.0095685042563792705 0.033937809822541069 0 -0.0064537448924794662 -0.0069754169082930362 0.049951746057190216 -0.0051886671972134289
leaf_weight=68.959895044565201 5.6710749119520214 9.948535352945326 15.699136503040789 74.092495054006577 5.7065114825963965 5.5843923240900022 44.926394373178482 7.1020341366529456 72.350399896502495 73.813114248216152 166.91036354005337 8.2973795384168607 6.8934085369110107
leaf_count=324 26 44 77 324 25 24 201 33 341 330 725 36 31
internal_value=0 0.00243713 -0.00798404 -0.00265761 0.0186759 -0.00457686 -0.00119922 0.0059916 0.0108589 -0.00192711 -0.00280528 0.0351888 -0.0323372
internal_weight=565.955 292.8 70.5741 273.156 19.675 253.481 60.6255 222.225 141.31 80.9151 241.003 14.0039 12.4778
internal_count=2541 1350 322 1191 87 1104 278 1028 665 363 1049 61 55
is_linear=0
shrinkage=0.05


Tree=175
num_leaves=11
num_cat=0
split_feature=39 124 37 75 7 38 22 69 94 6
split_gain=1.49476 3.73893 4.13333 5.40366 5.20898 3.33218 2.97453 2.75997 4.17197 1.81949
threshold=10.535714285714286 0.63974244099591893 1.0481130277777779 0.89444444444444449 1.5833333333333337 2.2575630785714291 1.9000000000000001 0.5277777777777779 0.02941559999999999 5.166666666666667
decision_type=2 2 2 2 2 2 2 2 2 2
left_child=1 2 4 -4 -1 7 -3 -2 -9 -7
right_child=5 6 3 -5 -6 9 -8 8 -10 -11
leaf_value=-0.0035446645815702636 0.026716026169526508 0.04158024712547731 0.019741538837973662 -0.020349716173640703 0.029509391952527216 0 0 -0.0062127665945928149 0.0048780606611721639 0.041421156874173921
leaf_weight=103.92139303684235 8.9549483954906446 6.7189952209591848 7.6273224726319304 62.65094169229269 12.440609917044638 6.3639471381902677 7.3723740354180336 150.1549771130085 192.12836586683989 7.1426684036850929
leaf_count=464 40 33 35 283 56 30 35 659 869 37
internal_value=0 -0.003478 -0.00559714 -0.0150812 0 0.00188289 0.0197879 0.000763568 0 0.0254849
internal_weight=565.477 200.732 186.64 70.2783 116.362 364.745 14.0914 351.238 342.283 13.5066
internal_count=2541 906 838 318 520 1635 68 1568 1528 67
is_linear=0
shrinkage=0.05


Tree=176
num_leaves=12
num_cat=0
split_feature=11 82 74 34 13 23 106 111 101 97 126
split_gain=1.41225 2.84103 4.20044 4.53606 4.04266 2.75124 4.81708 3.62784 3.905 3.15866 3.15427
threshold=8.4166666666666696 0.69863383333333351 0.29285714285714287 5.1833333333333345 4.416666666666667 0.89293500000000015 2.8250000000000006 1.0683471933471937 4.2111111111111121 0.55000000000000004 0.26319118940804687
decision_type=2 2 2 2 2 2 2 2 2 2 2
left_child=1 2 4 -4 -1 6 10 8 -7 -8 -2
right_child=5 -3 3 -5 -6 7 9 -9 -10 -11 -12
leaf_value=0.0068125971319407484 -0.017866616652735503 0.022505085868244019 0 -0.036504722320118289 -0.028074297935578453 0.0014474894359911932 0.0094420556824745261 -0.032465823792467492 -0.026720351615001123 0.051197655239767464 0.016939736557280243
leaf_weight=44.930410102009773 14.726476088166239 6.4857714474201194 15.219012230634688 20.068079963326454 9.1183544993400556 400.01781252771616 17.12713406980038 7.521438628435134 11.623253911733626 8.7997869998216611 9.4020445793867093
leaf_count=203 66 30 70 90 41 1801 74 32 51 43 40
internal_value=0 -0.00549429 -0.00830715 -0.0214752 0 0.00113698 0.0121067 -7.96936e-05 0.000468134 0.0268461 -0.00217964
internal_weight=565.04 95.8216 89.3359 35.2871 54.0488 469.218 50.0554 419.163 411.641 25.9269 24.1285
internal_count=2541 434 404 160 244 2107 223 1884 1852 117 106
is_linear=0
shrinkage=0.05


Tree=177
num_leaves=9
num_cat=0
split_feature=44 83 101 81 97 71 88 37
split_gain=1.43008 1.57248 4.28594 5.23822 4.77117 3.44968 2.89399 1.78558
threshold=0.83333333333333337 0.83333333333333359 2.7207792207792214 0.24658816666666669 0.95000000000000029 0.55000000000000016 -0.36598199999999986 1.3463590500000002
decision_type=2 2 2 2 2 2 2 2
left_child=1 5 3 -3 -4 6 -1 -7
right_child=-2 2 4 -5 -6 7 -8 -9
leaf_value=0.0078958990693212636 -0.022835261666129036 -0.0039242104393302389 -0.020347458239346097 0.028413799980189614 0.0027698438842587371 0 -0.0014367460015024709 0.047661380229431088
leaf_weight=111.31941544264555 5.7712041586637488 32.810427412390709 53.7027892395854 17.355524629354477 31.571554958820343 5.6029207408428174 301.32192754000425 5.2390148937702179
leaf_count=508 27 144 244 79 151 25 1338 25
internal_value=0 0.000281468 -0.00428007 0.00662298 -0.0112762 0.00186479 0.000973072 0.0286331
internal_weight=564.695 558.924 135.44 50.166 85.2743 423.483 412.641 10.8419
internal_count=2541 2514 618 223 395 1896 1846 50
is_linear=0
shrinkage=0.05


Tree=178
num_leaves=6
num_cat=0
split_feature=23 111 23 84 91
split_gain=1.43067 3.00243 2.40536 1.86679 3.20267
threshold=0.53301066000000008 1.0526481558226275 0.59224880000000013 3.8333333333333339 2.100000000000001
decision_type=2 2 2 2 2
left_child=1 -1 -2 4 -4
right_child=2 -3 3 -5 -6
leaf_value=-0.040943497682589911 0.028183457491575005 0.0017202750844590318 0.00047423835843452391 0.025065764233068145 -0.016585560225304788
leaf_weight=5.5502258837223035 6.6743337139487258 5.6771764159202576 512.25500959157944 6.3259949833154669 27.920049987733364
leaf_count=25 30 25 2299 30 132
internal_value=0 -0.0169049 0.000385565 0 -0.000344159
internal_weight=564.403 11.2274 553.175 546.501 540.175
internal_count=2541 50 2491 2461 2431
is_linear=0
shrinkage=0.05


Tree=179
num_leaves=15
num_cat=0
split_feature=15 22 76 44 96 80 2 3 127 17 6 84 106 111
split_gain=1.43939 3.16432 5.19284 5.35026 4.33751 3.07254 3.25405 3.25708 3.05587 2.99383 4.22294 2.90787 2.66891 1.54601
threshold=1.6333333333333335 1.9000000000000001 1.7750000000000001 1.0000000180025095e-35 0.058904599999999981 -1.0712491666666666 0.74763000000000013 1.7072683333333336 0.33444898802048489 1.5595774000000002 4.166666666666667 -0.99999999999999956 3.1250000000000004 1.0555339722006392
decision_type=2 2 2 2 2 2 2 2 2 2 2 2 2 2
left_child=5 9 4 -4 -3 8 -7 -8 12 10 -2 -11 -1 -10
right_child=1 2 3 -5 -6 6 7 -9 13 11 -12 -13 -14 -15
leaf_value=0.037044889034077259 0.016129702512243736 -0.060849291765045804 0.022577267061762257 -0.023461063029850772 0 -0.026905139941649177 -0.00074249963179626296 0.012776743836498565 -0.015306176966457802 0.017021110580876918 -0.024206015554439412 -0.0030422731258715873 0 0.015583701898509515
leaf_weight=15.652548030018808 6.7471355199813869 8.3111428767442685 11.09644575417042 12.098475351929663 6.4148240089416495 9.8187490999698621 339.02661959826946 49.591566763818264 8.5528186708688718 32.392742201685905 21.733251020312309 31.570469565689564 5.6237738728523246 5.6995457708835593
leaf_count=73 29 35 51 55 28 43 1528 225 38 147 94 143 26 26
internal_value=0 -0.00456629 -0.0165417 0 -0.0387651 0.00140563 7.12476e-06 0.000882725 0.0152908 0 -0.0127313 0.00645432 0.0269509 0
internal_weight=564.33 130.364 37.9209 23.1949 14.726 433.966 398.437 388.618 35.5287 92.4436 28.4804 63.9632 21.2763 14.2524
internal_count=2541 582 169 106 63 1959 1796 1753 163 413 123 290 99 64
is_linear=0
shrinkage=0.05


Tree=180
num_leaves=13
num_cat=0
split_feature=100 30 2 98 95 95 6 128 106 126 4 124
split_gain=1.38758 4.76671 4.83278 5.64968 2.70646 3.97056 4.2499 2.94784 4.03346 2.90257 2.27795 0.842589
threshold=0.34848484848484856 1.1279212000000003 1.6000428333333336 0.49999999999999989 -0.71231750000000005 -0.9666572499999998 5.5833333333333348 0.8490362419958889 2.5750000000000006 0.16492706953094119 11.833333333333334 0.53548945028282924
decision_type=2 2 2 2 2 2 2 2 2 2 2 2
left_child=4 11 10 -4 5 -1 -7 9 -9 -6 -3 -2
right_child=1 2 3 -5 7 6 -8 8 -10 -11 -12 -13
leaf_value=0.0093271411707293913 0.046479464709665075 0 0.028579648602514537 -0.0046082891316723334 -0.026103876950256857 0 -0.052309578742537666 -0.0077617096487311152 0.016206333737170689 -0.0011836776438427362 -0.02071623066353151 0.0061853670596051097
leaf_weight=6.0874369740486172 6.6661642491817457 22.078872233629227 24.484307676553726 21.008460536599159 11.456582009792326 6.4719990640878668 8.9848823547363263 21.911402359604836 53.68880183249712 351.20708931237459 23.79368382692337 6.09812031686306
leaf_count=27 29 97 112 95 50 29 41 100 276 1552 105 28
internal_value=0 0.00519039 0.000491955 0.0124086 -0.0011755 -0.0181015 -0.0318525 -0.000190299 0.00859623 -0.00217801 -0.0102719 0.0327096
internal_weight=563.938 104.13 91.3653 45.4928 459.808 21.5443 15.4569 438.264 75.6002 362.664 45.8726 12.7643
internal_count=2541 466 409 207 2075 97 70 1978 376 1602 202 57
is_linear=0
shrinkage=0.05


Tree=181
num_leaves=8
num_cat=0
split_feature=34 6 103 110 98 66 10
split_gain=1.3833 2.41541 1.98739 1.98121 4.92279 3.09299 1.4179
threshold=8.5500000000000025 8.1666666666666696 83.500000000000014 0.32901562635826659 0.3999999999999998 1.0500000000000003 1.506466166666667
decision_type=2 2 2 2 2 2 2
left_child=2 -2 3 5 -5 -1 -3
right_child=1 6 -4 4 -6 -7 -8
leaf_value=-0.013881067405448828 0.040015499682522604 -0.011705289438799709 -0.027526320728120796 0.00096239511787054243 0.028696457451146774 -0.00029191603580903323 0.016673616525696339
leaf_weight=51.966610677540302 4.8514693751931217 8.0826629996299726 5.7232397347688666 228.17866557836533 16.675132557749748 240.6946255043149 7.2741358503699294
leaf_count=231 27 39 25 1011 73 1094 41
internal_value=0 0.0125326 -0.00048339 -5.20199e-05 0.00316356 -0.0029142 0
internal_weight=563.447 20.2083 543.238 537.515 244.854 292.661 15.3568
internal_count=2541 107 2434 2409 1084 1325 80
is_linear=0
shrinkage=0.05


Tree=182
num_leaves=16
num_cat=0
split_feature=58 111 113 66 89 83 101 87 126 102 111 65 106 80 101
split_gain=1.38486 6.16478 4.98196 4.57832 3.97532 7.45502 3.62576 4.49206 3.64415 3.36012 3.29109 4.0012 3.25419 3.1402 1.92496
threshold=1.2250000000000003 1.0515188545632836 0.47814678959717133 1.267857142857143 0.20892122000000005 0.83333333333333359 2.9583333333333335 0.4896521000000002 0.21957989097088879 4.5000000000000009 1.0565553917127106 1.0000000180025095e-35 3.3250000000000006 0.62980316666666691 2.8090909090909095
decision_type=2 2 2 2 2 2 2 2 2 2 2 2 2 2 2
left_child=1 4 3 -3 5 -1 10 8 -8 -4 11 -2 -12 -9 -6
right_child=6 2 9 -5 14 -7 7 13 -10 -11 12 -13 -14 -15 -16
leaf_value=0.034123436436586642 0.002430540018589146 -0.041607651239213735 -0.0097863855011872305 -0.0056176507344515812 0.0056771847422185835 -0.00060322063296739011 0.032088905237893095 -0.03469343249886972 0.0046649473461546111 0.0095178671872840591 0.0098046014163104146 -0.014539008794962597 -0.018869337281486962 0 -0.024674659661819247
leaf_weight=37.492537148296833 42.333670645952225 11.485674127936361 28.517372883856297 49.208630800247192 11.486856237053873 21.175605580210686 16.889936126768589 8.4756316840648669 59.219392620027065 78.108177252113819 48.23569118231535 116.46571027487516 10.672635361552237 16.820663288235664 6.634416550397872
leaf_count=174 190 52 128 220 52 98 81 38 263 356 215 519 48 77 30
internal_value=0 0.00283609 -0.00230205 -0.0138028 0.0145603 0.0209512 -0.00215792 0.00536349 0.0117364 0.00384735 -0.00589842 -0.00971537 0.00354678 -0.0116266 -0.00352939
internal_weight=563.223 244.109 167.32 60.6943 76.7894 58.6681 319.113 101.406 76.1093 106.626 217.708 158.799 58.9083 25.2963 18.1213
internal_count=2541 1110 756 272 354 272 1431 459 344 484 972 709 263 115 82
is_linear=0
shrinkage=0.05


Tree=183
num_leaves=6
num_cat=0
split_feature=12 13 24 94 108
split_gain=1.37507 1.97828 2.27565 3.50581 2.1905
threshold=8.5000000000000018 9.1666666666666696 0.74869470000000016 0.49177015000000029 0.22442323702842362
decision_type=2 2 2 2 2
left_child=1 2 3 -1 -4
right_child=-2 -3 4 -5 -6
leaf_value=0.039506865295666563 -0.02244580327161369 0.025462580535039431 -0.0089578712313745056 0 0.0004746104772791333
leaf_weight=8.1093788444995898 5.7412186712026587 6.6920141279697409 68.876672647893429 8.6303858011960966 464.57242343574762
leaf_count=35 25 35 307 38 2101
internal_value=0 0.000272298 0 0.017533 -0.000664199
internal_weight=562.622 556.881 550.189 16.7398 533.449
internal_count=2541 2516 2481 73 2408
is_linear=0
shrinkage=0.05


Tree=184
num_leaves=14
num_cat=0
split_feature=36 10 31 128 21 123 102 128 96 51 37 8 113
split_gain=1.35697 3.21788 4.69937 2.95855 4.34923 3.80694 2.54346 3.89717 2.77438 2.78801 2.50625 1.82138 1.44125
threshold=2.2678571428571432 2.6273750000000002 1.7137141000000002 0.8490362419958889 0.77500000000000013 0.62252885263088642 7.5000000000000009 0.84612691599206025 -0.062730899999999909 0.83333333333333337 1.0645026000000002 2.4166666666666674 0.4767427884615385
decision_type=2 2 2 2 2 2 2 2 2 2 2 2 2
left_child=1 3 12 5 -5 -1 8 11 9 -2 -10 -8 -3
right_child=6 2 -4 4 -6 -7 7 -9 10 -11 -12 -13 -14
leaf_value=-2.549384473882975e-05 0.0053802329039972742 0.0020254602959407504 -0.010092808316380571 -0.013842453219942576 0.015204908275967342 -0.016903064926936905 0.01256128424430886 -0.055042657733626245 0.03233984839476093 -0.031661731307185359 0 -0.02209225203318009 0.0501825858589856
leaf_weight=382.20209774374962 5.8372340798377982 4.7925068289041546 5.5848737061023703 13.700509428977965 60.931232303380966 36.281710594892502 6.0073401331901568 5.3207771927118293 8.2380625605583209 9.2865524142980558 10.120407879352568 6.1225034147500992 8.1400159671902639
leaf_count=1685 27 25 26 63 305 160 27 25 39 41 49 27 42
internal_value=0 0.000784509 0.0206965 0 0.00909893 -0.00164475 -0.00769726 -0.0226141 0 -0.0148169 0.0132452 -0.00147229 0.0373516
internal_weight=562.566 511.633 18.5174 493.116 74.6317 418.484 50.9329 17.4506 33.4823 15.1238 18.3585 12.1298 12.9325
internal_count=2541 2306 93 2213 368 1845 235 79 156 68 88 54 67
is_linear=0
shrinkage=0.05


Tree=185
num_leaves=14
num_cat=0
split_feature=7 77 23 36 25 37 96 63 40 27 109 54 109
split_gain=1.37778 4.04535 4.86217 5.36539 3.38819 3.96276 6.40536 4.78978 3.38165 4.77884 3.67119 2.92599 1.73029
threshold=0.83333333333333337 0.23611111111111113 1.2670411000000004 1.9500000000000002 7.7000000000000002 1.0273712500000003 0.2794436500000001 1.1000000000000003 4.5357142857142865 5.366666666666668 0.23678547156988597 1.2250000000000003 0.25317811482787039
decision_type=2 2 2 2 2 2 2 2 2 2 2 2 2
left_child=1 2 3 -1 11 6 -6 -7 9 -3 -10 -2 -4
right_child=4 8 12 -5 5 7 -8 -9 10 -11 -12 -13 -14
leaf_value=0.016686699680497342 -0.044680538687954019 -0.0043279454237236522 0.049544419728559268 -0.011391965147809342 0.0027394984543684144 -0.016444790564118614 0.050325916984288982 0 -0.052018365631298108 0.033828790076888181 0 0 0.0073429879664091424
leaf_weight=38.41779513657093 7.3390344977378827 52.372888892889023 9.6601099669933337 27.241303324699402 43.978880867362022 52.266520820558071 8.1908729597926122 285.33713069558144 5.9401941001415244 8.592844717204569 9.3210187256336194 5.546641543507576 7.8866072595119467
leaf_count=177 34 232 48 124 196 235 38 1291 25 39 42 25 35
internal_value=0 0.00391326 0.0116314 0.00429092 -0.00156421 -0.000566618 0.0119571 -0.00267917 -0.0039056 0.000702314 -0.0242994 -0.025925 0.0346909
internal_weight=562.092 159.433 83.2058 65.6591 402.659 389.773 52.1698 337.604 76.2269 60.9657 15.2612 12.8857 17.5467
internal_count=2541 722 384 301 1819 1760 234 1526 338 271 67 59 83
is_linear=0
shrinkage=0.05


Tree=186
num_leaves=13
num_cat=0
split_feature=39 0 23 68 41 24 95 58 72 117 18 39
split_gain=1.36594 4.32654 3.87361 3.7904 3.73255 3.3116 3.25362 2.96797 2.96047 3.35302 1.57652 1.22378
threshold=11.050000000000002 1.4166666666666667 1.0110453200000002 1.0000000180025095e-35 4.3166666666666673 2.4649544000000003 -0.074588149999999728 1.6333333333333335 1.7750000000000001 75.800000000000011 13.266666666666667 10.133928571428573
decision_type=2 2 2 2 2 2 2 2 2 2 2 2
left_child=1 8 7 -3 -5 6 -4 10 9 -1 -2 -10
right_child=2 3 5 4 -6 -7 -8 -9 11 -11 -12 -13
leaf_value=0.010589847375108229 0.04646399297532347 0.017662077664291505 0.0045702732472845883 -0.0048902335102959929 -0.025958423335170386 0.035877089837824179 -0.0059651345704302529 0 -0.033095361206170175 -0.0087394610444123094 0.0054413429608659372 0
leaf_weight=91.559428244829178 9.2918076664209419 8.8903367444872838 152.75159512460232 66.109463401138783 37.041894927620888 5.4456886276602736 137.89556296914816 7.5109127759933463 5.9840937256813032 26.02491670101881 7.5251017659902564 5.6161885261535645
leaf_count=408 40 43 693 309 167 32 613 32 26 119 34 25
internal_value=0 -0.00283823 0.00213389 -0.0100937 -0.0131125 0.0003548 -0.000260054 0.0209441 0.00309953 0.00585243 0.0322495 -0.0190866
internal_weight=561.647 241.226 320.421 112.042 103.151 296.093 290.647 24.3278 129.185 117.584 16.8169 11.6003
internal_count=2541 1097 1444 519 476 1338 1306 106 578 527 74 51
is_linear=0
shrinkage=0.05


Tree=187
num_leaves=15
num_cat=0
split_feature=60 9 74 123 5 32 79 116 28 87 86 96 100 11
split_gain=1.37972 3.69391 4.57875 4.37017 3.94679 3.8634 3.83925 3.44667 3.27862 5.71861 4.4847 3.80016 3.62935 2.42661
threshold=2.1000000000000005 1.5565998333333335 1.0000000180025095e-35 0.55145096289870132 5.166666666666667 11.366666666666669 -0.75 -0.54025360518780452 1.1833333333333336 0.6409397 -0.47499999999999992 -0.12475524999999991 0.16025641025641027 13.500000000000002
decision_type=2 2 2 2 2 2 2 2 2 2 2 2 2 2
left_child=1 2 6 5 -5 -3 -1 -4 11 10 -10 -2 -11 -13
right_child=8 3 7 4 -6 -7 -8 -9 9 12 -12 13 -14 -15
leaf_value=0.0039662748842453589 0.018690185644398619 0.006289166901946525 -0.008424453972054281 -0.010956491288112 0.012452241431848282 -0.027095669496452059 -0.031801673337078562 0.0054098869791598661 -0.011934500471983474 -0.030808156394605109 0.029761165149649989 -0.03562708373251218 0.0059657785206831508 0
leaf_weight=8.6615545600652712 6.248641952872279 7.7613831162452689 50.465027585625648 40.551200926303864 30.481046929955482 39.021847978234291 17.173937946557999 276.58161263167858 5.3436338305473319 8.7260932177305239 36.166947692632675 10.831907331943514 16.678397975862026 6.6806694939732543
leaf_count=40 29 34 224 183 147 171 78 1256 23 38 163 46 78 31
internal_value=0 -0.00108986 0.00135209 -0.00877464 -0.000183887 -0.020495 -0.018246 0.00310358 0.00561368 0.0115769 0.023063 -0.00894968 -0.00546034 -0.0219896
internal_weight=561.374 470.698 352.882 117.815 71.0322 46.7832 25.8355 327.047 90.6763 66.9151 41.5106 23.7612 25.4045 17.5126
internal_count=2541 2133 1598 535 330 205 118 1480 408 302 186 106 116 77
is_linear=0
shrinkage=0.05


Tree=188
num_leaves=15
num_cat=0
split_feature=118 54 102 60 41 42 77 80 80 65 91 3 24 38
split_gain=1.35316 3.52701 4.15793 6.36441 4.84004 4.03196 4.60332 3.44161 7.05119 5.26989 4.726 4.34214 3.22367 2.44775
threshold=73.750000000000014 1.4500000000000002 4.5000000000000009 0.70000000000000007 5.5277777777777786 2.6666666666666674 0.10555555555555557 0.0081816666666662558 0.16671216666666658 0.22500000000000003 -2.3666666666666658 1.4229418333333335 1.1556949000000003 1.6604181500000004
decision_type=2 2 2 2 2 2 2 2 2 2 2 2 2 2
left_child=7 2 3 -2 -4 6 -3 10 11 -10 -1 -9 -12 -7
right_child=1 5 4 -5 -6 13 -8 8 9 -11 12 -13 -14 -15
leaf_value=0.035098993872452744 0.020171992397547675 -0.0025234812473924001 0.01026678017660926 -0.031068961453447782 -0.017175068416766723 -0.030341695995602155 0.026018782983766749 -0.0083841397174819355 0.0066642657888860068 -0.011440545997820383 0.027503705258623851 -0.053387422836270661 -0.00079162453249743384 0.0076261121668029083
leaf_weight=9.7424566894769651 6.1521475017070797 15.922706082463263 66.749194368720055 22.500209420919418 19.260983049869537 7.0112038776278478 44.236304044723511 16.291228309273723 77.4474977850914 78.58887156099081 9.5918144285678846 11.209896132349966 171.03786828368902 5.1782553121447563
leaf_count=45 28 74 301 99 89 31 211 73 354 350 42 48 771 25
internal_value=0 0.00345757 -0.00162777 -0.0180712 0.00342009 0.0121111 0.017729 -0.00174015 -0.00669009 -0.00215074 0.00278083 -0.0297121 0.000578786 -0.0110662
internal_weight=560.921 187.011 114.663 28.6524 86.0102 72.3485 60.159 373.91 183.537 156.036 190.372 27.5011 180.63 12.1895
internal_count=2541 858 517 127 390 341 285 1683 825 704 858 121 813 56
is_linear=0
shrinkage=0.05


Tree=189
num_leaves=12
num_cat=0
split_feature=39 30 23 86 77 31 74 73 51 58 78
split_gain=1.3736 3.97726 3.49603 4.61142 5.7344 3.62545 3.41025 7.92801 3.45239 2.74519 1.49665
threshold=11.050000000000002 2.6681157000000009 1.0110453200000002 -0.39999999999999997 0.23611111111111113 1.5209951000000002 0.29285714285714287 0.43650793650793657 2.1666666666666674 1.6333333333333335 1.0000000180025095e-35
decision_type=2 2 2 2 2 2 2 2 2 2 2
left_child=1 6 9 4 -4 -5 8 -8 -1 10 -2
right_child=2 -3 3 5 -6 -7 7 -9 -10 -11 -12
leaf_value=0.00045033719412557253 0.0085874332030295795 -0.035939462132623438 0.0028486260778134483 0.00018255662992131287 -0.027399061412935494 0.015526944566606762 -0.0030776651751285387 -0.05010559460864511 0.027217308685116154 0 0.048679762317195174
leaf_weight=118.95738309621811 9.2832017093896919 7.8828439041972151 26.955616638064384 189.74890986084938 29.016111925244331 49.677745908498764 91.539851434528828 9.4114267826080305 13.009594686329363 7.5049573332071295 7.4368842393159857
leaf_count=543 40 39 122 857 127 232 414 42 59 32 34
internal_value=0 -0.00285523 0.00213594 0.000434938 -0.01216 0.00362561 -0.00137293 -0.00840085 0.00364996 0.0200562 0.0309825
internal_weight=560.425 240.801 319.623 295.398 55.9717 239.427 232.918 100.951 131.967 24.225 16.7201
internal_count=2541 1097 1444 1338 249 1089 1058 456 602 106 74
is_linear=0
shrinkage=0.05


Tree=190
num_leaves=12
num_cat=0
split_feature=68 76 24 42 90 123 123 74 126 126 123
split_gain=1.35544 4.22282 4.38932 5.59564 4.53296 3.66513 2.75422 2.52596 2.65871 4.39933 3.93977
threshold=0.31666666666666671 1.7071428571428573 1.4419307000000003 1.4166666666666667 -0.19999999999999982 0.53334356701186314 0.63011723906497541 0.5277777777777779 0.22259117527031885 0.231103711044885 0.62561733988141743
decision_type=2 2 2 2 2 2 2 2 2 2 2
left_child=7 2 4 -4 -2 -3 -7 8 10 -10 -1
right_child=1 5 3 -5 -6 6 -8 -9 9 -11 -12
leaf_value=0.018859111657752621 0 0 -0.0012194765511434782 0.032273099487513807 -0.035676720011594054 -0.057973247037383872 -0.005139171349530982 -0.023882622940035864 -0.020505905817122153 0.0011781354394590428 0
leaf_weight=49.55704790353775 23.030253946781158 8.8375402539968508 31.51146237552166 17.135152280330658 12.637133717536924 7.6662774831056577 7.0316287279129028 8.5494316369295102 24.249474883079529 301.15394107252359 68.723097257316113
leaf_count=230 102 40 140 76 55 35 32 37 108 1343 343
internal_value=0 -0.00501096 0 0.00998317 -0.0128189 -0.0232739 -0.0378196 0.00120253 0.00185097 -0.000342475 0.00825686
internal_weight=560.082 107.849 84.314 48.6466 35.6674 23.5354 14.6979 452.233 443.684 325.403 118.28
internal_count=2541 480 373 216 157 107 67 2061 2024 1451 573
is_linear=0
shrinkage=0.05


Tree=191
num_leaves=9
num_cat=0
split_feature=1 29 98 98 61 125 116 40
split_gain=1.31397 2.01401 4.76339 4.35359 4.23468 3.0197 2.85201 2.291
threshold=3.5000000000000004 1.7071428571428573 -0.48333333333333323 -0.10000000000000013 0.36666666666666675 0.092551471427598564 0.24996935600751694 4.7750000000000012
decision_type=2 2 2 2 2 2 2 2
left_child=1 5 4 -4 -3 7 -7 -1
right_child=-2 2 3 -5 -6 6 -8 -9
leaf_value=0 0.022194503519530229 0.024069667570720401 -0.054784882638072775 -0.0076301210518536933 -0.0071746552167959929 0.0042301232375143117 -0.0042996562218551512 -0.039868561835168043
leaf_weight=5.4907127916812879 5.5806955248117438 13.754797317087649 7.7614932209253338 19.738095007836819 38.746635898947716 327.84182137995958 133.99629598110914 6.7924796789884567
leaf_count=25 27 63 35 90 174 1488 608 31
internal_value=0 -0.000279318 -0.0076327 -0.0241488 0.000373348 0.000869675 0.00164335 -0.0223894
internal_weight=559.703 554.122 80.001 27.4996 52.5014 474.121 461.838 12.2832
internal_count=2541 2514 362 125 237 2152 2096 56
is_linear=0
shrinkage=0.05


Tree=192
num_leaves=6
num_cat=0
split_feature=22 38 24 83 89
split_gain=1.33854 1.63745 3.22361 2.61104 1.80838
threshold=0.26666666666666672 0.80785790000000013 0.74869470000000016 -0.83333333333333315 0.43326210000000004
decision_type=2 2 2 2 2
left_child=-1 3 -3 -2 -4
right_child=1 2 4 -5 -6
leaf_value=0.02090086344789829 -0.040123563789199498 0.029712909764219878 0.000596663249966458 0 -0.0082009555684953907
leaf_weight=6.535810559988021 5.6311341673135757 8.0338504910469037 468.10463626682758 6.2060796320438367 64.97881131619215
leaf_count=30 24 35 2127 28 297
internal_value=0 -0.000313245 1.33369e-05 -0.0179754 -0.000395428
internal_weight=559.49 552.955 541.117 11.8372 533.083
internal_count=2541 2511 2459 52 2424
is_linear=0
shrinkage=0.05


Tree=193
num_leaves=11
num_cat=0
split_feature=114 19 127 3 22 25 45 11 38 106
split_gain=1.35574 3.35719 3.80522 2.75906 2.34803 1.92418 3.6812 2.76124 6.12259 2.79405
threshold=1.1477224202153975 3.1000000000000005 0.55826973047252981 1.3672415000000002 1.7083333333333337 18.500000000000004 1.5833333333333337 15.833333333333334 1.7482357000000006 3.0250000000000004
decision_type=2 2 2 2 2 2 2 2 2 2
left_child=1 4 3 -3 -1 7 -7 9 -9 -2
right_child=5 2 -4 -5 -6 6 -8 8 -10 -11
leaf_value=-0.04847997047762205 -0.0025695352125679957 -0.015971644308610377 0.02683856772512358 0.0053051823752870292 0 0.0049615963320591644 -0.041630523334863556 0.026159336855155309 -0.014716861530176168 0.0058160736451897607
leaf_weight=6.3118832707405073 277.72049576789141 32.080842241644859 9.1536135673522931 22.856085851788521 6.8205641359090805 5.6500421315431577 6.5636657923460007 29.465541020035744 10.638943672180174 152.16051153838634
leaf_count=28 1250 143 42 101 30 27 29 136 51 704
internal_value=0 -0.00612574 -0.000449929 -0.00628913 -0.0282957 0.000969364 -0.0175488 0.001593 0.014005 0.0002892
internal_weight=559.422 77.223 64.0905 54.9369 13.1324 482.199 12.2137 469.985 40.1045 429.881
internal_count=2541 344 286 244 58 2197 56 2141 187 1954
is_linear=0
shrinkage=0.05


Tree=194
num_leaves=15
num_cat=0
split_feature=109 79 111 21 101 34 81 75 112 2 36 23 28 128
split_gain=1.33434 3.91507 4.08234 3.89285 4.68599 4.49242 3.77389 3.10783 2.93621 4.21713 3.58751 5.59197 3.67288 2.26372
threshold=0.25283083365380515 0.33333333333333326 1.0498327012546029 1.1000000000000003 2.226495726495727 6.354166666666667 -1.0236386666666664 2.1055555555555561 0.54557322572988387 1.5925973333333336 0.95000000000000007 1.3351040000000001 1.7638888888888891 0.79539006259834821
decision_type=2 2 2 2 2 2 2 2 2 2 2 2 2 2
left_child=1 3 7 4 -1 -5 -4 -3 10 -10 11 -2 -12 -11
right_child=8 2 6 5 -6 -7 -8 -9 9 13 12 -13 -14 -15
leaf_value=-0.026787664679947101 -0.0082025568218192183 0.028139858130468872 -0.043562075692958363 0.0073608265244457837 0.0051960543114270216 0.036827732973637027 -0.0049945365426937519 -0.0084706821455153517 -0.041619278331995309 -0.018045569479920028 -0.00017022971569915582 0.034314607147068209 -0.01895518298676813 0.021863089842098837
leaf_weight=12.616731032729147 10.731312274932863 14.502981126308443 6.4146752655506125 58.212877824902534 70.998487092554569 19.005669720470905 101.24806826561689 5.9336293935775748 10.264039143919947 6.5678416937589628 190.45286437124014 16.185705259442329 30.263115048408508 5.6839181035757065
leaf_count=57 49 73 28 268 333 98 467 26 44 29 836 71 136 26
internal_value=0 0.0023309 -0.00392071 0.00761254 0 0.0156308 -0.00813232 0.0152785 -0.00254816 -0.0195288 -0.000730776 0.0158862 -0.00304529 0
internal_weight=559.082 288.933 128.099 160.834 83.6152 77.2185 107.663 20.4366 270.149 22.5158 247.633 26.917 220.716 12.2518
internal_count=2541 1350 594 756 390 366 495 99 1191 99 1092 120 972 55
is_linear=0
shrinkage=0.05


Tree=195
num_leaves=7
num_cat=0
split_feature=27 27 38 27 97 97
split_gain=1.2833 2.0316 3.08913 1.98695 2.50663 2.41533
threshold=8.3000000000000025 7.5000000000000009 1.0613412000000002 6.7000000000000002 -0.7321428571428571 -1.0000000180025095e-35
decision_type=2 2 2 2 2 2
left_child=1 3 -3 4 -1 -5
right_child=-2 2 -4 5 -6 -7
leaf_value=-0.0082169715178755636 0.018230366321353015 0.0034348822953828603 -0.036343172353772116 0.026134006640546423 0.00096594218308241686 -0.00066248957571539077
leaf_weight=88.132382154464722 8.4445598199963552 5.5089485198259345 8.6850384920835477 14.895416751503946 422.20604111999273 10.633388012647627
leaf_count=388 45 25 38 71 1925 49
internal_value=0 -0.000354823 -0.0184038 6.35134e-05 -0.000535077 0.0134836
internal_weight=558.506 550.061 14.194 535.867 510.338 25.5288
internal_count=2541 2496 63 2433 2313 120
is_linear=0
shrinkage=0.05


Tree=196
num_leaves=8
num_cat=0
split_feature=46 81 23 106 88 95 121
split_gain=1.27157 1.78934 4.15176 3.28754 3.1125 3.85543 2.27866
threshold=1.0000000180025095e-35 0.97561133333333339 1.6878406000000004 2.7250000000000005 0.43241829999999981 0.067728262499999983 41.760000000000012
decision_type=2 2 2 2 2 2 2
left_child=-1 4 3 -3 6 -6 -2
right_child=1 2 -4 -5 5 -7 -8
leaf_value=-0.016699344355989378 0.0036614383680044315 0 -0.015418427863320944 0.043748343974438136 0.012788091952370418 -0.018782649716011991 -0.0034814382349982725
leaf_weight=10.215307503938673 301.97786743193865 7.0558334887027803 6.1040679216384879 10.186355568468569 9.7374399900436384 42.198315761983395 170.881053596735
leaf_count=45 1366 32 28 52 45 192 781
internal_value=0 0.000305718 0.0135958 0.0268905 -0.000215152 -0.0117891 0.00097274
internal_weight=558.356 548.141 23.3463 17.2422 524.795 51.9358 472.859
internal_count=2541 2496 112 84 2384 237 2147
is_linear=0
shrinkage=0.05


Tree=197
num_leaves=15
num_cat=0
split_feature=60 9 74 75 31 79 9 72 112 13 101 124 13 3
split_gain=1.2717 3.29486 4.05358 4.04497 7.00771 3.53141 3.18701 5.53314 4.58269 3.44387 3.16507 2.99555 2.9457 1.31523
threshold=2.1000000000000005 1.5565998333333335 1.0000000180025095e-35 1.5277777777777779 1.6436529000000004 -0.75 1.7513730000000003 2.0500000000000003 0.54081738904073939 6.5833333333333348 1.5857142857142861 0.61717720358462935 5.166666666666667 1.5693698333333337
decision_type=2 2 2 2 2 2 2 2 2 2 2 2 2 2
left_child=1 2 5 12 -5 -1 8 13 11 -9 -4 -2 -3 -8
right_child=6 3 10 4 -6 -7 7 9 -10 -11 -12 -13 -14 -15
leaf_value=0.0038967070797377838 0.012190644586095568 -0.030023580546032286 -0.015324464193467675 -0.0073885277443222876 0.035363125182152143 -0.030369166636261182 0.050877592422564566 -0.0096498465630500546 -0.038971770227553978 0.022606324374519468 0.0042928413260233137 -0.01924636673833751 -0.0030415393103945931 0.0060887699042670284
leaf_weight=8.6086774319410342 26.336892172694206 27.308043479919434 20.188002586364746 56.114015080034733 10.51605314016342 17.036217108368874 9.3695471435785276 20.893954634666443 6.7801215499639502 11.91206982731819 305.20535050332546 8.8922629803419095 23.2904437109828 5.6937041729688636
leaf_count=40 120 121 90 256 53 78 43 92 29 57 1390 41 105 26
internal_value=0 -0.00108476 0.00122002 -0.00836121 0 -0.0172755 0.00537656 0.0143025 -0.00372805 0.000905789 0.00287934 0.00256325 -0.0188724 0.0384937
internal_weight=558.145 468.267 351.038 117.229 66.6301 25.6449 89.8786 47.8693 42.0093 32.806 325.393 35.2292 50.5985 15.0633
internal_count=2541 2133 1598 535 309 118 408 218 190 149 1480 161 226 69
is_linear=0
shrinkage=0.05


Tree=198
num_leaves=9
num_cat=0
split_feature=22 21 69 102 25 12 2 18
split_gain=1.3289 2.23506 2.9765 4.40897 2.48304 3.95206 2.38157 2.02999
threshold=3.1000000000000005 0.45000000000000007 1.267857142857143 5.5000000000000009 8.1000000000000014 1.8333333333333337 1.2978248333333335 12.450000000000001
decision_type=2 2 2 2 2 2 2 2
left_child=1 2 7 -4 5 -3 -6 -1
right_child=-2 4 3 -5 6 -7 -8 -9
leaf_value=0.011596873073005012 -0.019830320777751279 0.015528246506526459 -1.3003065603502618e-06 0.041341045487828812 0.0056407814914319733 -0.02000754201171754 -0.0018885971899523534 -0.022191518950720638
leaf_weight=7.4995367676019651 7.3539104536175719 7.6804581284523001 7.6732961237430599 12.984386205673216 153.10659809410572 34.033460676670074 320.23622436821461 7.1129282861948013
leaf_count=33 35 36 35 61 680 157 1472 32
internal_value=0 0.00025956 0.0123145 0.0243848 -0.000491313 -0.0120837 0.00044819 -0.00201571
internal_weight=557.681 550.327 35.2701 20.6577 515.057 41.7139 473.343 14.6125
internal_count=2541 2506 161 96 2345 193 2152 65
is_linear=0
shrinkage=0.05


Tree=199
num_leaves=8
num_cat=0
split_feature=12 25 52 35 89 7 99
split_gain=1.30941 1.84807 9.28438 5.48207 4.21441 4.20666 3.50825
threshold=8.5000000000000018 14.100000000000001 2.1666666666666674 1.9500000000000002 -0.6161317999999999 2.4166666666666674 0.13392857142857145
decision_type=2 2 2 2 2 2 2
left_child=1 3 4 5 -3 -1 -5
right_child=-2 2 -4 6 -6 -7 -8
leaf_value=-0.00045747231763957431 -0.022040923657481622 -0.01188179317361223 -0.040557071537657856 0.0012146272182552967 0.016427684604785577 0.031359003028789884 -0.034325376432270592
leaf_weight=419.31320405751467 5.6811912953853598 12.965016350150107 8.1012504845857602 6.684708476066592 76.713126704096794 9.624413847923277 18.457879029214382
leaf_count=1904 25 60 36 30 356 46 84
internal_value=0 0.000224147 0.00649525 -0.00102768 0.0116976 0.000211401 -0.0232787
internal_weight=557.541 551.86 97.7794 454.08 89.6781 428.938 25.1426
internal_count=2541 2516 452 2064 416 1950 114
is_linear=0
shrinkage=0.05


end of trees

feature_importances:
Column_111=55
Column_38=51
Column_109=49
Column_95=45
Column_128=43
Column_88=41
Column_24=40
Column_25=37
Column_27=35
Column_106=35
Column_3=34
Column_34=34
Column_81=34
Column_80=33
Column_31=31
Column_82=31
Column_101=30
Column_116=30
Column_41=29
Column_83=29
Column_89=29
Column_124=29
Column_6=28
Column_12=28
Column_75=28
Column_39=27
Column_118=27
Column_123=27
Column_11=26
Column_36=26
Column_79=26
Column_114=26
Column_2=25
Column_10=23
Column_112=23
Column_13=22
Column_126=22
Column_66=21
Column_87=21
Column_91=21
Column_22=20
Column_23=20
Column_30=20
Column_46=20
Column_16=19
Column_17=19
Column_18=19
Column_74=19
Column_20=18
Column_68=18
Column_96=18
Column_97=18
Column_37=17
Column_40=17
Column_92=17
Column_121=17
Column_110=16
Column_127=16
Column_33=14
Column_44=14
Column_52=14
Column_98=14
Column_99=14
Column_9=13
Column_21=13
Column_28=13
Column_58=13
Column_76=13
Column_78=13
Column_113=13
Column_0=12
Column_32=12
Column_35=12
Column_69=12
Column_77=12
Column_100=12
Column_102=12
Column_4=11
Column_84=11
Column_8=10
Column_42=10
Column_51=10
Column_64=10
Column_70=10
Column_94=10
Column_103=10
Column_125=10
Column_54=9
Column_90=9
Column_108=9
Column_7=8
Column_14=8
Column_15=8
Column_63=8
Column_67=8
Column_122=8
Column_5=7
Column_19=7
Column_65=7
Column_71=7
Column_72=7
Column_86=7
Column_26=6
Column_43=6
Column_85=6
Column_115=6
Column_29=5
Column_62=5
Column_1=4
Column_47=4
Column_59=4
Column_60=4
Column_117=4
Column_45=3
Column_53=3
Column_55=3
Column_56=3
Column_61=2
Column_73=2
Column_93=2
Column_120=2
Column_49=1
Column_57=1
Column_105=1

parameters:
[boosting: gbdt]
[objective: binary]
[metric: binary_logloss]
[tree_learner: serial]
[device_type: cpu]
[data_sample_strategy: bagging]
[data: ]
[valid: ]
[num_iterations: 200]
[learning_rate: 0.05]
[num_leaves: 16]
[num_threads: -1]
[seed: 0]
[deterministic: 0]
[force_col_wise: 0]
[force_row_wise: 0]
[histogram_pool_size: -1]
[max_depth: 4]
[min_data_in_leaf: 25]
[min_sum_hessian_in_leaf: 0.001]
[bagging_fraction: 0.8]
[pos_bagging_fraction: 1]
[neg_bagging_fraction: 1]
[bagging_freq: 0]
[bagging_seed: 3]
[bagging_by_query: 0]
[feature_fraction: 0.8]
[feature_fraction_bynode: 1]
[feature_fraction_seed: 2]
[extra_trees: 0]
[extra_seed: 6]
[early_stopping_round: 0]
[early_stopping_min_delta: 0]
[first_metric_only: 0]
[max_delta_step: 0]
[lambda_l1: 1]
[lambda_l2: 1]
[linear_lambda: 0]
[min_gain_to_split: 0]
[drop_rate: 0.1]
[max_drop: 50]
[skip_drop: 0.5]
[xgboost_dart_mode: 0]
[uniform_drop: 0]
[drop_seed: 4]
[top_rate: 0.2]
[other_rate: 0.1]
[min_data_per_group: 100]
[max_cat_threshold: 32]
[cat_l2: 10]
[cat_smooth: 10]
[max_cat_to_onehot: 4]
[top_k: 20]
[monotone_constraints: ]
[monotone_constraints_method: basic]
[monotone_penalty: 0]
[feature_contri: ]
[forcedsplits_filename: ]
[refit_decay_rate: 0.9]
[cegb_tradeoff: 1]
[cegb_penalty_split: 0]
[cegb_penalty_feature_lazy: ]
[cegb_penalty_feature_coupled: ]
[path_smooth: 0]
[interaction_constraints: ]
[verbosity: -1]
[saved_feature_importance_type: 0]
[use_quantized_grad: 0]
[num_grad_quant_bins: 4]
[quant_train_renew_leaf: 0]
[stochastic_rounding: 1]
[linear_tree: 0]
[max_bin: 255]
[max_bin_by_feature: ]
[min_data_in_bin: 3]
[bin_construct_sample_cnt: 200000]
[data_random_seed: 1]
[is_enable_sparse: 1]
[enable_bundle: 1]
[use_missing: 1]
[zero_as_missing: 0]
[feature_pre_filter: 1]
[pre_partition: 0]
[two_round: 0]
[header: 0]
[label_column: ]
[weight_column: ]
[group_column: ]
[ignore_column: ]
[categorical_feature: ]
[forcedbins_filename: ]
[precise_float_parser: 0]
[parser_config_file: ]
[objective_seed: 5]
[num_class: 1]
[is_unbalance: 0]
[scale_pos_weight: 1]
[sigmoid: 1]
[boost_from_average: 1]
[reg_sqrt: 0]
[alpha: 0.9]
[fair_c: 1]
[poisson_max_delta_step: 0.7]
[tweedie_variance_power: 1.5]
[lambdarank_truncation_level: 30]
[lambdarank_norm: 1]
[label_gain: ]
[lambdarank_position_bias_regularization: 0]
[eval_at: ]
[multi_error_top_k: 1]
[auc_mu_weights: ]
[num_machines: 1]
[local_listen_port: 12400]
[time_out: 120]
[machine_list_filename: ]
[machines: ]
[gpu_platform_id: -1]
[gpu_device_id: -1]
[gpu_use_dp: 0]
[num_gpu: 1]

end of parameters

pandas_categorical:null
