tree
version=v4
num_class=3
num_tree_per_iteration=3
label_index=0
max_feature_idx=128
objective=multiclass num_class:3
feature_names=Column_0 Column_1 Column_2 Column_3 Column_4 Column_5 Column_6 Column_7 Column_8 Column_9 Column_10 Column_11 Column_12 Column_13 Column_14 Column_15 Column_16 Column_17 Column_18 Column_19 Column_20 Column_21 Column_22 Column_23 Column_24 Column_25 Column_26 Column_27 Column_28 Column_29 Column_30 Column_31 Column_32 Column_33 Column_34 Column_35 Column_36 Column_37 Column_38 Column_39 Column_40 Column_41 Column_42 Column_43 Column_44 Column_45 Column_46 Column_47 Column_48 Column_49 Column_50 Column_51 Column_52 Column_53 Column_54 Column_55 Column_56 Column_57 Column_58 Column_59 Column_60 Column_61 Column_62 Column_63 Column_64 Column_65 Column_66 Column_67 Column_68 Column_69 Column_70 Column_71 Column_72 Column_73 Column_74 Column_75 Column_76 Column_77 Column_78 Column_79 Column_80 Column_81 Column_82 Column_83 Column_84 Column_85 Column_86 Column_87 Column_88 Column_89 Column_90 Column_91 Column_92 Column_93 Column_94 Column_95 Column_96 Column_97 Column_98 Column_99 Column_100 Column_101 Column_102 Column_103 Column_104 Column_105 Column_106 Column_107 Column_108 Column_109 Column_110 Column_111 Column_112 Column_113 Column_114 Column_115 Column_116 Column_117 Column_118 Column_119 Column_120 Column_121 Column_122 Column_123 Column_124 Column_125 Column_126 Column_127 Column_128
feature_infos=[0:5.333333333333333] [0:5.333333333333333] [0.33050099999999999:4.4938499999999992] [0.14320686666666665:4.3048899999999994] [4:29] [0.33333333333333331:12.666666666666666] [1:13.666666666666666] [0:5.666666666666667] [0:5] [0.167602:4.2171866666666666] [0.24252733333333332:4.2970433333333338] [2.6666666666666665:27.333333333333332] [0.33333333333333331:11.666666666666666] [0.33333333333333331:11.666666666666666] [0:4.7999999999999998] [0:4.4000000000000004] [0.33050099999999999:4.0464766666666669] [0.18546151999999999:4.0729039999999994] [4.2000000000000002:28.199999999999999] [1.3999999999999999:11.4] [1:12.6] [0:4] [0:4.2000000000000002] [0.238315:3.6216240000000006] [0.3991768:3.890835] [3.5:25] [0.5:9.5999999999999996] [1:10.6] [0:4.666666666666667] [0:3.7999999999999998] [0.33050099999999999:4.0464766666666669] [0.37148795999999995:3.5279179999999997] [6.5999999999999996:27.600000000000001] [2:10.699999999999999] [1.5:11.199999999999999] [0:4] [0.20000000000000001:3.5] [0.238315:3.1571860000000003] [0.51888849999999997:3.890835] [3.5:20.5] [0.5:8.6999999999999993] [1:8.8000000000000007] [0:3] [0:1] [0:1] [0:5] [0:5.333333333333333] [0:1] [0:3] [0:1] [0:1] [0:5.666666666666667] [0:4.666666666666667] [0:1] [0:3] [0:1] [0:1] [0:4.7999999999999998] [0:4] [0:1] [0:3] [0:1] [0:1] [0:4.5999999999999996] [0:4] [0:1] [0:3] [0:1] [0:1] [0:3.8571428571428572] [0.10000000000000001:4] [0:0.90000000000000002] [0:3] [0:1] [0:1] [0:4] [0:3.6666666666666665] [0:1] [-4.666666666666667:4.333333333333333] [-4.333333333333333:5] [-2.8806406:3.0608003333333338] [-1.9888533333333336:2.25536] [-2.1839600000000003:2.7741266666666671] [-3:3] [-6:5.6666666666666679] [-3.7000000000000002:3.3999999999999999] [-3.6000000000000005:3.3999999999999999] [-2.6953765999999999:3.0408246666666665] [-1.5711539999999999:2.0680160000000001] [-1.6701386:1.6839095999999998] [-3:2.7999999999999998] [-5.4000000000000004:5.5999999999999996] [-2.7000000000000002:3.3333333333333339] [-3.1999999999999997:3] [-2.8152651:3.0408246666666665] [-1.3043848:1.4892219999999998] [-1.24064:1.3604118000000001] [-2.6000000000000001:2.3999999999999999] [-3.7999999999999998:4] [0:1] [0:1] [0:6] [2:813] [2:454] [0:1] [0:1] [1.5:4.4000000000000004] [0:2] [0.049896049896049892:0.89438223571835251] [0.072914197677174691:0.33876221498371334] [0.032691212753843235:0.83160083160083165] [1.0298245614035089:1.1666666666666665] [0.28571428571428575:0.78749999999999998] [0.21249999999999997:0.7142857142857143] [0.87084988085782356:2.8766107678729029] [0.87084988085782356:2.8766107678729029] [-2.0057608870150796:2.0057608870150796] [40.100000000000001:109.80000000000003] [40.100000000000001:109.80000000000003] [0:3] [0:3] [19.510000000000002:67.409999999999997] [19.510000000000002:67.409999999999997] [0.24328653363052855:0.84072240050212665] [0.31036959567482014:0.73150093608075939] [0.028473020452169921:0.92682090563524189] [0.055726320125861581:0.36697039250683411] [0.014263135010841982:0.87289057270910297] [0.52124898599174629:0.9479430261458609]
tree_sizes=1710 1780 1579 1621 1726 1670 1497 1719 1593 1402 1833 1579 1848 1366 1575 1500 1519 1595 1521 1606 1579 1634 1389 1561 1527 1716 1600 1395 1384 1589 1615 1617 1760 1834 1348 1655 1517 1477 1655 1617 1709 1811 1517 1598 1609 1601 1721 1826 1519 1481 1501 1737 1217 1634 1517 1816 1717 1486 1516 1717 1738 1484 1614 1498 1490 1837 1317 1483 1679 1303 1479 1498 1397 1513 1733 1624 1506 1820 1430 1574 1709 1318 1296 1595 1596 1192 1392 1215 1183 1736 1423 1516 1388 1320 1511 1613 1628 1165 1732 1528 1188 1640 1635 1294 1736 1534 1698 1696 1319 1480 1718 1359 1080 1842 1388 1291 1671 1723 1487 1706 1612 1277 1710 1395 1096 1624 1377 1074 1530 1185 1171 1467 1632 1093 1477 1177 1201 1305 1288 954 1523 1672 971 1393 1175 1582 1686 1637 1505 1506 1287 1528 1494 1169 1197 1377 1386 1377 1523 1210 1111 1521 1383 1418 1396 1618 1563 1250 1315 1283 1515 1157 1203 1400 1383 1276 1314 1210 1179 1404 1405 1857 1300 1593 1404 1136 1162 994 1382 1720 1090 1169 1739 1095 1501 1172 1192 1258 1202 1401 1304 1393 1829 1388 1516 1250 1190 1296 1602 1642 1467 1729 1188 1349 1053 1523 949 1193 1680 949 1516 1561 1379 1291 1047 1068 1421 1185 964 1688 1262 1508 1315 1296 1715 1707 1413 1275 1095 1185 874 1178 1088 1610 1189 1303 1445 1285 1465 1109 1068 1179 1177 1395 1574 1474 1323 1067 878 925 1491 1280 1191 1392 1366 1106 1595 975 1160 1309 1088 1186 1467 1072 1707 1177 1501 1175 1382 1171 1603 1604 1585 1723 1381 1502 927 946 981 1493 1500 1515 1494 1481 1400 1583 1300 1429 1184 1455 1576 1850 963 1203 1076 1304 1198 1287 1549 1473 1843 1306 1108 1079 1372 1525 1213 1073 1637 1083 1543 1483 1652 1184 1325 1365 888 1711 965 1477 1080 1186 1603 874 1445 1159 1481 1100 1466 1079 1487 961 1292 1376 1385 1490 1799 1372 1213 1494 1549 1469 844 1405 1083 1042 1503 1277 966 1604 1388 1096 1175 990 1375 1576 1610 1226 1177 1492 835 1177 1508 1458 1584 1516 1439 1279 1195 1097 1149 1070 1752 1470 1110 1505 937 879 1701 1302 1382 1078 1320 1096 1387 1700 1068 1607 1411 1368 942 1753 1186 951 1497 1753 1189 1188 1218 995 1156 1609 815 1422 1080 1570 1050 1659 1445 1266 1042 1765 1582 1469 1263 867 1407 1536 1398 1187 1709 1636 1307 1312 1578 1492 1339 1379 1408 1202 1502 1097 1492 1630 1063 1077 1263 1180 1291 1180 1085 1385 1305 1059 967 1810 1355 1679 1662 1282 1266 1562 1635 1161 1414 1703 864 1161 1498 1093 1137 1606 1591 1806 1420 1178 1404 1584 1397 1565 1573 1808 832 1050 1079 1274 1068 1462 1583 1474 1712 761 1076 1392 1202 1070 851 1386 1063 996 1037 1720 1571 1187 1552 1050 1575 1783 1296 1156 1589 1272 1681 1205 1589 865 1668 777 948 1058 1305 1052 1581 970 1701 1059 1371 1824 1173 1700 1614 1205 1191 1084 975 1688 1264 1460 1591 1804 1047 1571 1189 1185 1371 1691 1561 1783 1524 950 1673 1312 1187 1255 1160 1714 1827 1169 1396 1356 1550 1208 1760 1283 1141 1787 1169 1056 1699 1186 1150 670 1594 1666 1492 863 1488 840 1415 1546 1578 1512 1306 1445 1597 1182 1069 1707 1265 849 1164 1296 1356 1615 1470 841 1375 1700 866 1671

Tree=0
num_leaves=15
num_cat=0
split_feature=108 108 110 110 16 23 114 81 68 127 101 81 28 39
split_gain=200.519 33.959 20.233 12.4684 8.79241 7.39852 8.40081 5.01955 4.81504 4.45377 4.25127 3.64746 3.61618 2.73685
threshold=0.47632684672723585 0.35421441107277646 0.1571489301117098 0.54537681831136353 1.3468812000000001 1.8087773000000003 2.6694688448906247 -0.0095878333333334603 0.23611111111111113 0.27563177324580446 2.0384615384615388 -1.0817951666666663 1.8875000000000002 13.750000000000002
decision_type=2 2 2 2 2 2 2 2 2 2 2 2 2 2
left_child=1 3 4 8 -2 6 -4 10 -1 -9 -3 -6 -5 -7
right_child=2 7 5 12 11 13 -8 9 -10 -11 -12 -13 -14 -15
leaf_value=-0.85962569285801116 -0.83271236936831095 -0.84812985513147876 -0.80890418106118323 -0.87705792787724945 -0.82719012469721986 -0.82847593961845234 -0.84234452015376282 -0.83129157393383113 -0.84305023441866633 -0.852721927825416 -0.82422625718992881 -0.78720861682766563 -0.84164000651011572 -0.85998847592533456
leaf_weight=134.92105311155319 13.270923256874083 21.0122951567173 160.35698935389519 115.75194174051285 9.2159189283847791 11.796376228332521 18.431837856769562 33.914581656455994 85.523727655410767 58.244607627391815 96.214193612337112 155.5647115111351 12.165012985467909 10.321829199790953
leaf_count=366 36 57 435 314 25 32 50 92 232 158 261 422 33 28
internal_value=-0.832712 -0.851769 -0.804689 -0.861329 -0.792233 -0.816121 -0.812664 -0.835565 -0.853497 -0.844368 -0.829028 -0.789096 -0.874173 -0.841563
internal_weight=936.706 557.747 378.959 348.362 178.052 200.907 178.789 209.386 220.445 92.1592 117.226 164.781 127.917 22.1182
internal_count=2541 1513 1028 945 483 545 485 568 598 250 318 447 347 60
is_linear=0
shrinkage=1


Tree=1
num_leaves=16
num_cat=0
split_feature=109 126 33 26 112 32 112 74 35 81 118 26 30 13 68
split_gain=14.6761 8.36395 7.54373 7.87289 6.60749 6.56839 5.74927 8.81758 6.28815 5.03119 5.71551 5.20241 4.33018 4.6029 0.488809
threshold=0.2575175310656645 0.2230088529250388 4.0500000000000007 4.4500000000000011 0.51612312324314247 12.535714285714286 0.51612312324314247 0.31666666666666671 1.6833333333333336 0.20007116666666672 94.050000000000026 4.4500000000000011 2.3051180000000007 3.8333333333333335 0.10555555555555557
decision_type=2 2 2 2 2 2 2 2 2 2 2 2 2 2 2
left_child=1 12 4 -4 -3 9 8 -8 -7 10 -2 -11 13 -1 -14
right_child=5 2 3 -5 -6 6 7 -9 -10 11 -12 -13 14 -15 -16
leaf_value=-1.4470030694178844 -1.4612316435397386 -1.4517515777745342 -1.4654326186919346 -1.4456635260819735 -1.4139689060901284 -1.4512598640919423 -1.4121548258985732 -1.4614178278859282 -1.4160779156689773 -1.428080357168118 -1.4274542693195258 -1.4663459863111168 -1.4671960188052242 -1.4682496045216868 -1.4909693224708138
leaf_weight=32.010222584009171 92.802746146917343 27.168340176343918 112.70826271176338 85.539922535419464 20.443503499031067 71.552262246608734 42.231974333524704 9.1457778811454755 15.332627624273298 36.852104991674423 12.911686420440672 9.1457778811454755 14.79464069008827 80.160053193569183 20.712496966123581
leaf_count=119 345 101 419 318 76 266 157 34 57 137 48 34 55 298 77
internal_value=-1.45175 -1.45803 -1.45216 -1.45666 -1.43473 -1.44323 -1.43536 -1.4219 -1.44415 -1.45079 -1.45645 -1.4369 -1.46741 -1.46176 -1.48313
internal_weight=683.512 393.537 245.86 198.248 47.6118 289.975 138.263 51.3778 86.8849 151.712 105.714 45.9979 147.677 112.17 35.5071
internal_count=2541 1463 914 737 177 1078 514 191 323 564 393 171 549 417 132
is_linear=0
shrinkage=1


Tree=2
num_leaves=14
num_cat=0
split_feature=110 108 109 121 58 127 15 95 27 74 93 81 54
split_gain=184.224 45.5941 23.0307 11.59 10.3516 9.02785 7.01459 5.81049 3.96014 3.56475 3.48813 2.78303 1.92898
threshold=0.33849643207227714 0.17188645446153145 0.2257996330320767 41.760000000000012 1.9000000000000001 0.35716774953200131 1.1000000000000003 0.45837416666666692 4.2666666666666675 0.41428571428571431 -0.20000000000000009 -0.95764249999999984 1.3666666666666669
decision_type=2 2 2 2 2 2 2 2 2 2 2 2 2
left_child=2 8 9 4 -3 7 -5 -4 -2 11 -7 -1 -10
right_child=1 3 5 6 -6 10 -8 -9 12 -11 -12 -13 -14
leaf_value=-1.110817960915754 -1.0850209211591022 -1.0907180506907226 -1.1240725683754749 -1.0848261668846499 -1.0659297920537867 -1.090420498818377 -1.1163705189193331 -1.0915970935170629 -1.0299304079191696 -1.108974635236089 -1.1107974562008032 -1.1427787359946626 -1.0633048070705238
leaf_weight=11.292906880378721 9.6321852803230268 135.51488256454468 203.93661248683929 26.571545600891113 70.41459584236145 33.546576321125031 47.496637761592865 12.289339840412138 45.171627521514893 12.953628480434416 48.160926401615143 167.40073728561401 19.596514880657196
leaf_count=34 29 408 614 80 212 101 143 37 136 39 145 504 59
internal_value=-1.10572 -1.07831 -1.12558 -1.08793 -1.08185 -1.11657 -1.10559 -1.12194 -1.04348 -1.13919 -1.10295 -1.14108 -1.03847
internal_weight=843.979 354.398 489.581 279.998 205.929 297.933 74.0682 216.226 74.4003 191.647 81.7075 178.694 64.7681
internal_count=2541 1067 1474 843 620 897 223 651 224 577 246 538 195
is_linear=0
shrinkage=1


Tree=3
num_leaves=14
num_cat=0
split_feature=108 110 109 125 114 38 109 30 5 95 108 40 11
split_gain=179.554 30.7729 18.223 11.3063 9.8734 9.59599 8.60822 5.87522 4.44743 2.21505 1.37786 2.11507 0.456104
threshold=0.47632684672723585 0.52453925391984246 0.13590917139855271 0.37125095145326431 2.6694688448906247 1.5078632000000003 0.26281566721602939 1.5616227500000002 4.8333333333333348 0.5233403499999999 0.17268812249831303 5.0500000000000007 13.833333333333334
decision_type=2 2 2 2 2 2 2 2 2 2 2 2 2
left_child=1 3 9 7 6 -5 -4 -1 -6 -2 12 -12 -3
right_child=2 10 4 5 8 -7 -8 -9 -10 -11 11 -13 -14
leaf_value=-0.02430803106466602 0.066592609218263696 -0.053013841310458734 0.027579943282179178 -0.014896628755185085 -0.028207408414235115 0.0079334970813945017 0.00057593630564470224 -0.0059745667087875293 0.011309921765723966 0.027882194390249672 -0.037163659050018408 -0.013375047208815678 -0.034553795765157123
leaf_weight=147.96385279297829 30.847081214189529 37.180509179830551 275.36575648188591 78.011081248521805 12.178895205259325 107.58697095513344 37.348868399858475 74.570666939020157 12.558999359607695 12.636289209127424 35.862749874591827 26.036532670259476 48.106162041425705
leaf_count=403 83 102 743 212 33 292 101 203 34 34 98 71 132
internal_value=0 -0.018138 0.0263836 -0.0108474 0.0220883 -0.00142297 0.0245262 -0.0184424 -0.00654254 0.057347 -0.037807 -0.0283242 -0.043702
internal_weight=936.254 555.319 380.936 408.133 337.453 185.598 312.715 222.535 24.7379 43.4834 147.186 61.8993 85.2867
internal_count=2541 1513 1028 1110 911 504 844 606 67 117 403 169 234
is_linear=0
shrinkage=0.05


Tree=4
num_leaves=15
num_cat=0
split_feature=109 114 110 126 33 32 112 19 35 81 118 82 30 16
split_gain=13.4089 7.97361 8.95987 7.36101 6.11154 6.03367 5.14047 8.55645 5.71951 4.61664 5.29563 4.68793 2.90813 2.24887
threshold=0.2575175310656645 2.6694688448906247 0.20956699851452723 0.2230088529250388 4.0500000000000007 12.535714285714286 0.51612312324314247 4.9000000000000012 1.6833333333333336 0.20007116666666672 94.050000000000026 0.48901400000000023 2.3051180000000007 1.4815601000000003
decision_type=2 2 2 2 2 2 2 2 2 2 2 2 2 2
left_child=1 3 -3 12 -5 9 8 -8 -7 10 -2 -11 -1 -4
right_child=5 2 13 4 -6 6 7 -9 -10 11 -12 -13 -14 -15
leaf_value=-0.011948245691629783 -0.0092475857175257827 0.054058200367194255 -0.021633816528488135 0.015103059493492719 -0.0061656310334384191 0.0003917287498831754 0.046626820298619726 0.0036819091275191898 0.033700459043600133 0.021255479699950841 0.023040406000917665 -0.018804619752780853 -0.030546243710899902 0.01251746618729368
leaf_weight=108.58183002471924 92.391759991645813 10.208250403404238 7.8213127255439785 39.683177888393402 182.50861728191376 71.666119337081909 28.210063695907593 24.099421679973602 15.663791388273237 39.681649744510651 13.114007383584974 6.7820350229740134 34.222743302583694 8.6745173931121808
leaf_count=407 345 38 29 146 681 266 103 88 57 146 48 25 130 32
internal_value=0 -0.00602515 0.0193531 -0.00806631 -0.0020924 0.00811439 0.0156032 0.0282199 0.00724605 0.00084928 -0.00458619 0.0140817 -0.0169343 -0.00112817
internal_weight=683.309 391.7 26.7041 364.996 222.192 291.609 139.639 52.3095 87.3299 151.969 105.506 46.4637 142.805 16.4958
internal_count=2541 1463 99 1364 827 1078 514 191 323 564 393 171 537 61
is_linear=0
shrinkage=0.05


Tree=5
num_leaves=15
num_cat=0
split_feature=110 108 108 121 24 127 29 96 4 125 88 27 93 35
split_gain=165.641 39.651 20.5771 10.5526 7.53386 7.31274 7.14652 6.04924 4.74051 4.32754 5.28743 3.35658 2.69533 2.00088
threshold=0.33849643207227714 0.17188645446153145 0.5198317777782745 41.760000000000012 1.4855298000000003 0.35716774953200131 2.0500000000000003 0.13425330000000016 11.583333333333334 0.37125095145326431 -0.90792319999999982 4.2666666666666675 0.92777777777777792 1.0500000000000003
decision_type=2 2 2 2 2 2 2 2 2 2 2 2 2 2
left_child=2 11 5 6 -5 8 -3 -7 -1 13 -11 -2 -13 -4
right_child=1 3 9 4 -6 7 -8 -9 -10 10 -12 12 -14 -15
leaf_value=0 0.019061231548048788 0.017643183190128125 0.0057908495874382402 0.014420855728175822 -0.017212410934802688 0.016397787755813749 0.044091621704347182 -0.016046859328465796 -0.019242886720574989 0 -0.031664474923514492 0.069912918243667757 0.034549849963606882 -0.019789619818121024
leaf_weight=42.867869645357132 9.7764381170272809 173.93820434808731 12.545323878526689 41.675891727209091 32.617402762174606 47.251671671867371 34.385836064815521 18.254680037498474 98.236004233360291 12.8264242708683 239.93557205796242 49.661810547113419 17.067963182926178 12.499200850725172
leaf_count=130 29 518 38 125 98 142 102 55 298 39 734 145 50 38
internal_value=0 0.0256996 -0.019055 0.0166896 0 -0.00673674 0.0224374 0.00649928 -0.0132358 -0.02798 -0.0299978 0.0576931 0.0622497 -0.00532569
internal_weight=843.54 359.124 484.417 282.617 74.2933 206.61 208.324 65.5064 141.104 277.807 252.762 76.5062 66.7298 25.0445
internal_count=2541 1067 1474 843 223 625 620 197 428 849 773 224 195 76
is_linear=0
shrinkage=0.05


Tree=6
num_leaves=13
num_cat=0
split_feature=110 110 110 2 116 16 39 86 89 125 111 27
split_gain=156.119 28.3778 21.0418 11.4974 10.0936 7.80262 7.79622 7.40859 6.77433 5.47764 1.30516 1.15598
threshold=0.29300844319360103 0.1571489301117098 0.52453925391984246 2.5467716666666673 0.42313529547757806 1.3468812000000001 10.225000000000001 0.43333333333333351 -0.37053229999999998 0.37125095145326431 1.0476601339414111 7.7000000000000002
decision_type=2 2 2 2 2 2 2 2 2 2 2 2
left_child=1 5 3 9 7 -1 -6 -3 -7 -2 -4 -12
right_child=2 4 10 -5 6 8 -8 -9 -10 -11 11 -13
leaf_value=0 -0.020722992288470226 0.020133492433649983 -0.0091778343149899518 0.028912513593337436 -0.026928238111858689 0.014707390105124039 0.0074182023981337972 -0.0014133592631113804 0.044052340210257529 -0.0064632942340657256 -0.040282019432835679 -0.018679240027735973
leaf_weight=13.360582917928694 182.99216529726982 175.23436209559441 9.7662523090839368 13.968893378973005 26.95462903380394 30.966488569974899 36.261810302734375 45.943515181541443 135.82027941942215 127.90325924754143 116.70135459303856 19.169238150119781
leaf_count=36 501 473 27 38 73 83 98 124 364 348 323 53
internal_value=0 0.0205003 -0.0203181 -0.0129294 0.0103559 0.0360934 -0.00663932 0.0154465 0.0390221 -0.0150564 -0.0362583 -0.0377583
internal_weight=935.043 464.542 470.501 324.864 284.394 180.147 63.2164 221.178 166.787 310.895 145.637 135.871
internal_count=2541 1251 1290 887 768 483 171 597 447 849 403 376
is_linear=0
shrinkage=0.05


Tree=7
num_leaves=15
num_cat=0
split_feature=109 114 26 26 127 93 111 90 52 23 11 2 79 79
split_gain=12.1807 7.22213 8.49536 6.62734 6.20125 5.73058 8.15398 5.04232 5.88397 5.60104 3.41878 3.38288 2.10826 0.28529
threshold=0.2575175310656645 2.6694688448906247 3.5500000000000003 4.2250000000000005 0.56525066277203107 0.63333333333333341 1.0527495577898807 -0.37499999999999989 0.83333333333333337 0.83238330000000005 11.833333333333334 2.1599438333333336 1.0000000180025095e-35 0.83333333333333337
decision_type=2 2 2 2 2 2 2 2 2 2 2 2 2 2
left_child=1 3 -3 11 -5 7 13 8 -2 -9 -8 -1 -4 -7
right_child=5 2 12 4 -6 6 10 9 -10 -11 -12 -13 -14 -15
leaf_value=-0.0088639626438535169 0.013043383295300533 0.053411306612817872 -0.018980248350175435 0.0050316800558164922 -0.017775305807958466 0.071278044081202807 -0.017339526068563201 -0.0096655060694682982 -0.011037832063638918 0.015404562580864712 0.021608759862826538 -0.024249237244142387 0.013425085327758208 0.02504545699089791
leaf_weight=138.26455441117287 35.872425943613052 9.7028224766254443 8.8999752998352069 126.71906217932701 37.832472860813141 7.1841245293617231 8.1978945732116717 23.817961424589157 75.366242200136185 123.98714932799339 11.856662601232527 59.769179299473763 8.488873213529585 6.8793712258338928
leaf_count=521 132 35 33 473 142 26 30 88 278 456 43 228 31 25
internal_value=0 -0.00574521 0.0181953 -0.00771665 0 0.00772547 0.0270237 0.00489732 -0.00277958 0.0109908 0.00324535 -0.0138572 -0.000571817 0.055146
internal_weight=682.839 389.677 27.0917 362.585 164.552 293.162 34.1181 259.044 111.239 147.805 20.0546 198.034 17.3888 14.0635
internal_count=2541 1463 99 1364 615 1078 124 954 410 544 73 749 64 51
is_linear=0
shrinkage=0.05


Tree=8
num_leaves=14
num_cat=0
split_feature=110 108 109 127 29 127 81 66 70 81 27 29 127
split_gain=149.371 34.505 20.1713 9.13212 7.60464 7.55788 5.67957 5.5902 3.04853 2.99865 2.95351 2.2901 1.95614
threshold=0.33849643207227714 0.17188645446153145 0.2257996330320767 0.59669206445640766 2.0500000000000003 0.35716774953200131 0.94681783333333336 1.3541666666666667 1.3541666666666667 -1.1006799999999999 4.2666666666666675 0.95000000000000007 0.34458381797077847
decision_type=2 2 2 2 2 2 2 2 2 2 2 2 2
left_child=2 10 9 4 -3 6 -4 -7 -5 -1 -2 -12 -11
right_child=1 3 5 8 -6 7 -8 -9 -10 12 11 -13 -14
leaf_value=0 0.017343315993950875 0.0082937237199783957 -0.016922393283049925 0.0064269385261756648 0.036727440709423173 -0.0093870256932483132 0.016683317682829723 0.016182182463768121 0.046997796115191073 -0.033989599647402655 0.020143482731584152 0.062095017847612705 -0.0023414874673753725
leaf_weight=8.5223925709724409 9.9231349527835828 218.98189687728882 201.39494031667709 9.4866068959236127 27.366696894168854 42.027325361967087 11.133756816387175 39.875271201133728 29.015793234109879 167.66429063677788 8.6800765395164472 59.704839199781418 8.710209906101225
leaf_count=26 29 650 617 28 80 126 34 120 85 524 25 170 27
internal_value=0 0.0241605 -0.0183 0.0157228 0.0117903 -0.00986701 -0.0148578 0.00250357 0.038683 -0.0313345 0.0536377 0.0578578 -0.0327306
internal_weight=842.487 363.159 479.328 284.851 246.349 294.431 212.529 81.9026 38.5024 184.897 78.3081 68.3849 176.375
internal_count=2541 1067 1474 843 730 897 651 246 113 577 224 195 551
is_linear=0
shrinkage=0.05


Tree=9
num_leaves=12
num_cat=0
split_feature=108 110 109 2 125 114 109 17 95 111 42
split_gain=145.639 25.8964 15.6232 9.48181 9.30553 8.26247 7.16017 3.13536 2.14479 1.23876 1.16308
threshold=0.47632684672723585 0.52453925391984246 0.13590917139855271 2.5848150000000008 0.38390435540484402 2.6694688448906247 0.26281566721602939 1.3276453000000001 0.5233403499999999 1.0476601339414111 2.1666666666666674
decision_type=2 2 2 2 2 2 2 2 2 2 2
left_child=1 3 8 4 -1 6 -4 -7 -2 -3 -11
right_child=2 9 5 -5 -6 7 -8 -9 -10 10 -12
leaf_value=-0.018282950872347267 0.060933262973104058 -0.0083674704169484845 0.024572739667020709 0.025658998986716183 -0.0023080854239669441 0.0093711007623498901 0 -0.023439830508811006 0.024081201382238144 -0.038111305246872493 -0.012225526296172039
leaf_weight=221.30874133110046 31.114961534738541 9.7098478078842145 277.27805641293526 16.221005648374557 168.46540099382401 11.456199735403063 37.427747189998627 13.26358789205551 12.732303500175474 122.40444597601891 11.855020612478254
leaf_count=608 83 27 743 44 458 31 101 36 34 343 33
internal_value=-9.76971e-06 -0.0165412 0.0235626 -0.00986185 -0.0115299 0.0195841 0.0218068 -0.00651669 0.0521227 -0.0348341 -0.0363026
internal_weight=933.237 549.964 383.273 405.995 389.774 339.426 314.706 24.7198 43.8473 143.969 134.259
internal_count=2541 1513 1028 1110 1066 911 844 67 117 403 376
is_linear=0
shrinkage=0.05


Tree=10
num_leaves=16
num_cat=0
split_feature=109 126 64 103 32 3 36 77 30 39 32 38 32 117 68
split_gain=11.1109 6.89711 6.47813 7.66074 5.4696 4.85978 9.96312 6.73031 4.00378 4.45752 3.95453 9.78648 4.68909 2.94081 0.61972
threshold=0.2575175310656645 0.2230088529250388 2.3666666666666671 3.5000000000000004 12.535714285714286 1.1877351666666667 1.3875000000000002 0.41428571428571431 2.3051180000000007 13.850000000000003 10.316666666666668 1.8748432000000002 11.225000000000001 70.700000000000003 0.10555555555555557
decision_type=2 2 2 2 2 2 2 2 2 2 2 2 2 2 2
left_child=1 8 3 -3 10 7 -7 -6 9 -1 11 -2 -12 -4 -10
right_child=4 2 13 -5 5 6 -8 -9 14 -11 12 -13 -14 -15 -16
leaf_value=-0.0025690194755174588 0.035466837677630494 0.018479076967962214 0.053353995668670939 -0.0066342622474500033 -0.0043995796575900066 -5.8363881061522375e-05 0.034687758334864816 0.038806527578844591 -0.013376549570360718 -0.027417897669712612 -0.017733840514926474 -0.015787461293746155 0.0029088699765790881 0.0039227514627382899 -0.037905882806813659
leaf_weight=85.158468157052994 22.27819949388504 34.37817120552063 6.6819472610950497 194.34048634767532 49.319636076688766 28.413730204105377 54.203211486339569 9.7625887095928174 14.105279698967932 24.262566447257996 39.131701558828354 13.180052340030668 78.285124808549881 9.3970902264118177 19.44261309504509
leaf_count=324 82 128 25 726 179 103 197 35 55 93 144 49 289 35 77
internal_value=0 -0.00548524 -0.000168986 -0.00257787 0.00737585 0.014432 0.0222821 0.00243455 -0.0141763 -0.00873012 0.000459321 0.0151334 -0.00364018 0.0293136 -0.0297255
internal_weight=682.341 387.767 244.798 228.719 294.574 141.699 82.6169 59.0822 142.969 109.421 152.875 35.4583 117.417 16.079 33.5479
internal_count=2541 1463 914 854 1078 514 300 214 549 417 564 131 433 60 132
is_linear=0
shrinkage=0.05


Tree=11
num_leaves=14
num_cat=0
split_feature=110 108 109 29 126 123 12 124 103 81 27 29 89
split_gain=134.476 30.5433 18.8088 7.84817 5.83922 4.33678 5.68509 3.55312 3.4161 2.90729 2.64608 1.93385 1.55574
threshold=0.33849643207227714 0.17188645446153145 0.2257996330320767 2.0500000000000003 0.23839768722727042 0.61089144732259493 2.8333333333333335 0.64811119248417726 7.5000000000000009 -1.1006799999999999 4.2666666666666675 0.95000000000000007 -0.40376386999999986
decision_type=2 2 2 2 2 2 2 2 2 2 2 2 2
left_child=2 10 9 4 -3 6 -4 -7 -5 -1 -2 -12 -11
right_child=1 3 5 8 -6 7 -8 -9 -10 12 11 -13 -14
leaf_value=0 0.015820289367243553 0.025145035533579659 0.0072696452829129846 0.047917077730455587 0.0065523483073739591 -0.02763579069066037 -0.010482646054317944 0 0.0086218291870499564 -0.01644188384100324 0.018752032521304595 0.058040656189619101 -0.034332102194457509
leaf_weight=8.462237745523451 10.048576027154921 59.103266060352325 56.584224969148636 24.380152732133865 191.38604491949081 48.412478744983673 173.76424285769463 14.022038340568541 12.145734220743178 29.337131232023239 8.7720717489719373 60.919736057519913 143.55290201306343
leaf_count=26 29 173 173 70 565 149 532 43 35 93 25 170 458
internal_value=0 0.0227142 -0.0175566 0.0147609 0.0112207 -0.00941616 -0.00589317 -0.021328 0.0367608 -0.030301 0.0501843 0.0541379 -0.0316959
internal_weight=840.891 366.756 474.135 287.015 250.489 292.783 230.348 62.4345 36.5259 181.352 79.7404 69.6918 172.89
internal_count=2541 1067 1474 843 738 897 705 192 105 577 224 195 551
is_linear=0
shrinkage=0.05


Tree=12
num_leaves=16
num_cat=0
split_feature=108 108 108 108 90 88 31 89 37 16 86 51 87 81 98
split_gain=131.353 24.0585 12.5485 8.80942 8.60946 8.04062 5.91448 5.75185 5.60095 5.36897 4.44243 4.41066 5.31313 4.46774 1.13146
threshold=0.47632684672723585 0.35421441107277646 0.62161331946264109 0.17268812249831303 0.20000000000000015 0.29175460000000003 1.4041450571428575 -0.37053229999999998 1.3286017500000002 1.9745104 0.19999999999999987 0.83333333333333337 -0.81789509999999987 -0.0095878333333334603 -0.96111111111111092
decision_type=2 2 2 2 2 2 2 2 2 2 2 2 2 2 2
left_child=1 3 4 14 5 -2 -5 10 -6 -9 -4 12 -3 -13 -1
right_child=2 11 7 6 8 -7 -8 9 -10 -11 -12 13 -14 -15 -16
leaf_value=-0.042547249021269093 0.030871246307891665 0.0086207814467154746 0.023254542270401753 -0.0095979197075258451 0.0099136178920624304 -0.0014879798775242147 -0.025925582414364514 0.021840016606835121 -0.015882543153810151 0.043988262943660678 -0.012310206144058701 0.0097060039869631895 -0.02470374502802208 -0.0069839949001529915 -0.017062076899734858
leaf_weight=67.337997287511826 76.303145736455917 13.976425379514692 23.591762453317642 113.67052546143532 68.133780419826508 21.594655871391296 143.08630234003067 59.874795436859131 28.666612833738327 94.803359836339951 10.851111084222792 85.064654320478439 37.812130302190781 71.751731693744659 14.355353474617003
leaf_count=193 205 38 63 314 183 58 397 160 77 253 29 231 103 196 41
internal_value=-2.30063e-05 -0.015798 0.0223136 -0.0240262 0.0128617 0.0232849 -0.0189563 0.0316625 0.00167877 0.0359314 0.0106081 -0.00215859 -0.0147702 0.00175676 -0.0389341
internal_weight=930.874 547.055 383.819 338.45 194.698 97.8978 256.757 189.121 96.8004 154.678 34.4429 208.605 51.7886 156.816 81.6934
internal_count=2541 1513 1028 945 523 263 711 505 260 413 92 568 141 427 234
is_linear=0
shrinkage=0.05


Tree=13
num_leaves=12
num_cat=0
split_feature=110 127 121 63 9 16 89 10 93 56 4
split_gain=10.3714 8.14207 6.44704 6.93764 5.69819 3.77707 2.59579 2.59187 1.77264 0.530972 0.167268
threshold=0.11173874824526149 0.69394085058983268 24.57 1.1000000000000003 0.84371016666666676 1.5857315000000001 -0.071414899999999823 1.2142478333333337 -0.2392857142857143 0.36666666666666675 14.41666666666667
decision_type=2 2 2 2 2 2 2 2 2 2 2
left_child=4 2 5 -4 6 -2 -1 -6 -3 -10 -9
right_child=1 8 3 -5 7 -7 -8 10 9 -11 -12
leaf_value=-0.012353726841098228 -0.00029558872013314382 0 0.014120758600829187 0.0014562871257057218 0 -0.02689132523141971 0.021149512665624287 -0.011156542274239773 -0.034722104638151084 -0.0046911481877374376 -0.036484031416221099
leaf_weight=10.280750140547754 39.122471511363983 10.051339030265806 161.50936497747898 356.59620310366154 8.7360200732946378 23.032844826579094 9.8251700103282911 8.2559126615524274 16.561821773648266 6.6061371862888327 31.2889004945755
leaf_count=40 144 38 597 1318 34 87 38 32 64 25 124
internal_value=1.78578e-05 0.00215986 0.00362554 0.00552011 -0.0182311 -0.0112126 0.00187567 -0.027487 -0.0213386 -0.0287763 -0.0328351
internal_weight=681.867 613.48 580.261 518.106 68.3868 62.1553 20.1059 48.2808 33.2193 23.168 39.5448
internal_count=2541 2273 2146 1915 268 231 78 190 127 89 156
is_linear=0
shrinkage=0.05


Tree=14
num_leaves=14
num_cat=0
split_feature=110 108 108 121 111 127 24 81 74 66 11 27 93
split_gain=121.451 27.0922 16.7957 8.71529 8.59593 7.6939 6.86431 6.02829 5.28692 5.09099 4.01556 2.36583 2.14026
threshold=0.33849643207227714 0.17188645446153145 0.62437468098439397 41.760000000000012 1.062547519026648 0.35716774953200131 1.4855298000000003 0.81877316666666677 0.41428571428571431 1.3541666666666667 15.41666666666667 4.2666666666666675 0.92777777777777792
decision_type=2 2 2 2 2 2 2 2 2 2 2 2 2
left_child=2 11 5 4 -3 7 -5 -1 10 -7 -4 -2 -13
right_child=1 3 8 6 -6 9 -8 -9 -10 -11 -12 12 -14
leaf_value=-0.017177217737071163 0.014492182122453581 0.016081843105366866 -0.035282443137555165 0.0123973693328086 0.060415393915394126 -0.0089137348456529829 -0.017623530719505755 0.010047423546191446 0 0.015298083851079608 0 0.057303996012103765 0.026981057918037343
leaf_weight=214.13549783825874 10.153476566076277 201.85526049137115 133.28991383314133 42.406947016716003 11.840079605579374 41.787312716245651 32.774610221385956 19.405190080404282 10.921070635318754 41.187167316675186 8.4030420482158643 52.826068729162216 17.920391827821732
leaf_count=668 29 586 434 125 34 126 98 60 35 124 27 145 50
internal_value=0 0.0214078 -0.016864 0.0139057 0.0190411 -0.010004 -9.31449e-05 -0.0146687 -0.0306082 0.00254825 -0.0331842 0.0470889 0.0508031
internal_weight=838.906 369.777 469.129 288.877 213.695 316.515 75.1816 233.541 152.614 82.9745 141.693 80.8999 70.7465
internal_count=2541 1067 1474 843 620 978 223 728 496 250 461 224 195
is_linear=0
shrinkage=0.05


Tree=15
num_leaves=13
num_cat=0
split_feature=108 110 109 2 114 88 29 17 95 28 126 89
split_gain=118.729 22.1797 13.5025 8.72234 7.48223 6.94538 6.91885 2.9781 2.09873 1.75065 2.51006 1.34767
threshold=0.47632684672723585 0.52453925391984246 0.13590917139855271 2.5848150000000008 2.6694688448906247 0.47168590000000016 1.7071428571428573 1.3276453000000001 0.5233403499999999 1.6833333333333336 0.2485015971640194 -0.48998109999999978
decision_type=2 2 2 2 2 2 2 2 2 2 2 2
left_child=1 3 8 6 5 -4 -1 -6 -2 11 -11 -3
right_child=2 9 4 -5 7 -7 -8 -9 -10 10 -12 -13
leaf_value=-0.0069838463140966898 0.056277372527586703 -0.015797597281236708 0.022739575478716259 0.02508718719344934 0.0079776890464134612 0.00097700804278841422 -0.024260604064502495 -0.023722653702370953 0.020807136119992312 0 -0.028078131887262714 -0.038309948691662328
leaf_weight=311.36420345306396 31.004365742206573 18.071779489517212 267.30978351831436 16.250499397516251 11.508102536201479 48.198870241641998 76.087587863206863 13.271452784538267 12.740744441747664 10.264613807201387 14.504029482603071 97.484805285930634
leaf_count=855 83 52 715 44 31 129 211 36 34 29 41 281
internal_value=-3.992e-05 -0.0151087 0.0211607 -0.0089422 0.0174648 0.0195866 -0.0105591 -0.00732251 0.04776 -0.0323066 -0.0151928 -0.035384
internal_weight=928.061 544.028 384.033 403.702 340.288 315.509 387.452 24.7796 43.7451 140.325 24.7686 115.557
internal_count=2541 1513 1028 1110 911 844 1066 67 117 403 70 333
is_linear=0
shrinkage=0.05


Tree=16
num_leaves=13
num_cat=0
split_feature=110 121 87 9 109 112 9 111 64 89 68 37
split_gain=9.56037 7.76216 7.08941 10.0336 5.64502 7.01535 5.48755 4.55622 4.41129 2.46747 2.24752 1.6785
threshold=0.11173874824526149 41.760000000000012 0.14453620000000003 1.0154803333333335 0.26295687549376617 0.53557273883644652 0.84371016666666676 1.0527495577898807 1.1000000000000003 -0.071414899999999823 0.29285714285714287 1.1438341000000003
decision_type=2 2 2 2 2 2 2 2 2 2 2 2
left_child=6 4 3 -3 5 -2 9 -6 -4 -1 -8 -12
right_child=1 2 8 -5 7 -7 10 -9 -10 -11 11 -13
leaf_value=-0.011883794562764602 -0.013043879652435267 -0.0011339237421066643 0.011193372942774088 0.029891717429055782 0.011578840693021434 0.0075811435187011335 -0.033879044234677691 -0.0031779072371106 -0.0096157588926841491 0.020738207542379289 -0.023073198606379942 0.0079080823553813358
leaf_weight=10.16756819188595 156.09722964465618 36.293562561273575 48.023914903402328 70.043321713805199 100.50175762176514 51.853265345096588 34.056358054280281 99.469371169805527 51.842166841030121 9.8795841187238675 6.4423300027847272 6.7961595207452774
leaf_count=40 591 133 177 256 365 195 137 363 193 38 26 27
internal_value=3.60953e-05 0.00208001 0.00999959 0.0189247 -0.0018157 -0.00764999 -0.0176294 0.00401048 0 0.00203876 -0.0268712 -0.00421854
internal_weight=681.467 614.125 206.203 106.337 407.922 207.95 67.342 199.971 99.8661 20.0472 47.2948 13.2385
internal_count=2541 2273 759 389 1514 786 268 728 370 78 190 53
is_linear=0
shrinkage=0.05


Tree=17
num_leaves=14
num_cat=0
split_feature=110 108 109 121 58 127 15 95 26 74 95 27 127
split_gain=109.124 24.1071 16.4597 7.96263 7.95068 6.4445 6.423 4.8969 4.31879 3.71956 2.77794 2.1463 2.09771
threshold=0.33849643207227714 0.17188645446153145 0.2257996330320767 41.760000000000012 1.9000000000000001 0.28505808099609492 1.1000000000000003 0.45837416666666692 2.7083333333333335 0.41428571428571431 -0.42754123333333338 4.2666666666666675 0.52432657343147049
decision_type=2 2 2 2 2 2 2 2 2 2 2 2 2
left_child=2 11 9 4 -3 7 -5 -4 -7 10 -1 -2 -13
right_child=1 3 5 6 -6 8 -8 -9 -10 -11 -12 12 -14
leaf_value=-0.0096859574440719565 0.01317791474538272 0.010293596222327738 -0.018164438856922618 0.018036495681629568 0.031410211169322917 0.019463280942321023 -0.011844025910940715 0.013166369845899532 -0.004471730102228985 0 -0.033152138936709624 0.02794234341556542 0.055365532108932018
leaf_weight=21.930196046829224 10.252604842185972 140.88455858826637 142.90637943148613 27.206189274787903 74.487321615219116 21.440595686435699 48.104673534631729 11.060628592967985 114.10964998602867 12.084351032972334 140.3354372382164 23.022128939628601 48.562128633260727
leaf_count=72 29 408 449 80 212 65 143 34 349 39 466 63 132
internal_value=0 0.0201389 -0.0161548 0.0130577 0.0179394 -0.00854736 -0.000299515 -0.0155206 -0.000204845 -0.0283813 -0.0303657 0.0442261 0.0477413
internal_weight=836.387 372.52 463.867 290.683 215.372 289.517 75.3109 153.967 135.55 174.35 162.266 81.8369 71.5843
internal_count=2541 1067 1474 843 620 897 223 483 414 577 538 224 195
is_linear=0
shrinkage=0.05


Tree=18
num_leaves=13
num_cat=0
split_feature=108 108 109 125 38 114 88 5 99 35 95 89
split_gain=107.011 20.5752 12.4684 7.77492 8.2743 6.87978 6.51227 3.96204 3.962 2.093 1.99675 1.61699
threshold=0.47632684672723585 0.21949506982748243 0.13590917139855271 0.38132784580607032 1.5396892000000002 2.6694688448906247 0.47168590000000016 4.8333333333333348 0.45804195804195807 2.4722222222222228 0.5233403499999999 -0.49910249999999984
decision_type=2 2 2 2 2 2 2 2 2 2 2 2
left_child=1 9 10 8 -5 6 -4 -7 -3 11 -2 -1
right_child=2 3 5 4 -6 7 -8 -9 -10 -11 -12 -13
leaf_value=-0.015164625800998597 0.054002401177308791 -0.011177971323929378 0.021580180635947709 -0.012553407135373285 0.0090231719136759422 -0.02768584245938005 0.00050858485315837378 0.0093332872079072791 -0.029472013292421047 -0.0099437190973248116 0.019447293926995162 -0.037899787355729436
leaf_weight=19.310857772827148 30.801880657672882 193.71795529127121 267.50863805413246 80.26654115319252 96.355638295412064 12.132842421531679 48.200605154037476 12.629146486520765 41.049233704805374 16.849033117294312 12.723469257354735 93.370247542858124
leaf_count=56 83 539 715 220 262 33 129 34 114 49 34 273
internal_value=-5.647e-05 -0.0144295 0.0200453 -0.0087479 -0.000516351 0.0164966 0.0185327 -0.00723504 -0.0147002 -0.0318862 0.0456877 -0.034611
internal_weight=924.916 540.92 383.997 411.389 176.622 340.471 315.709 24.762 234.767 129.53 43.5253 112.681
internal_count=2541 1513 1028 1135 482 911 844 67 653 378 117 329
is_linear=0
shrinkage=0.05


Tree=19
num_leaves=14
num_cat=0
split_feature=30 125 37 121 65 63 128 63 128 39 89 23 81
split_gain=8.88662 9.02968 8.88989 9.36936 6.42116 5.62299 4.75573 4.50174 3.95735 3.45789 3.73267 3.11813 3.09743
threshold=2.0721295000000004 0.30710675356611677 1.2635678000000001 49.600000000000009 0.36666666666666675 0.90000000000000013 0.78475373565057083 1.9000000000000001 0.77084762390936012 8.3666666666666689 -0.41926109999999994 2.557884 -0.0095878333333334603
decision_type=2 2 2 2 2 2 2 2 2 2 2 2 2
left_child=1 5 7 -4 9 6 -1 -3 -6 -2 -11 -7 -10
right_child=4 2 3 -5 8 11 -8 -9 12 10 -12 -13 -14
leaf_value=0.035080580254324319 0.0084276532979243104 -0.0018661520555687144 0.0099387897923737013 0.041580252111589291 0.032496270390921927 -0.010628728849593394 -0.0019917536904424456 0.025396297927234357 -0.016680509872169368 0 -0.028821621713748607 0.01668080915367785 0.010619741223262608
leaf_weight=13.464568659663202 6.7271141558885565 173.50865598022938 128.69120670855045 30.418101504445076 8.1537379473447782 165.91245999932289 15.648551195859907 15.522891014814375 21.436985701322556 15.701557323336599 60.138198837637901 8.911603704094885 16.595525413751602
leaf_count=49 27 643 469 110 31 619 58 57 82 61 237 34 64
internal_value=6.63748e-05 0.00290165 0.00784585 0.0165221 -0.0116343 -0.00529171 0.0140891 0.000231333 0.0023325 -0.0199797 -0.0232271 -0.0088653 -0.00352015
internal_weight=680.831 552.078 348.141 159.109 128.753 203.937 29.1131 189.032 46.1862 82.5669 75.8398 174.824 38.0325
internal_count=2541 2039 1279 579 502 760 107 700 177 325 298 653 146
is_linear=0
shrinkage=0.05


Tree=20
num_leaves=14
num_cat=0
split_feature=110 108 109 127 127 29 95 108 74 81 38 27 93
split_gain=98.8095 21.654 15.4281 7.00598 6.02267 5.82807 4.5819 3.98239 3.61515 2.70931 2.65764 2.00166 2.07854
threshold=0.33849643207227714 0.17188645446153145 0.2257996330320767 0.59669206445640766 0.28505808099609492 2.0500000000000003 0.45837416666666692 0.39581126976591324 0.41428571428571431 -0.95764249999999984 1.4528389000000002 4.2666666666666675 0.92777777777777792
decision_type=2 2 2 2 2 2 2 2 2 2 2 2 2
left_child=2 11 8 5 6 -3 -4 -6 9 -1 -5 -2 -13
right_child=1 3 4 10 7 -7 -8 -9 -10 -11 -12 12 -14
leaf_value=0 0.011939443335379146 0.0058111273098855123 -0.017539500287276688 0.011849630306183747 -0.024217189619728192 0.030207219922744683 0.012642992835051926 0.0025795189273891458 0 -0.031254749282559939 0.044002489056574064 0.051287434487691165 0.022751400216725105
leaf_weight=10.562657594680784 10.341562807559965 223.48455965518951 141.54280734062195 17.310121178627014 14.596776545047758 28.510477155447006 11.119471549987791 120.77090358734131 11.998170405626295 148.47820451855659 22.834108054637909 53.873104780912399 18.300317049026489
leaf_count=34 29 650 449 49 44 80 34 370 39 504 64 145 50
internal_value=0 0.0190348 -0.0155269 0.0123206 -0.00816698 0.0088774 -0.0149477 -9.97285e-05 -0.0275109 -0.0294969 0.0319784 0.0417748 0.0451449
internal_weight=833.723 374.654 459.069 292.139 288.03 251.995 152.662 135.368 171.039 159.041 40.1442 82.515 72.1734
internal_count=2541 1067 1474 843 897 730 483 414 577 538 113 224 195
is_linear=0
shrinkage=0.05


Tree=21
num_leaves=14
num_cat=0
split_feature=108 108 109 110 114 88 31 51 87 81 5 28 95
split_gain=96.8556 19.0698 11.6536 7.21925 6.38568 6.09244 5.6824 4.07606 4.95426 4.05345 3.72825 3.28448 1.90979
threshold=0.47632684672723585 0.35421441107277646 0.13590917139855271 0.54537681831136353 2.6694688448906247 0.40336940000000016 1.6511259000000003 0.83333333333333337 -0.81789509999999987 -0.0095878333333334603 4.8333333333333348 1.8875000000000002 0.5233403499999999
decision_type=2 2 2 2 2 2 2 2 2 2 2 2 2
left_child=1 3 12 6 5 -4 -1 8 -3 -9 -6 -5 -2
right_child=2 7 4 11 10 -7 -8 9 -10 -11 -12 -13 -14
leaf_value=-0.0094730581600971538 0.052066044579678838 0.0086366887105201288 0.020965029311216077 -0.034518723025376598 -0.027122237108285676 0.002301676781646278 -0.028512636159985224 0.0096347055635639927 -0.023548411661794909 -0.0062453157048688174 0.0087098428275282375 -0.0013826968845373436 0.018281956238594792
leaf_weight=152.48465493321419 30.529303312301636 13.964603900909422 255.19762778282166 105.21568241715431 12.09595760703087 60.52940759062767 60.63460636138916 85.030105441808701 37.546154260635376 71.426007688045502 12.648619472980497 11.557597965002058 12.697091639041899
leaf_count=426 83 38 682 314 33 162 172 231 103 196 34 33 34
internal_value=-8.511e-05 -0.01382 0.019024 -0.0212913 0.0155987 0.0175634 -0.0152314 -0.00168402 -0.0138725 0.00207392 -0.00723703 -0.0317032 0.0439108
internal_weight=921.557 537.859 383.698 329.893 340.472 315.727 213.119 207.967 51.5108 156.456 24.7446 116.773 43.2264
internal_count=2541 1513 1028 945 911 844 598 568 141 427 67 347 117
is_linear=0
shrinkage=0.05


Tree=22
num_leaves=12
num_cat=0
split_feature=110 127 112 9 81 114 10 54 89 90 4
split_gain=8.37011 7.13057 5.65643 5.25868 5.24374 5.14086 2.57568 2.39554 2.37875 0.511084 0.187674
threshold=0.11173874824526149 0.69394085058983268 0.51550480769230778 0.84371016666666676 0.05008333333333332 2.6271515339895104 1.2142478333333337 0.50000000000000011 -0.071414899999999823 -1.0000000180025095e-35 14.41666666666667
decision_type=2 2 2 2 2 2 2 2 2 2 2
left_child=3 2 4 8 -2 -4 -5 -3 -1 -9 -8
right_child=1 7 5 6 -6 -7 10 9 -10 -11 -12
leaf_value=-0.01113071007429803 -0.0056389058472544502 0 0.0060498910747388184 0 0.0069471940397579706 0.028333771051629531 -0.0099153394771057547 -0.03262899625469242 0.020869298388142995 -0.003573132140333269 -0.035184161174378809
leaf_weight=9.9816723465919512 210.59113200008869 7.2072570323944083 206.51236867904663 8.471625551581381 133.78368620574474 31.230655357241631 8.016120180487631 18.613378465175629 9.8555991947650892 6.4550901055336025 29.274104759097099
leaf_count=40 781 28 761 34 492 112 32 74 38 25 124
internal_value=0.000114456 0.00200918 0.00336445 -0.0166442 -0.000598695 0.00929302 -0.0259358 -0.0202981 0.00260662 -0.0274893 -0.0314589
internal_weight=679.993 614.394 582.118 65.5991 344.375 237.743 45.7619 32.2757 19.8373 25.0685 37.2902
internal_count=2541 2273 2146 268 1273 873 190 127 78 99 156
is_linear=0
shrinkage=0.05


Tree=23
num_leaves=14
num_cat=0
split_feature=110 127 109 101 42 127 88 122 27 70 96 74 81
split_gain=89.3159 17.3032 14.4624 7.38907 6.44666 5.57869 5.37501 5.19562 4.16754 5.0859 3.61715 3.51181 2.61842
threshold=0.33849643207227714 0.56004760984420698 0.2257996330320767 2.226495726495727 2.1666666666666674 0.35716774953200131 0.48984470000000013 44.585000000000015 3.7750000000000004 1.2111111111111115 -0.072787375000000085 0.41428571428571431 -0.95764249999999984
decision_type=2 2 2 2 2 2 2 2 2 2 2 2 2
left_child=2 3 11 7 -5 6 -4 -2 -3 -10 -7 12 -1
right_child=1 8 5 4 -6 10 -8 -9 9 -11 -12 -13 -14
leaf_value=0 -0.018967182848445927 0 -0.015159666142172366 0.017887677571652057 -0.0081660365209900044 0.015631280472892438 0.0093020402767775064 0.012950324981027517 0.010120092553856576 0.043764543113914062 -0.0051789410655422377 0 -0.03040546478774513
leaf_weight=10.503180235624312 30.669614881277084 10.065799921751021 182.61926418542862 194.80962806940079 23.626484781503677 33.13001674413681 22.268848359584808 18.774087429046631 18.644717752933502 79.938924819231033 48.505800396203995 11.913915961980818 145.29393744468689
leaf_count=34 89 28 582 557 68 99 69 54 52 219 147 39 504
internal_value=0 0.0179818 -0.0149111 0.0108111 0.0148174 -0.00779083 -0.0122259 -0.00584022 0.0349456 0.0380691 0.0027483 -0.0266611 -0.0286499
internal_weight=830.764 376.529 454.235 267.88 218.436 286.524 204.888 49.4437 108.649 98.5836 81.6358 167.711 155.797
internal_count=2541 1067 1474 768 625 897 651 143 299 271 246 577 538
is_linear=0
shrinkage=0.05


Tree=24
num_leaves=13
num_cat=0
split_feature=108 108 109 2 125 114 109 5 96 37 95 89
split_gain=87.7123 17.6767 10.7981 6.94271 6.50978 5.87307 5.86352 3.52123 2.12397 4.17597 1.83943 0.881565
threshold=0.47632684672723585 0.21949506982748243 0.13590917139855271 2.5848150000000008 0.38390435540484402 2.6694688448906247 0.26281566721602939 4.8333333333333348 0.16688615500000001 1.5673678500000003 0.5233403499999999 -0.76184919999999978
decision_type=2 2 2 2 2 2 2 2 2 2 2 2
left_child=1 8 10 4 -3 6 -4 -7 11 -10 -2 -1
right_child=2 3 5 -5 -6 7 -8 -9 9 -11 -12 -13
leaf_value=-0.0082315924849149149 0.050199215740046571 -0.015014989261718717 0.019187653995266118 0.021663920499122885 -0.0016216262023215225 -0.026474533686005636 -0.00056933598975186968 0.0083119137111198668 -0.041451420929903615 -0.0027378035751593499 0.017101554099065445 -0.03655988500553399
leaf_weight=8.417831748723982 30.16579207777977 224.63462451100349 277.90225008130074 16.960302263498306 167.41559654474258 12.052228182554247 37.7014180123806 12.657574832439421 10.612652420997618 26.140446335077286 12.660594284534453 80.511294275522232
leaf_count=25 83 631 743 46 458 33 101 34 32 78 34 243
internal_value=-9.7538e-05 -0.0132261 0.0180807 -0.00798008 -0.00944156 0.0147882 0.0166753 -0.00708022 -0.0297061 -0.0160428 0.042169 -0.0345557
internal_weight=917.833 534.693 383.14 409.011 392.05 340.313 315.604 24.7098 125.682 36.7531 42.8264 88.9291
internal_count=2541 1513 1028 1135 1089 911 844 67 378 110 117 268
is_linear=0
shrinkage=0.05


Tree=25
num_leaves=15
num_cat=0
split_feature=30 125 113 125 121 65 111 16 124 10 33 3 39 89
split_gain=7.81404 8.09278 8.20054 8.65728 7.47867 5.98024 4.14774 4.67743 3.50822 3.50053 7.93722 5.70204 3.39058 3.62765
threshold=2.0721295000000004 0.30710675356611677 0.48254000133895703 0.40609390412195173 39.975000000000001 0.36666666666666675 1.0529896057199926 1.6260086000000002 0.44534757127990054 1.3639700000000003 6.8500000000000005 1.1097898333333336 8.3666666666666689 -0.41926109999999994
decision_type=2 2 2 2 2 2 2 2 2 2 2 2 2 2
left_child=1 6 3 -3 -4 12 7 -1 -8 10 -7 -11 -2 -14
right_child=5 2 4 -5 -6 9 8 -9 -10 11 -12 -13 13 -15
leaf_value=-0.0032798823094499145 0.0091868021531391359 0.036538659173550495 -0.0085149640415161272 0.0077469092470427176 0.0098396574409182341 -0.0013168975198052464 0.009219900170621265 0.022583578556286173 -0.015066237667654709 -0.032177907164861907 0.056004283170201577 0.014207962391302226 0 -0.028049270680933491
leaf_weight=69.509974837303162 6.6270357072353354 40.841467201709747 99.61864373087883 88.716366976499557 120.70550808310509 15.537852197885515 14.139850124716757 21.547042205929756 97.525384813547134 12.800185382366182 7.4693749099969855 10.208584323525427 15.539308592677115 58.460790604352951
leaf_count=259 27 145 368 324 442 59 54 80 367 51 28 39 61 237
internal_value=0.000152516 0.00279575 0.0074516 0.0174165 0.0013138 -0.010921 -0.00499155 0.00247595 -0.0114926 0.0025041 0.0167676 -0.00978017 -0.0191324 -0.0224239
internal_weight=679.247 552.604 349.882 129.558 220.324 126.643 202.722 91.057 111.665 46.016 23.0072 23.0088 80.6271 74.0001
internal_count=2541 2039 1279 469 810 502 760 339 421 177 87 90 325 298
is_linear=0
shrinkage=0.05


Tree=26
num_leaves=14
num_cat=0
split_feature=110 110 109 121 15 111 125 66 95 74 95 37 93
split_gain=80.2974 15.9872 13.612 7.77466 7.15751 7.13862 5.12924 4.72489 4.52298 3.41193 2.83972 1.89402 2.70088
threshold=0.33849643207227714 0.60327619313376457 0.2257996330320767 41.760000000000012 1.1000000000000003 1.062547519026648 0.35741578134757568 1.3541666666666667 0.45837416666666692 0.41428571428571431 -0.42754123333333338 2.4397870500000001 -0.10555555555555561
decision_type=2 2 2 2 2 2 2 2 2 2 2 2 2
left_child=2 3 9 5 -5 -2 7 -4 -8 10 -1 12 -3
right_child=1 11 6 4 -6 -7 8 -9 -10 -11 -12 -13 -14
leaf_value=-0.0069645153763158545 0.013301849605387493 0.015716765597128628 -0.0081991448516446543 0.016973697001930205 -0.01418395509286135 0.052974736920477473 -0.013666551977356787 0.015418880303675759 0.015220451123595526 0 -0.030699268901826251 0.010338558921890402 0.046226237565095349
leaf_weight=20.969916313886642 208.12899321317673 16.344586461782455 41.233884006738663 27.952020734548569 48.006873369216919 12.298118203878401 192.14267972111702 39.384123921394348 12.147504985332487 11.830594658851622 131.61854618787766 11.818450480699537 53.841651767492294
leaf_count=72 589 44 125 81 142 34 617 118 37 39 466 32 145
internal_value=0 0.0169293 -0.0142939 0.0112062 -0.00199702 0.0159703 -0.00739079 0.00277385 -0.0116395 -0.0258366 -0.0278296 0.0366274 0.0401443
internal_weight=827.718 378.391 449.327 296.386 75.9589 220.427 284.908 80.618 204.29 164.419 152.588 82.0047 70.1862
internal_count=2541 1067 1474 846 223 623 897 243 654 577 538 221 189
is_linear=0
shrinkage=0.05


Tree=27
num_leaves=12
num_cat=0
split_feature=108 110 109 2 90 23 16 125 28 95 115
split_gain=79.3055 16.4402 10.1425 6.6053 5.7786 7.15089 6.44268 5.64276 3.18284 1.79903 1.46134
threshold=0.47632684672723585 0.54537681831136353 0.13590917139855271 2.5848150000000008 0.33333333333333343 1.4708074000000004 1.9497701000000001 0.38390435540484402 1.8875000000000002 0.5233403499999999 1.5112992587863667
decision_type=2 2 2 2 2 2 2 2 2 2 2
left_child=1 3 9 7 6 -6 -4 -1 10 -2 -3
right_child=2 8 4 -5 5 -7 -8 -9 -10 -11 -12
leaf_value=-0.014380047355909715 0.048594495724692523 -0.014556229493488974 0.01198559508628304 0.020987417239664838 0.012541078770317361 -0.011409412250301794 0.034435472051344583 -0.0019919002009462805 0 0.016000270149555167 -0.036119097723286253
leaf_weight=231.6753104031086 29.763000130653381 20.36950096487999 92.221784204244614 16.993205308914185 151.07470181584358 36.254516303539276 60.454100787639618 169.73886346817017 11.407101422548292 12.616313546895979 81.391337871551514
leaf_count=655 83 62 247 46 405 97 162 465 33 34 252
internal_value=-0.000126364 -0.0126631 0.0171588 -0.00788814 0.0139753 0.00760439 0.0213665 -0.00928391 -0.0296554 0.0406364 -0.0324731
internal_weight=913.96 531.575 382.384 418.407 340.005 187.329 152.676 401.414 113.168 42.3793 101.761
internal_count=2541 1513 1028 1166 911 502 409 1120 347 117 314
is_linear=0
shrinkage=0.05


Tree=28
num_leaves=12
num_cat=0
split_feature=110 127 121 63 9 16 54 89 88 16 9
split_gain=7.26848 6.49432 5.54033 6.19389 4.98912 3.48764 2.3099 2.27395 1.97807 1.40194 0.437079
threshold=0.11173874824526149 0.69394085058983268 24.57 1.1000000000000003 0.84371016666666676 1.5857315000000001 0.50000000000000011 -0.071414899999999823 0.30846159999999995 2.3060790000000004 1.2293425000000002
decision_type=2 2 2 2 2 2 2 2 2 2 2
left_child=4 2 5 -4 7 -2 -3 -1 -6 -10 -8
right_child=1 6 3 -5 8 -7 10 -9 9 -11 -12
leaf_value=-0.010421195989283382 -0.00013430713558890771 0 0.013034303288772623 0.0011268896181874475 -0.033099568158619024 -0.025962322909936688 -0.0036059004103215935 0.02082412007931015 0.0051662975209188951 -0.020440627652856865 -0.031827347423632094
leaf_weight=9.8050466626882571 38.99503818154335 7.1605068147182491 163.61460809409618 357.91915844380856 28.704257369041443 22.350688263773918 6.4556467384099987 9.8520230948925001 7.3091632276773444 8.1410925239324552 17.994329869747162
leaf_count=40 144 28 597 1318 125 87 25 38 30 35 74
internal_value=0.00020175 0.00195094 0.00323438 0.00497594 -0.0156413 -0.0106119 -0.0195551 0.00306831 -0.0249614 -0.00570946 -0.026775
internal_weight=678.302 614.49 582.879 521.534 63.8116 61.3457 31.6105 19.6571 44.1545 15.4503 24.45
internal_count=2541 2273 2146 1915 268 231 127 78 190 65 99
is_linear=0
shrinkage=0.05


Tree=29
num_leaves=14
num_cat=0
split_feature=110 108 109 121 111 24 127 26 95 74 95 27 54
split_gain=72.6843 16.9533 12.6595 5.85724 6.94798 6.07516 5.01135 4.00374 3.97941 3.31191 2.74505 2.03928 2.10694
threshold=0.33849643207227714 0.17188645446153145 0.2257996330320767 41.760000000000012 1.062547519026648 1.4638349000000004 0.28505808099609492 2.7083333333333335 0.45837416666666692 0.41428571428571431 -0.42754123333333338 4.2666666666666675 1.3666666666666669
decision_type=2 2 2 2 2 2 2 2 2 2 2 2 2
left_child=2 11 9 4 -3 -5 8 -8 -4 10 -1 -2 -13
right_child=1 3 6 5 -6 -7 7 -9 -10 -11 -12 12 -14
leaf_value=-0.0064251730167930914 0.0078415790298910163 0.011608026691970988 -0.015868684136007151 0.010930065771922319 0.050384837065402845 -0.016940537893322238 0.019217857354287136 -0.0038739099817915869 0.012146471432116585 0 -0.02987564849719291 0.046034724523676462 0.020193633135998035
leaf_weight=20.780407518148422 10.591687351465223 207.91220250725746 137.80584514141083 41.051782667636871 12.432993561029432 34.849658101797104 21.463349640369415 113.14870163798332 11.169837087392805 11.746071100234984 128.57110917568207 50.899441629648209 21.977119922637939
leaf_count=72 29 586 449 119 34 104 65 349 34 39 466 136 59
internal_value=0 0.0160179 -0.013731 0.0101067 0.0142396 -0.00127025 -0.00708165 0 -0.0133678 -0.0250117 -0.0270098 0.036038 0.0392976
internal_weight=824.4 379.715 444.685 296.247 220.345 75.9014 283.588 134.612 148.976 161.098 149.352 83.4682 72.8766
internal_count=2541 1067 1474 843 620 223 897 414 483 577 538 224 195
is_linear=0
shrinkage=0.05


Tree=30
num_leaves=14
num_cat=0
split_feature=108 108 109 31 112 63 37 40 68 96 37 95 89
split_gain=71.8613 15.2874 9.47022 6.25667 5.60024 5.49087 10.4658 6.27999 5.22652 2.16014 4.19283 1.74466 0.935438
threshold=0.47632684672723585 0.21949506982748243 0.13590917139855271 1.4041450571428575 0.57014085813478932 1.1000000000000003 1.2982757976190478 4.7750000000000012 0.29285714285714287 0.16688615500000001 1.5673678500000003 0.5233403499999999 -0.76184919999999978
decision_type=2 2 2 2 2 2 2 2 2 2 2 2 2
left_child=1 9 11 4 -3 6 -4 -7 -5 12 -11 -2 -1
right_child=2 3 5 8 -6 7 -8 -9 -10 10 -12 -13 -14
leaf_value=-0.0064152633383889428 0.047046733978831148 -0.0030523428082596033 0.01180413203723312 -0.019470088636543228 0.032228546614905915 0.023471853540776449 -0.022493751549295282 0 -0.0019777781480499967 -0.039772039243800857 -0.00081993195979165011 0.01498903139658685 -0.0346592621275221
leaf_weight=8.2288055121898633 29.288132965564728 191.65915483236313 124.54822728037834 130.4363497197628 10.86570432782173 152.48675414919853 25.358438789844513 37.290538012981415 73.679972916841507 10.234123080968855 25.576345473527908 12.568535119295118 77.720625668764114
leaf_count=25 83 531 334 368 30 409 68 100 206 32 78 34 243
internal_value=-0.000139093 -0.0121243 0.016317 -0.00726724 -0.000764759 0.0132486 0.00556031 0.0189986 -0.0134401 -0.0277468 -0.0140882 0.0391616 -0.0326351
internal_weight=909.942 528.401 381.541 406.641 202.525 339.684 149.907 189.777 204.116 121.76 35.8105 41.8567 85.9494
internal_count=2541 1513 1028 1135 561 911 402 509 574 378 110 117 268
is_linear=0
shrinkage=0.05


Tree=31
num_leaves=14
num_cat=0
split_feature=30 125 9 121 65 63 89 128 128 51 39 89 14
split_gain=6.67366 7.22237 8.00187 10.8759 5.65669 4.99585 4.64965 4.22065 3.74518 3.6859 3.30301 3.50999 2.4946
threshold=2.0721295000000004 0.30710675356611677 1.0226688333333336 39.975000000000001 0.36666666666666675 0.90000000000000013 -0.0081141000000000112 0.78475373565057083 0.77084762390936012 2.1666666666666674 8.3666666666666689 -0.41926109999999994 2.3666666666666671
decision_type=2 2 2 2 2 2 2 2 2 2 2 2 2
left_child=1 5 6 -4 10 7 -3 -1 -6 -7 -2 -12 -10
right_child=4 2 3 -5 8 9 -8 -9 12 -11 11 -13 -14
leaf_value=0.032865121421840969 0.0098466101704029058 -0.011878289582284653 -0.00020552323977102418 0.02153760693810711 0.032129446356999894 -0.012835603624770379 0.0071412292721497643 -0.001729523716348891 -0.01860764857676395 0.0025449047983815737 0 -0.027245861534002769 0.0062567474856867382
leaf_weight=13.781921684741976 6.5376693010330191 67.699316263198853 91.274174615740776 136.17154447734356 8.1717288643121702 123.06866410374641 56.577044770121574 15.559271812438963 15.254625499248503 49.203335851430893 15.378268554806708 56.716489970684052 22.19567483663559
leaf_count=49 27 250 333 489 31 464 207 58 60 189 61 237 86
internal_value=0.000230549 0.00265716 0.00703251 0.0126305 -0.0101115 -0.00472607 -0.00283261 0.0134197 0.00294607 -0.00816481 -0.0182572 -0.0215896 -0.00279142
internal_weight=677.59 553.335 351.722 227.446 124.254 201.613 124.276 29.3412 45.622 172.272 78.6324 72.0948 37.4503
internal_count=2541 2039 1279 822 502 760 457 107 177 653 325 298 146
is_linear=0
shrinkage=0.05


Tree=32
num_leaves=16
num_cat=0
split_feature=108 125 108 108 15 82 81 66 41 26 74 93 111 93 124
split_gain=64.8122 14.8004 13.5324 7.81654 6.84896 5.6555 5.20499 4.55025 6.50967 4.07094 3.9008 2.93152 2.68879 2.39201 1.7042
threshold=0.35921976994046284 0.36545831901092479 0.16414313623249874 0.62437468098439397 2.1000000000000005 1.1119316666666668 0.81877316666666677 1.3541666666666667 4.5357142857142865 2.7083333333333335 0.41428571428571431 0.92777777777777792 1.0545477398418577 -0.10555555555555561 0.54025227847988555
decision_type=2 2 2 2 2 2 2 2 2 2 2 2 2 2 2
left_child=2 7 11 6 5 -4 -3 9 -9 -2 -5 13 -6 -1 -13
right_child=1 3 4 10 12 -7 -8 8 -10 -11 -12 14 -14 -15 -16
leaf_value=0.017153696320980023 0.019560102675092689 -0.013214660536806207 0.0048452191111460242 -0.029312003227282946 0.015176596937931136 0.043914945870269811 0.011998215378081517 0.032946460675491812 0 -0.013940514412220023 0 0 0.04690437538431113 0.047822099886291047 0.026104590955733632
leaf_weight=16.027509391307831 9.7026914954185468 220.81581020355225 212.62372630834579 119.93122899532318 25.11172291636467 9.1995694637298566 19.698615968227386 24.22516256570816 33.204933762550354 40.622118890285492 10.166086614131926 9.2945477366447466 16.118585109710693 43.69364520907402 10.419210404157637
leaf_count=43 29 720 603 444 70 26 62 73 100 123 34 25 44 117 28
internal_value=0 -0.0119145 0.0165411 -0.0166737 0.0107258 0.00687974 -0.0109015 0.00399711 0.0137873 -0.0062521 -0.0267989 0.0348045 0.0295812 0.040833 0.013038
internal_weight=820.855 478.367 342.489 370.612 263.054 221.823 240.514 107.755 57.4301 50.3248 130.097 79.4349 41.2303 59.7212 19.7138
internal_count=2541 1585 956 1260 743 629 782 325 173 152 478 213 114 160 53
is_linear=0
shrinkage=0.05


Tree=33
num_leaves=16
num_cat=0
split_feature=108 108 30 40 28 84 19 96 41 51 16 13 34 96 40
split_gain=65.3237 14.3215 8.64163 6.40759 6.37301 5.51557 5.8007 5.40678 4.16988 3.67956 4.01571 3.99904 3.19715 2.97703 2.94994
threshold=0.47632684672723585 0.35421441107277646 2.0181726500000008 4.1500000000000012 1.0500000000000003 1.1666666666666672 6.4500000000000011 -0.33090459999999983 5.4500000000000011 0.83333333333333337 1.0144245000000003 3.1666666666666674 5.4222222222222234 -0.014831240000000022 3.5857142857142863
decision_type=2 2 2 2 2 2 2 2 2 2 2 2 2 2 2
left_child=1 5 3 4 -2 6 -1 14 -5 10 -3 -11 -9 -7 -4
right_child=2 9 7 8 -6 13 -8 12 -10 11 -12 -13 -14 -15 -16
leaf_value=-0.02156640202888202 -0.010765557438240158 0.0096052599346372405 0.022969977118182241 -0.016223984104476435 0.016863143606037311 0.023327135253430845 0.010546301953804578 0.0025877571943309073 0.016432348152425457 -0.012824463339282478 -0.020749414008071301 0.0066978626506731228 0.031006717322409227 -0.011525143917873385 -0.011501892458423915
leaf_weight=285.53196451067924 21.169628083705902 11.68530425429344 9.0885611176490801 35.064080804586411 152.07016655802727 10.810728967189791 12.074987083673475 15.21650844812393 11.212456196546553 31.093679398298264 39.433955103158951 124.85244929790497 122.24186605215073 10.006003737449644 14.513705492019652
leaf_count=851 57 32 25 94 408 31 34 41 30 85 109 342 334 29 39
internal_value=-0.000169716 -0.0116407 0.015527 0.00865311 0.0131576 -0.018292 -0.0200651 0.0244759 -0.00707378 -0.00113319 -0.0128002 0.00242987 0.0282633 0.00452243 0.000134014
internal_weight=906.066 525.489 380.577 219.516 173.24 318.424 297.607 161.061 46.2765 207.065 51.1193 155.946 137.458 20.8167 23.6023
internal_count=2541 1513 1028 589 465 945 885 439 124 568 141 427 375 60 64
is_linear=0
shrinkage=0.05


Tree=34
num_leaves=12
num_cat=0
split_feature=110 127 81 81 9 95 10 54 89 118 88
split_gain=6.33333 5.86168 5.05046 5.83523 4.80951 4.71073 2.51107 2.24291 2.18159 0.899073 0.688727
threshold=0.11173874824526149 0.69394085058983268 -0.033448333333333295 -0.74917983333333316 0.84371016666666676 0.17027725999999996 1.2142478333333337 0.50000000000000011 -0.071414899999999823 53.899999999999999 0.47168590000000016
decision_type=2 2 2 2 2 2 2 2 2 2 2
left_child=4 2 3 -2 8 -4 -6 -3 -1 -9 -8
right_child=1 7 5 -5 6 -7 10 9 -10 -11 -12
leaf_value=-0.00960389022963609 0.011451763051813868 0 0.013616107820805957 -0.0044945027933499405 0 0 -0.035343732521455958 0 0.020947881281941784 -0.03163461044202303 -0.0083159659480099412
leaf_weight=9.6048192232847232 72.081684604287148 7.0865052789449718 159.61841975152493 258.29998537898064 8.1849152743816358 93.659830763936043 25.192831918597221 5.7355176657438305 9.8262452185153943 18.079635038971901 9.3669752478599531
leaf_count=40 266 28 578 955 34 347 115 23 38 76 41
internal_value=0.00026894 0.00188802 0.00309749 -0.000840452 -0.0147196 0.00841396 -0.024114 -0.0187697 0.00366791 -0.0260551 -0.0298642
internal_weight=676.737 614.562 583.66 330.382 62.1758 253.278 42.7447 30.9017 19.4311 23.8152 34.5598
internal_count=2541 2273 2146 1221 268 925 190 127 78 99 156
is_linear=0
shrinkage=0.05


Tree=35
num_leaves=15
num_cat=0
split_feature=108 125 108 108 16 7 40 81 66 41 40 74 27 54
split_gain=58.7422 13.7837 12.4148 7.36629 6.78676 7.44506 6.0678 4.89816 4.23986 6.05345 4.26046 3.78068 1.99401 2.05809
threshold=0.35921976994046284 0.36545831901092479 0.17188645446153145 0.62437468098439397 1.2895643000000006 2.1666666666666674 3.4142857142857146 0.81877316666666677 1.3541666666666667 4.5357142857142865 3.1055555555555561 0.41428571428571431 4.2666666666666675 1.3666666666666669
decision_type=2 2 2 2 2 2 2 2 2 2 2 2 2 2
left_child=2 8 12 7 6 -6 -4 -3 10 -10 -2 -5 -1 -14
right_child=1 3 4 11 5 -7 -8 -9 9 -11 -12 -13 13 -15
leaf_value=0.005566095097534981 0.013649771448955975 -0.012737049019139697 0 -0.028566651264886708 -0.0027273206990368441 0.023574607137473128 0.026279452474483652 0.011670290420938107 0.031664655401478989 0 -0.016250833631567801 0 0.042341271400240757 0.017403772488334319
leaf_weight=10.695877671241758 15.386495113372801 219.13920840620995 26.025267004966736 117.21353648602962 119.53380990028381 32.964224010705948 81.248412311077118 19.760443955659866 24.456214368343353 33.18812084197998 34.783552914857864 10.110634893178938 50.752297788858414 22.026000380516052
leaf_count=29 46 720 73 444 339 93 227 62 73 100 106 34 136 59
internal_value=0 -0.0114317 0.0156928 -0.0160754 0.00995155 0.00274895 0.0196089 -0.0104696 0.00388503 0.0133105 -0.00601603 -0.0260404 0.0326384 0.03581
internal_weight=817.284 474.038 343.246 366.224 259.772 152.498 107.274 238.9 107.814 57.6443 50.17 127.324 83.4742 72.7783
internal_count=2541 1585 956 1260 732 432 300 782 325 173 152 478 224 195
is_linear=0
shrinkage=0.05


Tree=36
num_leaves=13
num_cat=0
split_feature=108 109 109 19 90 37 39 88 114 96 99 95
split_gain=59.1359 13.6881 8.56269 6.02191 5.4169 7.20664 6.89125 4.89708 5.46953 3.87134 3.79488 1.78374
threshold=0.47632684672723585 0.25370363391715128 0.13590917139855271 6.4500000000000011 0.33333333333333343 1.3710222333333335 8.4222222222222243 -0.048297699999999937 1.6879835303524511 -0.33472868333333333 0.44949494949494956 0.5233403499999999
decision_type=2 2 2 2 2 2 2 2 2 2 2 2
left_child=1 3 11 9 6 -6 -4 8 -3 -1 -9 -2
right_child=2 7 4 -5 5 -7 -8 10 -10 -11 -12 -13
leaf_value=-0.0053377468775208953 0.04471190681728051 -0.0054792395852359191 -0.0051715158826516755 0.0063673218653456298 0.011449028608731003 -0.010892170560095782 0.02337051951434287 -0.0066095677939533651 0.012469810964620227 -0.029002328948307177 -0.025877366918381196 0.012937777603072926
leaf_weight=26.629140108823776 28.379938930273056 140.82077488303185 21.55277207493782 13.320758908987044 141.18636485934258 45.420900911092758 130.53010824322701 110.32815727591515 59.555066406726837 133.32534980773926 38.447990208864212 12.44298931956291
leaf_count=81 83 397 58 37 380 122 351 310 165 415 108 34
internal_value=-0.000181097 -0.0111394 0.014762 -0.022677 0.0118625 0.00571551 0.0189916 -0.00522231 0 -0.0254309 -0.0120623 0.0367635
internal_weight=901.94 522.427 379.513 173.275 338.69 186.607 152.083 349.152 200.376 159.954 148.776 40.8229
internal_count=2541 1513 1028 533 911 502 409 980 562 496 418 117
is_linear=0
shrinkage=0.05


Tree=37
num_leaves=13
num_cat=0
split_feature=30 125 113 125 23 82 89 60 63 31 16 9
split_gain=5.73958 6.36393 7.42009 7.71673 6.9043 4.63494 4.67425 4.53333 4.48027 4.63239 2.5734 2.26821
threshold=2.0721295000000004 0.30710675356611677 0.48254000133895703 0.40609390412195173 1.0267833000000002 0.29574116666666672 0.030848600000000118 2.4500000000000006 1.1000000000000003 0.80930170000000012 1.5126002000000003 2.0108078333333337
decision_type=2 2 2 2 2 2 2 2 2 2 2 2
left_child=1 5 3 -3 -4 6 -1 8 9 -2 -7 -10
right_child=7 2 4 -5 -6 10 -8 -9 11 -11 -12 -13
leaf_value=-0.0054217061667551497 -0.027007705576607161 0.033767187121305726 -0.0114272830804295 0.0068531456790522881 0.0071726174453530123 -0.024992827901382034 0.014160523002352515 0.01986642852424958 -0.023594708940514512 0.012218038777433778 0 0
leaf_weight=108.36887854337692 9.1138187050819379 41.946559891104698 73.286207124590874 89.728214636445045 148.59774015843868 34.163306593894958 41.243825852870941 9.9132826030254346 61.392290502786636 27.246905744075775 16.562011122703552 14.473362848162649
leaf_count=413 41 145 273 324 537 130 154 37 257 111 63 56
internal_value=0.000294115 0.00253202 0.00661689 0.0159937 0.000781204 -0.00442572 0 -0.00938677 -0.012565 0.000588071 -0.017328 -0.0194451
internal_weight=676.036 553.897 353.559 131.675 221.884 200.338 149.613 122.14 112.226 36.3607 50.7253 75.8657
internal_count=2541 2039 1279 469 810 760 567 502 465 152 193 313
is_linear=0
shrinkage=0.05


Tree=38
num_leaves=15
num_cat=0
split_feature=110 108 125 0 22 125 18 89 31 88 116 27 125 23
split_gain=54.0562 13.0284 10.7147 5.53866 5.44324 5.97549 4.98426 5.3343 4.11289 4.08934 3.9968 1.8575 1.97684 1.34394
threshold=0.33849643207227714 0.17188645446153145 0.48016084606927534 0.83333333333333337 2.1000000000000005 0.34857392824125261 17.700000000000006 -0.081227900000000006 1.6980754250000001 -0.60241059999999991 -0.91064917834163606 4.2666666666666675 0.26283698400517563 1.4852166
decision_type=2 2 2 2 2 2 2 2 2 2 2 2 2 2
left_child=2 11 6 9 8 -6 7 -1 -3 -4 -5 -2 -13 -8
right_child=1 4 3 10 5 -7 13 -9 -10 -11 -12 12 -14 -15
leaf_value=0.0095570467847557877 0.0050245885445245001 0.0017072509814303662 0.027122533950842683 0 0.04147733011411503 0 -0.037575704674252856 -0.0082003823479046192 0.016847586544329708 -0.011218337142701198 -0.024058420973857464 0.039567072113368018 0.013353834768576288 -0.0021011780338523801
leaf_weight=77.500306606292725 10.717708706855772 197.92668509483337 9.2084333896636981 20.234882369637489 23.4834363758564 16.318774551153183 11.233678638935091 90.689297884702682 61.135723531246185 20.562878772616386 194.35626702010632 55.40743100643158 17.196896314620972 7.7543981969356528
leaf_count=245 29 562 31 71 65 47 39 290 169 70 703 149 46 25
internal_value=0 0.0136313 -0.0121583 -0.0190706 0.0084691 0.0258106 -0.0028151 0 0.0055235 0 -0.0218663 0.0312344 0.0343034 -0.0264199
internal_weight=813.727 382.187 431.54 244.362 298.865 39.8022 187.178 168.19 259.062 29.7713 214.591 83.322 72.6043 18.9881
internal_count=2541 1067 1474 875 843 112 599 535 731 101 774 224 195 64
is_linear=0
shrinkage=0.05


Tree=39
num_leaves=14
num_cat=0
split_feature=110 110 110 116 2 39 86 16 31 81 100 28 13
split_gain=53.5749 11.3949 9.77155 8.00474 6.89593 6.58781 6.48661 5.53018 5.12681 3.45042 3.44689 2.99958 1.18395
threshold=0.29300844319360103 0.1571489301117098 0.54537681831136353 0.42313529547757806 2.5848150000000008 10.225000000000001 0.43333333333333351 1.7200493000000001 1.7137141000000002 0.72330533333333369 0.13392857142857145 1.8875000000000002 8.8333333333333339
decision_type=2 2 2 2 2 2 2 2 2 2 2 2 2
left_child=1 7 4 6 8 -5 -3 10 -2 -9 -1 12 -4
right_child=2 3 11 5 -6 -7 -8 9 -10 -11 -12 -13 -14
leaf_value=0.030695537599640083 -0.006220291632607974 0.014241752946811596 -0.030813111048664955 -0.028483103478620625 0.023986514525493951 0.0027366835362693342 -0.0060567812205971844 0.030742751273743471 -0.022101646395075083 0.0056927315339154331 -0.0012678785267112647 0 -0.0021468331232817797
leaf_weight=9.2014956176280958 248.01717817783356 175.74706560373306 86.990378558635712 26.864215463399887 14.004314810037611 36.296886146068573 46.11116087436676 108.90973284840584 69.751115053892136 22.162180691957474 34.835009604692459 11.093422740697859 7.8915161192417136
leaf_count=25 702 473 288 73 38 98 124 303 203 61 94 33 26
internal_value=-0.000201255 0.0116426 -0.0127628 0.00521033 -0.00827224 -0.00999967 0.00979029 0.0217394 -0.00992155 0.0269609 0.00483399 -0.0261451 -0.0289976
internal_weight=897.876 460.128 437.748 285.019 331.773 63.1611 221.858 175.108 317.768 131.072 44.0365 105.975 94.8819
internal_count=2541 1251 1290 768 943 171 597 483 905 364 119 347 314
is_linear=0
shrinkage=0.05


Tree=40
num_leaves=15
num_cat=0
split_feature=110 121 82 34 94 21 30 9 58 68 40 95 23 25
split_gain=5.50372 5.3253 5.98311 5.62488 5.41007 7.69163 5.27564 4.55625 3.03576 2.45364 2.01491 1.59682 1.29142 1.2755
threshold=0.11173874824526149 41.760000000000012 0.30268200000000012 4.5500000000000007 0.061722757142857139 0.90000000000000013 1.6707100500000005 0.84371016666666676 2.3666666666666671 0.29285714285714287 3.1547619047619051 0.48680230000000008 0.66965620000000003 10.633333333333335
decision_type=2 2 2 2 2 2 2 2 2 2 2 2 2 2
left_child=7 2 3 -2 5 -3 -6 10 -4 11 12 -9 -1 -11
right_child=1 4 8 -5 6 -7 -8 9 -10 13 -12 -13 -14 -15
leaf_value=0.0050946951101628109 0.012919260692106553 -0.0027006716146476873 -0.015500006299430292 -0.002095909450603747 -0.020630561110972112 0.026166416402050037 0.0061261192378629309 -0.036634837172318954 0.0080718932939840855 -0.019032645761642875 0.026782996286000105 0 -0.021612456626153971 0.010474627538410336
leaf_weight=7.1695538908243197 84.292858719825745 30.034947350621223 87.867444887757301 219.42465415596962 21.929191574454308 67.730918645858765 90.751807928085327 23.563038930296901 12.514643177390097 5.5376978218555433 6.1287253499031058 5.7485256344079962 5.9935500770807266 6.4785668700933456
leaf_count=28 312 108 330 824 79 237 335 112 48 26 25 25 25 27
internal_value=0.000330385 0.00182803 -0.00142786 0.00193599 0.00829365 0.0168543 0.000343421 -0.0138242 -0.0120175 -0.0232293 0.00401158 -0.0309173 -0.00420292 0
internal_weight=675.166 614.546 404.1 303.718 210.447 97.7659 112.681 60.6197 100.382 41.3278 19.2918 29.3116 13.1631 12.0163
internal_count=2541 2273 1514 1136 759 345 414 268 378 190 78 137 53 53
is_linear=0
shrinkage=0.05


Tree=41
num_leaves=16
num_cat=0
split_feature=125 108 108 93 38 102 106 95 81 39 52 57 93 93 25
split_gain=49.3004 13.6304 11.3266 8.30538 7.60545 6.8427 6.77012 5.26143 5.06403 4.89808 4.66943 4.56948 3.67262 1.60836 1.44005
threshold=0.36545831901092479 0.49760433737372417 0.16414313623249874 0.16666666666666671 1.5132706000000002 3.5000000000000004 2.5750000000000006 -0.39164335 0.72330533333333369 11.422222222222224 1.5000000000000002 0.90000000000000013 0.92777777777777792 -0.10555555555555561 16.300000000000001
decision_type=2 2 2 2 2 2 2 2 2 2 2 2 2 2 2
left_child=2 4 12 6 9 -5 -4 10 -9 -2 -3 -6 13 -1 -14
right_child=1 7 3 5 11 -7 -8 8 -10 -11 -12 -13 14 -15 -16
leaf_value=0.015081871366458317 -0.0051709267446712762 0.015895535627139957 0 -0.033699241689974548 0.0042294423875330481 0.0026176538290627917 0.021159748142321542 -0.027287744000154875 -0.0037638495723551165 0.017739244097986384 -0.016606597989497301 -0.016643739394349773 0.021199710409893394 0.04408675750178645 -0.001520316209116592
leaf_weight=13.728855818510054 33.938496500253677 16.942171901464462 53.066382795572281 13.723626405000685 32.478410273790359 98.991039156913757 133.10221579670906 154.22088606655598 33.238534018397331 56.87356036901474 25.927064016461372 84.339130908250809 10.075275361537935 40.263516843318939 9.3284293711185438
leaf_count=37 102 59 154 39 101 284 378 578 121 169 94 264 27 109 25
internal_value=0 -0.0114117 0.0133058 0.00869127 -0.00183482 -0.00162189 0.0151778 -0.0197834 -0.0234241 0.00866955 -0.00255228 -0.0104294 0.0310554 0.0380292 0.00828723
internal_weight=810.238 437.958 372.279 298.883 207.63 112.715 186.169 230.329 187.459 90.8121 42.8692 116.818 73.3961 53.9924 19.4037
internal_count=2541 1488 1053 855 636 323 532 852 699 271 153 365 198 146 52
is_linear=0
shrinkage=0.05


Tree=42
num_leaves=13
num_cat=0
split_feature=108 110 89 89 39 90 16 80 84 38 96 96
split_gain=48.9599 15.4942 6.78311 5.55411 5.32822 5.21653 6.68479 6.41372 5.19634 4.11278 4.08183 2.72426
threshold=0.35421441107277646 0.1571489301117098 -0.37053229999999998 -0.86389710000000008 8.3666666666666689 0.33333333333333343 1.3349305000000002 -0.97739549999999975 1.1666666666666672 1.7277634500000003 0.22834579999999996 -0.014831240000000022
decision_type=2 2 2 2 2 2 2 2 2 2 2 2
left_child=3 2 9 -1 -4 6 -3 -7 10 -2 -5 -10
right_child=1 5 4 8 -6 7 -8 -9 11 -11 -12 -13
leaf_value=0.019799711491175362 -0.018396853378221473 -0.0036106824747597932 0.0036972144987983003 -0.022743238343395835 0.030296287146132972 0.017451680643253992 0.013309986730353355 -0.0086574350655403611 0.023762636880523283 0.01638139465124273 -0.0071242335345362067 -0.00998335303524861
leaf_weight=8.2648609280586225 15.078155457973478 83.630173861980438 28.206758707761765 215.79234549403191 113.67024475336075 26.583833605051041 164.09938061237335 135.31810322403908 10.093171566724779 17.037637561559677 66.027665495872498 9.8261412680149061
leaf_count=25 41 229 78 661 317 72 445 367 29 47 201 29
internal_value=-0.000217118 0.00825295 0.0207538 -0.0162992 0.0254209 0.0027838 0.00740522 -0.00398265 -0.0175153 0 -0.0192988 0.00504423
internal_weight=893.628 583.624 173.993 310.004 141.877 409.631 247.73 161.902 301.739 32.1158 281.82 19.9193
internal_count=2541 1596 483 945 395 1113 674 439 920 88 862 58
is_linear=0
shrinkage=0.05


Tree=43
num_leaves=14
num_cat=0
split_feature=63 89 23 41 9 90 110 121 81 68 103 128 30
split_gain=5.59671 7.91173 6.38327 5.82393 5.78028 7.06259 5.56292 6.57279 6.21534 6.20469 4.25067 2.17766 1.82273
threshold=1.1000000000000003 -0.071414899999999823 0.87963019999999992 3.5277777777777781 0.66139798333333355 1.2750000000000004 0.10549666006626353 49.600000000000009 0.76599650000000008 0.23611111111111113 5.5000000000000009 0.80595748702601988 2.0484048500000003
decision_type=2 2 2 2 2 2 2 2 2 2 2 2 2
left_child=1 2 3 -1 11 -6 12 8 -8 -9 -4 -3 -2
right_child=6 4 10 -5 5 -7 7 9 -10 -11 -12 -13 -14
leaf_value=0.0099944332611652757 0 -0.018451423044198639 0.021464460620188482 -0.030615710672700254 0.03395188771178289 -0.0088494868679827015 -0.0061163615730914092 0.0253485372192125 0.01975050917734561 -0.0022461728217488663 0 0.011526650044877613 -0.032963336740095876
leaf_weight=10.131317555904387 6.2414426356554058 10.556432962417604 30.152800112962723 26.397349685430527 52.532042056322098 9.1951007544994336 329.54764887690544 39.700597286224365 23.270475491881371 34.493631154298782 72.933900520205498 10.647497355937956 18.517084985971451
leaf_count=39 26 39 111 102 190 38 1239 143 86 125 273 40 90
internal_value=0.000367587 0.00690482 -3.3917e-05 -0.0180539 0.0190432 0.0267395 -0.00275042 -0.00126262 -0.00421797 0.0119953 0.00598317 -0.00130499 -0.0254242
internal_weight=674.317 222.546 139.615 36.5287 82.9311 61.7271 451.771 427.012 352.818 74.1942 103.087 21.2039 24.7585
internal_count=2541 832 525 141 307 228 1709 1593 1325 268 384 79 116
is_linear=0
shrinkage=0.05


Tree=44
num_leaves=14
num_cat=0
split_feature=125 108 108 102 108 22 0 92 81 28 37 126 2
split_gain=44.945 12.5276 10.3847 7.8607 6.59463 6.42296 6.029 4.31485 4.26305 3.39668 2.90687 2.15851 1.28874
threshold=0.36545831901092479 0.49760433737372417 0.16414313623249874 3.5000000000000004 0.24214154474057176 2.1000000000000005 0.58333333333333337 -0.19999999999999998 0.72330533333333369 1.1833333333333336 1.1315926500000002 0.27494592162650283 1.5925973333333336
decision_type=2 2 2 2 2 2 2 2 2 2 2 2 2
left_child=2 4 11 10 9 -5 -3 -6 -8 -2 -4 12 -1
right_child=1 6 3 5 7 -7 8 -9 -10 -11 -12 -13 -14
leaf_value=0.026521880530379845 0 0.020202099274487947 0.007522666233514142 0.0077421394539580763 -0.012910805781636012 0.03020866032410164 -0.023734839503778464 0.0018697112364552794 -0.0024731083736659297 0.043175243454780292 -0.020539281860288153 0.00095364379471928333 0.053488523254835135
leaf_weight=51.957561671733856 10.47670963406563 7.3703905344009391 9.6681807339191419 221.89927190542221 90.400066822767258 39.550227165222168 185.88409665226936 96.317586272954941 33.421110600233078 10.202203094959257 28.427022635936737 9.3142754137516004 11.836631119251249
leaf_count=141 29 26 28 633 282 113 704 297 122 28 81 25 32
internal_value=-4.94961e-06 -0.0109902 0.0126521 0.00824013 -0.00182257 0.0114334 -0.0191136 -0.00505063 -0.0207475 0.0239069 -0.0121283 0.0296995 0.0330453
internal_weight=806.725 434.072 372.653 299.545 207.397 261.449 226.676 186.718 219.305 20.6789 38.0952 73.1085 63.7942
internal_count=2541 1488 1053 855 636 746 852 579 826 57 109 198 173
is_linear=0
shrinkage=0.05


Tree=45
num_leaves=14
num_cat=0
split_feature=110 126 109 109 96 83 2 100 19 74 96 19 81
split_gain=44.4971 10.069 8.74013 6.63742 7.05602 6.69696 5.9433 5.35816 4.60355 4.43739 4.16972 3.79879 2.26197
threshold=0.29300844319360103 0.2230088529250388 0.25370363391715128 0.26281566721602939 -0.053862649999999783 1.0000000180025095e-35 2.5467716666666673 0.095454545454545472 6.4500000000000011 0.2678571428571429 -0.33472868333333333 4.1000000000000005 0.46401250000000022
decision_type=2 2 2 2 2 2 2 2 2 2 2 2 2
left_child=1 7 8 4 -3 -5 9 12 10 -4 -2 -9 -1
right_child=2 3 6 5 -6 -7 -8 11 -10 -11 -12 -13 -14
leaf_value=0.042731037746617705 -0.0021331437152147677 0 -0.01324231160792895 0.0044835032193518906 0.018956051942386382 -0.022136401454660868 0.029802567321833597 -0.0028701098284560573 0.0062181595425323923 0 -0.027154410870154556 0.018306383644041479 0.0069558011011372689
leaf_weight=33.684982866048813 24.480269253253937 96.101534783840179 148.77449250221252 54.32880499958992 102.85191997885704 37.779652178287506 9.6229580938816053 21.464491277933121 11.069743752479551 112.3457410633564 125.85286237299442 101.75956466794014 9.6474510431289655
leaf_count=95 77 260 426 147 279 103 26 58 31 321 409 282 27
internal_value=-0.000230589 0.0105666 -0.0117777 0.00470171 0.00992014 -0.00601852 -0.00598927 0.0204281 -0.0210829 -0.00760771 -0.0234514 0.0142217 0.0362305
internal_weight=889.764 457.618 432.146 291.062 198.953 92.1085 270.743 166.556 161.403 261.12 150.333 123.224 43.3324
internal_count=2541 1251 1290 789 539 250 773 462 517 747 486 340 122
is_linear=0
shrinkage=0.05


Tree=46
num_leaves=15
num_cat=0
split_feature=63 89 37 95 103 12 90 30 121 8 127 124 94 9
split_gain=5.16341 7.31728 6.04131 6.22569 5.5419 5.49141 6.1228 4.7132 6.77644 6.32303 5.60834 4.77711 4.22459 2.08253
threshold=1.1000000000000003 -0.071414899999999823 1.2140110000000002 -0.033433599999999945 4.5000000000000009 1.8333333333333337 1.2750000000000004 2.0721295000000004 49.600000000000009 0.83333333333333337 0.40222877653154038 0.64053571692725964 1.0597665500000002 2.0217849999999999
decision_type=2 2 2 2 2 2 2 2 2 2 2 2 2 2
left_child=1 2 4 -4 -1 -3 -7 8 11 12 -10 -2 -9 -11
right_child=7 5 3 -5 -6 6 -8 9 10 13 -12 -13 -14 -15
leaf_value=0.012152127466573875 -0.0052475150694116903 -0.014240411437865164 -0.00099280998308073866 0.031848290825573312 -0.01580217893920401 0.029162938007742795 -0.0068803995972621969 -0.010315458038691312 0.024363457422130322 -0.025480269762692728 -0.011956723589756826 0.014604089150564853 0.031670598796811424 0
leaf_weight=21.266169533133507 280.07048019766808 8.9948224723339063 29.011711522936821 23.08711451292038 66.169146060943604 63.258094072341919 11.427134498953817 9.6656354963779467 43.43045337498188 51.440003618597984 11.243737950921057 32.016793265938759 10.218550741672514 12.347499370574949
leaf_count=80 1051 34 107 83 255 226 47 39 151 224 41 116 39 48
internal_value=0.000391789 0.00665712 -2.49052e-05 0.0129445 -0.00837717 0.0182584 0.0229695 -0.00261013 -1.81012e-05 -0.013247 0.0159155 -0.00301111 0.00935049 -0.0210985
internal_weight=673.647 223.214 139.534 52.0988 87.4353 83.6801 74.6852 450.433 366.761 83.6717 54.6742 312.087 19.8842 63.7875
internal_count=2541 832 525 190 335 307 273 1709 1359 350 192 1167 78 272
is_linear=0
shrinkage=0.05


Tree=47
num_leaves=16
num_cat=0
split_feature=110 125 125 113 7 81 70 27 113 93 108 16 92 12 109
split_gain=40.9693 10.2033 9.01137 7.93546 7.01627 6.6411 6.01118 5.69479 4.49143 4.09716 3.98018 3.70675 3.38889 3.22672 1.63833
threshold=0.33849643207227714 0.25307063190707568 0.51991595098508747 0.51999666999667016 2.1666666666666674 -0.52320616666666653 1.2111111111111115 3.7750000000000004 0.5328949646465696 0.63333333333333341 0.52592581031569841 1.4929106000000003 0.52222222222222248 5.166666666666667 0.24397151290707228
decision_type=2 2 2 2 2 2 2 2 2 2 2 2 2 2 2
left_child=2 6 9 4 -3 11 12 -8 -5 10 -1 -4 -2 -7 -11
right_child=1 3 5 8 -6 13 7 -9 -10 14 -12 -13 -14 -15 -16
leaf_value=0.0034914707238757879 0.014297651298122584 -0.0055960040636910688 0.024185435418120418 0.036498201476966814 0.020410195328882431 -0.026908194633166606 -0.0013190792677295038 0.029401718239296083 0.0022706757965989697 0 -0.011054883702891325 -0.0093418110696410258 -0.016526342647734806 -0.0031873347591317987 -0.032417770157303391
leaf_weight=134.95964416861534 21.452261477708817 139.17974874377251 9.6572507768869382 25.097626596689224 30.677610278129578 127.74143822491169 13.639251261949537 119.0382062792778 20.677540928125381 7.1575690209865597 69.426137745380402 33.83575077354908 13.334353595972059 21.993435472249985 15.444834619760512
leaf_count=423 59 395 33 70 86 488 37 325 58 25 246 128 37 81 50
internal_value=-1.10889e-05 0.0117366 -0.0108422 0.00421838 -0.000514466 -0.018819 0.021038 0.0258833 0.022485 -0.00377972 -0.00123598 -0.000397338 0.000953434 -0.0238 -0.0236365
internal_weight=803.313 383.097 420.216 215.633 169.857 193.228 167.464 132.677 45.7752 226.988 204.386 43.493 34.7866 149.735 22.6024
internal_count=2541 1067 1474 609 481 730 458 362 128 744 669 161 96 569 75
is_linear=0
shrinkage=0.05


Tree=48
num_leaves=13
num_cat=0
split_feature=108 30 116 100 40 89 27 89 108 108 31 98
split_gain=40.6523 13.428 7.16445 6.95163 5.9265 5.61592 6.5088 5.21994 4.93079 3.93658 3.91402 2.70262
threshold=0.35421441107277646 2.0721295000000004 0.39829783656525991 0.095454545454545472 4.354166666666667 -0.39635376999999988 4.9000000000000012 -0.86389710000000008 0.17268812249831303 0.62437468098439397 1.4041450571428575 -0.96111111111111092
decision_type=2 2 2 2 2 2 2 2 2 2 2 2
left_child=7 2 4 -4 -2 6 -3 -1 11 -7 -10 -9
right_child=1 5 3 -5 -6 9 -8 8 10 -11 -12 -13
leaf_value=0.019973750388576159 0.0096014005656181872 -0.022829408449191124 0.014382152573028701 -0.017635514472579692 -0.0063664416430386818 0.010892036875307289 0.020979136743077196 -0.034123413459480119 -0.0045457142429722926 0.031320279703218337 -0.018400904992352557 -0.0022288523315804449
leaf_weight=8.243715971708296 260.71582290530205 14.634867399930952 19.919537544250488 68.41741618514061 70.007027089595795 47.827465951442719 17.457022488117218 51.929756462574005 105.0852635204792 81.867765575647354 127.69531357288361 11.710700601339338
leaf_count=25 710 40 55 187 191 129 48 188 306 236 385 41
internal_value=-0.000231473 0.00746757 0.00258876 -0.00977584 0.00606162 0.019704 0 -0.0150498 -0.0162558 0.0243105 -0.0124063 -0.0291532
internal_weight=885.512 580.847 419.06 88.337 330.723 161.787 32.0919 304.665 296.421 129.695 232.781 63.6405
internal_count=2541 1596 1143 242 901 453 88 945 920 365 691 229
is_linear=0
shrinkage=0.05


Tree=49
num_leaves=13
num_cat=0
split_feature=63 89 23 41 12 90 110 121 81 95 109 30
split_gain=4.79828 6.76324 5.79659 5.62964 5.08919 5.59486 5.03129 5.65211 5.77478 4.86837 4.06875 1.74699
threshold=1.1000000000000003 -0.071414899999999823 0.87963019999999992 3.5277777777777781 1.8333333333333337 1.2750000000000004 0.10549666006626353 49.600000000000009 0.76599650000000008 -0.077017050000000017 0.25276940262416919 2.0484048500000003
decision_type=2 2 2 2 2 2 2 2 2 2 2 2
left_child=1 2 3 -1 -3 -6 11 8 -8 -4 -9 -2
right_child=6 4 9 -5 5 -7 7 10 -10 -11 -12 -13
leaf_value=0.010101448365385134 0 -0.013816179736057994 -0.0049527313162840972 -0.029975180905072004 0.027864316630970689 -0.0065202471003372514 -0.0057079212987121448 0 0.019157300389522132 0.016066249482727082 0.02329981236611943 -0.032154233655219626
leaf_weight=10.108632594346998 6.1930659711360958 8.9032633006572706 49.00851683318615 25.781689316034317 64.116284668445587 11.333158686757086 326.92764863371849 39.870011612772942 23.435919106006622 54.448660045862198 35.066870257258415 17.584839850664139
leaf_count=39 26 34 184 102 226 47 1239 149 86 200 119 90
internal_value=0.000422726 0.00645207 0 -0.0173642 0.0175411 0.0220277 -0.00247725 -0.00107535 -0.00385259 0.00567863 0.0111308 -0.0244789
internal_weight=672.779 223.7 139.347 35.8903 84.3527 75.4494 449.078 425.3 350.364 103.457 74.9369 23.7779
internal_count=2541 832 525 141 307 273 1709 1593 1325 384 268 116
is_linear=0
shrinkage=0.05


Tree=50
num_leaves=13
num_cat=0
split_feature=110 108 108 76 24 75 77 74 11 96 27 54
split_gain=37.0495 9.70386 8.44757 5.17821 5.16448 4.52635 5.82566 4.42317 3.95625 2.04213 2.00779 2.16881
threshold=0.33849643207227714 0.17188645446153145 0.62437468098439397 1.9500000000000002 2.1192360000000003 1.8166666666666669 0.2678571428571429 0.41428571428571431 15.41666666666667 -0.087959250000000086 4.2666666666666675 1.3666666666666669
decision_type=2 2 2 2 2 2 2 2 2 2 2 2
left_child=2 10 5 4 -3 6 -1 8 -4 -7 -2 -12
right_child=1 3 7 -5 -6 9 -8 -9 -10 -11 11 -13
leaf_value=-0.009527461898039373 0.00097663075028340466 0.0070248461504264685 -0.027147153255405745 0.032986686186046374 -0.016029500570522784 0 0.0052933204067670062 0.0063216572103439242 0.0056323869984910083 -0.031200731824020819 0.035982205223747288 0.01184892616196416
leaf_weight=156.40566553175449 10.819816023111342 259.1715669631958 103.9410767108202 17.267612725496292 24.736921221017838 7.6559338867664364 109.24929861724377 9.7298775911331159 7.047015741467475 22.527147218585014 49.500105023384094 21.854234308004379
leaf_count=518 29 725 434 48 70 25 358 35 27 77 136 59
internal_value=-3.69826e-05 0.0111022 -0.01041 0.00667724 0.00479142 -0.00559589 -0.00324799 -0.0216541 -0.0245877 -0.0238906 0.0264439 0.0295477
internal_weight=799.906 383.35 416.556 301.176 283.908 295.838 265.655 120.718 110.988 30.1831 82.1742 71.3543
internal_count=2541 1067 1474 843 795 978 876 496 461 102 224 195
is_linear=0
shrinkage=0.05


Tree=51
num_leaves=15
num_cat=0
split_feature=110 126 109 109 126 83 2 100 96 125 114 19 19 81
split_gain=36.7033 8.79927 7.76384 5.76832 6.66108 6.22463 5.47844 5.11122 4.31883 5.23439 3.78006 3.7162 3.37668 2.19973
threshold=0.29300844319360103 0.2230088529250388 0.25370363391715128 0.26281566721602939 0.25389962633199864 1.0000000180025095e-35 2.5467716666666673 0.095454545454545472 -0.33472868333333333 0.26759464494530644 1.818240438540748 6.4500000000000011 4.1000000000000005 0.46401250000000022
decision_type=2 2 2 2 2 2 2 2 2 2 2 2 2 2
left_child=1 7 8 4 -3 -5 10 13 9 -2 -4 -10 -9 -1
right_child=2 3 6 5 -6 -7 -8 12 11 -11 -12 -13 -14 -15
leaf_value=0.040793822853338962 -0.019646737212147491 -0.0011413552716211604 -0.010106697697780821 0.0041783397391725804 0.016840203053008703 -0.02148183205352525 0.02896099421226116 -0.0032456684853297635 -0.025754600719114385 0.024059960671955788 0.004125868108607128 0.0023864730212116011 0.016698861713330331 0.0056269455318866636
leaf_weight=33.047651618719101 15.006200253963472 84.337668865919113 205.43354716897011 54.345168381929398 113.80897986888885 37.653447151184082 9.6390904486179334 21.450282096862793 122.24797129631042 10.932797670364378 53.994094610214233 9.2486300170421583 100.66460433602333 9.5458932518959028
leaf_count=95 49 230 593 147 309 103 26 58 409 33 154 26 282 27
internal_value=-0.00024758 0.00956448 -0.0108267 0.00407669 0.0089683 -0.00590435 -0.00537402 0.0188469 -0.0197374 0 -0.00694805 -0.0233949 0.0127914 0.0343692
internal_weight=881.356 454.854 426.502 290.145 198.147 91.9986 269.067 164.708 157.436 25.939 259.428 131.497 122.115 42.5935
internal_count=2541 1251 1290 789 539 250 773 462 517 82 747 435 340 122
is_linear=0
shrinkage=0.05


Tree=52
num_leaves=10
num_cat=0
split_feature=109 81 2 108 81 81 34 123 26
split_gain=4.36543 3.96124 4.20161 5.26596 3.98387 5.76255 4.32985 2.65233 2.51999
threshold=0.13538306018511889 -0.033448333333333295 2.4886583333333339 0.26297826477456443 -0.74917983333333316 -1.4286883333333329 6.3166666666666673 0.60000477468229196 4.4500000000000011
decision_type=2 2 2 2 2 2 2 2 2
left_child=7 4 3 -3 5 -2 -6 -1 -4
right_child=1 2 8 -5 6 -7 -8 -9 -10
leaf_value=0.0019914105000086663 -0.031143453862658391 -0.0060537807937547398 -0.030364233848454616 0.011084051070160295 -0.0011303229094963756 0.012037580814489688 -0.01572526531253338 -0.029647492708104309 0.00055661354479329562
leaf_weight=5.7807595729827908 7.1371217817068091 51.882833212614059 11.096427261829378 213.60471315681934 211.71243365108967 74.921192720532417 69.976810321211815 17.821062132716179 7.9894414991140357
leaf_count=27 29 196 46 778 788 281 273 92 31
internal_value=0.000454266 0.00130934 0.00576473 0.00753712 -0.00204545 0.00735013 -0.00497565 -0.0200999 -0.015548
internal_weight=671.923 648.321 284.573 265.488 363.748 82.0583 281.689 23.6018 19.0859
internal_count=2541 2422 1051 974 1371 310 1061 119 77
is_linear=0
shrinkage=0.05


Tree=53
num_leaves=14
num_cat=0
split_feature=125 110 108 93 57 108 102 81 89 93 93 81 25
split_gain=34.8934 11.7493 8.1575 7.56734 6.58842 6.21815 6.20179 5.46901 3.66465 3.63708 1.77125 1.73044 1.2331
threshold=0.36545831901092479 0.48565277282276925 0.16414313623249874 0.16666666666666671 1.7750000000000001 0.62437468098439397 3.5000000000000004 0.81877316666666677 -0.13743260000000021 0.92777777777777792 -0.10555555555555561 -0.24979416666666673 16.300000000000001
decision_type=2 2 2 2 2 2 2 2 2 2 2 2 2
left_child=2 5 9 4 -4 7 -5 -2 -7 10 -1 -3 -11
right_child=1 11 3 6 -6 8 -8 -9 -10 12 -12 -13 -14
leaf_value=0.010670219005691522 -0.0098770721195540843 0.00013965651434922274 0.009031803765588528 -0.033260695375052531 0.036959675345348782 -0.010203374795961801 0.0012723819764492834 0.014941863536608403 -0.030578778668471186 0.017046104461358614 0.039278037544485223 0.034380684607035521 -0.004942412482056192
leaf_weight=13.509689182043074 265.66070276498795 9.0231002271175402 161.6013790667057 13.62026074528694 25.824514865875244 50.309087380766869 99.577013581991196 21.821514457464218 62.964823603630066 10.029901474714281 39.207857042551041 13.855433523654936 9.2934666574001294
leaf_count=37 878 25 457 39 75 206 284 69 272 27 109 38 25
internal_value=-4.6698e-05 -0.00991484 0.0110338 0.00713374 0.0133209 -0.0120031 -0.00269978 -0.00777459 -0.0221353 0.0263037 0.0332127 0.0235416 0.00428779
internal_weight=796.299 423.635 372.664 300.623 187.426 400.756 113.197 287.482 113.274 72.0409 52.7175 22.8785 19.3234
internal_count=2541 1488 1053 855 532 1425 323 947 478 198 146 63 52
is_linear=0
shrinkage=0.05


Tree=54
num_leaves=13
num_cat=0
split_feature=108 30 89 27 89 84 81 125 19 108 100 82
split_gain=33.946 11.4279 5.25092 6.10255 4.92994 4.72223 4.61217 5.46725 4.28075 3.4443 2.31297 2.13931
threshold=0.35421441107277646 2.0721295000000004 -0.39635376999999988 4.9000000000000012 -0.86389710000000008 1.1666666666666672 0.85134316666666665 0.41955477475485919 6.4500000000000011 0.62437468098439397 0.24038461538461542 -0.17676850000000008
decision_type=2 2 2 2 2 2 2 2 2 2 2 2
left_child=4 6 3 -3 -1 8 7 -2 -6 -4 -8 -7
right_child=1 2 9 -5 5 11 10 -9 -10 -11 -12 -13
leaf_value=0.020130395782863592 -0.0033018214661116514 -0.022979708520722172 0.010034571641713366 0.019559506248099403 -0.018306338359463794 0.021352488100952659 -0.0013441363936114838 0.0085859124910608511 0.0095131897912205075 0.029347732862465344 -0.034645126021596431 -0.0082560804197153916
leaf_weight=8.2215367257595044 154.85746514797211 14.603448003530504 47.729284793138504 17.340788632631302 260.03226526081562 11.254230916500093 16.004180222749714 236.6081554889679 11.586746901273726 79.998391777276993 10.577032774686812 8.3564414680004102
leaf_count=25 427 40 129 48 829 33 44 643 33 236 29 25
internal_value=-0.000251619 0.00676978 0.0181505 0 -0.0139416 -0.0151401 0.00227069 0.00375949 -0.0169057 0.0226532 -0.0171836 0.00652142
internal_weight=877.17 577.719 159.672 31.9442 299.451 291.23 418.047 391.466 271.619 127.728 26.5812 19.6107
internal_count=2541 1596 453 88 945 920 1143 1070 862 365 73 58
is_linear=0
shrinkage=0.05


Tree=55
num_leaves=16
num_cat=0
split_feature=63 9 35 39 30 22 121 68 124 8 41 30 82 120 124
split_gain=4.43335 6.06387 4.90809 4.98604 3.9182 6.64613 5.72233 6.05432 4.33482 3.81116 3.64673 3.46817 3.38539 1.67971 1.65658
threshold=1.1000000000000003 0.66139798333333355 0.77500000000000013 7.9500000000000011 2.0721295000000004 1.1000000000000003 49.600000000000009 0.23611111111111113 0.64053571692725964 2.1666666666666674 3.4722222222222228 2.2514195000000004 -0.083794816666666758 1.0000000180025095e-35 0.5868625207653535
decision_type=2 2 2 2 2 2 2 2 2 2 2 2 2 2 2
left_child=1 10 9 -4 6 11 8 -8 -2 -3 12 -6 -1 -7 -12
right_child=4 2 3 -5 5 13 7 -9 -10 -11 14 -13 -14 -15 -16
leaf_value=0.033190312360756022 -0.0049198774135595239 -0.014759662184008693 0.055210072182114468 0.01191060733878347 -0.013781809043118463 -0.026632090710181189 0.030755003807292389 -0.0003063024591238295 0.01392706479092771 0.017746020714174297 -0.027460389888716848 0.021421453333444071 -0.010047913525024862 -0.00059470959123234337 0
leaf_weight=6.7011834979057312 278.17556911706924 28.452509149909019 6.9778723567724219 135.16048377752304 9.0109613090753573 43.607656449079514 27.612709388136864 27.901124700903893 32.277135699987411 11.128500774502752 21.174894198775295 16.775474146008492 7.7270902395248395 11.93409578502178 6.6906625628471366
leaf_count=25 1051 109 26 492 35 200 94 98 116 43 83 67 29 48 25
internal_value=0.000470386 0.00625763 0.0103587 0.0147564 -0.00232393 -0.0121815 0 0.0145297 -0.00276144 -0.00417625 -0.0100404 0.00719795 0.00764283 -0.0220313 -0.0208762
internal_weight=671.308 224.013 181.719 142.138 447.295 81.3282 365.967 55.5138 310.453 39.581 42.2938 25.7864 14.4283 55.5418 27.8656
internal_count=2541 832 670 518 1709 350 1359 192 1167 152 162 102 54 248 108
is_linear=0
shrinkage=0.05


Tree=56
num_leaves=15
num_cat=0
split_feature=127 110 108 32 19 9 95 88 77 16 92 3 37 24
split_gain=32.0476 14.0511 5.9116 5.958 7.90142 5.16563 5.03723 5.04049 5.02417 4.67375 5.95774 3.00077 2.52512 2.46017
threshold=0.43732677444137097 0.22482473162029359 0.16414313623249874 12.275000000000002 3.9000000000000004 1.4043985000000003 -0.46239900000000006 0.48984470000000013 0.29285714285714287 2.0279441000000005 0.52222222222222248 0.73255933333333345 2.4397870500000001 1.5223449000000004
decision_type=2 2 2 2 2 2 2 2 2 2 2 2 2 2
left_child=1 6 12 4 -4 -5 8 -8 -1 10 -3 -11 13 -2
right_child=2 9 3 5 -6 -7 7 -9 -10 11 -12 -13 -14 -15
leaf_value=-0.011175568578234627 0.038295855572537923 -0.00084127686017577529 0.0047094248521370678 -0.011952661328521678 0.034937545320151024 0.011272773093093671 -0.024857887436959249 -0.0019715290165594002 0.033625369690512573 0.008471444245742317 0.020358046576972155 -0.019716714681800609 0 0.0073455737687954025
leaf_weight=19.020703777670864 41.676250964403152 247.01468317210674 55.36934694647789 43.387747496366501 40.571043372154236 50.722302734851837 139.29154850542545 35.142930641770363 7.9190494716167441 8.525725454092024 36.710117995738983 44.587148532271385 9.5428951978683454 13.284770786762236
leaf_count=73 116 748 153 125 113 141 563 138 29 27 108 144 26 37
internal_value=-5.70443e-05 -0.0070316 0.0144636 0.00952816 0.0182365 2.63071e-05 -0.017455 -0.0205696 0.000936429 -0.000618868 0.00178789 -0.014195 0.0278744 0.0319732
internal_weight=792.766 538.212 254.554 190.05 95.9404 94.1101 201.374 174.434 26.9398 336.838 283.725 53.1129 64.5039 54.961
internal_count=2541 1830 711 532 266 266 803 701 102 1027 856 171 179 153
is_linear=0
shrinkage=0.05


Tree=57
num_leaves=13
num_cat=0
split_feature=108 30 116 3 40 96 89 108 31 116 98 18
split_gain=30.8073 10.4117 6.66735 6.52783 5.37576 5.02357 4.64989 4.35063 3.68825 3.55246 2.78973 2.57825
threshold=0.35421441107277646 2.0721295000000004 0.39829783656525991 1.4934155 4.354166666666667 -0.36475422999999985 -0.86389710000000008 0.17268812249831303 1.4041450571428575 -0.82580873147651668 -0.96111111111111092 17.900000000000002
decision_type=2 2 2 2 2 2 2 2 2 2 2 2
left_child=6 2 4 -4 -2 11 -1 10 -9 -7 -8 -3
right_child=1 5 3 -5 -6 9 7 8 -10 -11 -12 -13
leaf_value=0.019587168418272724 0.0088753447486346858 0.012031093975952261 -0.00011347699978042386 -0.030473025817732188 -0.0063503678561249513 0 -0.032265268792360358 -0.0033235769985821549 -0.016818550847916145 0.023763105469423895 0 -0.020964489671613365
leaf_weight=8.261365205049513 259.78407207131386 9.0965772569179553 62.172994822263718 25.834200322628021 69.843186050653458 17.147540122270584 48.60100132226944 103.80501535534859 125.01167172193527 121.28031638264656 11.241486713290213 11.048251628875731
leaf_count=25 710 25 171 71 191 47 188 306 385 350 41 31
internal_value=-0.000262694 0.00641898 0.00212543 -0.00982941 0.00548856 0.0173294 -0.0133751 -0.0145554 -0.0109551 0.0207735 -0.0270937 -0.00383605
internal_weight=873.128 576.207 417.634 88.0072 329.627 158.573 296.921 288.659 228.817 138.428 59.8425 20.1448
internal_count=2541 1596 1143 242 901 453 945 920 691 397 229 56
is_linear=0
shrinkage=0.05


Tree=58
num_leaves=13
num_cat=0
split_feature=63 89 37 83 118 12 69 110 121 68 116 71
split_gain=4.13416 6.13033 5.35623 4.66692 4.59635 4.56283 4.85796 4.37378 4.95147 5.26894 3.66331 1.38541
threshold=1.1000000000000003 -0.071414899999999823 1.2635678000000001 1.0000000180025095e-35 53.899999999999999 1.8333333333333337 1.5500000000000003 0.10549666006626353 49.600000000000009 0.23611111111111113 0.56416288530733449 0.55000000000000016
decision_type=2 2 2 2 2 2 2 2 2 2 2 2
left_child=1 2 4 -4 -1 -3 -7 11 10 -10 -9 -2
right_child=7 5 3 -5 -6 6 -8 8 9 -11 -12 -13
leaf_value=0.014432028920377669 -0.029537740303222728 -0.013213912350387318 -0.0019683251427700197 0.027650037358011127 -0.012859771208948609 0.029236203107715786 2.9187606819760083e-05 -0.0059555158938598357 0.022554331744741002 -0.0026494641897592758 0.0073622803656379189 0
leaf_weight=16.839882388710976 17.586368903517727 8.7712019234895688 21.030576288700104 25.118606999516487 76.277821034193039 52.233371049165726 24.193387180566788 289.13099603354931 40.821152701973915 34.601882770657539 58.936091274023056 4.938486009836196
leaf_count=62 91 34 75 91 297 178 95 1109 143 125 216 25
internal_value=0.000498974 0.00607841 -5.34144e-05 0.0133368 -0.00729203 0.0165661 0.0207561 -0.00220444 -0.00091331 0.0104539 -0.00354262 -0.0232829
internal_weight=670.48 224.465 139.267 46.1492 93.1177 85.198 76.4268 446.015 423.49 75.423 348.067 22.5249
internal_count=2541 832 525 166 359 307 273 1709 1593 268 1325 116
is_linear=0
shrinkage=0.05


Tree=59
num_leaves=15
num_cat=0
split_feature=127 110 108 32 19 95 80 77 16 92 74 80 37 10
split_gain=29.2317 12.9077 5.57884 5.55824 7.05891 4.8431 4.75587 4.69299 4.30763 5.48987 4.09612 2.90241 2.37662 3.1575
threshold=0.43732677444137097 0.22482473162029359 0.16414313623249874 12.183333333333335 3.9000000000000004 -0.46239900000000006 0.3253551666666667 0.29285714285714287 2.0279441000000005 0.52222222222222248 0.41428571428571431 0.12028133333333314 2.4397870500000001 1.6271190000000002
decision_type=2 2 2 2 2 2 2 2 2 2 2 2 2 2
left_child=1 5 12 4 -4 7 -5 -1 9 -3 -7 -10 13 -2
right_child=2 8 3 6 -6 10 -8 -9 11 -11 -12 -13 -14 -15
leaf_value=-0.010634547604909466 0.03752280553340253 -0.00086663489157523055 0.0046622583463330307 -0.0085698822609300805 0.033863096059761115 -0.022401079102015831 0.01353206086302316 0.032510051228010713 0.0052910037814876453 0.019434656791308621 0.0018326591948552063 -0.020003801887281909 0 0.0035849557672403935
leaf_weight=18.799969598650936 42.066011220216751 246.89967821538448 53.601724863052368 57.20583313703537 38.997846603393555 156.2957229912281 40.595772475004196 8.0183188617229444 11.148700475692747 36.915243327617645 15.224624320864676 41.584642425179482 9.5335927009582502 12.469415158033369
leaf_count=73 118 748 148 163 108 645 113 29 36 108 56 135 26 35
internal_value=-7.01229e-05 -0.00676781 0.0137838 0.00900244 0.0177246 -0.0168619 0.000142299 0.00117269 -0.00063856 0.00165733 -0.019962 -0.0137266 0.0268681 0.0308676
internal_weight=789.357 534.887 254.47 190.401 92.5996 198.339 97.8016 26.8183 336.548 283.815 171.52 52.7333 64.069 54.5354
internal_count=2541 1830 711 532 256 803 276 102 1027 856 701 171 179 153
is_linear=0
shrinkage=0.05


Tree=60
num_leaves=15
num_cat=0
split_feature=110 114 109 109 26 67 124 74 30 42 96 125 19 71
split_gain=27.8296 8.06128 6.5787 6.52919 6.99133 5.74211 5.31956 4.15537 6.54368 4.47212 4.09481 4.74985 3.22163 1.99207
threshold=0.29300844319360103 2.6694688448906247 0.25370363391715128 0.26281566721602939 4.7333333333333343 0.38750000000000007 0.5931404113118206 0.2678571428571429 1.6609967500000005 1.1666666666666667 -0.33472868333333333 0.26759464494530644 6.4500000000000011 0.29285714285714287
decision_type=2 2 2 2 2 2 2 2 2 2 2 2 2 2
left_child=1 3 10 4 -1 -5 13 9 -9 -4 11 -2 -12 -3
right_child=2 6 7 5 -6 -7 -8 8 -10 -11 12 -13 -14 -15
leaf_value=0.017397613256165605 -0.017925386264482149 -0.039418388467929007 -0.018779556176257619 0.010472623550000459 -0.00061507548116285378 -0.013283226728431633 0.01376648638679228 -0.0035285506596460167 0.024978473339163774 -0.00083147932286352149 -0.023940463002034954 0.024062299809756452 0.0020299829549493028 -0.0043020435857268613
leaf_weight=255.64933300018311 14.509316712617876 13.940964847803118 74.519323766231537 51.735621750354767 61.405419498682022 47.690492421388626 9.2530662417411786 92.131674587726593 24.224940776824951 75.865177869796753 117.32170628011227 10.901970744132994 9.231214374303816 10.853056728839872
leaf_count=719 49 38 220 140 169 130 25 268 68 217 409 33 26 30
internal_value=-0.000288172 0.00826842 -0.00961198 0.0102573 0.0137608 -0.000442978 -0.0142321 -0.00459649 0.00214271 -0.0101208 -0.0180011 0 -0.021653 -0.0267481
internal_weight=869.233 450.528 418.705 416.481 317.055 99.4261 34.0471 266.741 116.357 150.385 151.964 25.4113 126.553 24.794
internal_count=2541 1251 1290 1158 888 270 93 773 336 437 517 82 435 68
is_linear=0
shrinkage=0.05


Tree=61
num_leaves=13
num_cat=0
split_feature=82 2 89 16 33 101 109 82 87 98 27 35
split_gain=3.9769 5.44586 6.49468 6.28265 6.1096 4.79099 4.31149 3.49877 2.70814 1.89405 1.70694 1.23926
threshold=0.29574116666666672 2.5659216666666671 -0.1092056 1.0144245000000003 3.4722222222222228 1.7750000000000001 0.27779841331978677 0.47111050000000021 1.1097490999999999 -0.5857142857142853 4.5500000000000007 0.95000000000000007
decision_type=2 2 2 2 2 2 2 2 2 2 2 2
left_child=1 2 3 -1 -4 -2 7 -7 11 -8 -10 -3
right_child=5 8 4 -5 -6 6 9 -9 10 -11 -12 -13
leaf_value=-0.020299195296667061 0.022678004676286532 0 0.033258076815852904 0.0021543097659339019 0.0071771363498513837 -0.015575545621169319 -0.0027559535724623052 0.0016558772747617249 0.018582504792447264 -0.035022624123895722 -0.012268768566832467 -0.035065543112911324
leaf_weight=34.839323759078979 11.463687941431997 5.7307005822658565 26.988471537828445 228.5572841912508 178.89049531519413 42.153975665569305 10.735724255442621 79.673276200890541 6.3321515619754818 19.569187074899673 10.529739066958426 14.12196074426174
leaf_count=130 41 25 96 864 665 167 38 306 28 70 45 66
internal_value=0.000531895 0.00279162 0.00433569 -0.000692036 0.010982 -0.00612798 -0.00875905 -0.00397763 -0.0152103 -0.0256423 0 -0.0272599
internal_weight=669.586 505.99 469.276 263.397 205.879 163.596 152.132 121.827 36.7146 30.3049 16.8619 19.8527
internal_count=2541 1919 1755 994 761 622 581 473 164 108 73 91
is_linear=0
shrinkage=0.05


Tree=62
num_leaves=14
num_cat=0
split_feature=125 110 108 22 93 108 88 126 74 93 93 10 124
split_gain=26.752 9.98083 6.24573 7.33132 6.91439 5.10634 4.00011 3.75428 3.65826 3.56403 1.86353 1.40953 1.04684
threshold=0.36545831901092479 0.48565277282276925 0.16414313623249874 2.1000000000000005 0.16666666666666671 0.62437468098439397 0.48984470000000013 0.28244254813685216 0.41428571428571431 0.92777777777777792 -0.10555555555555561 1.2687418333333336 0.55104550313292633
decision_type=2 2 2 2 2 2 2 2 2 2 2 2 2
left_child=2 5 9 4 -4 6 -2 -5 -7 10 -1 -3 -11
right_child=1 11 3 7 -6 8 -8 -9 -10 12 -12 -13 -14
leaf_value=0.0077115993289368304 -0.0091126659465947616 0.0037653025427291167 0.009473886432341554 0.034081420034695914 -0.0070581815453107741 -0.023288252102654811 0.0097096658066591034 0 0.0053925993086458368 -0.0061354474243721837 0.036105072087166852 0.034715016011568726 0.014912247158464585
leaf_weight=13.294406384229658 255.25881683826447 11.711748063564302 155.19915968179703 31.160151153802872 102.5053271651268 98.080199748277664 28.388677984476089 12.539372235536574 9.0643261373043043 10.016375571489336 38.111589014530182 11.257893949747084 9.16055119037628
leaf_count=37 855 32 439 88 292 444 92 36 34 27 109 31 25
internal_value=-7.10577e-05 -0.00887156 0.00958124 0.00617516 0.00270291 -0.0108552 -0.0070257 0.0250145 -0.0203721 0.023138 0.0300034 0.0218358 0.00168144
internal_weight=785.749 413.762 371.987 301.404 257.704 390.792 283.647 43.6995 107.145 70.5829 51.406 22.9696 19.1769
internal_count=2541 1488 1053 855 731 1425 947 124 478 198 146 63 52
is_linear=0
shrinkage=0.05


Tree=63
num_leaves=13
num_cat=0
split_feature=108 30 116 40 89 27 89 84 96 17 108 96
split_gain=25.7139 9.04402 6.06372 4.83449 4.76745 5.67145 4.35848 4.30542 4.41743 3.33864 3.19034 2.44755
threshold=0.35421441107277646 2.0721295000000004 0.39829783656525991 4.354166666666667 -0.39635376999999988 4.9000000000000012 -0.86389710000000008 1.1666666666666672 0.22834579999999996 1.3138144000000003 0.62437468098439397 -0.014831240000000022
decision_type=2 2 2 2 2 2 2 2 2 2 2 2
left_child=6 2 3 -2 5 -3 -1 8 -8 -4 -6 -9
right_child=1 4 9 -5 10 -7 7 11 -10 -11 -12 -13
leaf_value=0.019477015587944221 0.0082205227287782175 -0.023388412961948064 0 -0.0062274573778625742 0.0083336059442967216 0.017664451645175366 -0.018938594519545413 0.024563713202152528 -0.002641789482914535 -0.019874650220559606 0.02695084247627625 -0.0070858819183630632
leaf_weight=8.2603630125522596 259.08329007029533 14.5521557033062 46.664756864309311 69.712410509586334 47.519749790430069 17.17541915178299 202.22017207741737 10.001339703798296 62.142100319266319 41.011358112096786 77.474867552518845 9.4557840675115568
leaf_count=25 710 40 129 191 129 48 661 29 201 113 236 29
internal_value=-0.000311601 0.0057804 0.00177843 0.00499601 0.0160195 0 -0.0124164 -0.0135853 -0.0153206 -0.00964428 0.0203922 0.00714398
internal_weight=865.274 573.194 416.472 328.796 156.722 31.7276 292.08 283.819 264.362 87.6761 124.995 19.4571
internal_count=2541 1596 1143 901 453 88 945 920 862 242 365 58
is_linear=0
shrinkage=0.05


Tree=64
num_leaves=13
num_cat=0
split_feature=121 126 74 100 126 27 96 16 92 10 112 112
split_gain=3.95368 4.1865 6.37348 4.29628 3.97389 3.92444 3.3522 3.06524 3.78156 4.75261 2.00671 1.33137
threshold=24.57 0.19919390947487953 0.10555555555555557 0.19090909090909094 0.28652084533443428 3.6333333333333337 0.31937280000000007 1.5857315000000001 -0.7749999999999998 1.5187381666666671 0.48071775552691592 0.52473975111050841
decision_type=2 2 2 2 2 2 2 2 2 2 2 2
left_child=7 3 4 10 -3 -5 -4 8 -1 -10 -2 -9
right_child=1 2 6 5 -6 -7 -8 11 9 -11 -12 -13
leaf_value=-0.029167800860336018 0 0.0080893926158390455 -0.0014470348172148828 0.019120262126239292 0.030892364097906445 -0.0072805666600239544 0.013393583913349331 -0.03548777788536088 -0.010190024059969075 0.025576111313495423 -0.02645777245952935 -0.0028687628553209772
leaf_weight=9.1830753535032255 6.3068717718124381 114.65969432890415 319.49742390215397 18.861892804503441 25.921425208449364 47.105191603302956 42.036489196121693 13.856254354119303 18.155789390206337 15.502949252724646 28.999391421675682 8.8535235375165922
leaf_count=35 26 427 1184 73 92 197 153 59 68 58 134 35
internal_value=0.000555379 0.00189892 0.00383595 -0.00715961 0.0128356 0 0.000172789 -0.0109031 -0.00159972 0.00510357 -0.0209817 -0.0255373
internal_weight=668.94 603.388 502.115 101.273 140.581 65.9671 361.534 65.5516 42.8418 33.6587 35.3063 22.7098
internal_count=2541 2286 1856 430 519 270 1337 255 161 126 160 94
is_linear=0
shrinkage=0.05


Tree=65
num_leaves=16
num_cat=0
split_feature=127 110 84 57 32 109 95 88 77 32 16 92 72 29 80
split_gain=24.5993 10.9726 4.78408 6.526 6.41514 4.88241 4.68421 5.06471 4.45102 4.23917 3.78622 5.12923 3.74292 3.15132 2.74293
threshold=0.43732677444137097 0.22482473162029359 -0.99999999999999956 1.5500000000000003 12.850000000000003 0.27111590154445814 -0.46239900000000006 0.48984470000000013 0.29285714285714287 12.050000000000002 2.0279441000000005 0.52222222222222248 1.2928571428571431 1.6458333333333337 0.12028133333333314
decision_type=2 2 2 2 2 2 2 2 2 2 2 2 2 2 2
left_child=1 6 5 4 -4 12 8 -8 -1 -5 11 -3 -2 -7 -12
right_child=2 10 3 9 -6 13 7 -9 -10 -11 14 -13 -14 -15 -16
leaf_value=-0.0095419720136239589 0.053703938003178013 -0.00095549865464262759 0.0062439002286650627 0.048195563397039114 -0.022983588677992564 -0.011854732055154278 -0.023289211269945837 -0.00010506317989838256 0.032432355394805566 0.0090308842454882212 0.0054232253767102752 0.01864306835355628 0.019893007281103041 0.019793229727672893 -0.019197307002227312
leaf_weight=18.355592235922817 11.313666403293608 246.55149534344673 55.392901927232742 10.508986085653303 26.378704369068146 17.423019498586658 132.43332320451736 33.928258910775185 8.0197126269340497 31.298370093107224 11.118524342775343 37.051570057868958 88.963256537914276 12.500790268182753 41.001148194074631
leaf_count=73 31 748 155 29 76 49 563 138 29 89 36 108 248 34 135
internal_value=-6.65684e-05 -0.00627264 0.0126343 0.00497047 -0.00274429 0.019434 -0.0157605 -0.0188886 0.00211285 0.0209395 -0.000646599 0.0014858 0.024694 0 -0.0130006
internal_weight=782.239 528.46 253.78 123.579 81.7716 130.201 192.737 166.362 26.3753 41.8074 335.723 283.603 100.277 29.9238 52.1197
internal_count=2541 1830 711 349 231 362 803 701 102 118 1027 856 279 83 171
is_linear=0
shrinkage=0.05


Tree=66
num_leaves=11
num_cat=0
split_feature=108 109 109 88 13 89 84 96 96 95
split_gain=23.2972 8.49072 4.41673 6.01205 5.03218 4.10887 4.04616 4.22133 2.28998 2.26284
threshold=0.35421441107277646 0.13590917139855271 0.26281566721602939 0.40336940000000016 3.1666666666666674 -0.86389710000000008 1.1666666666666672 0.2794436500000001 -0.014831240000000022 0.5233403499999999
decision_type=2 2 2 2 2 2 2 2 2 2
left_child=5 9 3 -3 -4 -1 7 -7 -8 -2
right_child=1 2 4 -5 -6 6 8 -9 -10 -11
leaf_value=0.018955539094232587 0.037874513885583966 0.010865947381020737 -0.015895986105243006 -0.0060854740326938619 0.0022464871263454143 -0.017844598492111681 0.023790252780744137 -0.00062782223906452436 -0.0067140911530874179 0.0047738888943689708
leaf_weight=8.2941817045211774 24.199649840593338 260.11459222435951 47.587810784578323 60.647950202226639 167.49043747782707 211.8372375369072 10.052789121866228 50.18260158598423 9.4107808619737607 11.631961196660994
leaf_count=25 83 720 131 167 461 699 29 163 29 34
internal_value=-0.000322238 0.00547082 0.00375951 0.00749652 -0.00159127 -0.0119022 -0.0130524 -0.0147522 0.00699046 0.028908
internal_weight=861.45 571.672 535.841 320.763 215.078 289.778 281.483 262.02 19.4636 35.8316
internal_count=2541 1596 1479 887 592 945 920 862 58 117
is_linear=0
shrinkage=0.05


Tree=67
num_leaves=13
num_cat=0
split_feature=81 97 84 121 112 11 34 4 81 32 34 112
split_gain=3.9306 5.9376 4.75057 4.07858 5.25746 4.83519 4.76196 7.31686 5.50762 4.06719 4.06056 1.60342
threshold=-0.033448333333333295 1.235714285714286 2.8333333333333344 39.975000000000001 0.51612312324314247 15.833333333333334 6.3166666666666673 10.833333333333334 -0.76367799999999997 19.450000000000003 4.6833333333333345 0.48786455275004903
decision_type=2 2 2 2 2 2 2 2 2 2 2 2
left_child=3 2 9 4 10 -6 7 -5 -8 -2 -1 -3
right_child=1 11 -4 6 5 -7 8 -9 -10 -11 -12 -13
leaf_value=0 0.0038389313386164021 0 0.036440784204046305 -0.012133120825852398 -0.0041485202588327297 0.033345198221798197 0.0089309172899399315 0.012285060852806394 -0.019630461910611692 0.038799566274594827 -0.023907639402488426 -0.028396046746293292
leaf_weight=23.727975487709045 257.1439326107502 5.5668029487133053 12.606913164258001 38.211080208420753 47.105567112565041 9.2612801194190961 22.789512172341347 121.43611608445644 46.04558277130127 8.0679437667131406 61.815239869058132 14.55571439117193
leaf_count=88 947 24 48 144 182 35 91 447 186 33 246 70
internal_value=0.000569418 0.00489759 0.00695317 -0.00278132 -0.00944845 0.00161413 0.00116487 0.00609025 -0.00946608 0.00523203 -0.0172501 -0.020101
internal_weight=668.334 297.941 277.819 370.392 141.91 56.3668 228.482 159.647 68.8351 265.212 85.5432 20.1225
internal_count=2541 1122 1028 1419 551 217 868 591 277 980 334 94
is_linear=0
shrinkage=0.05


Tree=68
num_leaves=15
num_cat=0
split_feature=127 110 108 102 95 88 36 77 4 116 4 88 37 10
split_gain=22.5246 10.1016 4.61319 6.35671 4.48689 4.8959 4.2646 4.16036 3.41321 4.25275 4.14841 3.14656 2.25052 3.14407
threshold=0.43732677444137097 0.22482473162029359 0.16414313623249874 3.5000000000000004 -0.46239900000000006 0.48984470000000013 2.0500000000000003 0.29285714285714287 10.833333333333334 -0.088023149777684759 10.16666666666667 -0.16502519999999996 2.4397870500000001 1.6271190000000002
decision_type=2 2 2 2 2 2 2 2 2 2 2 2 2 2
left_child=1 4 12 11 7 -6 -5 -1 10 -10 -3 -4 13 -2
right_child=2 8 3 6 5 -7 -8 -9 9 -11 -12 -13 -14 -15
leaf_value=-0.0090879221012076343 0.034731880148974895 0 0.0040461402310757186 0.00767868299540815 -0.022715665102361719 0 0.032059117664408748 0.031342499899347995 0.0046231179185957398 -0.0086255956936124242 0.023948671263297402 -0.028617349242805998 0 0.0011508392053405506
leaf_weight=18.174341738224033 40.962300688028336 57.066139191389084 8.8573484420776385 144.51573252677917 130.02292810380459 33.74938590824604 22.234188884496689 8.1166933774948102 90.284059748053551 161.89146576821804 26.213108777999878 15.262886494398115 9.4481165707111341 12.238027811050413
leaf_count=73 118 170 25 402 563 138 62 29 280 499 78 43 26 35
internal_value=-6.82234e-05 -0.00603521 0.0120794 0.00774857 -0.0152252 -0.0183311 0.0113993 0.00225294 -0.000649949 -0.00368527 0.00788261 -0.0149488 0.0241595 0.0280933
internal_weight=779.037 525.518 253.519 190.87 190.063 163.772 166.75 26.291 335.455 252.176 83.2792 24.1202 62.6484 53.2003
internal_count=2541 1830 711 532 803 701 464 102 1027 779 248 68 179 153
is_linear=0
shrinkage=0.05


Tree=69
num_leaves=11
num_cat=0
split_feature=108 109 126 81 127 89 108 31 98 95
split_gain=21.2312 8.02549 4.65328 4.83464 4.57648 3.88562 3.83312 3.34009 2.89327 2.1607
threshold=0.35421441107277646 0.13590917139855271 0.28538576711033387 0.85134316666666665 0.38201246040916115 -0.86389710000000008 0.17268812249831303 1.4266658000000003 -0.96111111111111092 0.5233403499999999
decision_type=2 2 2 2 2 2 2 2 2 2
left_child=5 9 3 -3 -4 -1 8 -8 -7 -2
right_child=1 2 4 -5 -6 6 7 -9 -10 -11
leaf_value=0.018464232203834852 0.037114897069536516 0.0072188814270696469 -0.011884109554091551 -0.012291194729360119 0.017198847553764742 -0.03026134146243702 -0.0024647142581721722 -0.015331434692232757 0 0.0045285878675987365
leaf_weight=8.3296865224838239 23.618417784571648 413.61268988251686 75.367171585559845 31.725260436534882 14.347745776176451 44.901937156915665 110.95464181900024 112.74478955566883 10.683488130569456 11.600358396768568
leaf_count=25 83 1144 207 88 40 188 333 358 41 34
internal_value=-0.000329329 0.0051954 0.00353923 0.00569256 -0.00654349 -0.0114369 -0.0125697 -0.00921145 -0.0247997 0.0281835
internal_weight=857.886 570.272 535.053 445.338 89.7149 287.615 279.285 223.699 55.5854 35.2188
internal_count=2541 1596 1479 1232 247 945 920 691 229 117
is_linear=0
shrinkage=0.05


Tree=70
num_leaves=13
num_cat=0
split_feature=63 9 118 30 56 110 93 41 82 51 30 124
split_gain=3.9101 5.4264 4.92912 4.46182 4.4289 3.80816 3.63579 3.38621 3.1675 2.62406 1.58733 1.57553
threshold=1.1000000000000003 0.66139798333333355 56.550000000000004 1.4348696500000002 0.29166666666666669 0.10549666006626353 1.6125000000000003 3.4722222222222228 -0.083794816666666758 2.1666666666666674 2.0484048500000003 0.5868625207653535
decision_type=2 2 2 2 2 2 2 2 2 2 2 2
left_child=1 7 3 -3 -4 10 9 8 -1 -7 -2 -9
right_child=5 2 4 -5 -6 6 -8 11 -10 -11 -12 -13
leaf_value=0.031904833059501425 0 0.050003946477788046 -0.00093702963163497114 0.0090249672373406871 0.016281417965977606 -0.0041060366397827376 0.029624584773903506 -0.026728455251486802 -0.0097798052779587367 0.0048304683587863523 -0.030279118877228707 0
leaf_weight=6.7882961630821228 6.051832944154742 13.06546890735626 91.277623414993286 21.100423827767372 56.90065810084343 306.63768303394318 8.3997602611780149 20.587162017822269 7.6626830250024778 107.15811292827129 15.41024551540613 6.6528805643320075
leaf_count=25 26 45 344 75 206 1152 31 83 29 410 90 25
internal_value=0.000586608 0.00601384 0.00986681 0.027094 0.00540453 -0.00204891 -0.000855995 -0.00950312 0.00736296 -0.0016652 -0.0222068 -0.0201651
internal_weight=667.693 224.035 182.344 34.1659 148.178 443.658 422.196 41.691 14.451 413.796 21.4621 27.24
internal_count=2541 832 670 120 550 1709 1593 162 54 1562 116 108
is_linear=0
shrinkage=0.05


Tree=71
num_leaves=13
num_cat=0
split_feature=125 110 31 7 12 38 4 95 99 18 97 81
split_gain=20.8547 8.67874 5.63488 5.29831 6.25516 4.86393 7.39508 4.64184 4.42655 3.35335 1.64486 1.59861
threshold=0.36545831901092479 0.48565277282276925 1.4468000500000002 2.1666666666666674 4.416666666666667 1.5132706000000002 12.16666666666667 -0.44515224999999992 0.6515151515151516 10.900000000000002 -0.79999999999999993 -0.24979416666666673
decision_type=2 2 2 2 2 2 2 2 2 2 2 2
left_child=2 5 8 4 -4 6 -2 -7 9 -1 -5 -3
right_child=1 11 3 10 -6 7 -8 -9 -10 -11 -12 -13
leaf_value=0.013435370335597907 0.016610092364784248 0 0.017567524625703556 0.044040145881753062 -0.0035932647998765861 0.00019118077189513762 -0.0095246413918600292 -0.016849497463852215 0.034098768827496184 -0.003024255922007924 0.01035162237595616 0.0307542831723309
leaf_weight=37.981300711631775 37.1469956189394 9.0615815222263354 98.540121510624886 19.54286086559296 47.992372810840607 42.025951042771339 89.534498855471611 213.3702051192522 9.3266215622425062 146.69540865719318 10.803887665271757 13.975455850362776
leaf_count=107 116 25 277 56 133 153 327 829 28 422 30 38
internal_value=-7.64536e-05 -0.00797341 0.00841318 0.0148951 0.0103206 -0.00987395 -0.00139945 -0.0138606 0.00220091 0.000145734 0.0343544 0.0205669
internal_weight=775.997 405.115 370.883 176.879 146.532 382.078 126.681 255.396 194.003 184.677 30.3467 23.037
internal_count=2541 1488 1053 496 410 1425 443 982 557 529 86 63
is_linear=0
shrinkage=0.05


Tree=72
num_leaves=12
num_cat=0
split_feature=110 114 2 75 109 90 124 31 95 71 123
split_gain=19.4473 7.17367 5.50544 5.36376 5.25175 5.94069 4.97088 4.3004 3.95259 1.74821 1.1595
threshold=0.29300844319360103 2.6694688448906247 2.5848150000000008 2.2500000000000004 0.13538306018511889 0.33333333333333343 0.5931404113118206 1.7137141000000002 0.15215630000000016 0.29285714285714287 0.611885361486317
decision_type=2 2 2 2 2 2 2 2 2 2 2
left_child=1 4 3 7 10 -6 9 -2 -5 -3 -1
right_child=2 6 -4 8 5 -7 -8 -9 -10 -11 -12
leaf_value=0.0058456927247102324 -0.0035034748858768349 -0.038678898625363584 0.019422539968155367 -0.031649151708993788 0.01333728871212643 0.0005544754587257178 0.012451324745972665 -0.017109891558798634 0 -0.004864082521951028 0.035630042627483677
leaf_weight=9.5206856131553668 259.41119606792927 13.858292967081072 15.184620544314383 41.584503546357155 183.52684709429741 196.26265028119087 9.2386974394321424 80.391906559467316 12.875382632017134 10.790190279483793 21.854924067854881
leaf_count=31 790 38 42 147 506 546 25 266 45 30 75
internal_value=-0.000347263 0.00681921 -0.00825637 -0.00949533 0.00872536 0.00688166 -0.0144628 -0.00691 -0.0243095 -0.0265922 0.0285963
internal_weight=854.5 445.052 409.448 394.263 411.165 379.789 33.8872 339.803 54.4599 24.6485 31.3756
internal_count=2541 1251 1290 1248 1158 1052 93 1056 192 68 106
is_linear=0
shrinkage=0.05


Tree=73
num_leaves=13
num_cat=0
split_feature=82 2 89 89 120 100 89 74 81 87 27 72
split_gain=3.7713 4.84285 6.02701 6.03921 5.86135 4.50404 3.70663 3.78799 2.88436 2.60825 1.60858 0.207453
threshold=0.29574116666666672 2.5659216666666671 -0.1092056 -0.17800409999999997 1.0000000180025095e-35 0.57738095238095244 0.30262930000000005 0.13392857142857145 0.70955350000000028 1.1097490999999999 4.5500000000000007 1.0500000000000003
decision_type=2 2 2 2 2 2 2 2 2 2 2 2
left_child=1 2 3 -1 -4 6 8 -8 -2 11 -11 -3
right_child=5 9 4 -5 -6 -7 7 -9 -10 10 -12 -13
leaf_value=0.002255996119680922 -0.02189080597296035 -0.0073505343405433207 0.0068338421467055059 -0.019453541451922404 0.031955027887463509 0.023128665003083235 0.013097471287414309 -0.0085714386979356752 0.0071932753922043487 0.018495410917926072 -0.011579186342540519 -0.033846622269563621
leaf_weight=226.39234524965286 54.672855608165264 7.7358226627111462 178.22211039066315 36.089276500046253 28.129055112600327 10.582027062773703 27.800736978650093 62.767478138208389 6.7100733667612067 6.3209761381149319 10.314950764179228 11.366193145513533
leaf_count=856 215 39 661 138 100 37 105 240 25 28 45 52
internal_value=0.000604614 0.00280612 0.00425061 -0.000601642 0.010637 -0.0058994 -0.00838585 -0.00130353 -0.0178456 -0.0143824 0 -0.0265032
internal_weight=667.104 504.571 468.833 262.482 206.351 162.533 151.951 90.5682 61.3829 35.7379 16.6359 19.102
internal_count=2541 1919 1755 994 761 622 585 345 240 164 73 91
is_linear=0
shrinkage=0.05


Tree=74
num_leaves=15
num_cat=0
split_feature=125 40 28 14 69 112 31 7 12 17 0 126 88 97
split_gain=19.1583 8.2399 7.17607 7.89917 7.06354 8.07094 5.13367 5.00395 5.90955 4.14874 4.06946 3.72226 2.66046 1.54677
threshold=0.36545831901092479 4.3166666666666673 1.8166666666666669 1.9000000000000001 0.95000000000000007 0.51354195808853909 1.4468000500000002 2.1666666666666674 4.416666666666667 1.7127853000000002 0.58333333333333337 0.28664697627066399 0.62437780000000032 -0.79999999999999993
decision_type=2 2 2 2 2 2 2 2 2 2 2 2 2 2
left_child=6 4 3 -3 5 -2 9 8 -8 11 -6 -1 -4 -9
right_child=1 2 12 -5 10 -7 7 13 -10 -11 -12 -13 -14 -15
leaf_value=0.0073525168883102378 0.020713269524873918 0.0044569194505140238 -0.019184902517836597 0.050475973994034667 0.014254447807120983 -0.022396046663221654 0.016849852555782984 0.042720116127611452 -0.0037107448951783084 -0.029309190290499828 -0.017567791763186312 -0.011022833354260117 0.0096582033489323732 0.0098295739507601974
leaf_weight=154.51050953567028 29.315738946199417 74.375048160552979 36.644871637225151 10.387339770793913 8.0570374429225904 15.284147143363951 98.613778412342072 19.336457550525669 47.970366090536118 8.6316475570201856 221.38640208542347 30.786909520626068 6.9578826725482932 10.802122652530668
leaf_count=443 96 231 145 33 28 53 277 56 133 25 877 89 25 30
internal_value=-7.34587e-05 -0.00768235 0.00243785 0.0112022 -0.0125962 0.00467627 0.00805125 0.0142444 0.00980296 0.002107 -0.0161764 0.00398831 -0.0133479 0.0332316
internal_weight=773.06 402.408 128.365 84.7624 274.043 44.5999 370.652 176.723 146.584 193.929 229.443 185.297 43.6028 30.1386
internal_count=2541 1488 434 264 1054 149 1053 496 410 557 905 532 170 86
is_linear=0
shrinkage=0.05


Tree=75
num_leaves=14
num_cat=0
split_feature=108 109 109 90 37 13 37 88 114 99 32 75 123
split_gain=17.7833 6.60412 5.2878 5.09714 5.86385 5.65812 4.58347 4.18606 4.40402 3.8883 3.57486 3.02187 1.12686
threshold=0.47632684672723585 0.25370363391715128 0.13538306018511889 0.33333333333333343 1.3710222333333335 4.166666666666667 1.5604289500000001 -0.048297699999999937 1.6879835303524511 0.44949494949494956 14.775000000000002 2.2500000000000004 0.611885361486317
decision_type=2 2 2 2 2 2 2 2 2 2 2 2 2
left_child=1 6 12 5 -5 -4 10 8 -3 -9 -1 -8 -2
right_child=2 7 3 4 -6 -7 11 9 -10 -11 -12 -13 -14
leaf_value=-0.034389248903104373 0.0054055156095734512 -0.0026369529542903643 0.0019258531778894262 0.0053717375410588589 -0.015236549109475563 0.022346150025444156 -0.00064968085478430988 -0.0035731445531234115 0.013485708982634965 -0.02305838103862369 0 -0.019499070596710431 0.034887180565613123
leaf_weight=40.75146709382534 9.4578996896743792 136.08291763067245 72.024450391530991 139.51212339103222 44.683216512203217 75.312414646148682 62.488361015915871 106.74521604180336 58.630888909101486 37.096112340688705 10.187112331390379 36.77686719596386 21.405818328261375
leaf_count=145 31 397 199 390 123 210 221 310 165 108 30 137 75
internal_value=-0.000357903 -0.00663154 0.00796065 0.00587812 4.71917e-05 0.0127812 -0.0153906 -0.00256436 0.00200642 -0.00906802 -0.0279033 -0.00825671 0.0278752
internal_weight=851.155 488.759 362.396 331.532 184.195 147.337 150.204 338.555 194.714 143.841 50.9386 99.2652 30.8637
internal_count=2541 1513 1028 922 513 409 533 980 562 418 175 358 106
is_linear=0
shrinkage=0.05


Tree=76
num_leaves=13
num_cat=0
split_feature=121 63 21 50 103 11 83 81 16 92 10 113
split_gain=3.64183 4.02182 5.32274 5.40139 4.75083 3.66412 5.74214 4.17981 2.96302 3.49832 4.35025 1.2605
threshold=24.57 1.1000000000000003 0.90000000000000013 0.41666666666666669 4.5000000000000009 15.16666666666667 -0.33333333333333331 -0.1989896666666667 1.5857315000000001 -0.7749999999999998 1.5187381666666671 0.47557582366742684
decision_type=2 2 2 2 2 2 2 2 2 2 2 2
left_child=8 2 4 -4 -2 7 -7 -3 9 -1 -11 -10
right_child=1 5 3 -5 -6 6 -8 -9 11 10 -12 -13
leaf_value=-0.02831999119477361 0.017260375233899318 -0.0097406395912060864 0.021724199083345368 -0.007561039237328801 -0.0062863244343094073 -0.0025447679632891579 0.024109785465550319 0.0014813987332064019 -0.0027756991258692794 -0.0097015405411591173 0.024425255028208137 -0.034935648170045595
leaf_weight=8.9051504880189878 28.226875066757202 142.70334459841251 78.979034841060638 16.18994252383709 79.21144625544548 41.714068964123726 33.367325901985168 181.37814144790173 8.8279821723699587 17.956455767154694 15.705054983496664 13.404967226088045
leaf_count=35 106 558 278 59 306 164 125 690 35 68 58 59
internal_value=0.000615846 0.00190461 0.0076507 0.0161955 0 -0.000898875 0.00880493 -0.00332098 -0.0104396 -0.00129446 0.00502339 -0.0249872
internal_weight=666.57 601.77 202.607 95.169 107.438 399.163 75.0814 324.081 64.7996 42.5667 33.6615 22.2329
internal_count=2541 2286 749 337 412 1537 289 1248 255 161 126 94
is_linear=0
shrinkage=0.05


Tree=77
num_leaves=16
num_cat=0
split_feature=127 31 116 2 6 40 17 84 57 32 109 32 72 101 10
split_gain=17.8698 7.11596 5.27688 4.93694 4.76874 4.76884 4.14257 3.99126 6.11344 5.80071 4.37257 3.93605 3.73905 3.34304 2.34174
threshold=0.43732677444137097 1.1714792500000002 -0.80787981341549386 1.335868166666667 7.166666666666667 4.3166666666666673 0.89746935999999999 -0.99999999999999956 1.5500000000000003 12.850000000000003 0.27111590154445814 12.050000000000002 1.6500000000000001 2.2928571428571431 2.5105466666666674
decision_type=2 2 2 2 2 2 2 2 2 2 2 2 2 2 2
left_child=1 2 6 -4 5 -3 -1 10 9 -9 12 -10 -2 -12 -6
right_child=7 4 3 -5 14 -7 -8 8 11 -11 13 -13 -14 -15 -16
leaf_value=0.026433565657656224 0.040869716533827059 -0.003150665284551539 0.00048127144383523193 -0.021604037338077767 -0.021328971910259825 0.010238873967391463 -0.0098508101618847797 0.0047349206918258502 0.045327778836083465 -0.022970762649406826 -0.023622798238354309 0.0077617899225357282 0.015230672591050402 0.011174220190847762 0.004910243702036108
leaf_weight=12.427208825945856 22.85896360874176 198.63315261900425 26.27075383067131 122.660977602005 37.704404920339584 97.256616234779358 15.843824848532675 55.450219988822937 10.564698249101637 26.276019901037216 9.0741756260395068 31.362113416194916 76.170761197805405 20.91070893406868 6.8058576285839072
leaf_count=44 63 679 88 512 133 293 55 155 29 76 25 89 216 58 26
internal_value=-7.27784e-05 -0.00545617 -0.0135769 -0.0173976 -0.00105488 0.00110162 0.00474885 0.0107363 0.00373939 -0.0037384 0.0169775 0.0192278 0.0219982 0 -0.0161985
internal_weight=770.27 517.603 177.203 148.932 340.4 295.89 28.271 252.668 123.653 81.7262 129.015 41.9268 99.0297 29.9849 44.5103
internal_count=2541 1830 699 600 1131 972 99 711 349 231 362 118 279 83 159
is_linear=0
shrinkage=0.05


Tree=78
num_leaves=12
num_cat=0
split_feature=108 110 114 88 95 51 72 16 97 28 115
split_gain=16.4093 6.54648 5.43114 5.20741 5.83571 4.00315 5.39587 5.27867 3.66859 2.70802 2.34233
threshold=0.5198317777782745 0.54537681831136353 2.6694688448906247 0.40336940000000016 0.19473539999999992 0.83333333333333337 0.63333333333333341 0.97628440000000016 1.0000000180025095e-35 1.8875000000000002 1.5112992587863667
decision_type=2 2 2 2 2 2 2 2 2 2 2
left_child=1 5 3 8 -5 7 -7 -1 -2 10 -3
right_child=2 9 -4 4 -6 6 -8 -9 -10 -11 -12
leaf_value=0.010024420581780838 0.0285279996099311 -0.00095966709052897081 -0.016176080076037345 -0.02971932841172388 0.0061977290287967843 0.031137849412598437 -0.0016725246463465645 -0.017324700414193994 0.010804791069119475 0.0020648984907626184 -0.025828703438281943
leaf_weight=19.122574672102928 42.036120310425758 16.315360337495804 17.533897697925568 13.381918191909788 49.727975368499756 11.949391692876814 351.11548236012459 83.290544062852859 172.30888772010803 10.014380782842634 61.199521839618683
leaf_count=56 118 62 48 38 143 33 1016 240 502 33 252
internal_value=-0.000361876 -0.00549578 0.00907964 0.0109076 -0.000983042 -0.00298899 -0.000372751 -0.011687 0.0146291 -0.0180777 -0.02131
internal_weight=847.996 553.007 294.989 277.455 63.1099 465.478 363.065 102.413 214.345 87.5293 77.5149
internal_count=2541 1692 849 801 181 1345 1049 296 620 347 314
is_linear=0
shrinkage=0.05


Tree=79
num_leaves=14
num_cat=0
split_feature=121 63 21 50 103 110 114 32 82 63 125 30 94
split_gain=3.46008 3.74019 4.87378 5.03586 4.42863 3.4873 3.58924 3.00915 2.91676 3.87723 2.11518 1.69145 0.210772
threshold=24.57 1.1000000000000003 0.90000000000000013 0.41666666666666669 4.5000000000000009 0.10549666006626353 1.0557264277852518 13.850000000000003 0.23199250000000018 1.7333333333333336 0.42307827095195588 2.0484048500000003 -0.18034534999999993
decision_type=2 2 2 2 2 2 2 2 2 2 2 2 2
left_child=7 2 4 -4 -2 11 -7 8 9 -1 -9 -3 -10
right_child=1 5 3 -5 -6 6 -8 10 12 -11 -12 -13 -14
leaf_value=-0.0025294234904098705 0.016637844620955747 0 0.020832038644855746 -0.0073966870954127878 -0.0060492913491386148 0.020467243935773101 -0.00089860034711185645 -0.036370266731647394 -0.030422781614711882 0.035934609355415856 0 -0.029438393392420794 -0.0028406871478238727
leaf_weight=24.469158500432972 28.441077724099159 5.6033751964569118 79.716780155897141 16.138872757554054 78.842572994530201 19.742750331759453 358.96872839331627 13.735731706023218 6.4526654630899429 7.1308803111314765 6.2943876907229415 14.249603539705275 6.312528118491171
leaf_count=94 106 24 278 59 306 73 1353 55 25 28 28 87 25
internal_value=0.000619767 0.00187446 0.0074046 0.0155357 0 -0.000830464 0.00013452 -0.0101888 -0.00153743 0.00545268 -0.0259891 -0.0207598 -0.0216127
internal_weight=666.099 601.704 203.139 95.8557 107.284 398.564 378.711 64.3954 44.3652 31.6 20.0301 19.853 12.7652
internal_count=2541 2286 749 337 412 1537 1426 255 172 122 83 111 50
is_linear=0
shrinkage=0.05


Tree=80
num_leaves=15
num_cat=0
split_feature=127 110 75 35 95 108 102 2 68 16 92 30 2 40
split_gain=16.3417 7.59405 4.49298 4.87196 4.62514 3.94947 5.74722 3.47179 3.43789 3.10527 4.31044 2.79423 2.23929 3.79683
threshold=0.43732677444137097 0.22482473162029359 0.61250000000000016 0.70714285714285718 -0.64452370000000025 0.16414313623249874 3.5000000000000004 1.468164666666667 0.31666666666666671 2.1365812000000006 0.52222222222222248 1.9644514 1.5925973333333336 5.4142857142857155
decision_type=2 2 2 2 2 2 2 2 2 2 2 2 2 2
left_child=1 2 3 -1 -4 12 7 -7 -8 10 -3 -11 13 -2
right_child=5 9 4 -5 -6 6 8 -9 -10 11 -12 -13 -14 -15
leaf_value=-0.0095225824722029884 0.027217971613331466 -0.0012819508276343946 0.0094542684923204362 0.040491408792817041 -0.01864671324410316 -0.029662295022596999 0.013041926030516149 0.0049621566676597787 -0.0050217073783913047 -0.035933911193709436 0.015993052365239905 -0.0031171642674158065 0.043716370926747961 0
leaf_weight=9.7899340391159075 27.073384791612625 256.62066027522087 13.121047362685202 6.7233686596155158 151.78221046924591 15.296884894371034 139.84288734197617 8.7963475584983808 27.361741662025452 10.099309533834456 40.532941997051239 26.391011640429497 11.155376762151716 22.802279144525528
leaf_count=45 80 785 52 28 678 43 387 25 77 32 120 90 33 66
internal_value=-7.31594e-05 -0.00524288 -0.0134604 0.00913489 -0.0160659 0.0102611 0.00629048 -0.0153345 0.00977641 -0.000598374 0.000952467 -0.0142496 0.0215986 0.0149068
internal_weight=767.389 515.06 181.417 16.5133 164.903 252.329 191.298 24.0932 167.205 333.644 297.154 36.4903 61.031 49.8757
internal_count=2541 1830 803 73 730 711 532 68 464 1027 905 122 179 146
is_linear=0
shrinkage=0.05


Tree=81
num_leaves=11
num_cat=0
split_feature=108 109 126 127 98 89 84 96 95 96
split_gain=15.1505 6.58165 4.06071 4.45971 4.0943 3.67597 3.66627 4.34068 2.34244 2.17335
threshold=0.35421441107277646 0.13590917139855271 0.28538576711033387 0.38201246040916115 2.4500000000000006 -0.86389710000000008 1.1666666666666672 0.22834579999999996 0.5233403499999999 -0.014831240000000022
decision_type=2 2 2 2 2 2 2 2 2 2
left_child=5 8 4 -4 -3 -1 7 -7 -2 -8
right_child=1 2 3 -5 -6 6 9 -9 -10 -11
leaf_value=0.019420031949534382 0.035188668083754607 0.0056757971336820374 -0.01191620624585784 0.016788464858089165 -0.025160821997112989 -0.016373666973620797 0.024360521084627065 -9.0918848518897465e-05 0.0017783119522112542 -0.0051343816447207528
leaf_weight=8.2371382415294629 22.00726206600666 432.71744486689568 75.034690380096436 14.326679497957228 9.5241085886955243 192.6730555742979 9.9833451211452502 59.818183034658432 11.258962899446486 9.1919423937797529
leaf_count=25 83 1205 207 40 27 661 29 201 34 29
internal_value=-0.000357653 0.0042935 0.00281291 -0.00662599 0.00484363 -0.00990393 -0.0110444 -0.0127289 0.025722 0.00818976
internal_weight=844.773 564.869 531.603 89.3614 442.242 279.904 271.667 252.491 33.2662 19.1753
internal_count=2541 1596 1479 247 1232 945 920 862 117 58
is_linear=0
shrinkage=0.05


Tree=82
num_leaves=11
num_cat=0
split_feature=81 97 95 127 2 112 10 33 48 112
split_gain=3.41334 5.13778 4.70615 4.3118 3.75094 3.46153 5.93183 3.72464 3.19819 1.66959
threshold=-0.033448333333333295 1.235714285714286 0.31895085000000006 0.44134216481596639 2.475030666666667 0.51612312324314247 0.77013330000000002 6.1055555555555561 1.8333333333333337 0.48711305965191981
decision_type=2 2 2 2 2 2 2 2 2 2
left_child=2 3 5 4 -2 7 -7 -1 -5 -3
right_child=1 9 -4 8 -6 6 -8 -9 -10 -11
leaf_value=-0.0030584221126236191 0.012656507303550319 0 -0.031720858390018911 -0.012835565401581912 -0.0098939215266361114 0.043863987791702523 0.0014390693584400626 -0.026517136217702381 0.0068374773499061889 -0.027691780645841033
leaf_weight=186.50042569637299 183.92063982784748 5.2563115358352688 12.440742596983908 41.044690698385239 17.221087619662285 8.0144555568695051 141.66527785360813 18.866053588688374 36.584388613700867 14.05667535215616
leaf_count=708 656 23 52 157 73 30 541 88 142 71
internal_value=0.000622036 0.00464925 -0.00251266 0.00653208 0.0104391 -0.00126256 0.00431853 -0.0055738 -0.00295927 -0.0190505
internal_weight=665.571 298.084 367.487 278.771 201.142 355.046 149.68 205.366 77.6291 19.313
internal_count=2541 1122 1419 1028 729 1367 571 796 299 94
is_linear=0
shrinkage=0.05


Tree=83
num_leaves=14
num_cat=0
split_feature=127 108 0 81 32 2 128 84 4 31 22 31 96
split_gain=14.9848 6.78182 4.67983 3.82555 3.72779 5.14876 3.78169 3.50742 3.31148 3.04117 5.64506 5.09033 2.97958
threshold=0.43732677444137097 0.49760433737372417 0.58333333333333337 0.72330533333333369 11.950000000000001 1.7736156666666669 0.74565219215431622 -1.1666666666666661 14.833333333333334 1.4041450571428575 0.90000000000000013 1.4814152500000002 0.33208549999999998
decision_type=2 2 2 2 2 2 2 2 2 2 2 2 2
left_child=1 9 -3 -4 6 7 -2 -6 -7 10 -1 -11 -8
right_child=4 2 3 -5 5 8 12 -9 -10 11 -12 -13 -14
leaf_value=0.013143666420240311 -0.0036947205970045646 0.023233835674726006 -0.016682007063423793 0.0010355483243705622 0.0086165932786578751 0 0.023317440286940713 -0.0099095266539989211 0.030797866831315836 0.023683654020058818 -0.0098875339381148068 0 -0.0011329150107988726
leaf_weight=30.967836230993271 15.233361631631849 7.113029032945632 167.52215652167797 30.698952049016953 41.919588178396225 14.934319466352461 87.886121839284897 58.846342980861664 23.121257424354553 27.845581263303757 129.4004819393158 119.09672798216343 9.9321777522563917
leaf_count=91 42 27 747 126 119 42 247 168 65 84 402 353 28
internal_value=-8.11716e-05 -0.00505073 -0.0120676 -0.0136956 0.00981576 0.0038042 0.0166612 -0.00170222 0.0193349 -0.000176171 -0.00507637 0.00483195 0.0203425
internal_weight=764.518 512.645 205.334 198.221 251.873 138.822 113.052 100.766 38.0556 307.311 160.368 146.942 97.8183
internal_count=2541 1830 900 873 711 394 317 287 107 930 493 437 275
is_linear=0
shrinkage=0.05


Tree=84
num_leaves=14
num_cat=0
split_feature=108 110 63 90 112 13 40 52 19 75 5 126 88
split_gain=13.6916 5.49324 4.53809 4.37809 6.032 5.18331 3.16047 3.11425 5.30514 3.42733 2.97404 2.61838 0.520737
threshold=0.35421441107277646 0.1571489301117098 1.1000000000000003 0.33333333333333343 0.51468976316304571 3.1666666666666674 4.7750000000000012 0.58333333333333337 6.4500000000000011 2.2500000000000004 5.8333333333333348 0.27109850939302738 -0.33535799999999988
decision_type=2 2 2 2 2 2 2 2 2 2 2 2 2
left_child=7 2 10 5 -5 -3 -4 11 9 -9 -2 12 -1
right_child=1 3 6 4 -6 -7 -8 8 -10 -11 -12 -13 -14
leaf_value=-0.0050080863517642481 -0.003803626741218911 -0.0078434654162191416 0.025286820873893313 0.002885257657314266 -0.016160494231193302 0.0091451383436763466 0 -0.0055064707856743176 0.026705718101199306 -0.023182134334962735 0.014938649307282595 0 -0.03284419847600021
leaf_weight=7.0611388236284247 50.387086227536201 54.811730414628983 63.460708856582642 87.788454055786133 72.190250754356384 189.921252399683 12.708238422870634 189.35838375985622 9.6101973354816419 35.120532795786858 32.434855252504349 10.383361890912054 26.413521379232407
leaf_count=24 145 151 199 241 198 523 38 630 28 132 101 34 97
internal_value=-0.000361808 0.0040536 0.0119222 0.000817405 -0.00544552 0.00512037 0.0207782 -0.00947834 -0.00681529 -0.00858419 0.0030304 -0.0221088 -0.0287384
internal_weight=841.65 563.703 158.991 404.712 159.979 244.733 76.1689 277.947 234.089 224.479 82.8219 43.858 33.4747
internal_count=2541 1596 483 1113 439 674 237 945 790 762 246 155 121
is_linear=0
shrinkage=0.05


Tree=85
num_leaves=10
num_cat=0
split_feature=111 31 111 117 16 126 116 5 45
split_gain=3.37954 6.13737 3.22669 3.50243 4.50797 3.12895 2.69965 2.92072 1.91833
threshold=1.065878160176406 1.4041450571428575 1.060118001032101 106.15000000000002 1.5857315000000001 0.19919390947487953 0.42313529547757806 3.1666666666666674 1.1666666666666667
decision_type=2 2 2 2 2 2 2 2 2
left_child=2 8 3 5 -5 -1 7 -4 -2
right_child=1 -3 6 4 -6 -7 -8 -9 -10
leaf_value=-0.0063555670883921923 0.056447245580953022 -0.013016062712706139 0.0013310241919121746 0.0028972192128675516 -0.031223109426669796 0.0036161417049326398 0.0049108363745051752 -0.028036453504134147 0.0099795280920226288
leaf_weight=90.498821623623371 7.3274127170443561 7.2298211306333533 7.6834054142236701 14.792964920401571 17.774868845939636 474.42899170517921 11.085556544363497 26.111027389764786 8.1978908181190473
leaf_count=392 27 30 29 54 78 1748 43 108 32
internal_value=0.000619666 0.0191424 0 0.000914355 -0.0146108 0.00192196 -0.012842 -0.0200762 0.037025
internal_weight=665.131 22.7551 642.376 597.496 32.5678 564.928 44.88 33.7944 15.5253
internal_count=2541 89 2452 2272 132 2140 180 137 59
is_linear=0
shrinkage=0.05


Tree=86
num_leaves=12
num_cat=0
split_feature=125 110 38 4 102 106 16 88 40 108 93
split_gain=13.81 7.14112 4.82152 4.80547 4.62043 4.44537 4.4039 5.25967 4.60122 3.2066 3.88618
threshold=0.36545831901092479 0.52453925391984246 1.5132706000000002 12.16666666666667 3.5000000000000004 2.1250000000000004 1.2072212000000002 0.099312000000000081 5.4142857142857155 0.15794944742313166 0.18035714285714291
decision_type=2 2 2 2 2 2 2 2 2 2 2
left_child=4 2 3 -2 9 -4 8 -8 -6 -1 -11
right_child=1 -3 5 -5 6 -7 7 -9 -10 10 -12
leaf_value=0.014469954702490857 0.013965202208845213 0.025246005917572357 0.020192534266254392 -0.0066842424987222067 0.021314831000579154 -0.013592729333442771 -0.00053090342932339194 0.016443729003424275 -0.0052326958971325235 0 -0.034434260453661394
leaf_weight=10.560101240873335 39.705474585294724 15.123919397592543 8.1257215142250043 90.206281766295433 96.649918794631958 239.70188044011593 145.44411709904671 62.206015735864639 15.743747740983961 24.490444481372833 13.884430855512617
leaf_count=31 123 41 31 336 272 957 417 178 45 70 40
internal_value=-7.59017e-05 -0.00665623 -0.00812883 0 0.00679429 -0.0122073 0.00904977 0.00436901 0.0171418 -0.00684146 -0.0141944
internal_weight=761.842 392.863 377.739 129.912 368.979 247.828 320.044 207.65 112.394 48.935 38.3749
internal_count=2541 1488 1447 459 1053 988 912 595 317 141 110
is_linear=0
shrinkage=0.05


Tree=87
num_leaves=10
num_cat=0
split_feature=110 109 90 88 2 26 89 109 123
split_gain=12.5728 5.22756 5.75569 5.24147 4.72404 4.6704 4.37528 4.38168 1.22477
threshold=0.29300844319360103 0.13538306018511889 0.33333333333333343 -0.10664799999999984 2.5848150000000008 4.7333333333333343 -0.86389710000000008 0.25370363391715128 0.611885361486317
decision_type=2 2 2 2 2 2 2 2 2
left_child=1 8 3 -3 6 -4 -2 -8 -1
right_child=4 2 5 -5 -6 -7 7 -9 -10
leaf_value=0.0031007718420910995 0.022268079089144181 0.018281120129230093 0.0014054484054152629 0.0015332242577203445 0.018850950320123488 -0.017753119509664749 -0.016579747634248798 -0.0047504680706100012 0.033016862103458049
leaf_weight=9.104812905192377 9.731693893671034 95.870491176843643 172.06082886457443 104.53570333123207 15.119401782751082 37.197186037898064 129.18443021178246 245.74206522107124 20.140110209584236
leaf_count=31 29 268 484 290 42 103 487 732 75
internal_value=-0.000369891 0.00540369 0.00376906 0.00984434 -0.00683103 -0.00183057 -0.0080164 -0.00899262 0.0257667
internal_weight=838.687 438.909 409.664 200.406 399.778 209.258 384.658 374.926 29.2449
internal_count=2541 1251 1145 558 1290 587 1248 1219 106
is_linear=0
shrinkage=0.05


Tree=88
num_leaves=10
num_cat=0
split_feature=81 97 95 32 84 121 11 34 112
split_gain=3.22875 4.72813 4.49569 4.27246 4.08932 3.52001 4.9763 3.76007 1.62335
threshold=-0.033448333333333295 1.235714285714286 0.31895085000000006 19.350000000000005 2.8333333333333344 39.975000000000001 14.16666666666667 6.3166666666666673 0.48711305965191981
decision_type=2 2 2 2 2 2 2 2 2
left_child=2 3 5 4 -2 6 -1 -7 -3
right_child=1 8 -4 -5 -6 7 -8 -9 -10
leaf_value=-0.012825991725600781 0.0033195427107891211 0 -0.0312562022272087 0.040158516512556502 0.032183040438644041 0.0068418325914185747 0.0099039424533170634 -0.0072295956870882562 -0.027147160628769085
leaf_weight=105.59587471932173 258.16970387101173 5.2159600555896786 12.178429909050463 8.4734298810362798 12.556252017617224 156.54937991499901 27.813354969024658 64.350193433463573 13.6570832952857
leaf_count=418 947 23 52 35 46 579 108 262 71
internal_value=0.000635103 0.00455063 -0.00241714 0.00634207 0.00495575 -0.00119997 -0.00767679 0.00250325 -0.0184208
internal_weight=664.56 298.072 366.487 279.199 270.726 354.309 133.409 220.9 18.873
internal_count=2541 1122 1419 1028 993 1367 526 841 94
is_linear=0
shrinkage=0.05


Tree=89
num_leaves=15
num_cat=0
split_feature=127 110 75 95 17 108 32 80 51 112 115 62 2 2
split_gain=12.6424 6.0577 4.2019 4.5346 3.95814 3.6296 3.89917 4.20427 3.61334 3.13452 4.42344 3.68433 2.22814 3.53832
threshold=0.43732677444137097 0.22482473162029359 0.61250000000000016 -0.64452370000000025 1.0751195000000002 0.16414313623249874 12.183333333333335 0.3253551666666667 0.83333333333333337 0.49483173076923082 1.3333014098485532 0.29166666666666669 1.5925973333333336 1.453055666666667
decision_type=2 2 2 2 2 2 2 2 2 2 2 2 2 2
left_child=1 2 4 -4 -1 12 8 -8 -7 11 -11 -3 13 -2
right_child=5 9 3 -5 -6 6 7 -9 -10 10 -12 -13 -14 -15
leaf_value=0.039134086529035605 0.020564814501779716 0.011624111906545229 0.010776457938917947 -0.017433191908976541 -0.0059752361445205978 0.029396120809030202 -0.010387121611687897 0.010230593521391383 0.0056538954609320529 -0.018183706821073956 -0.00022364493121600147 -0.0050373909085777852 0.042038613833433748 -0.0090187772969241593
leaf_weight=6.2834846228361156 38.814837157726288 84.682589381933212 12.840305149555205 146.37341787666082 10.026528298854826 24.034589886665344 57.290505141019821 40.88655224442482 69.258700013160706 45.472759440541267 153.81496040523052 48.442814156413078 10.840947359800337 10.224895715713499
leaf_count=28 116 258 52 678 45 66 163 113 190 141 480 148 33 30
internal_value=-8.16885e-05 -0.00468357 -0.0121847 -0.014793 0.00977159 0.00900149 0.00522786 -0.00128 0.0125476 -0.000548117 -0.00464168 0.00519604 0.0199624 0.0133404
internal_weight=759.288 507.937 175.524 159.214 16.31 251.351 191.47 98.1771 93.2933 332.413 199.288 133.125 59.8807 49.0397
internal_count=2541 1830 803 730 73 711 532 276 256 1027 621 406 179 146
is_linear=0
shrinkage=0.05


Tree=90
num_leaves=12
num_cat=0
split_feature=108 125 38 114 1 88 89 89 27 19 24
split_gain=11.5497 5.21679 8.15068 4.94819 4.9251 4.87429 4.26709 4.18953 3.84935 3.82107 3.47713
threshold=0.5198317777782745 0.43976046028173937 1.8192804500000002 2.6694688448906247 1.4166666666666667 0.40336940000000016 -0.86389710000000008 -0.081227900000000006 5.5500000000000007 6.4500000000000011 1.1909090000000002
decision_type=2 2 2 2 2 2 2 2 2 2 2
left_child=1 6 4 5 -3 10 -1 -7 -4 -8 -2
right_child=3 2 8 -5 -6 7 9 -9 -10 -11 -12
leaf_value=0.021922862936741835 -0.0056284784563621869 0.0022300662380810676 0.026781859251428411 -0.016564729929547939 -0.019237088424581609 -0.015375923977948198 -0.010187100691595622 0.0098515752967043499 -0.0025269047680424217 0.01110179925480358 0.015104127676229496
leaf_weight=9.744466155767439 18.324683845043182 75.963613748550415 38.852106779813766 17.477612271904945 37.665238603949547 31.604014843702316 352.35150340199471 30.660941228270531 11.247796714305876 19.387877881526947 192.39735068380833
leaf_count=29 52 213 106 48 107 90 1151 91 31 55 568
internal_value=-0.000366566 -0.00471162 0.00251439 0.00760589 -0.00455533 0.00939068 -0.00794213 -0.00220354 0.0193027 -0.00891584 0.013047
internal_weight=835.677 545.213 163.729 290.465 113.629 272.987 381.484 62.265 50.0999 371.739 210.722
internal_count=2541 1692 457 849 320 801 1235 181 137 1206 620
is_linear=0
shrinkage=0.05


Tree=91
num_leaves=13
num_cat=0
split_feature=82 89 33 14 23 90 81 100 58 125 108 89
split_gain=3.36073 4.43242 7.0875 6.06439 5.61797 6.62551 5.36521 4.06761 3.74123 4.24626 3.92336 3.39696
threshold=0.29574116666666672 -0.10130910000000008 3.4722222222222228 0.70833333333333337 1.0267833000000002 1.0000000180025095e-35 -0.15748533333333334 0.57738095238095244 2.3666666666666671 0.53694841336576715 0.30548518591655693 -0.21479949999999995
decision_type=2 2 2 2 2 2 2 2 2 2 2 2
left_child=1 4 3 -3 11 -6 -4 8 9 -2 -10 -1
right_child=7 2 6 -5 5 -7 -8 -9 10 -11 -12 -13
leaf_value=-0.0041245496069917337 -0.016100034948209361 0 -0.0048812399199422533 0.047099393437532805 -0.0046553323247781071 0.012855656142522555 0.011698063624356296 0.021821911389933665 -0.0066586526240080754 0.0028231797321184096 0.038765756109862957 -0.028890894623267001
leaf_weight=46.118675000965595 99.821646973490715 8.5071445554494876 82.083101950585842 18.691638842225075 123.89869771897793 91.566265985369682 108.59032011032104 10.714367657899855 7.1790217459201795 35.749551951885223 7.3377555757761002 23.836138978600502
leaf_count=183 380 31 318 64 474 347 406 37 30 148 27 96
internal_value=0.000638776 0.00271656 0.00810183 0.0318035 -0.0012336 0.00258035 0.00431174 -0.00553202 -0.00794718 -0.0107598 0.0140982 -0.0135563
internal_weight=664.094 503.292 217.872 27.1988 285.42 215.465 190.673 160.802 150.088 135.571 14.5168 69.9548
internal_count=2541 1919 819 95 1100 821 724 622 585 528 57 279
is_linear=0
shrinkage=0.05


Tree=92
num_leaves=12
num_cat=0
split_feature=125 110 22 108 93 38 106 87 93 20 36
split_gain=11.7194 6.47977 4.56666 5.5131 5.84601 4.47595 4.19472 4.04666 3.75234 3.28583 4.02179
threshold=0.36545831901092479 0.52453925391984246 2.1000000000000005 0.16414313623249874 0.16666666666666671 1.5132706000000002 2.1250000000000004 0.58078370000000024 0.92777777777777792 4.366666666666668 2.183333333333334
decision_type=2 2 2 2 2 2 2 2 2 2 2
left_child=2 5 3 8 -5 7 -7 -2 -1 -4 -11
right_child=1 -3 9 4 -6 6 -8 -9 -10 10 -12
leaf_value=0.024564457981086994 0.0068844175624330154 0.024174037339002953 6.9020930281991983e-05 0.0066876589377114206 -0.0086020665619152056 0.019775909597775528 -0.012967926615766427 -0.011146796710178972 0 0.0084662590147745846 0.050385032135842937
leaf_weight=45.37667441368103 79.413923472166061 15.10175636410713 16.846436768770218 155.47140675783157 102.52232237160206 8.1601078361272794 236.13012066483498 49.747319832444191 18.292518705129623 15.743819594383242 13.942043632268904
leaf_count=139 262 41 48 439 292 31 957 197 51 45 39
internal_value=-8.99357e-05 -0.00620393 0.006226 0.00388258 0.000408973 -0.00762717 -0.0115942 0 0.0169608 0.0209509 0.0307833
internal_weight=756.748 388.553 368.195 321.663 257.994 373.451 244.29 129.161 63.6692 46.5323 29.6859
internal_count=2541 1488 1053 921 731 1447 988 459 190 132 84
is_linear=0
shrinkage=0.05


Tree=93
num_leaves=11
num_cat=0
split_feature=108 109 82 13 90 84 29 89 89 123
split_gain=10.5666 5.63671 3.79099 6.19509 3.60143 3.17947 3.33847 4.43472 2.15281 1.18967
threshold=0.35421441107277646 0.13538306018511889 0.19197683333333324 2.8333333333333335 0.33333333333333343 1.1666666666666672 2.2250000000000005 -0.86389710000000008 -0.091493400000000044 0.611885361486317
decision_type=2 2 2 2 2 2 2 2 2 2
left_child=5 9 4 -4 -3 6 7 -1 -7 -2
right_child=1 2 3 -5 -6 8 -8 -9 -10 -11
leaf_value=0.028509655293242432 0.0025606382023361839 0.0043554730483818067 -0.0085493081017051636 0.014488061152699683 -0.0053477911598693601 0.025288393823301582 -0.030969535717113267 -0.0094566099840047105 -0.0034196941194189084 0.032166149899501499
leaf_weight=6.4018664360046378 9.0163548439741152 190.00505521893501 35.046389728784561 117.55198766291142 188.75051218271255 10.007437795400621 18.534899994730949 228.26462523639202 9.660055533051489 19.560958594083786
leaf_count=19 31 532 98 331 529 30 73 793 30 75
internal_value=-0.000367617 0.00350061 0.00221016 0.00885046 -0.000349774 -0.00847165 -0.0100787 -0.00809212 0.00928542 0.0249183
internal_weight=832.8 559.931 531.354 152.598 378.756 272.869 253.201 234.666 19.6675 28.5773
internal_count=2541 1596 1490 429 1061 945 885 812 60 106
is_linear=0
shrinkage=0.05


Tree=94
num_leaves=13
num_cat=0
split_feature=82 89 33 14 89 25 16 106 101 109 125 98
split_gain=3.11453 4.16605 6.48121 5.54801 5.42104 6.56769 5.89391 5.08679 4.15428 4.53941 3.37074 1.69718
threshold=0.29574116666666672 -0.10130910000000008 3.4722222222222228 0.70833333333333337 -0.17800409999999997 12.266666666666667 1.0144245000000003 2.3750000000000004 1.7750000000000001 0.27779841331978677 0.53694841336576715 -0.5857142857142853
decision_type=2 2 2 2 2 2 2 2 2 2 2 2
left_child=1 4 3 -3 6 -6 -1 -4 -2 10 -10 -11
right_child=8 2 7 -5 5 -7 -8 -9 9 11 -12 -13
leaf_value=-0.018920555366199798 0.02131426517672198 0 -0.018427683769789364 0.044782889692448279 -0.032375422013306676 0.0059857579659621553 0.0045875927333593018 0.0072276425258710674 -0.0083079261272265819 -0.0031674869116250881 0.010131536691883632 -0.034370704049592658
leaf_weight=29.06311771273613 11.584009066224096 8.5029557943344134 19.973985955119133 19.057242378592491 26.904980607330799 14.957997485995291 214.11502800136805 170.89460774511099 86.838153764605522 10.768244326114656 31.836740963160992 19.039112851023674
leaf_count=111 41 31 76 64 108 58 823 648 338 38 135 70
internal_value=0.000645153 0.00264358 0.00785437 0.0303774 -0.00118817 -0.0176823 0.0015073 0.00420022 -0.00530764 -0.00784776 -0.00290008 -0.0251899
internal_weight=663.536 503.47 218.429 27.5602 285.041 41.863 243.178 190.869 160.066 148.482 118.675 29.8074
internal_count=2541 1919 819 95 1100 166 934 724 622 581 473 108
is_linear=0
shrinkage=0.05


Tree=95
num_leaves=14
num_cat=0
split_feature=127 31 82 116 19 2 6 106 38 51 94 108 44
split_gain=10.758 5.62756 4.83705 4.68794 4.54051 4.30632 4.28557 3.51409 5.44982 4.38488 3.98696 3.79432 3.76617
threshold=0.43732677444137097 1.1714792500000002 1.0170083333333333 -0.80787981341549386 5.1000000000000005 1.335868166666667 7.166666666666667 2.8250000000000006 2.0949384000000006 0.83333333333333337 -0.55877880000000013 0.17188645446153145 1.0000000180025095e-35
decision_type=2 2 2 2 2 2 2 2 2 2 2 2 2
left_child=1 3 6 4 -1 -5 -3 9 10 12 -9 -11 -2
right_child=7 2 -4 5 -6 -7 -8 8 -10 11 -12 -13 -14
leaf_value=-0.016023208208308395 0.037538704984319521 0.00029285245768062243 0.030752872106119197 0.0011026315066367247 0.022731611321776042 -0.019699359322710146 -0.016744852778100224 0.038135215900185371 -0.018051812041314598 0.011782754531164813 0.012111993709553681 -0.0094929279887888841 0
leaf_weight=11.028996944427492 13.185397237539293 282.98622376471758 10.822471067309378 25.854367256164551 16.712101668119431 115.49063555151224 40.614786684513092 20.546950846910477 9.7900047004222852 27.660268932580948 97.211251646280289 68.624566555023193 13.389076501131056
leaf_count=39 37 946 35 88 60 512 150 57 27 83 277 192 38
internal_value=-9.56513e-05 -0.00437136 -0.000447472 -0.0117899 0.00556282 -0.0155621 -0.00173649 0.00828608 0.0141305 0.00174981 0.0173565 -0.0028087 0.0195824
internal_weight=753.917 503.51 334.423 169.086 27.7411 141.345 323.601 250.408 127.548 122.859 117.758 96.2848 26.5745
internal_count=2541 1830 1131 699 99 600 1096 711 361 350 334 275 75
is_linear=0
shrinkage=0.05


Tree=96
num_leaves=14
num_cat=0
split_feature=108 98 19 90 98 23 117 88 85 24 39 118 88
split_gain=10.0122 5.09007 6.30465 4.67049 8.05359 4.09329 3.92908 3.86971 3.90864 4.86742 4.45831 3.22885 3.45113
threshold=0.5198317777782745 -0.89999999999999991 4.9000000000000012 -1.3333333333333333 -0.5857142857142853 2.0216381000000005 53.899999999999999 0.47168590000000016 -0.20000000000000009 1.1909090000000002 11.225000000000001 74.550000000000026 0.85258000000000012
decision_type=2 2 2 2 2 2 2 2 2 2 2 2 2
left_child=1 2 6 -3 -5 -4 -1 8 10 -10 -2 12 -9
right_child=7 3 5 4 -6 -7 -8 11 9 -11 -12 -13 -14
leaf_value=0.0065085516299022055 0.007280775647354791 -0.029955495315533882 0.018360046113366345 0.017044584133496063 -0.0032104023440124758 -0.014137158040211071 -0.01997452585617027 -0.0064022690700568296 -0.0071080703037952348 0.018135126960901613 -0.019722538166360021 -0.024573377460456101 0.024877382898502599
leaf_weight=12.339220508933066 66.302110463380814 12.465943872928618 23.903293073177338 57.429591938853264 305.51405411958694 13.514830335974692 116.52381907403469 27.167447447776794 18.628404885530472 132.86446367204189 18.569551274180412 13.923789799213408 11.311421498656271
leaf_count=42 191 39 80 177 880 47 427 79 53 400 52 40 34
internal_value=-0.000359307 -0.00442267 -0.0117086 -0.0010401 0 0.00525864 -0.017023 0.00707945 0.00986744 0.0146769 0.000629432 -0.00450891 0.00192357
internal_weight=830.458 541.691 166.281 375.41 362.944 37.4181 128.863 288.767 236.365 151.493 84.8717 52.4027 38.4789
internal_count=2541 1692 596 1096 1057 127 469 849 696 453 243 153 113
is_linear=0
shrinkage=0.05


Tree=97
num_leaves=10
num_cat=0
split_feature=111 72 3 74 97 58 5 123 89
split_gain=3.23653 3.94257 3.02408 3.23325 4.67885 4.36909 3.23139 2.08312 0.830962
threshold=1.065878160176406 1.1339285714285716 0.55103581666666679 0.35416666666666669 -0.099999999999999908 2.2666666666666671 4.8333333333333348 0.55870283735752468 -0.34958539999999977
decision_type=2 2 2 2 2 2 2 2 2
left_child=2 -2 6 5 -5 -4 -1 -3 -8
right_child=1 7 3 4 -6 -7 8 -9 -10
leaf_value=0.007497723852571846 0.042209887626359965 0.019302876571119631 0.00079292943601893596 -0.0183601905783616 0.0014330620464679767 0.01642901413665673 0 -0.017211631971734268 -0.032621844705484467
leaf_weight=6.6218332499265697 9.2250711545348185 6.7445721775293332 452.21295027434826 49.000629618763924 63.639007821679115 49.813118368387222 4.1868516355753007 6.8388048708438873 14.977249510586256
leaf_count=26 34 25 1723 182 243 187 18 30 73
internal_value=0.000637568 0.0187401 0 0.000680216 -0.00682323 0.00247338 -0.0164806 0 -0.0272065
internal_weight=663.26 22.8084 640.452 614.666 112.64 502.026 25.7859 13.5834 19.1641
internal_count=2541 89 2452 2335 425 1910 117 55 91
is_linear=0
shrinkage=0.05


Tree=98
num_leaves=15
num_cat=0
split_feature=127 110 95 88 121 102 109 84 68 113 95 62 95 2
split_gain=9.883 4.85948 4.14712 4.75557 4.25609 3.33456 4.04924 3.24989 6.92771 2.86072 3.93453 3.43205 2.67735 2.07302
threshold=0.43732677444137097 0.22482473162029359 -0.46239900000000006 0.48984470000000013 49.600000000000009 3.5000000000000004 0.22679920758250624 -0.99999999999999956 0.31666666666666671 0.50516826923076941 0.18420985000000004 0.29166666666666669 -0.075167049999999999 1.4252861666666667
decision_type=2 2 2 2 2 2 2 2 2 2 2 2 2 2
left_child=1 2 4 -4 -1 6 -2 12 -9 10 -3 -11 -7 -8
right_child=5 9 3 -5 -6 7 13 8 -10 11 -12 -13 -14 -15
leaf_value=-0.0057096067449418876 0.015627559722558953 -0.0077344230046245818 -0.019050454171973052 0.0015526101030231573 0.035412132523260517 0.023882855981848611 -0.030418602425079662 0.010066398652945457 -0.021162858524720891 0.011169927945676193 0.010662734999768719 -0.0049174787534785325 0.0061885676458714551 0
leaf_weight=16.563387617468837 11.268193930387495 165.87784907221794 115.00035155564547 31.017082497477531 7.8697350770235053 59.668604284524918 13.507377505302431 87.252523928880692 20.662392139434814 84.705936715006828 32.323661267757416 48.235526993870735 48.929563015699387 8.7571467757225019
leaf_count=70 34 521 563 138 32 171 38 245 59 258 100 148 139 25
internal_value=-9.93328e-05 -0.00421116 -0.0110605 -0.0143531 0.00644106 0.00793377 -0.00567982 0.0102885 0.00348847 -0.000512334 -0.00444466 0.00496646 0.016496 -0.018821
internal_weight=751.639 501.594 170.451 146.017 24.4331 250.046 33.5327 216.513 107.915 331.143 198.202 132.941 108.598 22.2645
internal_count=2541 1830 803 701 102 711 97 614 304 1027 621 406 310 63
is_linear=0
shrinkage=0.05


Tree=99
num_leaves=13
num_cat=0
split_feature=125 37 9 63 10 81 39 45 19 20 75 4
split_gain=9.22801 7.65324 7.10552 6.0737 8.85887 4.41142 4.01507 3.9735 4.28915 5.91514 4.18384 3.64938
threshold=0.4153171553705125 1.2982757976190478 0.73147633333333351 1.1000000000000003 1.2464920000000002 -0.92276333333333327 9.5277777777777803 1.0000000180025095e-35 6.4500000000000011 6.2250000000000005 2.2500000000000004 16.833333333333339
decision_type=2 2 2 2 2 2 2 2 2 2 2 2
left_child=7 2 6 11 -5 -4 -2 -1 10 -10 -9 -3
right_child=1 3 5 4 -6 -7 -8 8 9 -11 -12 -13
leaf_value=0.01932251349321432 0.0040569398679283072 -0.029546373013527461 -0.0062767449261688316 -0.018326972564329903 0.0099680914948571415 0.017547311447315358 -0.021589568873018279 -0.0062312645967185203 0.041546061929083659 -0.0038240488626449225 -0.023694264342390137 0.0016714840619880323
leaf_weight=13.130020052194594 45.494504258036613 28.693883702158928 18.038869798183441 37.635781019926071 93.997330859303474 173.88796451687813 20.531418964266777 319.11128656566143 9.4777921140193957 17.362652957439423 41.172599852085114 9.3067135214805585
leaf_count=45 132 80 51 110 272 512 60 1012 27 49 164 27
internal_value=-0.000366776 0.00467077 0.0101296 -0.00334784 0.00142397 0.015028 -0.00337524 -0.00587116 -0.00690206 0.0113178 -0.00842536 -0.020772
internal_weight=827.841 427.586 257.953 169.634 131.633 191.927 66.0259 400.254 387.124 26.8404 360.284 38.0006
internal_count=2541 1244 755 489 382 563 192 1297 1252 76 1176 107
is_linear=0
shrinkage=0.05


Tree=100
num_leaves=10
num_cat=0
split_feature=111 31 111 38 117 16 10 70 69
split_gain=3.04323 5.51769 2.93481 3.59047 3.23661 4.3437 3.09754 2.83271 1.72854
threshold=1.065878160176406 1.4041450571428575 1.060118001032101 1.5078632000000003 106.15000000000002 1.5857315000000001 1.8320750000000003 2.6125000000000003 1.4365079365079367
decision_type=2 2 2 2 2 2 2 2 2
left_child=2 8 4 -4 7 -6 -5 -1 -2
right_child=1 -3 3 6 5 -7 -8 -9 -10
leaf_value=0.0013176637353845251 0.05123937096489109 -0.012530245301768831 -0.032777630205908202 0.014959075538490033 0.0029444180648114482 -0.030735134470016492 -0.015843395741860774 0.028263601563472185 0.0072629422575524573
leaf_weight=554.39399416744709 8.2479982376098651 7.1067272424697867 13.689344339072703 13.312253907322885 14.766033247113226 17.313442304730415 17.162019982933998 9.1966280937194806 7.5891995653510085
leaf_count=2106 29 30 57 52 54 78 71 34 30
internal_value=0.000652485 0.0181535 0 -0.0122916 0.000927768 -0.0141007 -0.000751407 0.00189521 0.0348184
internal_weight=662.778 22.9439 639.834 44.1636 595.67 32.0795 30.4743 563.591 15.8372
internal_count=2541 89 2452 180 2272 132 123 2140 59
is_linear=0
shrinkage=0.05


Tree=101
num_leaves=14
num_cat=0
split_feature=127 31 82 89 56 6 106 51 9 124 37 92 110
split_gain=9.06617 5.1402 4.46763 4.06678 4.41197 3.97614 3.28587 4.17797 4.46447 3.36163 3.34352 3.25998 3.16377
threshold=0.43732677444137097 1.1714792500000002 1.0170083333333333 -0.078310699999999941 1.0000000180025095e-35 7.166666666666667 2.8250000000000006 0.83333333333333337 1.4043985000000003 0.51487436883535864 1.0381029000000004 0.95000000000000029 0.23721506532485961
decision_type=2 2 2 2 2 2 2 2 2 2 2 2 2
left_child=1 3 5 4 -1 -3 7 9 -9 -2 -8 -12 -5
right_child=6 2 -4 12 -6 -7 10 8 -10 -11 11 -13 -14
leaf_value=0.015715880075484797 0.040273481741733175 0.00038091657207126728 0.029603820785751325 -0.028293637867001155 -0.0098785425503625183 -0.016135069385513637 -0.0083242934176082899 -0.015681689662113946 0.0055406656330326013 0.0010540335570252196 0.0190404170010662 -0.0054247757655929256 -0.0065850977746294758
leaf_weight=21.341537661850452 10.1175434589386 282.17151156067848 10.882122918963431 45.041507050395012 60.953608505427837 40.048431813716888 12.504687845706938 41.522827297449112 54.32337012887001 16.501077175140381 102.85382694005966 11.73709252476692 39.185605317354202
leaf_count=90 28 946 35 236 248 150 35 120 155 47 293 33 125
internal_value=-0.000105449 -0.00405674 -0.000307386 -0.0112117 -0.00253189 -0.00156072 0.00759016 0.00126261 -0.00320406 0.0186899 0.0132394 0.0160767 -0.0189764
internal_weight=749.185 499.624 333.102 166.522 82.2951 322.22 249.56 122.465 95.8462 26.6186 127.096 114.591 84.2271
internal_count=2541 1830 1131 699 338 1096 711 350 275 75 361 326 361
is_linear=0
shrinkage=0.05


Tree=102
num_leaves=14
num_cat=0
split_feature=125 39 3 9 15 45 81 9 19 9 90 40 124
split_gain=8.38824 4.99363 5.30517 4.10825 4.01572 5.49445 3.71929 3.37011 3.32526 3.31857 3.2979 1.85633 0.272338
threshold=0.4153171553705125 11.225000000000001 1.3456071666666669 0.73147633333333351 2.2250000000000005 1.0000000180025095e-35 -0.92276333333333327 0.6173280000000001 6.4500000000000011 1.5531701666666669 0.20000000000000015 3.7250000000000005 0.59897426200554571
decision_type=2 2 2 2 2 2 2 2 2 2 2 2 2
left_child=4 3 10 7 5 -1 -5 -2 -7 -4 -3 -6 -13
right_child=1 2 9 6 11 8 -8 -9 -10 -11 -12 12 -14
leaf_value=0.028311926500718655 0.0076228190095515144 0.011835986674534693 -0.0023811469050851117 -0.0087804910028505961 -0.001686425819016875 -0.0066626099408383446 0.015272260111100722 -0.015214449947477726 0.010794965298284769 -0.028109988859551616 -0.0039564712912667074 -0.037971401256156875 -0.0082684073573931639
leaf_weight=11.32101848721504 37.469724625349045 65.605594053864479 35.358590513467789 14.408386170864103 12.020707055926321 327.627730473876 165.13532906770706 26.053472653031349 26.819895833730698 24.036447674036026 58.568666994571686 14.129603505134584 6.7625849992036811
leaf_count=38 109 189 101 40 42 1060 489 76 76 70 170 57 24
internal_value=-0.000369207 0.0044335 -0.0015587 0.00915164 -0.005632 -0.00392719 0.0130271 -0.0010594 -0.00517433 -0.0139142 0.00401569 -0.0224291 -0.0314576
internal_weight=825.318 426.636 183.569 243.067 398.682 365.769 179.544 63.5232 354.448 59.395 124.174 32.9129 20.8922
internal_count=2541 1244 530 714 1297 1174 529 185 1136 171 359 123 81
is_linear=0
shrinkage=0.05


Tree=103
num_leaves=11
num_cat=0
split_feature=113 114 126 85 31 24 60 9 70 25
split_gain=2.88767 4.82615 4.64185 4.3802 4.45005 6.17859 4.27133 3.78476 3.69339 3.09079
threshold=0.48449519230769239 2.6694688448906247 0.19919390947487953 -1.6249999999999998 1.7068589000000001 1.6760124000000003 1.3666666666666669 1.5653880000000002 2.3166666666666669 8.9000000000000021
decision_type=2 2 2 2 2 2 2 2 2 2
left_child=1 2 9 -2 8 -6 -3 -4 -5 -1
right_child=3 6 7 4 5 -7 -8 -9 -10 -11
leaf_value=0.0051641944442012283 -0.028037232876767113 0.046977203607101968 0 -0.0041669101201165159 -0.0041820532281220089 0.028512162361070473 0.0017803322906669785 0.013814873512743527 0.026768858261779934 -0.022384132858014147
leaf_weight=11.447401493787764 14.642332121729849 11.387441575527193 128.74582678079605 314.22109530866146 24.239208042621613 27.585029542446136 13.512201398611067 80.681708924472332 8.6108182519674283 27.26678891479969
leaf_count=51 56 35 480 1222 95 101 46 296 31 128
internal_value=0.000662514 0.00465184 0.00227595 -0.00201212 -0.000789973 0.0124842 0.0253966 0.00539606 -0.00310725 -0.0130544
internal_weight=662.34 273.041 248.142 389.298 374.656 51.8242 24.8996 209.428 322.832 38.7142
internal_count=2541 1036 955 1505 1449 196 81 776 1253 179
is_linear=0
shrinkage=0.05


Tree=104
num_leaves=15
num_cat=0
split_feature=127 31 116 19 88 85 87 23 32 80 68 57 84 68
split_gain=8.27894 4.85926 4.31427 4.32473 4.1057 7.0054 4.08257 3.61945 3.04324 4.48667 4.43012 3.86651 5.86617 3.66069
threshold=0.43732677444137097 1.1714792500000002 -0.80787981341549386 5.1000000000000005 0.51146069999999999 0.19999999999999987 0.98841620000000019 0.61466770000000015 11.950000000000001 0.49198766666666671 0.18333333333333338 1.5500000000000003 0.75000000000000022 0.29285714285714287
decision_type=2 2 2 2 2 2 2 2 2 2 2 2 2 2
left_child=1 2 3 -1 6 -6 -3 -4 11 10 -10 12 -2 -11
right_child=8 4 7 -5 5 -7 -8 -9 9 13 -12 -13 -14 -15
leaf_value=-0.015449118590294769 0.013448770016128514 -0.00094947843796129973 0.016774220030055229 0.022444357341184121 -0.018618504374776603 0.032874826310843902 -0.036110783192261547 -0.016622287266170346 0.01305291931086402 0.0011551572534595927 -0.010998883255312916 0.037270081143587909 -0.024200767799268576 0.031981292592088754
leaf_weight=10.871073603630068 86.645519852638245 296.79719960689545 6.376506842672824 16.707102343440056 7.3728160858154324 20.773922488093376 7.6681137531995764 131.23364871740341 24.113223016262054 27.504639446735382 68.193462550640106 15.063185900449751 9.9902049005031568 17.779947638511658
leaf_count=39 247 1012 29 60 25 67 27 571 69 78 197 42 28 50
internal_value=-0.000112807 -0.00390157 -0.0108928 0.00573959 -0.000257304 0.0174951 -0.00211404 -0.0146042 0.00723845 0.00180592 -0.00410742 0.0134112 0.00883645 0.0147681
internal_weight=747.091 497.8 165.188 27.5782 332.612 28.1467 304.465 137.61 249.29 137.591 92.3067 111.699 96.6357 45.2846
internal_count=2541 1830 699 99 1131 92 1039 600 711 394 266 317 275 128
is_linear=0
shrinkage=0.05


Tree=105
num_leaves=13
num_cat=0
split_feature=98 109 33 85 82 100 25 45 103 82 10 76
split_gain=7.88218 5.42356 5.15542 5.63257 4.48205 8.79893 3.33867 3.22249 2.5314 3.39171 1.8466 1.10253
threshold=-0.89999999999999991 0.13538306018511889 4.6833333333333345 0.83333333333333359 0.23823291666666682 0.45804195804195807 11.100000000000001 1.0000000180025095e-35 6.5000000000000009 0.097929833333333507 1.7780288333333334 1.7750000000000001
decision_type=2 2 2 2 2 2 2 2 2 2 2 2
left_child=2 11 8 6 7 -6 -4 -3 9 -1 -10 -2
right_child=1 4 3 -5 5 -7 -8 -9 10 -11 -12 -13
leaf_value=0.0046056672379592928 0.0066969302946298399 0.024269348642938053 -0.0075023236614954738 -0.021869923454444599 0.013349951079019491 -0.017654642952623336 0.023929700834974213 -0.0021876265867785817 -0.026466377610770638 -0.020089637882605663 -0.0016092600774579994 0.03399132388364428
leaf_weight=27.826898366212845 13.040353193879129 10.587826251983641 8.806507855653761 13.780359312891958 137.33854776620865 25.293274790048599 25.536363020539284 455.46359510719776 54.511072605848312 22.569012239575386 13.904050871729849 14.394249126315115
leaf_count=106 49 31 28 46 400 73 83 1324 209 87 48 57
internal_value=-0.000379985 0.0020279 -0.0100974 0.00281314 0.000977113 0.00814398 0.0144707 -0.00142884 -0.0157238 -0.00565659 -0.0222309 0.0234678
internal_weight=823.052 656.118 166.934 48.1232 628.683 162.632 34.3429 466.051 118.811 50.3959 68.4151 27.4346
internal_count=2541 1934 607 157 1828 473 111 1355 450 193 257 106
is_linear=0
shrinkage=0.05


Tree=106
num_leaves=15
num_cat=0
split_feature=63 9 118 116 30 51 4 4 110 100 41 82 110 124
split_gain=2.94191 4.39453 4.18802 4.96097 4.34591 3.58797 5.22573 5.13908 4.81641 3.74779 3.16948 2.90976 2.68687 1.50042
threshold=1.1000000000000003 0.66139798333333355 56.550000000000004 1.0828442138523937 1.4348696500000002 2.1666666666666674 9.1666666666666696 10.833333333333334 0.31710264525831117 0.29285714285714287 3.4722222222222228 -0.083794816666666758 0.32901562635826659 0.5868625207653535
decision_type=2 2 2 2 2 2 2 2 2 2 2 2 2 2
left_child=1 10 4 -4 -3 7 -7 12 -9 -8 11 -1 -2 -12
right_child=5 2 3 -5 -6 6 9 8 -10 -11 13 -13 -14 -15
leaf_value=0.030831188570482428 0 0.046599276748138976 0.0016377798783808852 0.036672173192233579 0.0070411512279567011 0.034917650132395305 -0.0039986530052078459 -0.0075347414872343121 0.0060403170579054173 0.01721055009764148 -0.025910258529289194 -0.0089918778643446207 -0.02382262766731786 0
leaf_weight=6.8386805951595306 21.526844158768654 13.411686122417448 138.20199906080961 10.33781014382839 21.560519501566887 12.724051237106321 73.929512105882168 137.32505717128515 120.75997747480869 27.195403829216957 19.845724165439609 7.5068780034780485 44.093909785151482 6.554265931248664
leaf_count=25 80 45 511 39 75 47 295 574 441 100 83 29 172 25
internal_value=0.000673365 0.0053698 0.00880263 0.00463933 0.0244752 -0.00162642 0.00578893 -0.00439821 -0.000991083 0.00132819 -0.00873394 0.00750595 -0.0168319 -0.0193353
internal_weight=661.812 224.258 183.512 148.54 34.9722 437.555 113.849 323.706 258.085 101.125 40.7455 14.3456 65.6208 26.4
internal_count=2541 832 670 550 120 1709 442 1267 1015 395 162 54 252 108
is_linear=0
shrinkage=0.05


Tree=107
num_leaves=15
num_cat=0
split_feature=125 40 28 14 69 112 106 22 108 21 93 5 41 96
split_gain=7.71103 5.90774 5.29907 7.18223 5.26027 6.80382 4.86419 4.40974 4.50455 6.12966 3.49602 3.44341 3.81781 2.44508
threshold=0.36545831901092479 4.354166666666667 1.8166666666666669 1.9000000000000001 0.95000000000000007 0.51354195808853909 2.1250000000000004 2.1000000000000005 0.16414313623249874 0.77500000000000013 0.92777777777777792 3.1666666666666674 5.154761904761906 -0.19282962857142863
decision_type=2 2 2 2 2 2 2 2 2 2 2 2 2 2
left_child=7 4 3 -3 5 -2 -6 8 10 -10 -1 -9 -13 -4
right_child=1 2 13 -5 6 -7 -8 11 9 -11 -12 12 -14 -15
leaf_value=0.022292896177647889 0.019684776336788699 0.0043530257983349354 0.0030495887907233676 0.048256609823531714 0.021152782984523697 -0.020338615932269301 -0.014561804254118888 0 0.021593409281028708 -0.0029456125111340056 -0.001338906589392719 0.038571541690231165 0 -0.019807908231513367
leaf_weight=43.823638826608658 29.638059422373772 72.485725805163383 14.445190727710722 10.476351141929625 8.0305910855531675 14.468384996056555 203.65728325396776 13.329611092805861 27.568413063883781 229.97623153030872 18.055573254823685 23.201282054185867 9.9655812382698041 25.980172701179981
leaf_count=139 98 228 57 33 34 53 872 38 79 652 51 66 28 113
internal_value=-0.000111496 -0.0051667 0.0035082 0.0110013 -0.00954328 0.00528744 -0.0128788 0.00499045 0.00268475 -5.21266e-05 0.0146906 0.0193875 0.0278293 -0.0105568
internal_weight=745.102 379.182 123.387 82.9621 255.794 44.1064 211.688 365.92 319.424 257.545 61.8792 46.4965 33.1669 40.4254
internal_count=2541 1488 431 261 1057 151 906 1053 921 731 190 132 94 170
is_linear=0
shrinkage=0.05


Tree=108
num_leaves=11
num_cat=0
split_feature=98 19 21 90 82 128 124 117 89 29
split_gain=7.26852 6.49945 5.45321 4.44388 4.50785 5.13015 4.53017 3.57197 4.15988 3.37587
threshold=-0.89999999999999991 4.9000000000000012 2.2666666666666671 -1.3333333333333333 0.26081549999999992 0.88484027790099928 0.65249842125026247 53.899999999999999 -0.49910249999999984 1.5634920634920637
decision_type=2 2 2 2 2 2 2 2 2 2
left_child=1 7 9 -2 5 -5 -6 -1 -9 -3
right_child=3 2 -4 4 6 -7 -8 8 -10 -11
leaf_value=0.0071343325705536644 -0.025092974194022816 0.031059657229924043 -0.019677935879189892 -0.00086624857973494919 0.012363451980693687 0.024169561522253816 -0.021388781851095495 0.004382959384547378 -0.021847124509304469 -0.00087363497345564192
leaf_weight=12.190855041146277 13.559169724583624 19.168520927429203 10.904230177402495 466.34053839743137 146.02071011066437 20.367962762713432 8.7479201555252057 13.821890532970427 100.64821574091911 9.058350205421446
leaf_count=42 43 59 40 1368 429 69 25 51 381 34
internal_value=-0.000392764 -0.00976222 0.00706159 0.00191373 0.00260057 0.000126348 0.0100096 -0.0153661 -0.0182364 0.0194219
internal_weight=820.828 165.792 39.1311 655.036 641.477 486.709 154.769 126.661 114.47 28.2269
internal_count=2541 607 133 1934 1891 1437 454 474 432 93
is_linear=0
shrinkage=0.05


Tree=109
num_leaves=13
num_cat=0
split_feature=121 63 117 26 2 11 22 68 33 92 103 100
split_gain=2.84344 3.07931 4.1308 5.56488 4.06587 3.24011 5.00534 3.77485 2.08613 2.83823 2.81668 1.96392
threshold=24.57 1.1000000000000003 74.550000000000026 3.2250000000000005 2.2833378333333338 15.16666666666667 1.9000000000000001 0.29285714285714287 4.5500000000000007 -0.7749999999999998 6.5000000000000009 0.17424242424242428
decision_type=2 2 2 2 2 2 2 2 2 2 2 2
left_child=8 2 3 -2 -4 7 -7 -3 9 -1 -11 -10
right_child=1 5 4 -5 -6 6 -8 -9 11 10 -12 -13
leaf_value=-0.02543332904977498 -0.0084788380128180338 0.0013626781753014656 0.023396930630417246 0.011058392595987003 -0.0087072854880713164 0.0020483463854050594 0.038419603223602078 -0.0094569763160846625 0 -0.0085612556007717781 0.022264343255855704 -0.027635649740191684
leaf_weight=7.503303885459899 65.576054155826569 188.03207428008318 51.599252603948116 77.185468196868896 9.0394112244248372 64.019837379455566 10.985592186450956 132.0875248759985 10.830925300717356 10.308086946606638 14.751512318849562 19.38410995900631
leaf_count=31 257 743 177 275 40 248 41 505 45 40 56 83
internal_value=0.000674667 0.00181145 0.00681684 0.00173981 0.0177364 -0.000649671 0.00846867 -0.00296156 -0.00923796 0 0.00782382 -0.0184782
internal_weight=661.303 598.525 203.4 142.762 60.6387 395.125 75.0054 320.12 62.7779 32.5629 25.0596 30.215
internal_count=2541 2286 749 532 217 1537 289 1248 255 127 96 128
is_linear=0
shrinkage=0.05


Tree=110
num_leaves=15
num_cat=0
split_feature=127 16 64 94 2 113 96 106 38 51 9 94 44 74
split_gain=7.06705 3.9641 4.56854 4.57752 3.96232 4.68096 4.28606 3.03695 4.88424 3.96413 4.15309 3.80338 3.38892 1.57641
threshold=0.43732677444137097 1.9978254000000002 1.1000000000000003 0.83642585000000014 1.9921633333333335 0.52617872807017563 -0.23940850000000016 2.8250000000000006 2.0949384000000006 0.83333333333333337 1.4043985000000003 -0.55877880000000013 1.0000000180025095e-35 0.38750000000000007
decision_type=2 2 2 2 2 2 2 2 2 2 2 2 2 2
left_child=1 4 13 -4 5 -1 -6 9 11 12 -11 -9 -2 -3
right_child=7 2 3 -5 6 -7 -8 8 -10 10 -12 -13 -14 -15
leaf_value=-0.0055723834397780831 0.03461771384932457 -0.031283106220143464 -0.010737946233394543 0.015214705010910577 -0.012396312815391608 0.0092112859707754683 0.025939464791492658 0.035431958423658719 -0.018393797289340007 -0.01576680900503407 0.00466566501445258 0.010122391464066696 0 -0.0017497570110087731
leaf_weight=270.018694229424 13.244417905807497 29.641977146267891 68.260339714586735 20.441292800009251 7.4768643528223029 63.906789124011993 24.772691071033478 20.381886899471283 9.7452728450298292 41.412906914949417 54.027216881513596 96.251050293445587 13.3962225317955 9.844412758946417
leaf_count=925 37 124 320 92 28 205 93 57 27 120 155 277 38 43
internal_value=-9.9553e-05 -0.00362146 -0.0111856 -0.00409681 -0.000814045 -0.00257474 0.0154423 0.00669405 0.0121243 0.000613586 -0.00375339 0.015234 0.017637 -0.0253802
internal_weight=742.822 494.363 128.188 88.7016 366.175 333.925 32.2496 248.459 126.378 122.081 95.4401 116.633 26.6406 39.4864
internal_count=2541 1830 579 412 1251 1130 121 711 361 350 275 334 75 167
is_linear=0
shrinkage=0.05


Tree=111
num_leaves=12
num_cat=0
split_feature=108 114 91 103 29 31 89 35 122 17 34
split_gain=6.90761 4.35226 3.99094 4.35908 4.46391 3.6339 3.5186 6.39888 3.23791 2.34509 1.03181
threshold=0.5198317777782745 2.6694688448906247 -2.3666666666666658 6.5000000000000009 1.8166666666666669 1.4041450571428575 0.18466940000000001 0.89444444444444449 36.615000000000002 2.0302263000000003 4.354166666666667
decision_type=2 2 2 2 2 2 2 2 2 2 2
left_child=2 6 9 4 -4 -5 7 -2 -8 10 -1
right_child=1 -3 3 5 -6 -7 8 -9 -10 -11 -12
leaf_value=0 0.015788410631243033 -0.01694202661634386 0.0059485146749538708 -0.0011196173769500533 -0.013946062054913087 -0.012757033272885802 0 -0.0024911189709052916 0.023886198498598295 0 -0.032842797760140423
leaf_weight=5.4919984787702587 72.149716690182686 17.382127434015274 180.95793950557709 158.42957633733749 31.397201776504517 130.89466281235218 16.486950159072876 128.36038878560066 50.110503941774368 7.1657475978136054 20.176013246178627
leaf_count=23 217 48 550 473 108 423 50 380 154 31 84
internal_value=-0.000382852 0.00583055 -0.00378796 -0.00254739 0.00272113 -0.00658259 0.00755664 0.003884 0.0176534 -0.0206298 -0.0275642
internal_weight=819.003 284.49 534.513 501.679 212.355 289.324 267.108 200.51 66.5975 32.8338 25.668
internal_count=2541 849 1692 1554 658 896 801 597 204 138 107
is_linear=0
shrinkage=0.05


Tree=112
num_leaves=9
num_cat=0
split_feature=45 3 5 63 21 35 124 37
split_gain=2.80058 2.62999 3.70839 2.93569 3.80211 3.22456 1.2948 0.644435
threshold=1.0000000180025095e-35 0.55103581666666679 4.8333333333333348 1.1000000000000003 0.77500000000000013 1.3166666666666669 0.55015952565226911 1.5271963500000003
decision_type=2 2 2 2 2 2 2 2
left_child=6 2 -2 4 -3 -5 -1 -4
right_child=1 3 7 5 -6 -7 -8 -9
leaf_value=-0.02939592580281333 0.011439614652789887 -0.002122719312296498 -0.033544059255163752 -0.0055459005311459374 0.011591563921993005 0.0033738188181049694 0 -0.0017024202174203723
leaf_weight=9.9682255834341067 6.9345872327685383 69.743084743618965 12.300777696073057 176.27919984608889 140.09059376269579 232.68463526666164 7.0166129469871512 5.9992187321186057
leaf_count=41 27 272 67 693 495 897 26 23
internal_value=0.000661912 0.00127625 -0.0140009 0.00200151 0.0068077 -0.000353112 -0.0186281 -0.0263253
internal_weight=661.017 644.032 25.2346 618.798 209.834 408.964 16.9848 18.3
internal_count=2541 2474 117 2357 767 1590 67 90
is_linear=0
shrinkage=0.05


Tree=113
num_leaves=16
num_cat=0
split_feature=125 40 69 113 28 14 106 102 111 42 106 20 18 96 109
split_gain=6.64922 5.53842 4.8665 6.32786 4.86634 6.57086 4.58131 3.99399 3.74815 4.94309 4.53861 3.21184 2.39982 2.29331 1.89807
threshold=0.36545831901092479 4.354166666666667 0.95000000000000007 0.48711305965191981 1.8166666666666669 1.9000000000000001 2.1250000000000004 3.5000000000000004 1.0578788004594457 1.1666666666666667 3.0750000000000006 5.5500000000000007 12.100000000000001 -0.19282962857142863 0.2494501015382686
decision_type=2 2 2 2 2 2 2 2 2 2 2 2 2 2 2
left_child=7 2 3 -2 5 -3 -4 11 10 -10 -9 12 -1 -6 -13
right_child=1 4 6 -5 13 -7 -8 8 9 -11 -12 14 -14 -15 -16
leaf_value=-0.0021049886147515343 -0.019762158804821402 0.0042929510319788889 0.02052472091894493 0.018908175618491993 0.0030791373280860193 0.046129080271789448 -0.01400964013604325 -0.00021844858101350423 0.032601273132753551 0.00077005526108776747 0.013672284615475126 0.022917351904019848 -0.035126630639817441 -0.019100897602353825 -0.0048201151092970365
leaf_weight=15.602921128273012 14.294376879930494 72.43760558962822 8.08108092099428 29.848760455846786 14.427394792437552 10.629094064235685 201.01923228800297 179.45521309971809 29.197939068078995 26.192131608724594 81.855574414134026 8.5150916427373904 12.546614497900007 25.491702474653721 11.606094300746916
leaf_count=45 53 228 34 98 57 33 872 515 86 76 235 26 37 113 33
internal_value=-0.00010005 -0.00482358 -0.00909674 0.00511803 0.00357453 0.010726 -0.0123457 0.00463243 0.00676371 0.0187166 0.00397774 -0.00818941 -0.0192386 -0.00998341 0.00508011
internal_weight=741.201 376.229 253.243 44.1431 122.986 83.0667 209.1 364.972 316.701 55.3901 261.311 48.2707 28.1495 39.9191 20.1212
internal_count=2541 1488 1057 151 431 261 906 1053 912 162 750 141 82 170 59
is_linear=0
shrinkage=0.05


Tree=114
num_leaves=12
num_cat=0
split_feature=110 109 89 74 87 38 21 103 112 87 124
split_gain=6.25698 5.19152 4.95805 4.85703 4.10437 3.83522 3.3713 3.28815 2.79718 2.15509 2.20483
threshold=0.1571489301117098 0.20029241328599431 -0.37053229999999998 0.15476190476190479 0.57237599999999988 1.7277634500000003 0.36666666666666675 6.5000000000000009 0.49041886866314349 -0.24771490000000004 0.49865759638189699
decision_type=2 2 2 2 2 2 2 2 2 2 2
left_child=2 9 5 4 -4 -1 -3 -8 -5 -2 -11
right_child=1 6 3 8 -6 -7 7 -9 -10 10 -12
leaf_value=-0.027037809667139253 0 0.021153151352721361 -0.013601713706848534 0.0041324995152557074 0.02147528280411605 0.006268110382150003 0.0020974952422370989 -0.0052024933612443112 0.025969381591663499 0 -0.036153908723785211
leaf_weight=14.250162333250048 7.193371206521987 14.759828209877012 24.474649295210838 27.904366299510002 11.10849918425083 15.366910919547079 257.81972879171371 357.97937212884426 58.700786426663399 7.3925994187593487 19.596307933330536
leaf_count=41 34 41 75 88 39 47 776 1081 193 37 89
internal_value=-0.000389579 -0.00254173 0.00866221 0.0132592 -0.000996782 -0.00848355 -0.00141134 -0.00206666 0.0196317 -0.0213399 -0.0276573
internal_weight=816.547 664.741 151.805 122.188 35.5831 29.6171 630.559 615.799 86.6052 34.1823 26.9889
internal_count=2541 2058 483 395 114 88 1898 1857 281 160 126
is_linear=0
shrinkage=0.05


Tree=115
num_leaves=11
num_cat=0
split_feature=111 31 2 22 2 5 52 89 70 45
split_gain=2.9238 5.0252 2.69807 4.16457 3.36111 3.99807 2.95233 2.9266 2.84732 1.47548
threshold=1.065878160176406 1.4041450571428575 2.4210906666666667 1.1000000000000003 1.2936970000000003 3.8333333333333335 2.1666666666666674 -0.10467410000000003 1.0500000000000003 1.1666666666666667
decision_type=2 2 2 2 2 2 2 2 2 2
left_child=2 9 4 8 7 -6 -5 -1 -4 -2
right_child=1 -3 3 6 5 -7 -8 -9 -10 -11
leaf_value=-0.010567012106506079 0.050324592963642945 -0.011725464021209412 0.029725557290854548 -0.024832034195455068 0.015774711910081309 0.0015061292681045086 0.00097849294086275389 0.0010270082919625297 -0.0075366183660293563 0.0087631935428223503
leaf_weight=91.568600863218307 7.7026343420147958 6.9368105679750434 8.396418556571005 34.993890076875687 60.185910642147064 309.02017041295767 10.734039440751074 115.46232168376446 7.3314779102802268 8.3110693693160993
leaf_count=349 27 30 32 167 217 1183 55 418 31 32
internal_value=0.000656314 0.0178071 0 -0.00985972 0.00108024 0.0040035 -0.017812 -0.00388676 0.00995478 0.033476
internal_weight=660.643 22.9505 637.693 61.4558 576.237 369.206 45.7279 207.031 15.7279 16.0137
internal_count=2541 89 2452 285 2167 1400 222 767 63 59
is_linear=0
shrinkage=0.05


Tree=116
num_leaves=15
num_cat=0
split_feature=125 40 95 6 78 22 38 39 118 106 95 65 20 36
split_gain=6.0575 5.2211 4.8117 4.555 4.42444 4.13111 4.17578 5.00477 3.90245 3.87987 3.54658 3.19537 2.88085 3.68402
threshold=0.36545831901092479 4.354166666666667 -0.38681049999999989 7.166666666666667 -1.0000000180025095e-35 2.1000000000000005 1.9790143000000004 10.050000000000002 73.750000000000014 3.0750000000000006 0.2632771000000001 1.0000000180025095e-35 4.366666666666668 2.183333333333334
decision_type=2 2 2 2 2 2 2 2 2 2 2 2 2 2
left_child=5 2 8 4 -3 6 9 -8 -2 -1 -4 -5 -7 -14
right_child=1 3 10 11 -6 12 7 -9 -10 -11 -12 -13 13 -15
leaf_value=0 -0.0034980806347845346 -0.0029628158682035986 -0.015866680930691206 0.01523614759179014 0.01871607658317417 0 0.0068053265742792877 -0.037290567468160646 0.025619185535580982 0.012566672611506031 0 -0.019218707607210783 0.0062662893687767257 0.046066617276097788
leaf_weight=207.77748076617718 37.09629038721323 34.547422364354134 156.07514312118292 6.3608174026012412 54.183260709047318 16.787013024091721 8.4380291700363177 13.053760349750517 14.469861567020414 88.852711886167526 43.81202594190836 27.768812268972397 15.778440624475481 13.943911492824553
leaf_count=600 148 110 657 26 186 48 25 38 55 258 197 109 45 39
internal_value=-8.88543e-05 -0.0046166 -0.00879141 0.00352611 0.00977919 0.00442229 0.00218149 -0.0182219 0.0040532 0.00388403 -0.0123576 -0.0111231 0.0183283 0.0274573
internal_weight=738.945 374.314 251.453 122.86 88.7307 364.631 318.122 21.4918 51.5662 296.63 199.887 34.1296 46.5094 29.7224
internal_count=2541 1488 1057 431 296 1053 921 63 203 858 854 135 132 84
is_linear=0
shrinkage=0.05


Tree=117
num_leaves=15
num_cat=0
split_feature=110 30 24 54 96 76 75 88 2 19 70 76 18 116
split_gain=5.89397 4.6321 4.39853 4.29974 4.23809 4.09426 4.15731 3.90057 4.44696 4.32239 3.62218 3.01403 2.93548 2.72767
threshold=0.39920932560341005 2.0932680000000006 1.7989385000000002 1.3666666666666669 -0.36475422999999985 1.267857142857143 2.2500000000000004 0.46299030000000002 0.86797433333333351 5.291666666666667 1.3541666666666667 1.3541666666666667 17.900000000000002 -1.0721569371237742
decision_type=2 2 2 2 2 2 2 2 2 2 2 2 2 2
left_child=1 7 5 11 12 6 -2 8 -1 -9 -7 -4 -3 -6
right_child=2 4 3 -5 13 10 -8 9 -10 -11 -12 -13 -14 -15
leaf_value=0.017095584868935511 0.00085525403532540336 0.0067299200819192929 0.019905364878809548 0.034266661809847505 -0.0053390749974885597 0 -0.019206858683871911 -0.0011429375435282304 -0.00028175718106158759 -0.032598854296782567 -0.030052120823862064 -0.012742760244057275 -0.02818301118829028 0.016253825895350262
leaf_weight=39.305492728948593 77.543810352683067 8.6783874630928057 8.7785550653934497 9.5022786408662778 12.573639333248137 16.261648863554001 34.799620017409325 35.283389210700989 371.85303251445293 17.676522195339203 41.123949065804482 21.997717246413231 10.282796457409857 109.10568495094776
leaf_count=113 287 25 31 30 36 53 146 101 1055 50 152 80 31 351
internal_value=-0.000382338 0.00206024 -0.00762962 0.00633427 0.00998528 -0.011254 -0.0050327 -0.000250067 0.0012956 -0.0129782 -0.0222821 -0.00152342 -0.0101621 0.0135896
internal_weight=814.767 604.759 210.008 40.2786 140.641 169.729 112.343 464.118 411.159 52.9599 57.3856 30.7763 18.9612 121.679
internal_count=2541 1762 779 141 443 638 433 1319 1168 151 205 111 56 387
is_linear=0
shrinkage=0.05


Tree=118
num_leaves=13
num_cat=0
split_feature=121 74 126 31 124 103 33 100 32 92 82 125
split_gain=2.6565 3.52913 4.69604 8.06281 4.81765 4.02669 4.11944 4.02785 2.74503 3.08567 2.80835 2.19632
threshold=24.57 0.10555555555555557 0.28652084533443428 1.400587 0.5515946317604804 3.5000000000000004 3.5857142857142863 0.36931818181818188 13.850000000000003 -0.70714285714285696 0.27723616666666673 0.42307827095195588
decision_type=2 2 2 2 2 2 2 2 2 2 2 2
left_child=8 2 4 -4 -2 7 -7 -3 9 -1 -11 -10
right_child=1 5 3 -5 -6 6 -8 -9 11 10 -12 -13
leaf_value=-0.026919624671128073 -0.0056710315298561034 0.0039398789173886823 0.049579630225258298 -0.0011700669212448918 0.012203431613668894 0.0099279991273455281 -0.0050530447644233298 0.038651816086391622 -0.035369593555808806 0.014478364069728434 -0.014874390512250047 0
leaf_weight=8.5025156885385496 66.02247529476881 54.847496062517166 15.40135680139065 11.379795596003531 79.248031087219715 51.1531992405653 309.82838736474514 10.138275407254694 12.928352370858194 25.387625828385353 9.5721737891435605 5.936565399169921
leaf_count=36 267 211 51 41 294 186 1200 36 55 97 39 28
internal_value=0.000646708 0.00174552 0.00778902 0.0269495 0.00375479 -0.000590925 -0.00277045 0.0106166 -0.00896769 -0.000697425 0.00486085 -0.02451
internal_weight=660.346 598.019 172.052 26.7812 145.271 425.967 360.982 64.9858 62.3272 43.4623 34.9598 18.8649
internal_count=2541 2286 653 92 561 1633 1386 247 255 172 136 83
is_linear=0
shrinkage=0.05


Tree=119
num_leaves=15
num_cat=0
split_feature=127 89 86 69 42 110 101 70 112 27 82 71 128 64
split_gain=5.7346 4.98117 5.2105 5.98451 5.91085 4.9778 4.21942 3.09478 3.63971 3.44207 2.88382 2.71893 2.43891 1.87956
threshold=0.54764160274499996 -0.10130910000000008 -0.59999999999999964 1.5500000000000003 2.1666666666666674 0.16606622929544471 2.2928571428571431 1.2111111111111115 0.48391777989821888 4.1000000000000005 -0.17246099999999995 0.31666666666666671 0.79256431963282148 1.3666666666666669
decision_type=2 2 2 2 2 2 2 2 2 2 2 2 2 2
left_child=1 2 3 -1 -4 12 -7 11 10 -10 -9 -2 -3 -13
right_child=7 5 4 -5 -6 6 -8 8 9 -11 -12 13 -14 -15
leaf_value=0.00038050584450136625 -0.023882068066587079 -0.0012389740500758234 0.01272436894492193 -0.026596328463998037 -0.0090183859128616702 -0.014776627524194437 0 0.01688265294624982 0 0.023738100325325584 -0.017512863678272216 0.021660289208886595 -0.027999981397862153 -0.0069536699007100231
leaf_weight=75.325492843985558 10.646890223026277 16.535043202340603 139.18605982512236 25.621199369430542 36.685620091855526 62.78590427339077 212.19269494712353 8.3480094224214572 19.030654013156891 63.133868604898453 14.324560672044752 9.3906623125076312 35.683083482086658 8.4603381156921369
leaf_count=246 31 83 473 105 145 203 678 25 53 190 41 27 217 24
internal_value=-8.91172e-05 -0.00223069 0.00257338 -0.00616973 0.00788094 -0.00644288 -0.00349911 0.0091845 0.0132531 0.0181956 -0.00255814 -0.00402982 -0.0206481 0.00579708
internal_weight=737.35 604.015 276.818 100.947 175.872 327.197 274.979 133.335 104.837 82.1645 22.6726 28.4979 52.2181 17.851
internal_count=2541 2150 969 351 618 1181 881 391 309 243 66 82 300 51
is_linear=0
shrinkage=0.05


Tree=120
num_leaves=14
num_cat=0
split_feature=108 74 109 90 106 31 37 2 2 118 115 37 95
split_gain=5.4527 4.48339 4.90779 4.93112 3.89705 3.5859 4.47402 3.39628 7.73534 3.59319 2.25139 2.14996 0.636579
threshold=0.47632684672723585 0.41428571428571431 0.13538306018511889 0.20000000000000015 2.7928571428571431 1.7137141000000002 1.0009872000000002 1.9576100000000001 2.5848150000000008 75.800000000000011 1.1996806869913252 0.86351534500000005 0.5233403499999999
decision_type=2 2 2 2 2 2 2 2 2 2 2 2 2
left_child=5 2 12 -4 -3 7 11 9 -9 -1 -8 -7 -2
right_child=1 4 3 -5 -6 6 10 8 -10 -11 -12 -13 -14
leaf_value=-0.0028220483155657222 0.035424005550855113 -0.031939175521686243 0.011552741255729596 -0.0012588200701503882 0.0012254443091789763 -0.0074537754879075331 0 -0.021007316469102654 0.016503594366423194 0.0090334079643904948 -0.022777032501747681 0.023263518834953419 0.007040410610025115
leaf_weight=215.60739170014858 15.233567774295809 14.064896211028101 126.49171495437622 168.00450477004051 14.930087119340895 7.8076680749654797 14.145375117659567 53.655178874731064 16.062610805034637 88.849740892648697 58.957742400467396 9.9134677499532682 8.7473598718643171
leaf_count=685 69 40 363 484 43 24 54 165 44 290 221 30 29
internal_value=-0.00038084 0.00428206 0.00611567 0.00409526 -0.0137236 -0.00397421 -0.0129137 -0.00164241 -0.0115468 0.000492288 -0.018542 0.00738392 0.0277685
internal_weight=812.471 347.472 318.477 294.496 28.995 464.999 90.8243 374.175 69.7178 304.457 73.1031 17.7211 23.9809
internal_count=2541 1028 945 847 83 1513 329 1184 209 975 275 54 98
is_linear=0
shrinkage=0.05


Tree=121
num_leaves=11
num_cat=0
split_feature=81 95 97 32 101 121 112 10 126 112
split_gain=2.77222 4.18737 3.92707 4.15848 3.80199 3.01237 4.33889 4.14213 2.61599 1.56605
threshold=-0.033448333333333295 0.31895085000000006 1.235714285714286 18.550000000000004 3.577380952380953 39.975000000000001 0.51865656806615801 0.71931800000000012 0.22259117527031885 0.48711305965191981
decision_type=2 2 2 2 2 2 2 2 2 2
left_child=1 5 3 4 -2 6 -1 -7 -5 -4
right_child=2 -3 9 8 -6 7 -8 -9 -10 -11
leaf_value=-0.014324301463463075 0.0063981573010908066 -0.030539324945392771 0 0 -0.012463162466390738 0.030413956863928726 0.0036532098735054738 0.00046646377262758227 0.049762771566212199 -0.02617389588092402
leaf_weight=80.855261757969856 237.62892644107342 11.700312845408915 5.0651505440473583 6.1855605468153936 27.630621045827866 11.510928079485891 50.15886764973402 208.36995051801205 7.8670628815889359 12.829294644296168
leaf_count=330 860 52 23 30 109 42 196 799 29 71
internal_value=0.000654205 -0.00218736 0.00428433 0.00589237 0.00420626 -0.0010158 -0.00708731 0.0023912 0.0320041 -0.0171526
internal_weight=659.802 362.595 297.207 279.312 265.26 350.895 131.014 219.881 14.0526 17.8944
internal_count=2541 1419 1122 1028 969 1367 526 841 59 94
is_linear=0
shrinkage=0.05


Tree=122
num_leaves=15
num_cat=0
split_feature=127 31 95 9 95 116 19 2 102 109 88 127 124 2
split_gain=5.25998 3.97786 4.21141 4.91921 4.27637 3.86804 4.01402 3.70182 2.7574 3.43026 2.68393 5.2309 4.53138 1.86777
threshold=0.43732677444137097 1.1714792500000002 0.2632771000000001 0.73147633333333351 -0.0043596000000001292 -0.80787981341549386 5.1000000000000005 1.335868166666667 3.5000000000000004 0.22679920758250624 0.10402020000000013 0.49224700621047118 0.55534133618843073 1.4252861666666667
decision_type=2 2 2 2 2 2 2 2 2 2 2 2 2 2
left_child=1 5 4 -4 -3 6 -1 -7 9 -2 12 -12 -10 -11
right_child=8 2 3 -5 -6 7 -8 -9 10 13 11 -13 -14 -15
leaf_value=-0.014470583698387702 0.012940935260841169 0.0015106387908553742 0.047616793214246084 0.0041564453209523662 -0.011698654195745298 0.0022131275836471636 0.022136467589073359 -0.017358929409234426 0.011512812974896662 -0.029803717490178478 0.041967695026003643 0.0069811606167039606 -0.0055760206449622478 0
leaf_weight=10.606023937463762 10.916922330856321 200.50605571269989 8.1472134143114072 35.730802744626999 84.365850701928139 25.260214596986771 16.697484076023102 107.15940441936255 85.913471207022667 13.404215961694719 15.328408986330031 47.717823386192322 64.895978510379791 8.7382621169090253
leaf_count=39 34 693 28 121 289 88 60 512 249 38 42 138 185 25
internal_value=-9.84503e-05 -0.00317001 0 0.0142215 -0.00225368 -0.00961654 0.00614107 -0.013262 0.00576461 -0.00673585 0.0079521 0.0167906 0.00384153 -0.0187376
internal_weight=735.388 488.473 328.75 43.878 284.872 159.723 27.3035 132.42 246.915 33.0594 213.856 63.0462 150.809 22.1425
internal_count=2541 1830 1131 149 982 699 99 600 711 97 614 180 434 63
is_linear=0
shrinkage=0.05


Tree=123
num_leaves=12
num_cat=0
split_feature=15 37 100 111 90 63 10 87 40 8 97
split_gain=5.28301 4.44003 6.46177 6.46897 6.0791 5.5771 8.29685 4.64169 3.98154 2.99617 1.71597
threshold=2.2250000000000005 1.2982757976190478 0.21111111111111114 1.0548449929170756 -1.3333333333333333 1.1000000000000003 1.4496220000000004 0.55593100000000018 3.7250000000000005 1.8333333333333337 -0.31428571428571433
decision_type=2 2 2 2 2 2 2 2 2 2 2
left_child=1 2 4 -4 -1 7 -7 -3 9 -2 -10
right_child=8 5 3 -5 -6 6 -8 -9 10 -11 -12
leaf_value=-0.030743851225249544 0.016812160410020784 -0.023153807024021533 -0.012776086781370662 0.0084714240484011945 0.010983427314701751 -0.008449431796975073 0.0078206778827626042 0.0068396371857339117 -0.036044745216280635 -0.020937906998381762 0
leaf_weight=7.5330733507871619 11.308624714612963 52.66879278421402 84.891111060976982 58.012778162956238 236.32788674533367 156.98742102086544 153.99430164694786 13.415830150246618 20.032872207462791 8.1501891463994962 6.9968414455652228
leaf_count=24 38 160 252 172 708 534 484 39 82 26 22
internal_value=-0.000379735 0.000562376 0.00437612 -0.00380414 0.00936995 -0.00321843 -0.000233166 -0.0163083 -0.0165979 0 -0.0286681
internal_weight=810.32 763.831 386.765 142.904 243.861 377.066 310.982 66.0846 46.4885 19.4588 27.0297
internal_count=2541 2373 1156 424 732 1217 1018 199 168 64 104
is_linear=0
shrinkage=0.05


Tree=124
num_leaves=9
num_cat=0
split_feature=45 82 101 109 2 112 87 127
split_gain=2.60986 2.50931 3.81807 5.01345 3.71443 3.55539 2.29754 1.44093
threshold=1.0000000180025095e-35 0.29574116666666672 1.7750000000000001 0.27779841331978677 2.5659216666666671 0.51550480769230778 0.61395093333333328 0.40047418354444531
decision_type=2 2 2 2 2 2 2 2
left_child=7 4 -3 -4 5 -2 -6 -1
right_child=1 2 3 -5 6 -7 -8 -9
leaf_value=0 0.00039087250911515564 0.021476965129535119 -0.0015408658588893318 -0.025476959866847906 -0.032038508567096745 0.0095464695195130438 -0.0013743429240639536 -0.031977834630022114
leaf_weight=8.4974491596221942 267.16989167034626 11.443960472941397 113.45686549693346 27.937704771757126 9.7457566037774068 189.33393981307745 23.623685903847218 8.2068970054388029
leaf_count=32 1015 40 460 103 50 693 113 35
internal_value=0.000645925 0.00123871 -0.00420148 -0.00676716 0.00304298 0.00430999 -0.0124564 -0.0181193
internal_weight=659.416 642.712 152.839 141.395 489.873 456.504 33.3694 16.7043
internal_count=2541 2474 603 563 1871 1708 163 67
is_linear=0
shrinkage=0.05


Tree=125
num_leaves=14
num_cat=0
split_feature=16 74 82 117 116 41 96 4 5 38 25 17 111
split_gain=5.21195 5.58413 7.78571 6.42573 5.55151 5.21624 4.47576 3.17363 5.43724 2.70759 2.51357 2.08283 0.505594
threshold=1.2848779000000004 0.38750000000000007 1.0671378333333337 53.899999999999999 -1.0668940947034045 3.4722222222222228 0.31086054999999996 14.16666666666667 3.8333333333333335 1.4528389000000002 10.366666666666669 1.2569295000000003 1.0535579616461972
decision_type=2 2 2 2 2 2 2 2 2 2 2 2 2
left_child=5 2 4 -3 -2 10 -5 8 -7 -9 12 -4 -1
right_child=1 3 11 6 -6 7 -8 9 -10 -11 -12 -13 -14
leaf_value=-0.035813584710186544 0.0092962153901377902 -0.024212037233298355 0.00033520683281450101 0.017704817317390788 -0.009377633309011528 0.0043470869027973326 -0.020846779942524051 0.0068467874145471813 0.023072379996718833 -0.022204894970574898 0.0029249357028267396 0.040890353242264338 -0.0059135961688154236
leaf_weight=8.9050226956605965 41.479790553450584 11.379658892750738 8.4288942962884921 70.792985782027245 347.23592644929886 123.80848887562752 6.4202923849225035 13.585552081465723 62.74204894900322 13.46354730427265 8.2661486864089948 9.2884602844715101 7.892279624938964
leaf_count=29 142 43 31 252 1290 373 25 40 191 44 26 28 27
internal_value=-9.32265e-05 -0.00308494 -0.00563741 0.00799902 -0.00723791 0.00589044 0.0136344 0.00858313 0.011001 -0.00610705 -0.0145881 0.0253166 -0.025696
internal_weight=733.689 495.026 406.433 88.5929 388.716 238.663 77.2133 213.6 186.551 27.0491 25.0635 17.7174 16.7973
internal_count=2541 1811 1491 320 1432 730 277 648 564 84 82 59 56
is_linear=0
shrinkage=0.05


Tree=126
num_leaves=12
num_cat=0
split_feature=98 19 21 109 81 82 28 117 89 29 123
split_gain=5.01608 6.13327 5.09615 4.13535 3.72611 4.25795 3.63478 3.22947 3.99836 2.92789 1.3726
threshold=-0.89999999999999991 4.9000000000000012 2.2666666666666671 0.13538306018511889 0.85134316666666665 0.23823291666666682 2.4500000000000006 53.899999999999999 -0.49910249999999984 1.5634920634920637 0.611885361486317
decision_type=2 2 2 2 2 2 2 2 2 2 2
left_child=1 7 9 10 5 -5 -6 -1 -9 -3 -2
right_child=3 2 -4 4 6 -7 -8 8 -10 -11 -12
leaf_value=0.0075099369795834292 0 0.030730652901632211 -0.018057039788050656 -0.00065276809073956557 -0.023750549156209562 0.0090310871843253728 0.0033023581305816905 0.0057063279183909837 -0.020380856089222243 0 0.028822336700105883
leaf_weight=12.069387041032313 8.3458725959062594 19.099340289831165 10.45127013325691 428.17486183345318 28.461038529872894 149.82320350408554 16.12405700981617 13.497340425848959 96.908550724387169 8.7113266214728338 17.113318756222725
leaf_count=42 31 59 40 1257 84 440 47 51 381 34 75
internal_value=-0.000368692 -0.0082957 0.00822322 0.0015302 0.000623461 0.0017823 -0.0130123 -0.013886 -0.0167202 0.0201188 0.0209524
internal_weight=808.78 160.737 38.2619 648.042 622.583 577.998 44.5851 122.475 110.406 27.8107 25.4592
internal_count=2541 607 133 1934 1828 1697 131 474 432 93 106
is_linear=0
shrinkage=0.05


Tree=127
num_leaves=9
num_cat=0
split_feature=111 72 111 38 10 70 2 123
split_gain=2.77748 3.45034 2.55589 3.48935 2.86545 2.64194 2.22077 1.71773
threshold=1.065878160176406 1.1339285714285716 1.060118001032101 1.5078632000000003 1.8320750000000003 2.6125000000000003 1.2936970000000003 0.55870283735752468
decision_type=2 2 2 2 2 2 2 2
left_child=2 -2 5 -4 -5 6 -1 -3
right_child=1 7 3 4 -6 -7 -8 -9
leaf_value=-0.0040436217833909813 0.03886226300535995 0.016850609638986096 -0.032143814347978528 0.014786955266612452 -0.015102673066845543 0.025906646603591724 0.0025233536035485053 -0.016373883217743055
leaf_weight=187.68915262818336 9.4783649295568484 6.9249028414487821 13.205248065292833 13.280907258391382 16.722844891250134 9.397703215479849 395.96524426341057 6.62431900203228
leaf_count=695 34 25 57 52 71 34 1543 30
internal_value=0.000622268 0.0173098 0 -0.0116063 -0.000209368 0.000855255 0.000322748 0
internal_weight=659.289 23.0276 636.261 43.209 30.0038 593.052 583.654 13.5492
internal_count=2541 89 2452 180 123 2272 2238 55
is_linear=0
shrinkage=0.05


Tree=128
num_leaves=13
num_cat=0
split_feature=31 82 74 25 117 34 25 82 94 90 118 87
split_gain=4.76668 5.5083 4.95318 4.39336 4.29863 4.50832 3.65109 3.50836 4.93631 4.69905 3.20531 3.11524
threshold=1.1714792500000002 1.0170083333333333 0.38750000000000007 14.500000000000002 75.800000000000011 5.4222222222222234 8.1000000000000014 0.059943166666666832 -0.53595544999999978 -0.20000000000000009 70.700000000000003 -0.10999319999999978
decision_type=2 2 2 2 2 2 2 2 2 2 2 2
left_child=3 2 6 7 5 -5 -2 9 -9 -1 -4 -3
right_child=1 11 10 4 -6 -7 -8 8 -10 -11 -12 -13
leaf_value=0.015139497389661243 -0.015175363160463235 0.00098240544067784512 0.022862933298101327 -0.009370820992504884 -0.014501864680033208 0.030407964952015844 0.00042323052850057964 0.014157338673340439 -0.025449753947346422 -0.010066931221172767 0.0027942232550254523 0.047128712626068797
leaf_weight=21.911598026752472 40.129766166210175 9.2341045141220111 37.88692569732666 7.5084265470504787 12.511806756258009 21.244933545589447 376.21636877208948 6.8029445409774771 54.122652485966682 79.714416153728962 55.420953042805195 9.6673007905483228
leaf_count=76 149 28 118 23 39 71 1207 23 239 359 179 30
internal_value=-8.49734e-05 0.00235103 0.00123804 -0.00662699 0.00711569 0.0183741 -0.000993204 -0.0104436 -0.0200626 -0.0040504 0.0116292 0.0282789
internal_weight=732.372 528.555 509.654 203.817 41.2652 28.7534 416.346 162.552 60.9256 101.626 93.3079 18.9014
internal_count=2541 1711 1653 830 133 94 1356 697 262 435 297 58
is_linear=0
shrinkage=0.05


Tree=129
num_leaves=10
num_cat=0
split_feature=15 10 2 37 37 116 69 17 111
split_gain=4.79501 4.05915 3.98886 3.71982 3.563 3.00597 2.48962 1.69666 1.27011
threshold=2.2250000000000005 0.64857566666666677 2.6992766666666674 1.2635678000000001 1.0409206000000002 -0.80130858252747239 1.4365079365079367 2.1686340000000004 1.0545477398418577
decision_type=2 2 2 2 2 2 2 2 2
left_child=1 6 3 -3 -2 -4 -1 -6 -9
right_child=4 2 5 -5 7 -7 -8 8 -10
leaf_value=-0.034983673652505126 0.0029079116145268296 0.0039360085982840668 -0.005758327342861286 -0.0033994734386723329 -0.034679437259479605 0.020924897550879128 0 -0.020571283280445694 0.0049403266170468451
leaf_weight=11.609458208084108 12.983197733759878 341.4821175634861 10.098749071359633 346.31671151518822 19.325406037271023 40.699995666742325 11.060973405838011 7.1555332168936712 6.3688719570636749
leaf_count=46 41 1011 29 1114 74 136 37 28 25
internal_value=-0.000354488 0.000536707 0.001252 0.000170323 -0.0159199 0.0146463 -0.0197234 -0.0247044 -0.00560196
internal_weight=807.101 761.268 738.598 687.799 45.833 50.7987 22.6704 32.8498 13.5244
internal_count=2541 2373 2290 2125 168 165 83 127 53
is_linear=0
shrinkage=0.05


Tree=130
num_leaves=10
num_cat=0
split_feature=111 29 3 17 94 3 101 110 14
split_gain=2.60821 2.94499 2.50564 3.26542 7.1945 5.25336 1.44332 0.536848 0.13082
threshold=1.065878160176406 1.0500000000000003 0.55103581666666679 0.94063200000000013 0.12986944999999986 0.86667150000000015 2.9583333333333335 0.35443231088353921 1.7083333333333337
decision_type=2 2 2 2 2 2 2 2 2
left_child=2 -2 6 4 -4 -5 8 -3 -1
right_child=1 7 3 5 -6 -7 -8 -9 -10
leaf_value=-0.0050417312582528746 0.038919726040544195 0.011606986308013489 0.027957695233463288 -0.020016014145070031 -0.00062339364207908475 0.00042850571233512533 0 -0.0056044820238844856 -0.031515062201844142
leaf_weight=6.6479617804288891 8.3270510733127612 6.8751310557126981 32.343840532004833 32.340739071369171 55.272796824574471 491.4046216905117 9.1795781627297384 7.9513757228851318 8.8224614039063436
leaf_count=27 31 25 119 125 235 1856 43 33 47
internal_value=0.000609316 0.0167365 0 0.000638162 0.00955957 -0.000774377 -0.0153131 0 -0.0241715
internal_weight=659.166 23.1536 636.012 611.362 87.6166 523.745 24.65 14.8265 15.4704
internal_count=2541 89 2452 2335 354 1981 117 58 74
is_linear=0
shrinkage=0.05


Tree=131
num_leaves=13
num_cat=0
split_feature=127 89 86 42 30 110 90 88 40 41 61 68
split_gain=4.65508 4.54999 4.91965 5.28804 4.81389 4.25641 4.44012 2.82518 3.75348 4.82051 2.77212 2.42416
threshold=0.54764160274499996 -0.10130910000000008 -0.59999999999999964 2.1666666666666674 1.6785133500000005 0.16606622929544471 0.90000000000000036 0.44288940000000016 4.6333333333333337 5.4500000000000011 1.0000000180025095e-35 0.31666666666666671
decision_type=2 2 2 2 2 2 2 2 2 2 2 2
left_child=1 2 4 -4 -1 10 -7 8 11 -10 -3 -2
right_child=7 5 3 -5 -6 6 -8 -9 9 -11 -12 -13
leaf_value=0 0.022646055114721488 0 0.012281646873955434 -0.0083557766760298611 -0.024308677846443881 -0.0055334648765349992 0.016212848122573606 -0.013063680202091497 -0.019172887000573482 0.01169190359040531 -0.025538357782948037 0
leaf_weight=74.738441810011864 56.695083573460579 10.333634823560713 139.09500319510698 36.11834990978241 25.462751768529415 249.35577636957169 24.041041404008865 11.180929601192473 18.566270500421524 34.542873293161392 39.593665897846222 11.214385300874708
leaf_count=243 165 59 473 145 108 797 84 33 53 107 241 33
internal_value=-8.98806e-05 -0.00203487 0.00255648 0.00772044 -0.00596629 -0.00609587 -0.00338688 0.00829284 0.0107666 0 -0.0195905 0.018478
internal_weight=730.938 598.739 275.415 175.213 100.201 323.324 273.397 132.2 121.019 53.1091 49.9273 67.9095
internal_count=2541 2150 969 618 351 1181 881 391 358 160 300 198
is_linear=0
shrinkage=0.05


Tree=132
num_leaves=14
num_cat=0
split_feature=125 37 9 10 63 113 39 127 31 63 92 96 109
split_gain=4.5022 5.19446 7.61054 4.81928 6.83674 6.31136 4.09276 3.61025 3.39244 4.70127 3.34988 2.86921 1.62489
threshold=0.41955477475485919 1.2982757976190478 0.73147633333333351 1.2353395000000003 1.1000000000000003 0.47814678959717133 9.5277777777777803 0.30055529783360119 1.7068589000000001 0.77500000000000013 -0.11805555555555557 -0.2234477 0.28757465325094217
decision_type=2 2 2 2 2 2 2 2 2 2 2 2 2
left_child=7 2 6 5 -5 -3 -2 12 9 -9 -10 -4 -1
right_child=1 3 11 4 -6 -7 -8 8 10 -11 -12 -13 -14
leaf_value=-0.035729180033789734 0.0010118548573166217 0.00607250731930516 0.024743408631883818 -0.018263853392524433 0.0082444158406249583 -0.032314049577002728 -0.025085880153577302 -0.021348442143985999 -0.019580189025605359 0.0014167117820858667 0.0014429402355654831 0.0088692025607449952 -0.0016562529970008976
leaf_weight=12.338824361562731 43.742794021964073 13.839484155178068 44.085445865988731 31.39748615026474 93.731432527303696 26.845087885856628 19.552309140563011 23.646917596459389 50.825375787913799 271.73125464469194 23.09164185076952 141.09007906913757 9.4226058721542341
leaf_count=34 130 40 131 90 277 80 58 73 193 889 92 427 27
internal_value=-0.000345395 0.00321496 0.00783857 -0.00341922 0.00110444 -0.0182244 -0.00653704 -0.00424333 -0.00288899 -0.000302963 -0.0124136 0.0130296 -0.0238934
internal_weight=805.341 414.284 248.471 165.813 125.129 40.6846 63.2951 391.057 369.295 295.378 73.917 185.176 21.7614
internal_count=2541 1233 746 487 367 120 188 1308 1247 962 285 558 61
is_linear=0
shrinkage=0.05


Tree=133
num_leaves=9
num_cat=0
split_feature=81 95 97 6 38 60 80 113
split_gain=2.55824 3.97639 3.59163 4.12797 3.43322 2.8564 3.43213 1.53733
threshold=-0.033448333333333295 0.31895085000000006 1.235714285714286 8.8333333333333339 1.2063248000000002 1.0000000180025095e-35 -0.93357349999999972 0.49936386768447838
decision_type=2 2 2 2 2 2 2 2
left_child=1 5 3 4 -2 -1 -7 -4
right_child=2 -3 7 -5 -6 6 -8 -9
leaf_value=0.030167007597994934 -0.0079492959121136766 -0.030062665532959432 -0.030400292912775136 0.036197007001007336 0.0067817022599491114 -0.014573292430717276 9.2584799935955312e-06 0
leaf_weight=6.0400679111480704 44.189274683594704 11.435167692601679 8.6849711462855357 10.059077493846415 225.67618601024151 44.478140845894814 299.55949298292398 8.8081910386681539
leaf_count=21 168 52 49 40 820 171 1175 45
internal_value=0.000605466 -0.00212803 0.0040916 0.00561835 0.00416453 -0.000990111 -0.00176788 -0.0166184
internal_weight=658.931 361.513 297.418 279.925 269.865 350.078 344.038 17.4932
internal_count=2541 1419 1122 1028 988 1367 1346 94
is_linear=0
shrinkage=0.05


Tree=134
num_leaves=13
num_cat=0
split_feature=16 82 81 23 117 81 16 125 89 16 31 80
split_gain=4.44189 4.82942 5.0079 4.82354 9.78 5.60945 3.40206 3.2509 3.6673 3.41795 2.77495 1.43225
threshold=1.2848779000000004 1.0671378333333337 -1.2992516666666665 1.5211007000000001 51.25 -0.70647649999999984 1.4706449000000001 0.33774857804859754 -0.53454349999999995 1.0566248000000003 1.2290493000000005 -0.68855516666666661
decision_type=2 2 2 2 2 2 2 2 2 2 2 2
left_child=3 2 -2 4 11 -6 -4 8 -5 -9 -3 -1
right_child=1 10 6 7 5 -7 -8 9 -10 -11 -12 -13
leaf_value=0.0081625737147493389 0.024456901905847744 0 -0.012973063999085516 -0.0010605542386941094 0.029157633218606177 -0.0067431221856809834 -0.0024371002096798813 -0.021781153448967694 0.028550539446812257 0.016863878194143422 0.036096447337194158 0.0490381011304339
leaf_weight=7.6315368264913586 13.462188094854353 7.5426886379718807 104.27548293024302 9.4338088333606702 10.48229171335697 136.24843744933605 355.02334963530302 9.4640472233295458 43.603883549571037 11.590228885412214 10.999006435275076 9.6005651503801328
leaf_count=26 48 30 333 27 34 422 1367 28 130 34 33 29
internal_value=-9.72941e-05 -0.00287925 -0.00396763 0.00542303 0.000300677 -0.00365995 -0.00496071 0.0159378 0.0224362 0 0.0210959 0.0351187
internal_weight=729.358 491.303 472.761 238.055 163.963 146.731 459.299 74.092 53.0377 21.0543 18.5417 17.2321
internal_count=2541 1811 1748 730 511 456 1700 219 157 62 63 55
is_linear=0
shrinkage=0.05


Tree=135
num_leaves=10
num_cat=0
split_feature=15 10 40 2 37 8 116 69 94
split_gain=4.40053 3.76873 3.71093 3.65298 3.27634 2.94318 2.82609 2.3559 1.01054
threshold=2.2250000000000005 0.64857566666666677 3.7250000000000005 2.6992766666666674 1.2635678000000001 1.8333333333333337 -0.80130858252747239 1.4365079365079367 0.068887750000000039
decision_type=2 2 2 2 2 2 2 2 2
left_child=1 7 5 4 -3 -2 -5 -1 -4
right_child=2 3 8 6 -6 -7 -8 -9 -10
leaf_value=-0.034196602943390074 0.017285066969185782 0.0037089179537655942 -0.033325043145029258 -0.0055938741837567498 -0.0031832221674446466 -0.02024323025990914 0.020237782770807705 0 -0.00090424788541076115
leaf_weight=11.35060738027096 11.21603235602379 340.71923133730888 19.429285593330864 10.085455685853956 345.33374779671431 8.0488915443420392 40.265606641769409 11.056026667356489 6.549619495868682
leaf_count=46 38 1011 79 29 1114 26 136 37 25
internal_value=-0.000334176 0.000514111 -0.015346 0.00120431 0.000167311 0 0.0140818 -0.0191159 -0.0273411
internal_weight=804.055 758.811 45.2438 736.404 686.053 19.2649 50.3511 22.4066 25.9789
internal_count=2541 2373 168 2290 2125 64 165 83 104
is_linear=0
shrinkage=0.05


Tree=136
num_leaves=10
num_cat=0
split_feature=95 94 117 87 18 126 100 75 96
split_gain=2.51253 5.27554 4.35881 3.26092 5.77376 3.86999 2.94419 1.90641 0.822788
threshold=0.60674060000000019 0.71581065000000021 106.15000000000002 1.2386535000000001 19.100000000000005 0.2485015971640194 0.17424242424242428 1.4222222222222223 -0.24346934999999989
decision_type=2 2 2 2 2 2 2 2 2
left_child=2 7 3 4 -1 -5 -4 -2 -8
right_child=1 -3 6 5 -6 -7 8 -9 -10
leaf_value=0.0011423951686311434 0.042875909862347544 -0.019016915769280069 0.00031602762733976534 -0.00029871653983457882 -0.023592326819840567 0.03334951085615067 -0.0023879939704760551 0.0018618629666433081 -0.035747856914987247
leaf_weight=553.75235697627068 10.986592985689645 5.6244986355304709 9.2553592622280139 11.919836021959783 23.632542081177235 15.473892465233801 6.1961732953786877 7.4360015392303458 14.475601375102995
leaf_count=2084 42 29 39 53 120 58 25 27 64
internal_value=0.000583016 0.0161163 0 0.000904859 4.50812e-06 0.0174523 -0.0183387 0.0298437 -0.0286273
internal_weight=658.753 24.0471 634.706 604.779 577.385 27.3937 29.9271 18.4226 20.6718
internal_count=2541 98 2443 2315 2204 111 128 69 89
is_linear=0
shrinkage=0.05


Tree=137
num_leaves=11
num_cat=0
split_feature=108 9 11 112 16 10 52 2 87 24
split_gain=4.31844 4.48004 4.75927 5.09336 4.96627 3.52601 4.93054 2.73792 3.55694 2.51594
threshold=0.17188645446153145 0.63172316666666684 10.41666666666667 0.47253865727148175 1.2619662 2.3536716666666671 1.5000000000000002 1.5925973333333336 0.50831870000000023 1.4855298000000003
decision_type=2 2 2 2 2 2 2 2 2 2
left_child=7 5 3 -3 -4 6 -2 8 9 -1
right_child=1 2 4 -5 -6 -7 -8 -9 -10 -11
leaf_value=0.01906238089127316 0.00018273802980900666 0.0075053229473068502 0.0099717368737319359 -0.012375780802965201 -0.0027821516554477539 -0.0093879202515872989 0.036657232753330653 0.030917919166204483 -0.02128102788204923 -0.0027837311645847874
leaf_weight=32.884873703122139 21.773029312491417 35.393836051225662 101.72706444561481 175.37122533470392 291.72833710163832 11.080407969653605 19.931722104549408 14.432970792055128 8.4710367023944837 15.367915019392965
leaf_count=105 78 116 303 666 1033 46 75 46 26 47
internal_value=-8.99888e-05 -0.00143096 -0.00272567 -0.00878135 0.000405502 0.0122348 0.0192358 0.0114468 0.00517653 0.0111742
internal_weight=728.162 657.006 604.22 210.765 393.455 52.7852 41.7048 71.1568 56.7238 48.2528
internal_count=2541 2317 2118 782 1336 199 153 224 178 152
is_linear=0
shrinkage=0.05


Tree=138
num_leaves=11
num_cat=0
split_feature=15 127 40 86 116 73 37 27 8 97
split_gain=4.15563 3.63645 3.55106 3.54737 5.04883 4.40744 3.39106 2.87771 2.75792 1.73913
threshold=2.2250000000000005 0.059684199950942408 3.7250000000000005 -0.63333333333333319 0.80787981341549409 0.11805555555555557 1.3551072500000003 3.9000000000000004 1.8333333333333337 -0.31428571428571433
decision_type=2 2 2 2 2 2 2 2 2 2
left_child=1 6 8 4 -3 -5 7 -1 -2 -4
right_child=2 3 9 5 -6 -7 -8 -9 -10 -11
leaf_value=0.0016088544209046591 0.016625596169796794 0.01260621290103903 -0.034498269388863433 -0.015959516050437276 -0.01495407812942004 -0.00041625069850048305 -0.0069599475600763405 0.040435127919259357 -0.019700414020350946 0
leaf_weight=11.368889808654787 11.28422971069813 95.931791037321091 18.772041529417042 49.503365978598595 17.665100380778313 561.22902297228575 7.9187046289443961 13.951034784317015 8.0163933932781202 6.8361423164606085
leaf_count=40 38 285 82 145 53 1774 25 51 26 22
internal_value=-0.000339381 0.000481379 -0.0149828 -0.000202962 0.00779099 -0.00178189 0.0164251 0.0256249 0 -0.0268507
internal_weight=802.477 757.568 44.9088 724.329 113.597 610.732 33.2386 25.3199 19.3006 25.6082
internal_count=2541 2373 168 2257 338 1919 116 91 64 104
is_linear=0
shrinkage=0.05


Tree=139
num_leaves=8
num_cat=0
split_feature=111 31 23 23 41 97 69
split_gain=2.49797 4.35548 2.46985 2.79158 3.49347 2.89135 1.61154
threshold=1.065878160176406 1.4041450571428575 2.7658713000000001 2.1035774000000003 6.154761904761906 -1.5499999999999996 1.4365079365079367
decision_type=2 2 2 2 2 2 2
left_child=2 6 3 5 -5 -1 -2
right_child=1 -3 -4 4 -6 -7 -8
leaf_value=0.024407685037801528 0.045778176606107245 -0.011277141157158728 0.027225598830568656 -0.025185286853779906 0.0015908717272488154 0 0.0049017766170044441
leaf_weight=11.315519377589224 8.6278442740440422 6.8110111802816382 7.2072590589523307 23.67056231200695 17.509423837065697 575.54400079697371 7.7934788912534705
leaf_count=45 29 30 26 96 69 2216 30
internal_value=0.000575862 0.016332 0 -0.000380646 -0.0128471 0.000429436 0.0306434
internal_weight=658.479 23.2323 635.247 628.04 41.18 586.86 16.4213
internal_count=2541 89 2452 2426 165 2261 59
is_linear=0
shrinkage=0.05


Tree=140
num_leaves=13
num_cat=0
split_feature=31 82 74 19 25 117 2 16 82 13 87 111
split_gain=4.0432 4.92426 4.56601 4.36429 3.83695 3.98078 4.02359 3.39303 3.31233 3.54448 2.91735 0.480185
threshold=1.1714792500000002 1.0170083333333333 0.38750000000000007 2.7333333333333338 14.500000000000002 75.800000000000011 1.6000428333333336 1.3246568000000003 0.52090933333333345 3.8333333333333335 -0.10999319999999978 1.0538981278892867
decision_type=2 2 2 2 2 2 2 2 2 2 2 2
left_child=4 2 7 -4 8 6 -6 -2 9 -1 -3 -10
right_child=1 10 3 -5 5 -7 -8 -9 11 -11 -12 -13
leaf_value=0.0044197005342599786 0.0039666372586705896 0.00028661393907359012 -0.019622759767443376 0.014848168166416138 -0.002409615937328254 -0.014241099356362953 0.031826478073349179 -0.0050891684090019068 -0.011517631781216833 -0.011984159999864992 0.044976061701966663 -0.038702394951422331
leaf_weight=44.667305409908295 179.02802193164825 9.2272922992706317 8.2365369796752912 84.822058171033859 10.983945250511171 12.403892576694487 17.830515071749687 234.85713934153318 11.619771219789984 92.569161720573902 9.6014484763145429 10.843065306544302
leaf_count=206 549 28 25 272 32 39 62 807 45 400 30 46
internal_value=-7.84467e-05 0.00215764 0.00109627 0.0110894 -0.0061593 0.00662144 0.0174557 -0.0010514 -0.00978982 -0.00629003 0.0267159 -0.0278613
internal_weight=726.69 525.772 506.944 93.0586 200.918 41.2184 28.8145 413.885 159.699 137.236 18.8287 22.4628
internal_count=2541 1711 1653 297 830 133 94 1356 697 606 58 91
is_linear=0
shrinkage=0.05


Tree=141
num_leaves=15
num_cat=0
split_feature=110 31 11 111 111 72 111 64 20 96 91 23 88 93
split_gain=3.99886 3.96328 3.71748 3.55408 4.1534 3.28962 3.86438 3.21548 3.07691 3.27102 2.59049 1.96354 1.70127 0.23414
threshold=0.54537681831136353 1.7137141000000002 13.833333333333334 1.0655454422641377 1.0569348522134903 0.70714285714285718 1.053338064408059 0.90000000000000013 5.366666666666668 0.15166514999999994 0.68333333333333346 1.9442607000000003 0.32122010000000001 0.78888888888888908
decision_type=2 2 2 2 2 2 2 2 2 2 2 2 2 2
left_child=1 3 12 4 -1 6 -3 -7 9 -4 -5 -10 13 -2
right_child=2 5 8 10 -6 7 -8 -9 11 -11 -12 -13 -14 -15
leaf_value=0.00070287558801455593 -0.032198836303653069 -0.012807351547968419 -0.00044301912817057139 -0.030780762370623601 0.010755833907850915 0.004550702277511985 0.025947276096680016 -0.019073068760706021 0 0.035945509333731397 0 -0.027179105359321495 0 -0.0032412822842665689
leaf_weight=475.58006149530411 21.926410578191284 9.8652728945016879 12.397112742066385 12.648458778858187 134.95259462296963 14.332190245389937 12.230168491601942 59.640045300126076 8.5314611643552798 7.8057014048099509 9.2777102291583997 11.722777299582956 5.5725432038307181 5.1691331863403311
leaf_count=1412 111 30 64 40 410 47 34 194 38 34 27 53 24 23
internal_value=-0.000334083 0.000726329 -0.0114405 0.00222992 0.00302071 -0.00857843 0.00667367 -0.0138294 0 0.0122904 -0.0167797 -0.0145337 -0.0237529 -0.0287661
internal_weight=801.652 728.527 73.1251 632.459 610.533 96.0677 22.0954 73.9722 40.4571 20.2028 21.9262 20.2542 32.6681 27.0955
internal_count=2541 2194 347 1889 1822 305 64 241 189 98 67 91 158 134
is_linear=0
shrinkage=0.05


Tree=142
num_leaves=8
num_cat=0
split_feature=45 111 31 23 109 69 127
split_gain=2.42026 2.3612 3.71437 2.52453 2.6956 1.42732 1.3992
threshold=1.0000000180025095e-35 1.065878160176406 1.4041450571428575 2.7658713000000001 0.2645830198104151 1.4365079365079367 0.40047418354444531
decision_type=2 2 2 2 2 2 2
left_child=6 3 5 4 -2 -3 -1
right_child=1 2 -4 -5 -6 -7 -8
leaf_value=0 -0.0025291257083633915 0.043584146512490506 -0.0094746039908371049 0.028294047703286775 0.0042778365613787084 0.0046509150471259397 -0.031498889595396977
leaf_weight=8.449164420366289 376.61170876771212 8.7953595072031074 6.374349132180213 7.0453885346651068 235.26688335835934 7.819234885275363 7.9986188113689414
leaf_count=32 1545 29 28 25 817 30 35
internal_value=0.000566583 0.00113762 0.0165939 0.000457024 9.27367e-06 0.029404 -0.0176417
internal_weight=658.361 641.913 22.9889 618.924 611.879 16.6146 16.4478
internal_count=2541 2474 87 2387 2362 59 67
is_linear=0
shrinkage=0.05


Tree=143
num_leaves=12
num_cat=0
split_feature=108 102 74 96 16 100 72 116 2 87 20
split_gain=3.94784 4.0256 4.39831 5.99582 5.92466 3.64195 5.55685 3.87821 2.60512 3.34525 2.59559
threshold=0.17188645446153145 3.5000000000000004 0.38750000000000007 0.28248595000000004 1.2619662 1.0000000180025095e-35 1.4142857142857144 0.52322231472292835 1.5925973333333336 0.50831870000000023 4.7083333333333348
decision_type=2 2 2 2 2 2 2 2 2 2 2
left_child=8 5 4 -4 -3 6 -2 -7 9 10 -1
right_child=1 2 3 -5 -6 7 -8 -9 -10 -11 -12
leaf_value=0 0.030327860333135909 0.0066445573335574704 0.013810449678654824 -0.024903260446245044 -0.0056019530672645887 -0.022551313509706586 -0.02011758656105175 0.0056345029059280934 0.030114073926497283 -0.020694516243507471 0.022585642183211612
leaf_weight=25.149116918444633 10.744069926440718 137.37269130349159 92.549285352230072 9.4696601405739766 329.03185827285051 55.978365138173103 8.349812448024748 11.743954017758368 14.234693467617033 8.5055521726608259 22.791645959019661
leaf_count=80 42 419 313 35 1236 198 28 46 46 26 72
internal_value=-7.62534e-05 -0.00136112 9.10242e-05 0.00952474 -0.00188145 -0.0113311 0.00587626 -0.0169251 0.0109903 0.00485695 0.0107421
internal_weight=725.921 655.24 568.423 102.019 466.405 86.8162 19.0939 67.7223 70.681 56.4463 47.9408
internal_count=2541 2317 2003 348 1655 314 70 244 224 178 152
is_linear=0
shrinkage=0.05


Tree=144
num_leaves=10
num_cat=0
split_feature=15 10 103 30 103 40 36 8 97
split_gain=3.77821 3.4594 3.74733 5.26877 4.53274 3.38885 3.38487 2.65062 1.71124
threshold=2.2250000000000005 0.64857566666666677 6.5000000000000009 1.5628651000000002 3.5000000000000004 3.7250000000000005 1.0500000000000003 1.8333333333333337 -0.31428571428571433
decision_type=2 2 2 2 2 2 2 2 2
left_child=1 6 4 -4 -3 7 -1 -2 -7
right_child=5 2 3 -5 -6 8 -8 -9 -10
leaf_value=-0.031800303326921242 0.01646201767627533 -0.0032110593689315455 -0.0078154960297619029 0.0031920193568416508 0.0095581449923175122 -0.033893796742462949 0.0041187547658232239 -0.019208299153945962 0
leaf_weight=15.041078865528108 11.27798452973366 95.970539964735508 199.44417917728424 229.41426415741444 208.98841763287783 18.265654809772972 7.0467613637447348 7.9420013874769202 6.7986725568771353
leaf_count=60 38 309 633 705 643 82 23 26 22
internal_value=-0.000329685 0.000446118 0.00110863 -0.00181707 0.0053789 -0.0143937 -0.0184932 0 -0.0261725
internal_weight=800.19 755.905 733.817 428.858 304.959 44.2843 22.0878 19.22 25.0643
internal_count=2541 2373 2290 1338 952 168 83 64 104
is_linear=0
shrinkage=0.05


Tree=145
num_leaves=14
num_cat=0
split_feature=121 74 96 31 103 33 100 65 32 103 38 125 124
split_gain=2.37836 3.18693 4.26995 4.9684 3.68509 3.86405 3.44469 2.90931 2.58031 2.53236 3.3693 2.08655 1.62548
threshold=24.57 0.10555555555555557 -0.21452995000000005 1.2111401000000002 3.5000000000000004 3.5857142857142863 0.36931818181818188 0.36666666666666675 13.850000000000003 6.5000000000000009 1.7701439500000002 0.42307827095195588 0.48647155503061101
decision_type=2 2 2 2 2 2 2 2 2 2 2 2 2
left_child=8 2 7 -4 6 -6 -3 -2 9 12 -11 -10 -1
right_child=1 4 3 -5 5 -7 -8 -9 11 10 -12 -13 -14
leaf_value=0 -0.013680516219871342 0.0037536197003456202 0.025716342128216607 0.0039681080009220278 0.0095499327796818266 -0.004948908807853182 0.03572264527234742 0.01104347484352558 -0.034751357565380475 0.021621638633956552 -0.012935853823980999 0 -0.026884884463666645
leaf_weight=6.1575751006603268 32.303196601569653 54.773756206035614 44.617116510868073 79.543788529932499 51.212428569793701 307.9519762583077 10.389467664062975 15.708110943436621 12.47436682879925 17.164933502674106 8.8486811220645887 5.9073061347007743 11.024982228875158
leaf_count=25 131 211 169 295 186 1200 36 58 55 67 36 28 44
internal_value=0.000561167 0.00160249 0.00734311 0.0123258 -0.000621014 -0.00272195 0.0100693 -0.00451099 -0.00859147 -0.000559482 0.00797207 -0.0238838 -0.0159538
internal_weight=658.078 596.5 172.172 124.161 424.328 359.164 65.1632 48.0113 61.5778 43.1962 26.0136 18.3817 17.1826
internal_count=2541 2286 653 464 1633 1386 247 189 255 172 103 83 69
is_linear=0
shrinkage=0.05


Tree=146
num_leaves=15
num_cat=0
split_feature=127 89 60 21 32 7 27 9 70 112 79 27 71 61
split_gain=3.69342 4.14865 4.78991 6.35559 4.08752 4.48162 4.44706 3.24037 2.58805 3.12446 4.19612 3.11957 2.4549 1.70634
threshold=0.54764160274499996 -0.10130910000000008 2.3000000000000003 1.3666666666666669 11.472222222222223 2.4166666666666674 3.9000000000000004 2.0043150000000005 1.2111111111111115 0.48391777989821888 -0.41666666666666669 4.1000000000000005 0.31666666666666671 0.55000000000000016
decision_type=2 2 2 2 2 2 2 2 2 2 2 2 2 2
left_child=1 2 3 -1 6 -6 -3 -4 12 10 -10 -11 -2 -14
right_child=8 4 7 -5 5 -7 -8 -9 9 11 -12 -13 13 -15
leaf_value=0.00011814834221317256 -0.023545134819052318 0.020305950166435965 0 0.0192189081950941 -0.011086162836161128 0.0085858433981722236 -0.0054080562974418399 -0.037628025921566624 0.016385279543490897 0 -0.02434933609660276 0.021361758618210217 -0.0065955507867075831 0.020956161234766128
leaf_weight=193.92475208640099 10.52521735429764 27.423190698027611 12.174823351204397 57.298207871615887 227.11691954731941 29.499156728386879 35.783691316843033 10.467353239655493 10.389861553907396 18.913860142230988 11.995119690895079 61.30536575615406 9.0462463200092333 8.598553538322447
leaf_count=717 31 85 39 181 889 98 109 32 31 53 35 190 26 25
internal_value=-7.67953e-05 -0.00182273 0.00256451 0.00473176 -0.00573166 -0.00860614 0.00511209 -0.01855 0.00742361 0.011242 -0.0034123 0.0159385 -0.00467859 0.00455292
internal_weight=724.462 593.688 273.865 251.223 319.823 256.616 63.2069 22.6422 130.774 102.604 22.385 80.2192 28.17 17.6448
internal_count=2541 2150 969 898 1181 987 194 71 391 309 66 243 82 51
is_linear=0
shrinkage=0.05


Tree=147
num_leaves=14
num_cat=0
split_feature=125 38 87 9 74 96 94 127 109 8 125 82 84
split_gain=3.61485 5.37222 4.51053 6.51097 4.02702 5.6501 3.87761 3.46483 3.43966 2.95811 3.68288 3.39258 1.54277
threshold=0.41955477475485919 1.7384576 0.20096042500000003 1.6521443333333334 0.13392857142857145 -0.25700569999999995 0.28335505000000022 0.30055529783360119 0.25477013546733979 2.4166666666666674 0.38453144936515005 -0.27626049999999985 -1.0000000180025095e-35
decision_type=2 2 2 2 2 2 2 2 2 2 2 2 2
left_child=7 2 6 -4 5 -3 -2 12 -6 10 -9 -11 -1
right_child=1 4 3 -5 8 -7 -8 9 -10 11 -12 -13 -14
leaf_value=-0.0033433259828647755 -0.0054467945168165527 0.021864511628285226 0.011208931837533801 -0.013534206237360688 0.0076962537011458221 -0.0110322650621585 -0.034700922020895648 -0.0027768557985745285 0.026729740724511803 0.0016493297173946998 0.015153254285958748 -0.029078012946170257 -0.036429470089497311
leaf_weight=10.737460702657701 81.694117575883865 17.151151567697525 88.813632115721703 35.553676575422287 91.123946815729141 44.100816413760185 13.927562549710272 304.5927524715662 39.324828952550888 10.48427037894726 30.210517421364784 20.100519523024559 10.926871806383131
leaf_count=30 237 50 272 105 288 132 41 1059 108 34 90 64 31
internal_value=-0.00033041 0.0028587 -0.00229164 0.00368509 0.00900974 -0.000814402 -0.0105403 -0.00384999 0.0139741 -0.00251172 -0.000969753 -0.0172431 -0.0231082
internal_weight=798.742 411.69 219.989 124.367 191.701 61.252 95.6217 387.052 130.449 365.388 334.803 30.5848 21.6643
internal_count=2541 1233 655 377 578 182 278 1308 396 1247 1149 98 61
is_linear=0
shrinkage=0.05


Tree=148
num_leaves=13
num_cat=0
split_feature=113 65 114 40 85 31 24 2 82 113 39 85
split_gain=2.39526 4.93383 5.63541 3.9683 3.91284 3.83135 5.28393 3.50021 3.45876 3.29819 2.10903 1.4706
threshold=0.48449519230769239 0.22500000000000003 2.6694688448906247 5.6333333333333337 -1.6249999999999998 1.7068589000000001 1.6760124000000003 2.1748526666666672 -0.26592533333333329 0.48903920706606463 16.950000000000003 -0.22500000000000006
decision_type=2 2 2 2 2 2 2 2 2 2 2 2
left_child=1 2 7 8 -2 9 -7 -1 -3 -6 -5 -4
right_child=4 3 11 10 5 6 -8 -9 -10 -11 -12 -13
leaf_value=0 -0.027002240291626147 0.030765137159891515 0.039353661020460048 -0.030414182168390189 -0.019278563042320535 -0.0039782431858705527 0.026096462812213717 -0.01877389686293382 0.008132365594487153 -0.0011453914175309425 0.0038142131722169528 0.0017214391757391157
leaf_weight=124.08030214905739 14.025286167860029 31.032559737563133 8.8975894153118151 6.190000191330908 27.489450991153717 23.94886289536953 28.170389465987682 30.897998675704002 57.077943719923496 291.81795274466276 6.23020239174366 7.8036890029907218
leaf_count=466 56 107 27 25 108 95 101 146 214 1145 26 25
internal_value=0.00056102 0.00420143 -0.000688108 0.0129685 -0.00188472 -0.000732052 0.0115211 -0.00399725 0.0169205 -0.00291791 -0.010514 0.0256852
internal_weight=657.662 272.21 171.68 100.531 385.452 371.427 52.1193 154.978 88.1105 319.307 12.4202 16.7013
internal_count=2541 1036 664 372 1505 1449 196 612 321 1253 51 52
is_linear=0
shrinkage=0.05


Tree=149
num_leaves=13
num_cat=0
split_feature=9 11 114 112 80 102 89 10 76 85 9 122
split_gain=3.5743 5.07804 4.92812 4.2761 4.82745 4.37117 4.24865 3.32691 3.15391 2.88277 3.23555 2.18651
threshold=0.63172316666666684 10.41666666666667 2.2109196702299898 0.47253865727148175 -0.50020633333333342 8.5000000000000018 -0.86389710000000008 2.3536716666666671 0.89444444444444449 -0.20000000000000009 0.48692933333333344 36.615000000000002
decision_type=2 2 2 2 2 2 2 2 2 2 2 2
left_child=7 3 6 4 -2 -5 -3 9 -4 10 -1 -11
right_child=1 2 8 5 -6 -7 -8 -9 -10 11 -12 -13
leaf_value=0 0.027879819670969072 -0.024790989579391739 0.0092439491459029351 -0.014920425643050234 -0.007161643545486953 0.0030288028767456042 0.005477435396349809 -0.0088471155368411662 -0.013252272676830873 0.022788651473579183 0.045978085501684918 -0.0081053003398673974
leaf_weight=8.262231260538103 15.731972754001616 10.484812855720518 16.270693570375443 140.15148559957743 19.588477477431297 38.575427077710629 356.2067219465971 10.939203053712843 72.923654183745384 8.0728868469595927 13.489555850625036 12.234714969992636
leaf_count=28 49 36 56 538 67 145 1165 46 285 31 44 51
internal_value=-7.63609e-05 -0.00114063 0.00175503 -0.00751991 0.00740732 -0.0107729 0.00441092 0.0122227 -0.0085372 0.0189421 0.0314765 0.00232253
internal_weight=722.932 669.933 455.886 214.047 35.3205 178.727 366.692 52.9986 89.1943 42.0594 21.7518 20.3076
internal_count=2541 2341 1542 799 116 683 1201 200 341 154 72 82
is_linear=0
shrinkage=0.05


Tree=150
num_leaves=11
num_cat=0
split_feature=15 127 86 128 73 40 37 27 8 97
split_gain=3.5045 3.26136 3.35818 4.78473 4.26966 3.23033 3.20954 2.75125 2.50605 1.65079
threshold=2.2250000000000005 0.059684199950942408 -0.63333333333333319 0.82581740468469156 0.11805555555555557 3.7250000000000005 1.3551072500000003 3.9000000000000004 1.8333333333333337 -0.31428571428571433
decision_type=2 2 2 2 2 2 2 2 2 2
left_child=1 6 3 -3 -4 8 7 -1 -2 -7
right_child=5 2 4 -5 -6 9 -8 -9 -10 -11
leaf_value=0.0011719141969846018 0.016000916727916897 0.00084269807646219293 -0.015749512802195775 0.024865035178420578 -0.00042008305302692391 -0.033341747302956186 -0.0070085414815073939 0.039433313563851713 -0.018726434829458755 0
leaf_weight=11.266277745366098 11.314515471458437 84.322521463036537 49.325687289237976 28.80335545539856 558.35330570489168 17.818702027201656 7.8923480361700049 13.594325184822081 7.8748885840177527 6.7870685309171668
leaf_count=40 38 250 145 88 1774 82 25 51 26 22
internal_value=-0.000328126 0.00041473 -0.000228063 0.0075615 -0.00177036 -0.0139501 0.0156299 0.0247433 0 -0.0256093
internal_weight=797.353 753.558 720.805 113.126 607.679 43.7952 32.753 24.8606 19.1894 24.6058
internal_count=2541 2373 2257 338 1919 168 116 91 64 104
is_linear=0
shrinkage=0.05


Tree=151
num_leaves=13
num_cat=0
split_feature=81 81 81 128 34 121 89 2 32 111 6 26
split_gain=2.37876 3.52737 4.55824 4.60723 3.59211 5.08867 4.26808 3.27615 3.31572 4.12958 4.02683 2.70851
threshold=-0.033448333333333295 -0.74917983333333316 -1.4286883333333329 0.77084762390936012 6.3166666666666673 39.975000000000001 -0.31526879999999979 2.4886583333333339 15.950000000000001 1.0496393845085346 5.166666666666667 4.4500000000000011
decision_type=2 2 2 2 2 2 2 2 2 2 2 2
left_child=1 2 -1 -4 5 -3 -6 8 9 -2 -10 -9
right_child=7 4 3 -5 6 -7 -8 11 10 -11 -12 -13
leaf_value=-0.029138991488291605 0.016755815552171649 -0.010813421596311422 0.029629242397923757 0.0016519089493652987 0.002091561653577375 0.0048611687123983807 -0.022926216118555613 -0.029506001113255499 -0.0073510813061586164 -1.4153995326780961e-05 0.02655841798553097 0.0020730320096181364
leaf_weight=6.397382751107215 42.762367263436317 85.783981628715992 22.050733670592308 53.27719833701849 20.604271419346333 123.84860029071569 48.140408731997013 11.780508466064932 8.4689532369375211 192.20566256344318 33.362636778503656 8.663809731602667
leaf_count=30 152 340 78 212 81 460 218 63 35 701 135 36
internal_value=0.000547777 -0.00209318 0.00673415 0.0107777 -0.00487849 -0.00133655 -0.0147885 0.00391117 0.00548435 0.00288403 0.0185146 -0.0143193
internal_weight=657.347 360.103 81.7253 75.3279 278.377 209.633 68.7447 297.244 276.8 234.968 41.8316 20.4443
internal_count=2541 1419 320 290 1099 800 299 1122 1023 853 170 99
is_linear=0
shrinkage=0.05


Tree=152
num_leaves=13
num_cat=0
split_feature=31 82 96 95 82 40 96 13 124 110 87 49
split_gain=3.43443 4.66503 4.14106 5.10303 3.63305 3.51831 4.41487 3.49643 3.09195 2.90342 2.67272 1.8936
threshold=1.1714792500000002 1.0170083333333333 0.1725047499999999 0.27116285000000001 0.27221666666666666 4.878571428571429 -0.21452995000000005 2.4166666666666674 0.58722606772968167 0.43041253541286451 -0.10999319999999978 1.0000000180025095e-35
decision_type=2 2 2 2 2 2 2 2 2 2 2 2
left_child=4 2 3 -2 5 6 -1 -4 -7 11 -3 -6
right_child=1 10 7 -5 9 8 -8 -9 -10 -11 -12 -13
leaf_value=-0.020718772742752349 0.0011056223071269928 0.00032407194753431207 0.016662792499113763 0.018571222374249591 0 0.021658971258531265 3.1284825287261538e-05 -0.011075129130523151 -0.005014618102869987 0 0.043500961785930957 -0.029555057405880367
leaf_weight=34.681226551532745 350.99374126642942 9.2046085596084612 10.688931003212927 47.906292513012886 5.5799628719687453 24.884960137307644 74.570266641676426 94.909105561673641 13.855674266815184 14.813031584024428 9.5473195016384107 30.279255636036396
leaf_count=163 1154 28 38 157 27 86 328 304 46 42 30 138
internal_value=-6.73204e-05 0.00198781 0.000949531 0.0033694 -0.00571348 -0.00134746 -0.00623036 -0.00766839 0.0109748 -0.0172243 0.0259279 -0.0247554
internal_weight=721.914 523.25 504.498 398.9 198.664 147.992 109.251 105.598 38.7406 50.6723 18.7519 35.8592
internal_count=2541 1711 1653 1311 830 623 491 342 132 207 58 165
is_linear=0
shrinkage=0.05


Tree=153
num_leaves=10
num_cat=0
split_feature=91 45 30 2 77 111 17 87 16
split_gain=3.37597 2.97502 3.3366 4.30586 3.21236 2.45294 2.06156 1.45574 0.15748
threshold=-2.3666666666666658 1.0000000180025095e-35 2.0721295000000004 1.8686476666666667 0.18333333333333338 1.0531783793620819 2.0302263000000003 0.32655129999999999 1.4567374000000004
decision_type=2 2 2 2 2 2 2 2 2
left_child=6 5 3 -3 -4 -2 7 8 -1
right_child=1 2 4 -5 -6 -7 -8 -9 -10
leaf_value=-0.035744584093785163 0.035259803125569998 0.00018951682159530202 0.01876174869794656 -0.010120808021209295 0.001574553920987927 0 0.0026690252964274882 0 -0.0067053678319222709
leaf_weight=12.521075882017621 9.9502397924661654 469.49963837862015 38.586598791182041 125.12992169708014 113.35551828145981 8.533000782132147 6.4231961444020262 6.3126161545515052 6.0957975983619681
leaf_count=60 30 1470 138 377 356 28 31 28 23
internal_value=-0.000321024 0.000283525 -0.000153291 -0.00190952 0.0063604 0.0195959 -0.0161712 -0.0228696 -0.0296115
internal_weight=796.408 765.055 746.572 594.63 151.942 18.4832 31.3527 24.9295 18.6169
internal_count=2541 2399 2341 1847 494 58 142 111 83
is_linear=0
shrinkage=0.05


Tree=154
num_leaves=10
num_cat=0
split_feature=95 94 95 19 4 95 17 23 75
split_gain=2.36928 4.77633 4.10866 5.35927 3.71047 3.04444 5.43675 4.35969 1.65851
threshold=0.60674060000000019 0.71581065000000021 0.17027725999999996 3.1000000000000005 15.833333333333334 -0.025335750000000098 1.4437225000000002 2.6163630000000002 1.4222222222222223
decision_type=2 2 2 2 2 2 2 2 2
left_child=2 8 5 -4 -5 7 -7 -1 -2
right_child=1 -3 3 4 -6 6 -8 -9 -10
leaf_value=-0.0012652064353756041 0.040426591400216906 -0.018264951705932311 0.02855651943705256 -0.016560520120980915 0.0032057894777518603 0.00031275990961785518 0.021505075401927712 0.036331504399995385 0.0016915146295531274
leaf_weight=366.53782700002193 11.247578173875814 5.4455870687961569 7.4736124426126471 86.25496743619442 26.856764525175095 90.41913690790534 48.665788620710373 6.8455965965986243 7.4410414695739737
leaf_count=1418 42 29 26 335 119 342 178 25 27
internal_value=0.000523649 0.0155834 0 -0.00833742 -0.0114422 0.00188267 0.00818545 -0.000347155 0.0284127
internal_weight=657.188 24.1342 633.054 120.585 113.112 512.468 139.085 373.383 18.6886
internal_count=2541 98 2443 480 454 1963 520 1443 69
is_linear=0
shrinkage=0.05


Tree=155
num_leaves=12
num_cat=0
split_feature=76 32 19 89 86 51 91 30 95 41 32
split_gain=3.35444 3.78806 5.54194 5.12158 4.78992 3.75551 3.69463 3.04483 2.57756 1.97349 1.00045
threshold=0.63333333333333341 11.950000000000001 3.7083333333333335 -0.084919099999999956 -0.79999999999999993 0.58333333333333337 -2.3666666666666658 1.4348696500000002 -0.20122384999999979 5.2428571428571438 13.250000000000002
decision_type=2 2 2 2 2 2 2 2 2 2 2
left_child=8 2 7 4 -3 -4 -5 -2 -1 -10 -11
right_child=1 3 5 6 -6 -7 -8 -9 9 10 -12
leaf_value=-0.0059245968758327681 0 -0.011533124372775372 -0.01355902765146713 0.01434021971676451 0.0061711437718551662 0.015488736182365679 -0.010086815905725752 -0.02634759318288913 0 0.0085479916298410574 0.043686108460453232
leaf_weight=7.5063599944114676 102.61027635633945 47.518256194889545 9.8837663233280164 14.079038828611372 165.30546361207962 100.53422853350639 234.5226821154356 11.51941058039665 9.1588952541351336 8.5548490285873431 9.8518490791320783
leaf_count=25 311 176 35 44 608 306 911 37 31 27 30
internal_value=-5.35597e-05 -0.000902619 0.00431232 -0.00355238 0.00194893 0.0123415 -0.00845121 -0.00306115 0.0147317 0.0221175 0.0312134
internal_weight=721.045 685.973 224.548 461.425 212.824 110.418 248.602 114.13 35.072 27.5656 18.4067
internal_count=2541 2428 689 1739 784 341 955 348 113 88 57
is_linear=0
shrinkage=0.05


Tree=156
num_leaves=12
num_cat=0
split_feature=31 111 111 10 16 89 96 111 85 91 16
split_gain=3.34583 3.87388 4.2793 7.84652 5.87708 3.69454 3.38174 4.91945 3.88159 2.76041 2.13004
threshold=1.7137141000000002 1.0655454422641377 1.0569348522134903 2.048106666666667 1.3246568000000003 0.35781230000000014 -0.045275649999999938 1.0542254932668704 -0.22500000000000006 0.68333333333333346 1.0144245000000003
decision_type=2 2 2 2 2 2 2 2 2 2 2
left_child=1 2 3 -1 -4 6 7 -2 -8 -3 -7
right_child=5 9 4 -5 -6 10 8 -9 -10 -11 -12
leaf_value=-0.0036667939213728728 -0.026238311899602032 -0.031016348691833409 -0.0077106866176860399 0.011360034628703728 0.014890961466463709 0 -0.0054167966180848548 0.0024724649728582182 0.024200914707776706 0 -0.035751204581918189
leaf_weight=401.40968230366707 27.467587746679783 14.788068763911726 34.574818387627602 109.51694868505001 112.7531775534153 5.2126410752534893 21.664180897176266 25.133008800446987 17.787583351135254 9.2492873668670637 15.765251725912092
leaf_count=1253 96 52 113 332 359 23 79 87 65 27 55
internal_value=-0.000315617 0.000942492 0.00174365 -0.000332229 0.00923351 -0.00829017 -0.00322849 -0.011797 0.00696903 -0.0181934 -0.0270686
internal_weight=795.322 682.292 658.255 510.927 147.328 113.03 92.0524 52.6006 39.4518 24.0374 20.9779
internal_count=2541 2136 2057 1585 472 405 327 183 144 79 78
is_linear=0
shrinkage=0.05


Tree=157
num_leaves=12
num_cat=0
split_feature=81 81 81 123 34 121 89 97 6 59 113
split_gain=2.24561 3.30027 4.32358 4.14448 3.36722 4.764 4.08923 3.20729 3.7947 3.24241 1.44499
threshold=-0.033448333333333295 -0.74917983333333316 -1.4286883333333329 0.54687922847006798 6.3166666666666673 39.975000000000001 -0.31526879999999979 1.235714285714286 8.8333333333333339 0.45000000000000007 0.49936386768447838
decision_type=2 2 2 2 2 2 2 2 2 2 2
left_child=1 2 -1 -4 5 -3 -6 8 9 -2 -9
right_child=7 4 3 -5 6 -7 -8 10 -10 -11 -12
leaf_value=-0.028757834891309803 0.0015557877694408766 -0.010542015424566752 0.024812222725475504 0 0.0020143906874839023 0.0046363378290711727 -0.022483559499295959 -0.029784216922379949 0.034329626662531067 0.018765400890914979 0
leaf_weight=6.2804581746458998 238.66474245488644 85.29242154955864 29.233014568686485 46.4345992654562 20.62192914634943 124.1752223521471 47.433194320648909 8.2914166897535342 10.209278129041193 31.565365821123123 8.7395503520965558
leaf_count=30 872 340 104 186 81 460 218 49 40 116 45
internal_value=0.00051847 -0.00204933 0.00646202 0.0103744 -0.0047563 -0.00132724 -0.0144145 0.00378546 0.00521881 0.00381215 -0.0160242
internal_weight=656.941 359.471 81.9481 75.6676 277.523 209.468 68.0551 297.47 280.439 270.23 17.031
internal_count=2541 1419 320 290 1099 800 299 1122 1028 988 94
is_linear=0
shrinkage=0.05


Tree=158
num_leaves=13
num_cat=0
split_feature=9 11 114 89 112 80 102 10 52 9 76 31
split_gain=3.39326 4.52947 4.54824 3.95069 3.92351 4.52854 4.14914 3.11489 4.34445 3.54194 2.87835 1.69676
threshold=0.63172316666666684 10.41666666666667 2.2109196702299898 -0.86389710000000008 0.47253865727148175 -0.50020633333333342 8.5000000000000018 2.3536716666666671 1.5000000000000002 0.48692933333333344 0.89444444444444449 1.3288197857142861
decision_type=2 2 2 2 2 2 2 2 2 2 2 2
left_child=7 4 3 -3 5 -2 -6 8 11 -10 -4 -1
right_child=1 2 10 -5 6 -7 -8 -9 9 -11 -12 -13
leaf_value=-0.01268077627763106 0.026874662049029642 -0.024100508670680382 0.0085970312597534061 0.0052135221409030218 -0.014375788631592824 -0.0070144915724744813 0.0031406663124661765 -0.0084575213806361068 0.00060332860703580843 0.050643866887296898 -0.012838348954255474 0.013747966770913798
leaf_weight=9.186799496412279 15.815966688096522 10.371931612491606 16.251143664121628 355.74567326158285 138.7216991186142 19.510583087801933 38.456512130796909 10.839068129658697 7.7103827074170139 12.384582556784151 72.283646747469902 12.802157014608381
leaf_count=38 49 36 56 1165 538 67 145 46 30 45 285 41
internal_value=-5.5181e-05 -0.00109755 0.00163129 0.00418349 -0.00715037 0.00710368 -0.0102969 0.0119346 0.0184217 0.0347525 -0.00829323 0.000460007
internal_weight=720.08 667.157 454.652 366.118 212.505 35.3265 177.178 52.923 42.0839 20.095 88.5348 21.989
internal_count=2541 2341 1542 1201 799 116 683 200 154 75 341 79
is_linear=0
shrinkage=0.05


Tree=159
num_leaves=10
num_cat=0
split_feature=15 39 10 103 30 103 36 30 18
split_gain=3.20841 3.16058 3.03456 3.42289 4.53478 4.15096 3.22772 2.28729 2.45764
threshold=2.2250000000000005 11.725000000000001 0.64857566666666677 6.5000000000000009 1.5628651000000002 3.5000000000000004 1.0500000000000003 1.3614043500000004 10.225000000000001
decision_type=2 2 2 2 2 2 2 2 2
left_child=2 7 6 5 -5 -4 -1 8 -2
right_child=1 -3 3 4 -6 -7 -8 -9 -10
leaf_value=-0.030827799320776558 0.030435094095305093 -0.030263802643048662 -0.0031261588568263438 -0.0073763886409837637 0.0028616185892532983 0.0091208010818035826 0.0044206117921399488 -0.020944753802674507 -0.0032789444262102648
leaf_weight=14.635956168174745 6.7620094120502534 16.325302317738533 95.263597592711449 197.93057964742184 227.90640800446272 208.02761232107878 7.0083907395601264 9.3950168043374997 10.80117643624544
leaf_count=60 23 75 309 633 705 643 23 32 38
internal_value=-0.000311816 -0.0134251 0.000394531 0.00101793 -0.00178604 0.00511209 -0.0175152 -0.000721755 0.0079481
internal_weight=794.056 43.2835 750.773 729.128 425.837 303.291 21.6443 26.9582 17.5632
internal_count=2541 168 2373 2290 1338 952 83 93 61
is_linear=0
shrinkage=0.05


Tree=160
num_leaves=9
num_cat=0
split_feature=81 81 81 128 123 66 19 75
split_gain=2.44524 2.88698 3.9275 3.92334 5.40322 5.18356 3.11627 3.11523
threshold=-1.4286883333333329 -0.74917983333333316 -0.033448333333333295 0.77084762390936012 0.63714684800577825 0.95000000000000007 6.4500000000000011 2.1055555555555561
decision_type=2 2 2 2 2 2 2 2
left_child=-1 3 6 5 -5 -2 -3 -4
right_child=1 2 7 4 -6 -7 -8 -9
leaf_value=-0.028349086819092768 -0.00065647439697431376 -0.0027035292100475207 0.0015309217524992801 -0.0076435432645874189 0.026428175228918185 0.043587458926133166 -0.021890919062706002 0.017469071444215882
leaf_weight=6.1590920984745017 7.6174211055040386 252.94362179934978 262.29879205301404 38.148541450500488 15.232939146459101 14.981446519494055 23.612372033298016 35.572087600827217
leaf_count=30 26 987 989 148 64 52 112 133
internal_value=0.00050853 0.000901657 -0.00023176 0.0100117 0.00146692 0.0271595 -0.00459486 0.00365365
internal_weight=656.566 650.407 574.427 75.9803 53.3815 22.5989 276.556 297.871
internal_count=2541 2511 2221 290 212 78 1099 1122
is_linear=0
shrinkage=0.05


Tree=161
num_leaves=13
num_cat=0
split_feature=9 11 114 90 74 21 30 10 52 9 69 95
split_gain=3.19797 4.20596 4.2306 3.83292 3.78389 4.15874 3.01136 2.91292 4.03621 3.19675 2.76919 2.2469
threshold=0.63172316666666684 10.41666666666667 2.2109196702299898 1.0333333333333337 0.38750000000000007 1.1000000000000003 0.99175300000000022 2.3536716666666671 1.5000000000000002 0.48692933333333344 1.4365079365079367 -0.028362499999999954
decision_type=2 2 2 2 2 2 2 2 2 2 2 2
left_child=7 4 3 -3 6 -6 -2 8 11 -10 -4 -1
right_child=1 2 10 -5 5 -7 -8 -9 9 -11 -12 -13
leaf_value=0.016682394058687367 0.0070795993384377091 0.0024262178545452701 0.00031346171228343765 0.022660010387030801 0.020094103375597847 -0.010518364009846452 -0.01267304684971713 -0.0081232274306526214 0.0005714252400796728 0.048422294469662813 -0.016260975763082393 -0.013607031012711879
leaf_weight=11.706822887063026 17.993783697485924 340.95889853686094 41.194469854235649 25.28243151307106 23.361884087324142 17.301640547811985 153.05172086507082 10.773810625076292 7.7083139568567303 12.570478394627569 46.929264977574348 10.257184475660324
leaf_count=41 55 1104 131 97 84 62 598 46 30 45 210 38
internal_value=-5.06614e-05 -0.00106695 0.00155716 0.00401705 -0.00691465 0.00592909 -0.0102754 0.0115752 0.0178271 0.0334648 -0.00803546 0.000383355
internal_weight=719.091 666.074 454.365 366.241 211.709 40.6635 171.046 53.0166 42.2428 20.2788 88.1237 21.964
internal_count=2541 2341 1542 1201 799 146 653 200 154 75 341 79
is_linear=0
shrinkage=0.05


Tree=162
num_leaves=12
num_cat=0
split_feature=31 111 111 10 2 72 111 6 10 111 95
split_gain=3.07777 3.6433 3.98207 7.26513 6.19383 2.77676 3.41263 3.23923 3.21614 2.37828 2.20282
threshold=1.7137141000000002 1.0655454422641377 1.0569348522134903 2.048106666666667 0.86797433333333351 0.70714285714285718 1.053338064408059 4.8333333333333348 1.9853258333333337 1.0499170342623854 -0.18517564444444432
decision_type=2 2 2 2 2 2 2 2 2 2 2
left_child=1 2 3 -1 -4 6 -2 8 -7 -9 -3
right_child=5 10 4 -5 -6 7 -8 9 -10 -11 -12
leaf_value=-0.0035439030660156588 -0.012009745864945289 0 -0.026104479194777031 0.010928720648912024 0.011979361678321455 0.0062250614749497363 0.024343582095961561 0 -0.021794553949913111 -0.026821896144259755 -0.029819118324836004
leaf_weight=400.55626648664474 9.7562554925680178 9.9086238592863101 9.9083322212100011 109.30551764369011 136.90542730689049 31.795622229576111 12.315892413258551 8.2234250828623754 13.415599346160887 36.841879308223724 13.980292797088621
leaf_count=1253 30 31 33 332 439 126 35 29 48 137 48
internal_value=-0.000310346 0.000893104 0.00167208 -0.000328031 0.00891164 -0.00798506 0.00628362 -0.0120521 -0.00129897 -0.0214922 -0.0177178
internal_weight=792.913 680.564 656.676 509.862 146.814 112.349 22.0721 90.2765 45.2112 45.0653 23.8889
internal_count=2541 2136 2057 1585 472 405 65 340 174 166 79
is_linear=0
shrinkage=0.05


Tree=163
num_leaves=12
num_cat=0
split_feature=112 0 85 34 2 6 32 119 64 126 23
split_gain=2.24647 3.75183 3.73676 3.47085 4.56155 4.11699 3.14595 4.64553 3.65066 3.00405 2.30671
threshold=0.51550480769230778 2.4166666666666674 -1.6249999999999998 5.5277777777777786 2.3187783333333338 5.166666666666667 12.183333333333335 1.0000000180025095e-35 0.90000000000000013 0.22981494153023177 1.5137227000000002
decision_type=2 2 2 2 2 2 2 2 2 2 2
left_child=2 6 -1 4 -4 -5 8 -8 -2 -3 -11
right_child=1 9 3 5 -6 -7 7 -9 -10 10 -12
leaf_value=-0.026637152768657704 0.020478823559161235 -0.032384263448451099 0.0012932644742573143 -0.024667417556754202 0.035478377004057919 -0.0024071941484480473 0.013773932126655045 -0.0069973212241336612 -0.0078748766304007518 -0.016000230382669178 0.017103663402618211
leaf_weight=13.787231251597403 12.569948017597197 10.350342016667129 205.71554526686668 25.646832183003426 9.5409674942493421 129.73722507432103 141.92673941701651 29.040342420339584 59.085033103823662 9.8221356123685855 9.2423038333654386
leaf_count=56 48 59 766 105 37 541 514 120 221 41 33
internal_value=0.000491363 0.00402014 -0.00187997 -0.000755311 0.00319673 -0.00653531 0.00621124 0.00993482 -0.00199939 -0.0120188 0
internal_weight=656.465 272.037 384.428 370.641 215.257 155.384 242.622 170.967 71.655 29.4148 19.0644
internal_count=2541 1036 1505 1449 803 646 903 634 269 133 74
is_linear=0
shrinkage=0.05


Tree=164
num_leaves=12
num_cat=0
split_feature=102 127 25 31 67 121 22 9 84 106 13
split_gain=3.13296 4.16985 3.82544 3.1875 5.5682 3.5139 3.12639 3.301 2.78525 2.45521 2.39562
threshold=3.5000000000000004 0.59669206445640766 13.700000000000001 1.1714792500000002 0.41428571428571431 49.600000000000009 2.2916666666666674 0.85287916666666674 0.66666666666666663 3.2250000000000005 5.8333333333333348
decision_type=2 2 2 2 2 2 2 2 2 2 2
left_child=2 3 6 5 -5 -2 7 -1 9 -3 -4
right_child=1 8 10 4 -6 -7 -8 -9 -10 -11 -12
leaf_value=0 -0.011056246593173478 0.0097066381018570454 0.02524477429775911 -0.0009816806311435946 0.013149251094765788 0.0044433410649326079 0.0096092338570483282 -0.024974640041041246 -0.0070230076101313668 0.036575044268524676 -0.0031734216077318566
leaf_weight=15.142587527632712 113.95728757232428 49.688539505004883 10.083252504467966 297.78463142365217 88.101804293692112 47.482714094221592 8.4341163858771306 47.845876850187778 11.5790748745203 13.19779261946678 14.933323085308073
leaf_count=56 474 153 31 957 316 216 35 178 34 42 49
internal_value=-3.7075e-05 0.00119735 -0.00843976 -0.000232088 0.00214097 -0.00619041 -0.0145202 -0.0186322 0.0122302 0.0166123 0.00688911
internal_weight=718.231 621.792 96.4392 547.326 385.886 161.44 71.4226 62.9885 74.4654 62.8863 25.0166
internal_count=2541 2192 349 1963 1273 690 269 234 229 195 80
is_linear=0
shrinkage=0.05


Tree=165
num_leaves=14
num_cat=0
split_feature=37 9 63 10 125 82 112 10 114 54 122 50 122
split_gain=2.93361 7.26095 5.51221 6.38227 4.41778 5.44723 4.39851 4.18497 4.18238 3.57684 3.30965 4.13494 3.19177
threshold=1.2982757976190478 0.84371016666666676 1.1000000000000003 1.4496220000000004 0.41955477475485919 0.22306000000000006 0.52473975111050841 1.2747485000000001 1.7435624538063561 0.90000000000000013 32.145000000000003 0.58333333333333337 51.865000000000009
decision_type=2 2 2 2 2 2 2 2 2 2 2 2 2
left_child=1 7 10 12 5 -3 -5 -1 -9 -6 -2 -12 -4
right_child=2 4 3 6 9 -7 -8 8 -10 -11 11 -13 -14
leaf_value=0.016370570569029023 0.0043460429087125553 -0.0076040044126466731 -0.012259062869199077 0.01345550074213947 0 0.01572300276405007 -0.0027882178675744593 -0.0019299348268002751 -0.021657767952528401 0.017153829211033176 -0.028502495773659209 0.00038472623552602197 0.0025530291659809743
leaf_weight=15.383469790220259 11.694749906659125 75.810091003775597 113.72490000724792 92.602942638099194 34.194337770342827 36.121201179921627 66.967537112534046 78.811180040240288 45.867717087268829 118.36651327461004 44.214405253529549 12.431925922632216 45.461650379002094
leaf_count=47 36 236 392 301 97 111 219 235 139 375 138 38 177
internal_value=-0.000305779 0.00259852 -0.00346876 -0.000524885 0.00755094 0 0.00635214 -0.00638635 -0.00969996 0.0130575 -0.0162729 -0.0213987 -0.00772725
internal_weight=791.653 404.555 387.098 318.757 264.492 111.931 159.57 140.062 124.679 152.561 68.3411 56.6463 159.187
internal_count=2541 1240 1301 1089 819 347 520 421 374 472 212 176 569
is_linear=0
shrinkage=0.05


Tree=166
num_leaves=14
num_cat=0
split_feature=82 125 46 101 64 31 17 72 34 73 101 94 60
split_gain=2.21869 3.33325 4.50899 4.111 3.34027 3.17007 3.94497 5.22011 3.65776 3.21289 2.4218 2.25576 0.9658
threshold=0.29574116666666672 0.53694841336576715 2.8333333333333335 1.7750000000000001 1.3666666666666669 0.78535846000000009 0.94063200000000013 1.4142857142857144 3.7500000000000004 0.43650793650793657 2.9583333333333335 0.24310584999999998 0.70000000000000007
decision_type=2 2 2 2 2 2 2 2 2 2 2 2 2
left_child=5 2 3 -2 11 9 7 -7 -8 12 -6 -3 -1
right_child=1 4 -4 -5 10 6 8 -9 -10 -11 -12 -13 -14
leaf_value=0 0.015286694131243736 0.046094649166376872 0.02483005380175456 -0.015047649313797151 -0.016713579967147285 0.027998291522948179 0.017216770155611807 0 0 0.0051883589509753693 0.015862476183734483 0.0017471671070791929 -0.032215554103331594
leaf_weight=5.7668563127517762 10.115024968981741 6.5065573155879965 7.3929632008075705 101.59516624361277 14.141850590705873 33.751784451305866 32.215452581644058 29.435011386871338 374.49217560142279 10.768144860863684 7.1999817341566077 9.0317364782094938 13.808065354824064
leaf_count=32 35 22 27 402 62 135 118 112 1411 42 33 41 69
internal_value=0.000470077 -0.00461813 -0.00887159 -0.0117461 0.0076699 0.00216248 0.0032685 0.0148695 0.00131146 -0.012928 -0.00326753 0.025005 -0.0250918
internal_weight=656.221 155.983 119.103 111.71 36.8801 500.237 469.894 63.1868 406.708 30.3431 21.3418 15.5383 19.5749
internal_count=2541 622 464 437 158 1919 1776 247 1529 143 95 63 101
is_linear=0
shrinkage=0.05


Tree=167
num_leaves=11
num_cat=0
split_feature=76 9 42 9 10 52 10 94 88 69
split_gain=3.04287 3.14943 3.58418 5.13506 3.26723 2.80743 4.43046 1.74692 2.93918 1.26158
threshold=0.63333333333333341 0.63172316666666684 2.1666666666666674 1.776211666666667 0.9466676666666668 1.5000000000000002 2.1270423333333337 0.11547800000000043 0.002958899999999987 1.2111111111111115
decision_type=2 2 2 2 2 2 2 2 2 2
left_child=7 5 3 -3 -4 9 -7 -1 -9 -2
right_child=1 2 4 -5 -6 6 -8 8 -10 -11
leaf_value=0 0.008468482911251296 -0.002906964986902752 -0.030783192291201994 0.0087944553566831601 -0.0055377965272291624 0.036834475161218183 0 0 0.038751539106723805 -0.013454179701016471
leaf_weight=10.976940765976904 12.085917577147486 412.77644824981689 16.774148643016815 119.96706745028496 80.953488059341908 16.839508004486564 11.607677653431891 12.328034594655039 11.548432216048239 11.242671467363833
leaf_count=35 38 1441 58 379 355 59 50 41 37 48
internal_value=-2.30713e-05 -0.000837351 -0.00188446 -0.000166736 -0.0106453 0.0107599 0.0211144 0.0141005 0.0214969 -0.000160191
internal_weight=717.1 682.247 630.471 532.744 97.7276 51.7758 28.4472 34.8534 23.8765 23.3286
internal_count=2541 2428 2233 1820 413 195 109 113 78 86
is_linear=0
shrinkage=0.05


Tree=168
num_leaves=11
num_cat=0
split_feature=15 39 127 86 128 73 37 27 30 18
split_gain=2.98361 2.97806 2.8936 3.23044 4.36937 4.09863 2.98026 2.62697 2.098 2.31487
threshold=2.2250000000000005 11.725000000000001 0.059684199950942408 -0.63333333333333319 0.82581740468469156 0.11805555555555557 1.3551072500000003 3.9000000000000004 1.3614043500000004 10.225000000000001
decision_type=2 2 2 2 2 2 2 2 2 2
left_child=2 8 6 4 -4 -5 7 -1 9 -2
right_child=1 -3 3 5 -6 -7 -8 -9 -10 -11
leaf_value=0.00066265888320505119 0.02929953141973456 -0.029637131675832425 0.00096486983902247837 -0.015470720698173733 0.024025031096686508 -0.00040462213267302273 -0.0067822234786499794 0.038501490392441287 -0.02022174592230902 -0.0033402082256483718
leaf_weight=11.074864745140077 6.8075101524591508 15.90547840297222 83.863155707716942 49.037384986877441 28.683017492294312 554.13645073026419 7.8364479690790168 13.111130781471728 9.2980609983205778 10.770378589630125
leaf_count=40 23 75 250 145 88 1774 25 51 32 38
internal_value=-0.000293334 -0.0130154 0.000384181 -0.000214474 0.00744206 -0.00173582 0.0148799 0.0238744 -0.000674556 0.00750574
internal_weight=790.524 42.7814 747.742 715.72 112.546 603.174 32.0224 24.186 26.8759 17.5779
internal_count=2541 168 2373 2257 338 1919 116 91 93 61
is_linear=0
shrinkage=0.05


Tree=169
num_leaves=11
num_cat=0
split_feature=3 5 17 94 10 57 3 119 39 89
split_gain=2.17504 3.06274 2.7365 5.158 10.3159 5.68251 3.7183 3.1994 2.74911 0.786584
threshold=0.55103581666666679 4.8333333333333348 0.94063200000000013 0.12986944999999986 1.2142478333333337 0.90000000000000013 0.89011116666666668 1.0000000180025095e-35 9.9500000000000011 -0.34958539999999977
decision_type=2 2 2 2 2 2 2 2 2 2
left_child=1 -1 3 5 -5 -2 8 -8 -4 -3
right_child=2 9 6 4 -6 -7 7 -9 -10 -11
leaf_value=0.0080764370722257155 -0.0095857441251781337 0 0.0045082177963269889 0.024446002109624249 -0.017793602266867919 0.03465388910674521 0.0024135322090370315 -0.010168975226606024 -0.022629890693199962 -0.031109013282194627
leaf_weight=7.2854124829173115 7.1310309022665015 4.0051153153181138 9.0604424774646741 23.780827976763248 33.681743539869785 27.285934340208769 445.68589293211699 55.202823020517826 29.388554573059082 13.337339822202916
leaf_count=28 25 18 35 88 157 99 1667 234 116 74
internal_value=0.00046393 -0.0136748 0.00111542 0.00905425 0 0.0240641 -0.000158733 0.000909695 -0.0150152 -0.0254803
internal_weight=655.845 24.6279 631.217 91.8795 57.4626 34.417 539.338 500.889 38.449 17.3425
internal_count=2541 120 2421 369 245 124 2052 1901 151 92
is_linear=0
shrinkage=0.05


Tree=170
num_leaves=13
num_cat=0
split_feature=102 127 100 96 41 115 74 96 128 84 106 82
split_gain=2.94685 3.82817 3.21141 4.65176 3.94987 3.23627 3.07452 5.5096 4.01774 2.60144 2.35114 1.46372
threshold=3.5000000000000004 0.59669206445640766 1.0000000180025095e-35 -0.061434900000000063 5.7638888888888902 1.3333014098485532 0.38750000000000007 0.28248595000000004 0.82414886093410311 0.66666666666666663 3.2250000000000005 -0.076823500000000031
decision_type=2 2 2 2 2 2 2 2 2 2 2 2
left_child=2 6 3 -1 5 -4 8 -8 -2 10 -3 -6
right_child=1 9 4 -5 11 -7 7 -9 -10 -11 -12 -13
leaf_value=0.031873148511179193 0.0011703633999784605 0.0092608163003674911 0 -0.01002088464949368 -0.0082177189099775175 -0.027202210523938859 0.012052289362924046 -0.024745531052041084 -0.0087270010801539823 -0.006771751909785656 0.035702366752065257 0.017264627215739708
leaf_weight=9.9562852606177348 297.84023322165012 49.51521198451519 13.314098879694937 13.543128125369547 7.2358588874340084 41.153299868106842 88.373762860894203 9.8011298552155477 150.27873753011227 11.549114406108854 13.013151198625563 10.64631277322769
leaf_count=38 1009 153 49 47 23 157 302 37 615 34 42 35
internal_value=-3.14394e-05 0.00116284 -0.00820974 0.00626449 -0.013614 -0.0204079 -0.000202047 0.00766201 -0.00204947 0.011763 0.0160261 0.0044163
internal_weight=716.22 620.371 95.849 23.4994 72.3496 54.4674 546.294 98.1749 448.119 74.0775 62.5284 17.8822
internal_count=2541 2192 349 85 264 206 1963 339 1624 229 195 58
is_linear=0
shrinkage=0.05


Tree=171
num_leaves=10
num_cat=0
split_feature=91 45 109 98 3 111 128 96 95
split_gain=2.83721 2.78457 3.25452 3.0161 2.3696 2.27952 1.64256 0.887233 0.661588
threshold=-2.3666666666666658 1.0000000180025095e-35 0.13538306018511889 2.0166666666666671 1.8971150000000003 1.0531783793620819 0.82572687097791486 1.0000000180025095e-35 0.099082400000000029
decision_type=2 2 2 2 2 2 2 2 2
left_child=4 5 6 -4 8 -2 -3 -6 -1
right_child=1 2 3 -5 7 -7 -8 -9 -10
leaf_value=-0.030443292357999779 0.034060183006372466 0 -0.00017338670361013059 -0.018327881935616214 0.016757765776809604 0 0.025037694331493859 -0.0088013187421251502 0
leaf_weight=14.84550459682942 9.9383172541856784 6.0581562519073513 693.9948757365346 22.922627881169319 5.2693854048848134 8.4853626787662488 17.738320156931877 4.9163121432065964 5.2953873798251143
leaf_count=68 30 23 2160 70 25 28 88 26 23
internal_value=-0.000287286 0.00025627 -0.000166762 -0.000848223 -0.0150636 0.0189712 0.0175535 0.000267265 -0.0248277
internal_weight=789.464 759.138 740.714 716.918 30.3266 18.4237 23.7965 10.1857 20.1409
internal_count=2541 2399 2341 2230 142 58 111 51 91
is_linear=0
shrinkage=0.05


Tree=172
num_leaves=10
num_cat=0
split_feature=95 95 19 16 4 2 81 51 41
split_gain=2.20239 3.83234 4.9465 3.7837 3.5982 2.80708 3.87407 3.55429 2.68379
threshold=0.60674060000000019 0.17027725999999996 3.1000000000000005 2.2366715000000004 15.833333333333334 1.2936970000000003 -0.2034566666666667 2.1666666666666674 4.5857142857142863
decision_type=2 2 2 2 2 2 2 2 2
left_child=1 5 -3 8 -4 7 -7 -1 -2
right_child=3 2 4 -5 -6 6 -8 -9 -10
leaf_value=-0.0070985818421404785 0.044493461551963563 0.026987080059269593 -0.016254418898854411 -0.013232601687385333 0.0032634478028896238 -0.00032747945741938393 0.0099966684084438692 0.011473764702287892 0.00052808728029023102
leaf_weight=135.31214659661055 9.4024867862463051 7.5698839575052252 85.427288442850113 5.8890864178538314 26.692461580038071 185.09139214456081 162.01483850553632 29.253534808754921 8.9260948449373227
leaf_count=505 34 26 335 30 119 736 608 114 34
internal_value=0.000444593 -5.53688e-05 -0.00814632 0.0149468 -0.011178 0.00175193 0.00436265 -0.00344577 0.0268041
internal_weight=655.579 631.362 119.69 24.2177 112.12 511.672 347.106 164.566 18.3286
internal_count=2541 2443 480 98 454 1963 1344 619 68
is_linear=0
shrinkage=0.05


Tree=173
num_leaves=12
num_cat=0
split_feature=38 126 38 96 36 127 103 34 26 63 9
split_gain=2.85281 5.29035 4.83146 3.74213 5.25093 3.66424 4.23751 3.50873 2.72197 2.28264 1.28856
threshold=1.5132706000000002 0.1576825088071673 1.4916186000000005 0.21316985000000002 0.86607142857142871 0.54764160274499996 5.5000000000000009 7.4500000000000011 4.7333333333333343 0.55000000000000016 1.2024488333333334
decision_type=2 2 2 2 2 2 2 2 2 2 2
left_child=2 9 3 7 -5 6 -3 -1 -7 -2 -4
right_child=1 5 10 4 -6 8 -8 -9 -10 -11 -12
leaf_value=0.0069873248115636171 0 -0.012463272952048826 0.045941305755033426 0.010825913455344612 -0.018792858224634262 0.018487859277488083 8.4824037712886067e-06 -0.012642609142587247 -0.0043008433419759661 -0.033070720612849484 0.0057188345923042776
leaf_weight=215.37091484665871 5.0841053128242519 90.753013432025909 7.4184842109680158 19.635165765881538 42.838738165795803 35.913531094789505 233.91975670307875 22.92858649790287 15.049880951642988 18.821429863572121 7.4585462287068367
leaf_count=684 26 345 24 59 139 107 879 98 43 111 26
internal_value=-2.06947e-05 -0.00289314 0.00345492 0.00185196 -0.00867224 -0.00126946 -0.00335168 0.0048447 0.0108427 -0.0253236 0.0305554
internal_weight=715.192 399.542 315.65 300.773 62.4739 375.636 324.673 238.3 50.9634 23.9055 14.877
internal_count=2541 1511 1030 980 198 1374 1224 782 150 137 50
is_linear=0
shrinkage=0.05


Tree=174
num_leaves=12
num_cat=0
split_feature=31 89 111 111 80 2 96 111 85 91 2
split_gain=2.81981 3.51538 3.38819 3.64899 6.23157 5.77512 3.16643 4.61811 3.6588 2.58517 2.5099
threshold=1.7137141000000002 0.35781230000000014 1.0655454422641377 1.0569348522134903 -0.99117233333333343 0.86797433333333351 -0.045275649999999938 1.0542254932668704 -0.22500000000000006 0.68333333333333346 1.0175033833333336
decision_type=2 2 2 2 2 2 2 2 2 2 2
left_child=2 6 3 4 -1 -5 7 -2 -8 -4 -3
right_child=1 10 9 5 -6 -7 8 -9 -10 -11 -12
leaf_value=0.015255206215707258 -0.025345647474666378 0 -0.029767854011934713 -0.025403792614609313 -0.0023388679611255395 0.01154426094774995 -0.0048930280964538213 0.0026887302953441435 0.023878899578330771 0 -0.037045278451561144
leaf_weight=55.473929673433304 26.826930366456509 6.2444982230663326 14.486463241279127 9.7785833403468114 452.30037853866816 136.1665006801486 21.34778493642807 24.831714272499084 17.73097088932991 9.208826541900633 14.300163775682448
leaf_count=164 96 26 52 33 1421 439 79 87 65 27 52
internal_value=-0.000283084 -0.00766914 0.000866073 0.00162051 -0.000292248 0.00857238 -0.00270239 -0.0111252 0.00718402 -0.0171459 -0.0261409
internal_weight=788.697 111.282 677.415 653.719 507.774 145.945 90.7374 51.6586 39.0788 23.6953 20.5447
internal_count=2541 405 2136 2057 1585 472 327 183 144 79 78
is_linear=0
shrinkage=0.05


Tree=175
num_leaves=11
num_cat=0
split_feature=3 17 15 16 27 17 118 116 101 128
split_gain=2.04608 2.53834 3.70198 3.39838 3.31179 3.09857 5.91977 3.50977 1.61425 0.0469651
threshold=0.55103581666666679 1.1787130000000003 1.5500000000000003 1.7678601000000003 5.5500000000000007 1.2717269000000002 56.550000000000004 0.80787981341549409 2.9583333333333335 0.78561550321188833
decision_type=2 2 2 2 2 2 2 2 2 2
left_child=8 2 4 -4 -2 6 -3 -7 9 -1
right_child=1 5 3 -5 -6 7 -8 -9 -10 -11
leaf_value=-0.0015650450296851631 0.0075188171929257419 0.016051714464672868 0.047188328753773559 0 -0.0064791338709863713 -0.0012575282370407262 -0.021095897165185656 0.013518820216495068 0 -0.028061844045502778
leaf_weight=4.8022823780775097 142.40207863226533 11.81791704893112 8.9303931444883329 6.6178255230188361 55.552243649959564 317.81304758787155 43.206011392176151 44.6696607619524 9.5668300464749318 9.9930972121655923
leaf_count=19 567 43 30 26 218 1217 166 154 45 56
internal_value=0.000438254 0.00106986 0.00553136 0.0286851 0.00332641 -0.00109994 -0.0120808 0.000458023 -0.0133467 -0.0232706
internal_weight=655.371 631.009 213.503 15.5482 197.954 417.507 55.0239 362.483 24.3622 14.7954
internal_count=2541 2421 841 56 785 1580 209 1371 120 75
is_linear=0
shrinkage=0.05


Tree=176
num_leaves=11
num_cat=0
split_feature=82 96 74 16 123 2 111 31 75 123
split_gain=2.88366 4.51614 4.32034 5.46276 4.16376 4.26814 3.54119 3.0605 1.58298 1.45941
threshold=1.0170083333333333 0.31937280000000007 0.38750000000000007 1.3246568000000003 0.60493309524659344 1.6959588333333335 1.0478295784023339 1.2017115000000003 1.9500000000000002 0.64369517438361856
decision_type=2 2 2 2 2 2 2 2 2 2
left_child=1 2 3 -1 5 -3 -4 -2 -9 -6
right_child=7 4 6 -5 9 -7 -8 8 -10 -11
leaf_value=0.0052734414130658838 -0.003490031106698661 -0.013052463608766857 -0.014682542796303287 -0.0054752746999028627 -0.03990630255870526 0.019469868674851266 0.012208254519896418 0.044218985840998024 0.0060684017357349913 -0.0039862968064132628
leaf_weight=184.61951370537281 8.9095550104975718 33.286155663430691 11.333310209214686 315.25620763748884 14.708756402134897 12.699608288705347 107.68762011826038 8.1757631301879901 9.6662245094776136 7.8780360035598269
leaf_count=577 37 104 41 1225 53 47 367 25 30 35
internal_value=-1.97241e-05 -0.000726238 0.000553424 -0.00140301 -0.0128364 -0.00278359 0.00913009 0.0157067 0.0276229 -0.0301978
internal_weight=714.221 687.469 618.897 499.876 68.5726 45.9858 119.021 26.7515 17.842 22.5868
internal_count=2541 2449 2210 1802 239 151 408 92 55 88
is_linear=0
shrinkage=0.05


Tree=177
num_leaves=10
num_cat=0
split_feature=15 39 10 36 103 103 28 6 96
split_gain=2.74689 2.85383 2.72401 3.05703 3.02487 3.89802 3.57222 1.54953 1.35396
threshold=2.2250000000000005 11.725000000000001 0.64857566666666677 1.0500000000000003 6.5000000000000009 3.5000000000000004 1.8875000000000002 5.5833333333333348 0.021972550000000094
decision_type=2 2 2 2 2 2 2 2 2
left_child=2 7 3 -1 5 -4 -6 8 -2
right_child=1 -3 4 -5 6 -7 -8 -9 -10
leaf_value=-0.030023877992708298 0.018529985855314231 -0.029050448554007187 -0.0031760139982469088 0.0044268733168194635 -0.0047544312859811415 0.008727819714032933 0.0051578689833743615 -0.017344390389075783 -0.0054185267864806331
leaf_weight=14.223240107297899 10.362922474741941 15.527697615325449 94.587370291352272 6.9513912200927725 296.72325396537781 206.89765249937773 126.28245106339455 9.4017846435308439 6.9752476736903182
leaf_count=60 36 75 309 23 935 643 403 30 27
internal_value=-0.00027019 -0.0125546 0.000375064 -0.0167697 0.000967494 0.00482968 -0.00167214 -0.000471231 0.00639871
internal_weight=787.933 42.2677 745.665 21.1746 724.491 301.485 423.006 26.74 17.3382
internal_count=2541 168 2373 83 2290 952 1338 93 63
is_linear=0
shrinkage=0.05


Tree=178
num_leaves=10
num_cat=0
split_feature=95 123 117 87 18 126 100 96 88
split_gain=2.06861 3.62234 3.60883 2.99603 4.96089 3.19802 2.70599 0.899085 0.83939
threshold=0.60674060000000019 0.60000477468229196 106.15000000000002 1.2386535000000001 19.100000000000005 0.2485015971640194 0.17424242424242428 -0.24346934999999989 0.8799003000000003
decision_type=2 2 2 2 2 2 2 2 2
left_child=2 8 3 4 -1 -5 -4 -8 -2
right_child=1 -3 6 5 -6 -7 7 -9 -10
leaf_value=0.00086948665669020508 0.041695583493960908 -0.0066297954888316418 0.00055023825637503544 0 -0.022595468069793859 0.03066161952262484 -0.00079335519362025127 -0.034780691282019445 0.0063871355268789592
leaf_weight=552.1972086802125 8.0091318935155886 8.7364025190472585 9.1397890597581881 11.660619460046293 22.472477424889803 15.784033060073851 5.9779872298240688 13.661173842847345 7.580228976905345
leaf_count=2084 28 42 39 53 120 58 25 64 28
internal_value=0.000422403 0.0144475 -6.12517e-05 0.000698339 0 0.0165427 -0.0171222 -0.0273975 0.028961
internal_weight=655.219 24.3258 630.893 602.114 574.67 27.4447 28.779 19.6392 15.5894
internal_count=2541 98 2443 2315 2204 111 128 89 56
is_linear=0
shrinkage=0.05


Tree=179
num_leaves=12
num_cat=0
split_feature=9 108 102 74 81 71 111 10 52 9 106
split_gain=2.78814 3.22294 3.67895 3.23896 2.80165 2.66037 3.04879 2.5453 3.46825 2.93463 1.05697
threshold=0.63172316666666684 0.17188645446153145 3.5000000000000004 0.38750000000000007 -0.78488366666666654 1.0000000180025095e-35 1.0508477089358135 2.3536716666666671 1.5000000000000002 0.46936766666666668 2.8250000000000006
decision_type=2 2 2 2 2 2 2 2 2 2 2
left_child=7 5 4 -4 -3 -2 -7 8 10 -10 -1
right_child=1 2 3 -5 -6 6 -8 -9 9 -11 -12
leaf_value=-0.0090142382363072142 -0.01062615844790845 0.010122337232738029 -0.002575881718723947 0.0075834663383794456 -0.016158154284950151 -0.0062984329148110573 0.019560120316929608 -0.0075375633969462221 0 0.043268197071223841 0.011633155451270465
leaf_weight=9.7785746976733225 10.735859379172323 8.7483783066272718 421.18550953641534 94.410046398639679 67.891910519450903 11.019481882452963 46.543214455246925 10.631812646985052 6.5569096505641964 13.97896373271942 12.06131639331579
leaf_count=38 37 32 1511 323 252 35 151 46 26 49 41
internal_value=-1.96311e-05 -0.000980918 -0.00223933 -0.00060775 -0.0124225 0.00908446 0.0137331 0.0108297 0.0166581 0.0310076 0.000209444
internal_weight=713.542 660.534 592.236 515.596 76.6403 68.2986 57.5627 53.0076 42.3758 20.5359 21.8399
internal_count=2541 2341 2118 1834 284 223 186 200 154 75 79
is_linear=0
shrinkage=0.05


Tree=180
num_leaves=12
num_cat=0
split_feature=15 86 116 124 109 90 39 30 8 41 33
split_gain=2.61668 2.7305 4.22741 4.14557 3.96793 2.97683 2.72732 1.94831 2.18038 1.93602 1.70597
threshold=2.2250000000000005 -0.63333333333333319 0.80787981341549409 0.45362043388384338 0.13590917139855271 0.33333333333333343 11.725000000000001 1.3614043500000004 1.8333333333333337 5.154761904761906 4.6833333333333345
decision_type=2 2 2 2 2 2 2 2 2 2 2
left_child=1 2 3 -1 9 -6 7 8 -2 -3 -4
right_child=6 4 10 -5 5 -7 -8 -9 -10 -11 -12
leaf_value=-0.0068937081629547653 0.023722723600990203 0.025370576307131187 0 0.016696602412009532 0.00071854366924667108 -0.0065200242782908896 -0.028602156535749171 -0.019542234563757241 -0.007327121334658163 -0.00073842357589508692 -0.028392291670324057
leaf_weight=20.061546638607979 9.5909511670470291 19.693354427814487 8.8066031038761157 81.225448966026306 386.14919004589319 214.88574114441872 15.274951897561548 9.1771502271294576 7.9636852443218222 5.3791970387101165 8.5490552484989148
leaf_count=60 35 96 27 245 1264 628 75 32 26 27 26
internal_value=-0.000268161 0.000358792 0.00732744 0.0115136 -0.000891562 -0.00179291 -0.0122961 -0.000480173 0.00730643 0.0180378 -0.0136753
internal_weight=786.757 744.75 118.643 101.287 626.107 601.035 42.0067 26.7318 17.5546 25.0726 17.3557
internal_count=2541 2373 358 305 2015 1892 168 93 61 123 53
is_linear=0
shrinkage=0.05


Tree=181
num_leaves=16
num_cat=0
split_feature=63 89 26 95 108 51 87 9 109 87 91 82 87 88 45
split_gain=2.07344 4.15319 3.52518 4.50673 4.03283 3.43057 4.62646 7.60609 4.57005 6.31154 4.09205 3.25835 5.06067 4.48603 2.72995
threshold=1.1000000000000003 -0.083164099999999977 3.2250000000000005 -0.069027299999999889 0.35308555006963543 1.4166666666666667 0.26370600000000038 1.5697783333333335 0.23725953425582186 0.69315929999999981 0.40000000000000002 -0.0091519999999999362 -0.34665799999999986 -0.51870159999999987 2.4166666666666674
decision_type=2 2 2 2 2 2 2 2 2 2 2 2 2 2 2
left_child=1 2 4 -4 -1 8 10 -8 14 -10 -7 13 -13 -3 -2
right_child=5 11 3 -5 -6 6 7 -9 9 -11 -12 12 -14 -15 -16
leaf_value=0.01602475905534902 -0.026099297126206851 -0.010733896090915317 -0.0057157231082388352 0.018203258575997902 -0.016414765663742815 0.011323645057848084 -0.023641082854055629 0.003451827576060878 -0.0061273466070726965 0.028776081791634947 -0.0089846788461717553 -0.013796663945446494 0.017748316687633072 0.029169699696230081 0.0019066735713195396
leaf_weight=9.4680847674608213 37.964590456336737 6.0206193923950186 35.433794505894184 37.290231943130493 49.924910485744476 129.7401847243309 38.133512906730175 69.244393885135651 108.51215869188309 13.497744604945181 27.059788934886456 22.094639047980309 25.998521633446217 37.605569809675217 6.9198599830269805
leaf_count=34 183 22 132 131 209 494 169 277 395 47 106 80 96 128 38
internal_value=0.000414501 0.00436715 -0.000972155 0.0059514 -0.0102358 -0.00152756 0.00186916 -0.00583779 -0.00718117 -0.00165703 0.00746735 0.0125249 0.00225183 0.0224253 -0.0207445
internal_weight=654.909 223.836 132.117 72.724 59.393 431.072 264.178 107.378 166.894 122.01 156.8 91.7193 48.0932 43.6262 44.8845
internal_count=2541 832 506 263 243 1709 1046 446 663 442 600 326 176 150 221
is_linear=0
shrinkage=0.05


Tree=182
num_leaves=11
num_cat=0
split_feature=82 96 123 2 38 125 87 31 87 87
split_gain=2.71823 4.29613 3.98783 4.00179 3.88553 4.12498 4.00932 2.88248 1.74884 1.65551
threshold=1.0170083333333333 0.31937280000000007 0.60493309524659344 1.6959588333333335 1.5132706000000002 0.52293157040234262 0.63311759999999995 1.2017115000000003 -0.38172519999999993 -0.10999319999999978
decision_type=2 2 2 2 2 2 2 2 2 2
left_child=1 4 3 -3 6 -6 -1 -2 -4 -9
right_child=7 2 8 -5 5 -7 -8 9 -10 -11
leaf_value=0.0090096403587009762 -0.0032890779916554709 -0.012705509188904099 0 0.01874444643120032 0.00023780231890335979 -0.011870688075566667 -0.0041014751930788657 0.0028944042073098435 -0.037052731304070212 0.041138676154397674
leaf_weight=193.22957434505224 8.8712536618113536 33.156511455774307 5.2339820265769985 12.748287379741667 255.41169035434723 92.284480541944504 76.603228732943535 8.4442504942417163 17.137410517781973 9.4078724831342679
leaf_count=611 37 104 19 47 840 481 278 25 69 30
internal_value=-1.48967e-05 -0.000704222 -0.0125431 -0.00269209 0.000542053 -0.00285743 0.00510149 0.0152591 -0.0296374 0.026814
internal_weight=712.529 685.805 68.2762 45.9048 617.529 347.696 269.833 26.7234 22.3714 17.8521
internal_count=2541 2449 239 151 2210 1321 889 92 88 55
is_linear=0
shrinkage=0.05


Tree=183
num_leaves=14
num_cat=0
split_feature=31 89 24 80 84 2 19 87 2 87 84 10 17
split_gain=2.56122 3.29264 2.96765 4.27725 6.81341 3.67272 4.20804 3.22096 2.41984 2.34494 2.20443 3.70317 2.47148
threshold=1.7137141000000002 0.35781230000000014 2.1192360000000003 -0.90129999999999966 -0.99999999999999956 2.1748526666666672 4.366666666666668 0.2110730000000002 1.0175033833333336 0.15568140000000011 -0.33333333333333359 1.2687418333333336 2.1140592000000002
decision_type=2 2 2 2 2 2 2 2 2 2 2 2 2
left_child=2 10 3 4 -1 6 -4 -5 -3 -7 12 -12 -2
right_child=1 8 5 7 -6 9 -8 -9 -10 -11 11 -13 -14
leaf_value=-0.0094435715679502975 -0.020886632351714958 0 0.014348183187173688 -0.0059138917810132819 0.029049336703775672 0.033849684406210494 -0.0080967152613004873 0.0018070455279965546 -0.036219380366519068 0 0.035359288505677204 -0.00084614087814213583 0.0010738404582309876
leaf_weight=15.828280001878737 25.229359172284603 6.2036975547671345 39.143050342798233 257.48078318685293 28.060660243034363 18.45206988602877 40.342079445719719 268.36686774343252 14.033679589629172 7.3272876068949691 7.0260577425360671 40.7822405397892 17.08230210095644
leaf_count=50 106 26 114 807 82 61 123 871 52 28 23 128 70
internal_value=-0.000280988 -0.00735323 0.000810471 -0.000537192 0.0141521 0.00851154 0.00237615 -0.00188265 -0.0253729 0.0247665 -0.00252396 0.00406574 -0.0110461
internal_weight=785.358 110.357 675.001 569.737 43.8889 105.264 79.4851 525.848 20.2374 25.7794 90.12 47.8083 42.3117
internal_count=2541 405 2136 1810 132 326 237 1678 78 89 327 151 176
is_linear=0
shrinkage=0.05


Tree=184
num_leaves=12
num_cat=0
split_feature=112 65 2 4 85 84 111 31 24 112 126
split_gain=2.05863 4.26486 4.07661 4.66065 3.52331 3.44437 3.53456 3.29059 4.56812 3.05718 1.85531
threshold=0.51550480769230778 0.22500000000000003 2.1748526666666672 14.41666666666667 -1.6249999999999998 1.1666666666666672 1.052218795157071 1.7068589000000001 1.6760124000000003 0.51159986446893757 0.26684195886429068
decision_type=2 2 2 2 2 2 2 2 2 2 2
left_child=4 2 3 -2 -1 6 -3 9 -9 -6 -4
right_child=1 5 10 -5 7 -7 -8 8 -10 -11 -12
leaf_value=-0.026143940260780381 -0.0033757723348234827 -0.004003282490688864 -0.023707432257836447 0.015694510788146862 -0.0013624569260712797 0.037852850421194774 0.015418559168735024 -0.0039390805663464335 0.02387341901172951 -0.021737249585173216 0
leaf_weight=13.522585034370421 93.892128936946392 33.358053237199783 23.903612893074754 45.713937737047672 297.40791365504265 11.367669776082037 56.401947967708111 23.775458864867687 28.719026036560535 19.396129116415977 6.9397406056523314
leaf_count=56 346 121 122 168 1175 42 209 95 101 78 28
internal_value=0.000404149 0.0037882 -0.00077623 0.00258039 -0.00186988 0.0119034 0.00768522 -0.000777809 0.0105039 -0.00283169 -0.0171434
internal_weight=654.398 271.577 170.449 139.606 382.821 101.128 89.76 369.299 52.4945 316.804 30.8434
internal_count=2541 1036 664 514 1505 372 330 1449 196 1253 150
is_linear=0
shrinkage=0.05


Tree=185
num_leaves=10
num_cat=0
split_feature=81 31 82 96 77 108 25 0 113
split_gain=2.69003 3.67646 3.97748 3.74076 3.55562 3.0109 2.40506 2.03815 1.37717
threshold=-1.2992516666666665 1.1714792500000002 0.29574116666666672 0.14900679999999991 0.21111111111111114 0.23324922780519927 8.1000000000000014 1.5833333333333337 0.47927238555510815
decision_type=2 2 2 2 2 2 2 2 2
left_child=8 5 3 -3 -4 7 -7 -2 -1
right_child=1 2 4 -5 -6 6 -8 -9 -10
leaf_value=0 0 0.0012965718101811958 0 -0.011683145928922643 0.017094136061905719 0.0080222101868143991 -0.011153395504746323 0.026480208076476476 0.03440698502561889
leaf_weight=6.3817865848541242 14.755881369113924 317.89871093630791 59.942288368940353 65.452836006879807 67.133618153631687 14.53015276044607 149.00837880373001 9.0051504969596845 7.4363686665892601
leaf_count=24 42 1050 206 214 215 76 662 26 26
internal_value=0 -0.00050854 0.00161339 -0.000814107 0.00927602 -0.0065346 -0.00910739 0.00880635 0.0210154
internal_weight=711.545 697.727 510.427 383.352 127.076 187.3 163.539 23.761 13.8182
internal_count=2541 2491 1685 1264 421 806 738 68 50
is_linear=0
shrinkage=0.05


Tree=186
num_leaves=10
num_cat=0
split_feature=91 45 31 77 111 82 89 36 92
split_gain=2.46612 2.57251 2.73208 4.00022 3.42728 2.13963 1.96866 1.23025 0.496886
threshold=-2.3666666666666658 1.0000000180025095e-35 1.4291717000000002 0.21111111111111114 1.0655454422641377 -0.13527750000000002 -0.061089700000000073 1.4365079365079367 -1.0000000180025095e-35
decision_type=2 2 2 2 2 2 2 2 2
left_child=6 5 4 -4 -3 -2 8 -8 -1
right_child=1 2 3 -5 -6 -7 7 -9 -10
leaf_value=-0.0076374764738829553 0 0.0029219748675794743 0.00066040049400057233 -0.011699642813223476 -0.017985648152738457 0.032095248206697041 -0.032259946344032689 0 0.0112137287392765
leaf_weight=5.5311016142368317 7.9294929802417782 463.11597675085068 146.08209712803364 108.10507876425982 18.974785163998604 10.450505167245863 12.627500131726267 5.5793930590152732 5.8490237221121806
leaf_count=26 26 1443 466 371 61 32 66 24 26
internal_value=-0.0002725 0.00022625 -0.00017969 -0.0044256 0.00196004 0.0182378 -0.01422 -0.024047 0
internal_weight=784.245 754.658 736.278 254.187 482.091 18.38 29.587 18.2069 11.3801
internal_count=2541 2399 2341 837 1504 58 142 90 52
is_linear=0
shrinkage=0.05


Tree=187
num_leaves=8
num_cat=0
split_feature=127 25 81 111 81 98 35
split_gain=2.0347 2.43587 2.59056 2.99259 2.75139 1.92487 3.83228
threshold=0.69394085058983268 18.900000000000002 -0.033448333333333295 1.0496813218040841 -0.74917983333333316 -0.89999999999999991 1.7071428571428573
decision_type=2 2 2 2 2 2 2
left_child=1 2 4 -4 -1 6 -2
right_child=5 -3 3 -5 -6 -7 -8
leaf_value=0.0055192528759394179 0.023175725161692307 0.022584063563342468 0.014781903799012348 0.0013389360151906877 -0.0049768046352940271 -0.028957821424365426 -0.023639186986498213
leaf_weight=77.618244767189026 7.2983206063509014 11.949009537696837 52.941730886697769 229.00548866018653 257.10565927997231 10.125765293836592 8.1686601489782316
leaf_count=300 34 42 193 860 1019 45 48
internal_value=0.000382379 0.00102782 0.000493299 0.00408318 -0.00238478 -0.0130336 0
internal_weight=654.213 628.62 616.671 281.947 334.724 25.5927 15.467
internal_count=2541 2414 2372 1053 1319 127 82
is_linear=0
shrinkage=0.05


Tree=188
num_leaves=12
num_cat=0
split_feature=9 11 113 80 102 16 114 33 87 66 16
split_gain=2.64166 3.44799 3.61965 4.20328 3.74995 3.61885 4.29391 4.18691 2.56741 4.25343 3.70043
threshold=0.63172316666666684 10.41666666666667 0.52746134272851841 -0.50020633333333342 8.5000000000000018 1.2619662 2.2109196702299898 3.0500000000000003 -0.81266299999999936 1.7321428571428574 1.8644913000000003
decision_type=2 2 2 2 2 2 2 2 2 2 2
left_child=8 2 4 -4 -2 7 -7 -3 -1 10 -10
right_child=1 5 3 -5 -6 6 -8 -9 9 -11 -12
leaf_value=-0.0042083116950698786 -0.013323066136625455 -0.011973891367977453 0.026457035847630029 -0.0061927681588713158 0.0034491127071585165 0.0016141082788492219 -0.012274843483033607 0.012425546511636996 0.036634031192590719 -0.007946295427706097 0
leaf_weight=15.033376410603521 135.23187657445669 18.013899683952332 15.776859842240809 19.189628951251507 37.926704093813896 251.57998394221067 69.255907978862524 110.5961097329855 22.427007943391803 8.8578454852104169 6.6466385126113883
leaf_count=49 538 56 49 67 145 858 288 340 76 45 30
internal_value=0 -0.00092267 -0.00627341 0.00747463 -0.00936367 0.00145252 -0.00125744 0.00855622 0.0105825 0.0176864 0.027163
internal_weight=710.536 657.571 208.125 34.9665 173.159 449.446 320.836 128.61 52.9649 37.9315 29.0736
internal_count=2541 2341 799 116 683 1542 1146 396 200 151 106
is_linear=0
shrinkage=0.05


Tree=189
num_leaves=15
num_cat=0
split_feature=9 18 28 16 95 14 6 17 110 9 10 51 96 47
split_gain=2.44485 4.5257 3.86545 4.05361 4.20005 3.86613 5.45079 4.21198 3.50715 3.46977 4.5089 4.43391 2.36181 0.809329
threshold=1.5485805000000001 19.500000000000004 1.7638888888888891 1.6787520000000002 -0.48074990000000001 2.3666666666666671 5.8333333333333348 1.4682302000000003 0.26237049709347476 0.84371016666666676 1.2747485000000001 0.83333333333333337 -0.36105016833333331 1.0000000180025095e-35
decision_type=2 2 2 2 2 2 2 2 2 2 2 2 2 2
left_child=1 9 3 8 -5 7 -7 -4 -2 10 -1 -11 -3 -14
right_child=2 12 5 4 -6 6 -8 -9 -10 11 -12 -13 13 -15
leaf_value=0.016194979519556327 0.023258672424624365 -0.0016531237664732506 0.021693666458791273 0 -0.033769342023622168 0.01683930934892942 -0.019609641639584525 -0.0075901644660410841 -0.0069448883737953868 -0.0059760940304371428 -0.009640285909119941 0.0062491526766970413 0.0042894214293829917 0.035379653537953165
leaf_weight=17.296468794345856 9.3240944445133191 5.0738129317760494 36.620757825672626 17.522612184286118 28.274811953306198 13.103344991803167 30.229945369064808 14.501275934278963 86.807881884276867 96.346941038966179 127.04956161230803 278.52406221628189 7.4068629294633892 15.181094527244566
leaf_count=54 26 17 114 54 98 42 91 48 349 294 384 885 26 59
internal_value=-0.000262118 0.00150656 -0.00455371 -0.0098268 -0.0221133 0.00286582 -0.00732897 0.0124415 -0.00329131 0.000340071 -0.00611041 0.00296653 0.0208815 0.0279186
internal_weight=783.264 546.879 236.385 141.929 45.7974 94.4553 43.3333 51.122 96.132 519.217 144.346 374.871 27.6618 22.588
internal_count=2541 1719 822 527 152 295 133 162 375 1617 438 1179 102 85
is_linear=0
shrinkage=0.05


Tree=190
num_leaves=9
num_cat=0
split_feature=45 82 101 58 31 73 21 127
split_gain=1.97065 1.93461 3.26064 3.88036 3.10471 3.03367 2.87403 1.32076
threshold=1.0000000180025095e-35 0.29574116666666672 1.7750000000000001 2.3666666666666671 0.78535846000000009 0.43650793650793657 0.36666666666666675 0.40047418354444531
decision_type=2 2 2 2 2 2 2 2
left_child=7 4 -3 -4 5 -2 -6 -1
right_child=1 2 3 -5 6 -7 -8 -9
leaf_value=0 -0.024647725673621543 0.019569711372184228 -0.0093864589135710629 0.017230245268881849 -0.017168171170031454 0.0048418704938442553 0.0044096504302674581 -0.030286583881905606
leaf_weight=8.2523561567068082 19.001224435865883 11.572351410984991 125.24789897724986 13.283924430608748 14.177325315773485 10.767494723200796 444.12877503409982 7.5126144737005225
leaf_count=32 101 40 512 51 60 42 1668 35
internal_value=0.000379502 0.000897119 -0.00392357 -0.00637063 0.00248691 -0.0125455 0.00359737 -0.0163953
internal_weight=653.944 638.179 150.104 138.532 488.075 29.7687 458.306 15.765
internal_count=2541 2474 603 563 1871 143 1728 67
is_linear=0
shrinkage=0.05


Tree=191
num_leaves=10
num_cat=0
split_feature=81 16 41 16 125 80 116 25 113
split_gain=2.56845 2.92389 4.27778 4.11376 4.34896 3.83903 2.86823 2.26091 1.21509
threshold=-1.2992516666666665 1.2848779000000004 3.4722222222222228 1.4879449 0.10239268741575246 0.70091316666666659 0.36374206421109384 10.366666666666669 0.47927238555510815
decision_type=2 2 2 2 2 2 2 2 2
left_child=8 2 7 5 -5 -3 -4 -2 -1
right_child=1 3 6 4 -6 -7 -8 -9 -10
leaf_value=0 -0.025457256389018412 -0.014371119842065364 0.0034599156226553553 0.030526957957145381 -0.0012012393838620767 0.015424237550365514 0.019783365497084968 0.0014343267479113454 0.033007039199212856
leaf_weight=6.3401918709278089 16.338458046317104 101.36423754692078 174.70050454139709 10.138878911733626 340.90259148553014 9.6844289004802686 34.360540777444839 8.1900535523891431 7.5228239521384239
leaf_count=24 56 336 542 31 1367 29 104 26 26
internal_value=0 -0.000499094 0.00396118 -0.00286545 -5.87169e-05 -0.011212 0.00646221 -0.0148151 0.0205023
internal_weight=709.543 695.68 233.59 462.09 351.041 111.049 209.061 24.5285 13.863
internal_count=2541 2491 728 1763 1398 365 646 82 50
is_linear=0
shrinkage=0.05


Tree=192
num_leaves=15
num_cat=0
split_feature=37 63 10 100 10 127 24 112 24 4 96 122 24 126
split_gain=2.41402 5.09 5.55078 4.833 6.06176 4.09636 4.07335 4.02011 3.66936 4.13501 3.58644 3.25301 2.26093 2.06936
threshold=1.2982757976190478 1.1000000000000003 1.4496220000000004 0.13392857142857145 1.3788963333333337 0.55515789225912526 1.4091212000000002 0.52473975111050841 1.0844990000000001 16.833333333333339 -0.23226959999999983 49.600000000000009 1.2505666000000002 0.19812672296906703
decision_type=2 2 2 2 2 2 2 2 2 2 2 2 2 2
left_child=3 8 11 6 5 -5 12 -4 -2 -10 -6 -3 -1 -8
right_child=1 2 7 4 10 -7 13 -9 9 -11 -12 -13 -14 -15
leaf_value=0.0055499119194010356 0.012285946294096411 -0.011984553929973968 0.012938193489406148 0.016309310096545897 0.0070395327925912438 -0.016606208949439816 0.034041378231357632 -0.0026477418843455607 -0.025923791717333802 0.0055084398212270312 -0.0079851428767766242 0.0028306107260417279 -0.024101276050562063 0.011398091112535636
leaf_weight=12.78320123255253 7.5761250406503668 108.18429690599442 91.835826300084591 65.351802214980125 46.344466283917427 8.7335890308022481 17.595742121338844 66.123520106077194 50.18930920958519 9.667653873562811 183.7159671485424 48.361867994070053 8.9853594154119474 56.704908266663551
leaf_count=39 26 380 301 199 139 33 69 219 157 29 562 189 28 171
internal_value=-0.00025907 -0.00315531 -0.000302368 0.00238127 -0.000560999 0.0115937 0.0121211 0.00612359 -0.0155319 -0.0200184 -0.00472474 -0.00710142 -0.00501412 0.0178053
internal_weight=782.154 381.939 314.506 400.215 304.146 74.0854 96.0692 157.959 67.4331 59.857 230.06 156.546 21.7686 74.3007
internal_count=2541 1301 1089 1240 933 232 307 520 212 186 701 569 67 240
is_linear=0
shrinkage=0.05


Tree=193
num_leaves=9
num_cat=0
split_feature=95 95 19 4 16 25 25 41
split_gain=2.00889 3.51374 4.58211 3.429 3.35864 2.74021 2.53525 2.31554
threshold=0.60674060000000019 0.17027725999999996 3.1000000000000005 15.833333333333334 2.2366715000000004 18.900000000000002 15.300000000000002 4.5857142857142863
decision_type=2 2 2 2 2 2 2 2
left_child=1 5 -3 -4 7 6 -1 -2
right_child=4 2 3 -5 -6 -7 -8 -9
leaf_value=0.0021605737527442131 0.041337247636486642 0.025670085259139497 -0.015874025868174973 0.0032090863749929359 -0.012543331120187155 0.025725023711807311 -0.01000978011909346 0.00028513804031260617
leaf_weight=454.70279095694423 9.6640817970037514 7.6409867554903022 84.438004620373249 26.566619757562876 5.7278933599591246 10.671901300549505 45.423789076507092 8.9345241338014585
leaf_count=1743 34 26 335 119 30 39 181 34
internal_value=0.000356533 -0.000120263 -0.0079064 -0.0108726 0.0141854 0.00160248 0.000937662 0.0251883
internal_weight=653.771 629.444 118.646 111.005 24.3265 510.798 500.127 18.5986
internal_count=2541 2443 480 454 98 1963 1924 68
is_linear=0
shrinkage=0.05


Tree=194
num_leaves=13
num_cat=0
split_feature=102 106 87 74 114 31 25 62 100 115 72 13
split_gain=2.50565 3.4871 5.31386 3.67109 5.25712 3.91137 3.14966 2.86567 2.83782 4.42286 3.70468 2.2077
threshold=3.5000000000000004 3.5250000000000004 -0.25613659999999999 0.38750000000000007 2.2109196702299898 1.1377793000000003 13.700000000000001 1.0000000180025095e-35 1.0000000180025095e-35 1.3333014098485532 1.4142857142857144 5.8333333333333348
decision_type=2 2 2 2 2 2 2 2 2 2 2 2
left_child=6 3 -3 4 -2 -5 8 -4 10 -10 -1 -8
right_child=1 2 7 5 -6 -7 11 -9 9 -11 -12 -13
leaf_value=0.024417474100953723 0.00071602583939649916 -0.0074824327187923327 0 -0.0073632513878460013 -0.012484257648844871 0.014114365770446488 0.024088955881192441 0.037214542248391588 0.0013387188606300438 -0.02792980448799471 -0.019072896574185233 -0.0033612529836262411
leaf_weight=9.3040088415145892 378.59931589663029 13.285138875246046 6.7224279046058681 24.65072488039732 91.537680510431528 79.774689517915249 9.942445710301401 20.04400485008955 14.494827963411806 37.983363408595324 7.7545484453439704 14.708797723054884
leaf_count=38 1302 46 25 103 391 252 31 73 53 152 26 49
internal_value=0 0.00112422 0.0152086 3.08384e-05 -0.00176904 0.00854833 -0.00759172 0.0281355 -0.0132333 -0.0190368 0.00191728 0.00626835
internal_weight=708.802 614.614 40.0516 574.562 470.137 104.425 94.188 26.7664 69.5367 52.4782 17.0586 24.6512
internal_count=2541 2192 144 2048 1693 355 349 98 269 205 64 80
is_linear=0
shrinkage=0.05


Tree=195
num_leaves=10
num_cat=0
split_feature=91 45 109 98 3 82 76 45 28
split_gain=2.28393 2.39407 2.50342 3.02308 2.22727 2.00083 1.58083 0.997485 0.752214
threshold=-2.3666666666666658 1.0000000180025095e-35 0.13538306018511889 2.0166666666666671 1.8971150000000003 -0.13527750000000002 1.8819444444444446 0.83333333333333337 1.5857142857142861
decision_type=2 2 2 2 2 2 2 2 2
left_child=4 5 6 -4 8 -2 -3 -6 -1
right_child=1 2 3 -5 7 -7 -8 -9 -10
leaf_value=-0.02955132015304265 0 0.00046562249247961802 -7.3296689937332306e-05 -0.018294324818934643 -0.0085487950835127641 0.030961712259509819 0.031229672448295765 0.018500428722850154 0
leaf_weight=14.055328652262693 7.9142940565943745 13.391138143837454 688.2070482596755 22.77380259335041 4.8380624949932081 10.486440330743788 9.0714256763458234 5.0818661451339722 5.2208353951573363
leaf_count=71 26 64 2160 70 25 32 47 26 20
internal_value=-0.000240564 0.000235409 -0.000155511 -0.000752046 -0.0137553 0.0175994 0.0158221 0.00115465 -0.0235728
internal_weight=781.04 751.844 733.443 710.981 29.1961 18.4007 22.4626 9.91993 19.2762
internal_count=2541 2399 2341 2230 142 58 111 51 91
is_linear=0
shrinkage=0.05


Tree=196
num_leaves=10
num_cat=0
split_feature=95 117 128 100 95 19 69 81 96
split_gain=1.89641 3.35938 3.28945 2.58552 2.37491 3.90392 2.86971 1.26985 1.1704
threshold=0.60674060000000019 106.15000000000002 0.82549670345866299 0.17424242424242428 0.17027725999999996 3.1000000000000005 0.95000000000000007 0.81877316666666677 -0.24757925000000006
decision_type=2 2 2 2 2 2 2 2 2
left_child=1 4 7 -3 6 -6 -1 -2 -5
right_child=2 3 -4 8 5 -7 -8 -9 -10
leaf_value=-0.0041516560063106977 0.040292326501661778 0.00040071103878459461 -0.0063487968086250708 0 0.024569625960934049 -0.009272517006429842 0.0044167945729719086 0.0023824643707979856 -0.034541321167356448
leaf_weight=126.38402948528528 8.7174776047468203 9.1296424418687838 8.6241171434521657 5.483065232634547 7.7214566171169272 96.70513429120183 369.85216806083918 7.0690878853201857 13.726791121065615
leaf_count=483 30 39 42 23 26 393 1413 26 66
internal_value=0.000347072 -0.000115133 0.0137605 -0.0166999 0.000610697 -0.0060866 0.00213002 0.0274484 -0.0269189
internal_weight=653.413 629.002 24.4107 28.3395 600.663 104.427 496.236 15.7866 19.2099
internal_count=2541 2443 98 128 2315 419 1896 56 89
is_linear=0
shrinkage=0.05


Tree=197
num_leaves=11
num_cat=0
split_feature=76 72 16 23 10 17 106 87 123 88
split_gain=2.4508 2.6062 7.303 4.40162 6.54642 4.27149 3.8208 2.91395 1.60222 2.14367
threshold=0.63333333333333341 1.9500000000000002 1.2072212000000002 1.5785147000000002 1.5490690000000003 1.5983394000000002 2.1750000000000003 -0.30479109999999981 0.5227417346782407 0.002958899999999987
decision_type=2 2 2 2 2 2 2 2 2 2
left_child=8 3 7 6 -5 -4 -2 -3 -1 -10
right_child=1 2 5 4 -6 -7 -8 -9 9 -11
leaf_value=0 0.01761174393994187 0 -0.021511251467158439 0.01904976914312035 -0.0030859403430970249 0.0037053799067706277 -0.0029213899034558743 0.03033448450399839 0.0017937666602599038 0.035722469167881805
leaf_weight=9.8527766317129117 22.488215655088425 12.087244778871538 63.796870805323124 69.764005899429321 56.541366148740053 18.056685209274292 418.18904856219888 12.778523236513136 13.602415435016157 10.824008196592329
leaf_count=33 83 37 211 222 193 57 1585 40 45 35
internal_value=0 -0.000726555 -0.00788837 0.000544951 0.00880143 -0.0153675 -0.00172286 0.0144407 0.0127897 0.0196086
internal_weight=707.981 673.702 106.719 566.983 126.305 81.8536 440.677 24.8658 34.2792 24.4264
internal_count=2541 2428 345 2083 415 268 1668 77 113 80
is_linear=0
shrinkage=0.05


Tree=198
num_leaves=10
num_cat=0
split_feature=82 128 96 12 108 71 32 3 94
split_gain=2.23444 2.35192 2.86586 4.99156 3.41196 2.57368 2.09078 1.40733 0.998244
threshold=1.0170083333333333 0.88484027790099928 0.14900679999999991 2.5833333333333335 0.21949506982748243 0.29285714285714287 15.050000000000002 1.3672415000000002 -0.27630894999999983
decision_type=2 2 2 2 2 2 2 2 2
left_child=1 2 4 -4 -1 7 8 -3 -2
right_child=6 5 3 -5 -6 -7 -8 -9 -10
leaf_value=-0.014823618106881938 -0.00029172646718013238 -0.017175497395732139 -0.015253529312629827 0.0087833792807395731 -0.0007672966570600433 0.030921760203793881 0.00096590382060871428 0.012695597441680168 -0.033902521130098888
leaf_weight=47.432225607335567 6.717566147446635 5.8536889702081707 22.997132673859596 150.64060058444738 507.84622070193291 11.858927220106123 8.3059477806091291 8.2847709134221059 10.579401567578318
leaf_count=241 23 22 68 492 1545 48 28 33 41
internal_value=-0.00023103 0.00020542 -0.00026373 0.00524443 -0.00208237 0.0147341 -0.0145034 0 -0.0243113
internal_weight=780.516 754.914 728.916 173.638 555.278 25.9974 25.6029 14.1385 17.297
internal_count=2541 2449 2346 560 1786 103 92 55 64
is_linear=0
shrinkage=0.05


Tree=199
num_leaves=12
num_cat=0
split_feature=112 65 114 45 41 17 29 34 2 2 77
split_gain=1.83865 3.95882 4.49117 3.28184 3.34145 3.11025 2.73323 4.82679 3.14885 2.70448 1.33114
threshold=0.51550480769230778 0.22500000000000003 2.6694688448906247 2.4166666666666674 5.0500000000000007 2.3640590000000006 0.68333333333333346 5.8944444444444457 1.2936970000000003 2.1748526666666672 0.18333333333333338
decision_type=2 2 2 2 2 2 2 2 2 2 2
left_child=5 2 9 4 -3 6 7 -1 -8 -2 -4
right_child=1 3 10 -5 -6 -7 8 -9 -10 -11 -12
leaf_value=0.041393189523942803 -0.00021561086549940595 0.015172957047389314 0.036315533147778689 0.039352245690629423 -0.0033048612416078866 0.027088446735274677 -0.010018245527659642 -0.0031639610391409113 0 -0.01734235835210849 0.0014179158203726089
leaf_weight=8.5171404778957385 123.85549288988113 56.664648249745369 8.3377638757228869 9.3642197176814062 35.534280866384506 7.7975259497761717 127.80771497637033 11.641637682914732 225.78264704346657 29.280125737190247 8.6796601414680463
leaf_count=29 466 201 24 34 137 28 491 57 900 146 28
internal_value=0.000330419 0.00353056 -0.000871841 0.0113302 0.00755591 -0.00182111 -0.00262835 0.0143651 -0.00377596 -0.00390597 0.0223578
internal_weight=653.263 271.716 170.153 101.563 92.1989 381.547 373.749 20.1588 353.59 153.136 17.0174
internal_count=2541 1036 664 372 338 1505 1477 86 1391 612 52
is_linear=0
shrinkage=0.05


Tree=200
num_leaves=11
num_cat=0
split_feature=82 96 123 2 74 114 111 56 123 3
split_gain=2.4532 3.9682 3.7403 3.72864 3.5975 4.32658 3.2999 1.94428 1.45295 0.932651
threshold=1.0170083333333333 0.31937280000000007 0.60493309524659344 1.6959588333333335 0.38750000000000007 2.2109196702299898 1.0478295784023339 1.0000000180025095e-35 0.64369517438361856 1.1398861666666671
decision_type=2 2 2 2 2 2 2 2 2 2
left_child=1 4 3 -3 5 -1 -6 -2 -4 -9
right_child=7 2 8 -5 6 -7 -8 9 -10 -11
leaf_value=0.0008921307828794854 -0.0010300699575298492 -0.012280577671348269 -0.038529402479092582 0.018099106740715798 -0.014658088764358321 -0.011004977122933583 0.011379914895554304 0.037154855503372157 -0.002798189811947089 0.0060655526815348391
leaf_weight=402.65239413827658 7.7013947218656567 32.860811293125153 14.245199948549272 12.760086350142954 11.258147254586218 91.905673537403345 107.44307564944029 8.1338742375373858 7.7246586494147769 10.619227170944212
leaf_count=1400 31 104 53 47 41 402 367 27 35 34
internal_value=0 -0.000640183 -0.0120802 -0.00250499 0.000556895 -0.00123561 0.00839082 0.0146017 -0.0288117 0.0232796
internal_weight=707.305 680.85 67.5908 45.6209 613.259 494.558 118.701 26.4545 21.9699 18.7531
internal_count=2541 2449 239 151 2210 1802 408 92 88 61
is_linear=0
shrinkage=0.05


Tree=201
num_leaves=12
num_cat=0
split_feature=15 86 9 109 73 71 122 40 8 9 97
split_gain=2.32299 2.6383 3.7805 3.25149 3.40682 3.15454 2.72111 2.49514 2.25225 1.98896 1.83102
threshold=2.2250000000000005 -0.63333333333333319 0.73147633333333351 0.13590917139855271 0.11805555555555557 1.0000000180025095e-35 49.600000000000009 3.7250000000000005 1.8333333333333337 0.49690455000000006 -0.31428571428571433
decision_type=2 2 2 2 2 2 2 2 2 2 2
left_child=1 2 9 6 -5 -4 -3 8 -2 -1 -9
right_child=7 3 5 4 -6 -7 -8 10 -10 -11 -12
leaf_value=0.0090603191085223567 0.015539943681295174 0.025884742235817201 -0.0075512493749050093 -0.01412271105611743 -0.00043592398753621519 0.017589003588113074 -0.00844013091793115 -0.03127824876191887 -0.017613990441593484 -0.013729603535598016 0
leaf_weight=11.765956893563269 11.182053506374361 18.840605817735199 11.493857264518736 49.635712623596191 547.16099010407925 69.762051358819008 4.9141722097992888 15.929384142160417 7.6664588674902907 24.899820759892464 6.4411066174507132
leaf_count=35 38 98 37 145 1747 212 25 82 26 74 22
internal_value=-0.000221137 0.000365046 0.00723467 -0.000869465 -0.00167962 0.0133764 0.01671 -0.0116673 0 -0.00504253 -0.0226456
internal_weight=779.692 738.473 117.922 620.551 596.797 81.2559 23.7548 41.219 18.8485 36.6658 22.3705
internal_count=2541 2373 358 2015 1892 249 123 168 64 109 104
is_linear=0
shrinkage=0.05


Tree=202
num_leaves=16
num_cat=0
split_feature=63 89 23 41 38 9 63 5 2 93 17 48 37 128 112
split_gain=1.83509 3.74559 3.86921 4.1783 3.54306 2.96028 3.62692 2.67968 5.1251 4.80714 5.06015 3.60964 3.56646 2.13563 1.87195
threshold=1.1000000000000003 -0.083164099999999977 0.87963019999999992 3.5277777777777781 1.5078632000000003 0.66139798333333355 0.63333333333333341 4.8333333333333348 1.3463881666666668 0.45555555555555566 0.7304718200000001 1.5833333333333337 0.92606844500000007 0.80595748702601988 0.52380526399491101
decision_type=2 2 2 2 2 2 2 2 2 2 2 2 2 2 2
left_child=1 2 3 -1 -4 13 -7 8 11 14 -11 -2 -10 -3 -9
right_child=7 5 4 -5 -6 6 -8 9 12 10 -12 -13 -14 -15 -16
leaf_value=0.0069589454398558672 -0.014472311780963178 -0.019068138049440901 -0.010018825108439489 -0.028845015090217713 0.0097737575804066994 0 0.023831559469280082 -0.018261628605396901 -0.018411942850630757 -0.024334783214743368 0.0095189484644846289 0.0018785035769441243 0.012056653069581647 0.010229340481151015 -0.0030612372693676298
leaf_weight=9.2748149707913417 55.817389287054539 10.782839402556421 30.191069461405277 21.399437583982944 70.715734623372555 20.377257727086544 50.472434848546982 66.371914979070425 8.4122608229517919 11.953224066644905 62.117597505450249 71.954289987683296 110.15426318347454 10.485088452696798 42.38375686481595
leaf_count=36 214 43 114 96 260 72 170 292 33 59 242 284 412 41 173
internal_value=0.000327948 0.00405141 -0.00102711 -0.0165627 0.00332102 0.0117757 0.0167532 -0.00150155 0.00174505 -0.00613366 0.00313836 -0.00493303 0.00934083 -0.00256835 -0.0128752
internal_weight=652.863 223.699 131.581 30.6743 100.907 92.1176 70.8497 429.165 246.338 182.826 74.0708 127.772 118.567 21.2679 108.756
internal_count=2541 832 506 132 374 326 242 1709 943 766 301 498 445 84 465
is_linear=0
shrinkage=0.05


Tree=203
num_leaves=12
num_cat=0
split_feature=9 11 42 70 112 110 12 112 87 66 16
split_gain=2.4448 3.00342 3.37266 4.77369 3.28589 3.56213 3.40768 3.25676 2.3542 3.86401 3.39215
threshold=0.63172316666666684 10.41666666666667 2.1666666666666674 1.6125000000000003 0.47253865727148175 0.5430918966229179 2.8333333333333335 0.51096079293393559 -0.81266299999999936 1.7321428571428574 1.8644913000000003
decision_type=2 2 2 2 2 2 2 2 2 2 2
left_child=8 4 3 -3 6 -6 -2 -4 -1 10 -10
right_child=1 2 7 -5 5 -7 -8 -9 9 -11 -12
leaf_value=-0.003925155403258088 0.026691834759699502 0.0076450718685396185 -0.019237259432699397 -0.0039662435769466401 -0.011146571177440225 0.014002845852327509 -0.0031994896987769814 0.0003923100147572257 0.034935966768509075 -0.0074833069189986336 0
leaf_weight=14.960081949830053 13.20617853105068 239.12628617137671 34.470590010285378 133.14997634291649 158.61506581306458 12.895881056785582 21.68865280598402 40.567085944116116 22.608446389436725 8.7346832901239377 6.6207911521196356
leaf_count=49 43 819 136 423 645 38 73 164 76 45 30
internal_value=0 -0.000901638 0.00131083 0.00335867 -0.00592067 -0.00889554 0.00714857 -0.0081019 0.0101722 0.0169689 0.0259358
internal_weight=706.644 653.72 447.314 372.276 206.406 171.511 34.8948 75.0377 52.924 37.9639 29.2292
internal_count=2541 2341 1542 1242 799 683 116 300 200 151 106
is_linear=0
shrinkage=0.05


Tree=204
num_leaves=13
num_cat=0
split_feature=88 28 128 2 51 41 100 38 8 3 17 2
split_gain=2.19181 3.93556 6.26196 3.92634 6.05718 5.24287 3.83152 3.46457 3.26486 3.86917 3.58056 2.67359
threshold=0.099312000000000081 1.7638888888888891 0.80524752528161714 1.8686476666666667 1.4166666666666667 3.6458333333333335 0.5634920634920636 2.0075924000000005 0.83333333333333337 1.1191828333333336 1.4333156 1.5882768333333337
decision_type=2 2 2 2 2 2 2 2 2 2 2 2
left_child=1 3 7 4 -1 -5 8 -3 10 -10 -2 -4
right_child=6 2 11 5 -6 -7 -8 -9 9 -11 -12 -13
leaf_value=0.0071299688809728506 -0.025323616215992207 -0.0097779656274592681 -0.0032692898660609628 0.01343121145764381 -0.0071116896601355175 -0.016173630256556253 -0.030391890621605373 0.022392259779229741 0.0087806429939668584 -0.0051418310699568297 0.0016542713291700492 0.024519233807930307
leaf_weight=205.63703376799822 27.797691777348518 39.55505108833313 6.3821243643760672 16.252135768532753 113.57273029536009 70.769165992736816 12.372669979929922 9.1188396662473661 80.558978654444218 127.03544800728559 15.62807200103998 53.944907002151012
leaf_count=641 94 121 21 48 418 222 39 29 257 406 54 191
internal_value=-0.000215234 0.00161278 0.0100282 -0.000541562 0.00190035 -0.0099868 -0.00397277 -0.002415 -0.00235676 3.74105e-05 -0.0146706 0.0207588
internal_weight=778.625 515.232 109.001 406.231 319.21 87.0213 263.393 48.6739 251.02 207.594 43.4258 60.327
internal_count=2541 1691 362 1329 1059 270 850 150 811 663 148 212
is_linear=0
shrinkage=0.05


Tree=205
num_leaves=11
num_cat=0
split_feature=127 81 2 121 11 10 45 37 54 118
split_gain=1.83463 2.24913 2.91527 2.85375 4.8482 3.60503 2.84266 1.98497 1.76341 1.027
threshold=0.69394085058983268 -0.033448333333333295 2.4886583333333339 39.975000000000001 14.16666666666667 0.71931800000000012 2.4166666666666674 1.4409424000000004 0.50000000000000011 53.899999999999999
decision_type=2 2 2 2 2 2 2 2 2 2
left_child=1 3 6 4 -1 -5 -3 -4 -2 -10
right_child=8 2 7 5 -6 -7 -8 -9 9 -11
leaf_value=-0.012833040702506716 0.0042016668647115426 0.0036120689950210174 -0.027700101650817162 0.027593239664612648 0.009845445553926498 0 0.020383026537662541 0 0 -0.02699009707535914
leaf_weight=101.74933864921331 6.2716989070177105 236.16242805868387 10.156533569097521 11.613394081592558 27.272457078099251 201.03621192649007 29.966462288051844 9.3162258267402631 4.8404269739985493 14.044406123459337
leaf_count=427 28 851 62 40 107 773 117 37 23 76
internal_value=0.000311631 0.000925669 0.00424434 -0.00170677 -0.00761589 0.00166333 0.00575691 -0.0132568 -0.0125377 -0.0205432
internal_weight=652.43 627.273 285.602 341.671 129.022 212.65 266.129 19.4728 25.1565 18.8848
internal_count=2541 2414 1067 1347 534 813 968 99 127 99
is_linear=0
shrinkage=0.05


Tree=206
num_leaves=10
num_cat=0
split_feature=81 31 67 7 81 82 88 106 126
split_gain=2.37792 2.95288 4.02821 4.63547 4.61464 2.82636 2.96659 2.91758 0.702307
threshold=-1.2992516666666665 1.1714792500000002 0.41428571428571431 2.1666666666666674 -0.52964166666666679 0.27221666666666666 -0.38214530000000008 3.1250000000000004 0.25339039861895724
decision_type=2 2 2 2 2 2 2 2 2
left_child=8 5 3 -3 -4 6 -2 -7 -1
right_child=1 2 4 -5 -6 7 -8 -9 -10
leaf_value=0.031722489530151422 -0.014835654183004712 -0.0030390219170895738 -0.014341379031472173 0.012626931851025534 0.014198776195579056 -0.024728487888553329 0.0019480393604378284 0 0.00072219630287769757
leaf_weight=6.4921190142631513 32.958070158958435 346.04480578005314 14.110184140503405 53.190018355846405 94.531007833778858 32.405740715563297 103.59381110593677 15.182489112019537 7.4156193286180496
leaf_count=25 140 1128 52 169 336 142 460 64 25
internal_value=0 -0.000475564 0.00141351 -0.000800588 0.00993899 -0.00593536 -0.00181777 -0.0164409 0.0197043
internal_weight=705.924 692.016 507.876 399.235 108.641 184.14 136.552 47.5882 13.9077
internal_count=2541 2491 1685 1297 388 806 600 206 50
is_linear=0
shrinkage=0.05


Tree=207
num_leaves=11
num_cat=0
split_feature=15 66 77 83 64 126 39 6 88 124
split_gain=2.21881 2.53227 7.359 3.90318 2.95291 2.96437 2.51295 1.3633 1.29616 0.0220815
threshold=2.2250000000000005 0.63333333333333341 0.31666666666666671 -0.83333333333333315 0.3000000000000001 0.28467962179804646 11.725000000000001 5.5833333333333348 -0.24763840000000023 0.60847899713775977
decision_type=2 2 2 2 2 2 2 2 2 2
left_child=1 2 3 -1 -3 -6 7 8 -2 -8
right_child=6 4 -4 -5 5 -7 9 -9 -10 -11
leaf_value=-0.015134862712229059 -0.0058967110517327446 -0.026858070704948972 0.046390054390743278 0.016534035673245372 0.001565326636652606 -0.0071464854610906042 -0.032914925754140317 -0.016207008592493251 0.017760232851399469 -0.0035135155799706276
leaf_weight=18.647550232708451 6.4847927168011692 9.348934203386305 10.496138073503969 18.231547042727474 562.69917930662632 117.06254108250141 9.8500020056962949 9.2717769145965558 10.700402081012728 4.6372248753905287
leaf_count=71 26 36 40 56 1815 355 55 30 37 20
internal_value=-0.000212138 0.000358796 0.0114505 0 -0.000346772 0 -0.0114376 -0.00010229 0.00625048 -0.0275668
internal_weight=777.43 736.486 47.3752 36.8791 689.111 679.762 40.9442 26.457 17.1852 14.4872
internal_count=2541 2373 167 127 2206 2170 168 93 63 75
is_linear=0
shrinkage=0.05


Tree=208
num_leaves=14
num_cat=0
split_feature=82 125 101 58 64 34 106 96 31 17 73 101 94
split_gain=1.7829 3.1147 3.323 4.47293 2.90898 2.67087 3.8878 2.67372 2.5759 4.35888 2.41267 2.1895 1.75389
threshold=0.29574116666666672 0.53694841336576715 1.7750000000000001 2.3666666666666671 1.3666666666666669 3.7500000000000004 3.0750000000000006 -0.25700569999999995 0.78535846000000009 0.94063200000000013 0.43650793650793657 2.9583333333333335 0.24310584999999998
decision_type=2 2 2 2 2 2 2 2 2 2 2 2 2
left_child=5 2 -2 -4 12 6 7 -1 10 -10 -7 -6 -3
right_child=1 4 3 -5 11 8 -8 -9 9 -11 -12 -13 -14
leaf_value=0 0.015168602907720211 0.042067742869358361 -0.015567041852608913 0.012999522697063016 -0.015838798957789318 -0.024073409827685483 -0.0049996749245281875 0.037829088122468359 0.013842880589810806 -0.00014803063428817385 0.0018300183878418369 0.015435577966849507 0.0018665596636822214
leaf_weight=6.4872411191463479 10.793136805295942 6.7182061970233908 93.07341481000185 13.342958420515059 13.690251160413029 18.451283831149343 11.173943385481833 15.918903030455112 63.139791395515203 372.72247333824635 10.449223510921 7.133919019252061 8.8856884464621526
leaf_count=25 37 22 376 51 62 101 42 55 244 1411 41 33 41
internal_value=0.000309041 -0.00428804 -0.00845201 -0.0114321 0.00764174 0.00183219 0.0153163 0.0273648 0.000719788 0.00179131 -0.0132876 -0.00261747 0.0236776
internal_weight=651.98 153.638 117.21 106.416 36.4281 498.343 33.5801 22.4061 464.763 435.862 28.9005 20.8242 15.6039
internal_count=2541 622 464 427 158 1919 122 80 1797 1655 142 95 63
is_linear=0
shrinkage=0.05


Tree=209
num_leaves=15
num_cat=0
split_feature=9 42 39 37 112 9 52 10 73 101 31 31 127 9
split_gain=2.20211 2.76465 4.4279 3.60479 2.66722 3.90169 2.33166 3.49338 2.09555 1.97834 0.985667 1.12216 0.67336 0.275613
threshold=0.63172316666666684 2.1666666666666674 16.150000000000002 2.0309290000000004 0.51288694034808036 1.1787135 1.5000000000000002 2.1270423333333337 0.72500000000000009 2.4226190476190479 1.3288197857142861 1.5618830500000003 0.27487054732955368 0.50851800000000014
decision_type=2 2 2 2 2 2 2 2 2 2 2 2 2 2
left_child=6 2 3 -2 5 -3 10 13 -4 -6 -1 -12 -9 -8
right_child=1 4 8 -5 9 -7 7 12 -10 -11 11 -13 -14 -15
leaf_value=-0.013454752821122525 9.071518353056744e-05 0 0.026238797193265436 -0.02354016139162143 0.01815908660908001 -0.026579313584495876 0.011541409309296848 -0.01286707393377034 0 -0.0053623991023251548 0.021018505833294038 -0.0014530082211668587 0.0091185132817421504 0.043067923114214895
leaf_weight=9.4482377134263533 504.22036775946617 19.36983273178339 22.616308823227886 15.554769858717917 10.546578895300625 32.538896646350622 7.7597206681966844 5.8891697004437429 8.7697258293628675 38.587225027382374 6.6013089418411246 8.485543027520178 5.5283824503421783 9.3047133833169919
leaf_count=41 1750 87 74 51 45 133 28 32 30 171 23 27 18 31
internal_value=0 -0.000854034 0.000459186 -0.000564295 -0.00844161 -0.0162316 0.00964871 0.019191 0.0184467 0 0 0.00596671 0 0.0329322
internal_weight=705.221 652.204 551.161 519.775 101.043 51.9087 53.0171 28.482 31.386 49.1338 24.5351 15.0869 11.4176 17.0644
internal_count=2541 2341 1905 1801 436 220 200 109 104 216 91 50 50 59
is_linear=0
shrinkage=0.05


Tree=210
num_leaves=13
num_cat=0
split_feature=15 35 66 81 30 108 93 108 82 110 111 100
split_gain=2.12107 2.43615 2.42105 5.32964 4.21266 3.74556 3.76838 2.7421 2.19843 1.84457 0.998401 0.842528
threshold=2.2250000000000005 1.1339285714285716 0.76388888888888895 -0.58876033333333344 1.0111070000000002 0.21949506982748243 0.70714285714285741 0.25946589678816312 0.017714666666666771 0.29144128024077925 1.0544478951000691 0.26136363636363641
decision_type=2 2 2 2 2 2 2 2 2 2 2 2
left_child=2 8 3 9 -5 6 -4 -7 10 -1 -2 -3
right_child=1 11 5 4 -6 7 -8 -9 -10 -11 -12 -13
leaf_value=0.0040139263516612211 -0.023670306153175287 -0.030652637023126695 -0.024891206293115822 -0.004107793678937416 0.026181096450294417 0.015409893647493421 0 -0.00015613731541215452 0.018860516335329335 -0.021993540842957196 0 0
leaf_weight=7.5253932476043728 7.2498830705881137 13.315467972308399 29.367722503840923 12.096815615892409 38.663404710590839 28.484554290771484 24.749951280653477 582.08187543600798 8.4732306748628599 13.199473962187765 6.5737674534320831 5.0935410782694808
leaf_count=21 27 65 148 45 133 93 113 1769 28 51 25 23
internal_value=-0.000215715 -0.0112238 0.000339544 0.00905781 0.018057 -0.000535171 -0.0130551 0.000512312 0 -0.0104984 -0.0119765 -0.0241761
internal_weight=776.875 40.7059 736.169 71.4851 50.7602 664.684 54.1177 610.566 22.2969 20.7249 13.8237 18.409
internal_count=2541 168 2373 250 178 2123 261 1862 80 72 52 88
is_linear=0
shrinkage=0.05


Tree=211
num_leaves=15
num_cat=0
split_feature=63 21 4 39 67 21 31 5 2 5 27 111 48 4
split_gain=1.75341 2.53997 4.25562 4.04211 3.14568 2.81815 2.64572 2.53004 4.74465 4.63359 4.0336 3.77775 3.38119 2.90811
threshold=1.1000000000000003 0.77500000000000013 12.833333333333334 7.9500000000000011 0.43650793650793657 0.22500000000000003 1.8376635000000003 4.8333333333333348 1.3463881666666668 6.166666666666667 4.1000000000000005 1.0536461904871188 1.5833333333333337 16.833333333333339
decision_type=2 2 2 2 2 2 2 2 2 2 2 2 2 2
left_child=1 2 6 -3 -5 -4 -1 8 12 10 -9 -11 -2 -10
right_child=7 3 5 4 -6 -7 -8 9 13 11 -12 -13 -14 -15
leaf_value=-0.022602026930485339 -0.014077171842076264 0.03757975302220648 -0.014768519934352117 0.010253311621898237 -0.0051765709416325368 0.015594111636427953 0.0067126448332695925 -0.028880199111314238 0.0061449945735930003 0.014339448075065637 -0.0058026782256472538 -0.0071613427623909605 0.0017720810760533984 0.037753530060893908
leaf_weight=29.168443530797958 55.290623508393764 10.092225924134253 7.8012433499097815 95.77609795331955 44.561311762779951 29.352817859500647 6.6717783361673346 29.06850977241993 111.12082997709513 37.728739734739065 75.66792619228363 39.464995089918375 71.960986316204071 7.8751478865742675
leaf_count=116 214 36 36 323 176 120 25 118 416 159 302 187 284 29
internal_value=0.000305657 0.00394896 -0.0032033 0.00774794 0.00499814 0.00768841 -0.0157537 -0.00148369 0.00166202 -0.00600064 -0.012893 0.00275681 -0.0047806 0.00895072
internal_weight=651.602 223.424 72.9943 150.43 140.337 37.1541 35.8402 428.178 246.248 181.93 104.736 77.1937 127.252 118.996
internal_count=2541 832 297 535 499 156 141 1709 943 766 420 346 498 445
is_linear=0
shrinkage=0.05


Tree=212
num_leaves=10
num_cat=0
split_feature=81 31 67 81 7 82 26 106 126
split_gain=2.21954 2.66898 3.74601 4.29051 4.22835 2.72311 3.08152 2.77778 0.654498
threshold=-1.2992516666666665 1.1714792500000002 0.41428571428571431 -0.52964166666666679 2.1666666666666674 0.27221666666666666 5.1000000000000005 3.1250000000000004 0.25339039861895724
decision_type=2 2 2 2 2 2 2 2 2
left_child=8 5 4 -4 -3 6 -2 -7 -1
right_child=1 2 3 -5 -6 7 -8 -9 -10
leaf_value=0.030512981237493988 -0.0059320812637341114 -0.0029467543407438934 -0.013898530787440036 0.013638490506708812 0.012031328358104732 -0.024194115909272552 0.011807637071201409 0 0.00046062125695435941
leaf_weight=6.5600497871637327 106.17620130255818 345.62350998446345 14.022602185606955 94.870840772986412 53.020482078194618 31.982961896806955 29.790609806776047 15.137433260679243 7.4233305305242538
leaf_count=25 496 1128 52 336 169 142 104 64 25
internal_value=0 -0.000457231 0.00133179 0.00954326 -0.000804406 -0.0056685 -0.00162239 -0.0160282 0.0189917
internal_weight=704.608 690.625 507.537 108.893 398.644 183.087 135.967 47.1204 13.9834
internal_count=2541 2491 1685 388 1297 806 600 206 50
is_linear=0
shrinkage=0.05


Tree=213
num_leaves=12
num_cat=0
split_feature=34 123 6 89 16 9 20 35 117 100 113
split_gain=2.07083 4.44883 2.79733 4.49285 4.59559 4.03685 4.20601 3.84113 2.4437 1.72776 1.69423
threshold=3.8166666666666669 0.59262397819569679 5.166666666666667 -0.49910249999999984 2.3185910000000001 1.5485805000000001 6.4500000000000011 1.5357142857142858 77.950000000000003 0.19090909090909094 0.50193479279641162
decision_type=2 2 2 2 2 2 2 2 2 2 2
left_child=1 8 3 9 -5 7 -7 -4 10 -2 -1
right_child=2 -3 5 4 -6 6 -8 -9 -10 -11 -12
leaf_value=0 0 -0.033962596844338978 -0.0011459179011222289 3.8986511109939849e-05 0.02820672043389711 -0.01781290654566493 0 0.013917202059731893 0.016500444290058949 0.031186704669442934 -0.022794363148163417
leaf_weight=14.716527394950392 8.3921064436435717 13.050171837210653 261.61539373546839 232.55004597455263 14.717982798814772 68.078716479241848 70.581617273390293 48.728170566260815 12.325652331113814 19.532867290079594 11.927105307579039
leaf_count=58 29 52 829 748 46 242 233 159 41 64 40
internal_value=-0.000211981 -0.00979251 0.000419801 0.00443637 0.00202385 -0.00193522 -0.00903618 0.00109571 0 0.0232614 -0.00947387
internal_weight=776.216 52.0195 724.197 275.193 247.268 449.004 138.66 310.344 38.9693 27.925 26.6436
internal_count=2541 191 2350 887 794 1463 475 988 139 93 98
is_linear=0
shrinkage=0.05


Tree=214
num_leaves=9
num_cat=0
split_feature=45 17 123 17 115 3 10 127
split_gain=1.72739 1.75071 3.43118 3.29819 4.23638 3.55016 1.82954 1.31397
threshold=1.0000000180025095e-35 0.72008460000000019 0.6487733259148889 0.94063200000000013 2.5986327086940872 0.86667150000000015 1.2353395000000003 0.40047418354444531
decision_type=2 2 2 2 2 2 2 2
left_child=7 2 6 4 -3 -5 -2 -1
right_child=1 3 -4 5 -6 -7 -8 -9
leaf_value=0 0 0.0038115563811019814 0.018329679260714889 -0.01535753679032407 0.033248010272375589 0.0011725913767947015 -0.025122372554229274 -0.029660113355798629
leaf_weight=8.108077332377432 8.2941759601235407 60.278736885637045 6.3547211140394202 33.77176346629858 16.468640111386776 489.4487198330462 21.319840632379055 7.2621325254440299
leaf_count=32 33 238 43 135 60 1863 102 35
internal_value=0.000299311 0.000785957 -0.00959858 0.00150666 0.0111176 0 -0.0176278 -0.0155992
internal_weight=651.307 635.937 35.9687 599.968 76.7474 523.22 29.614 15.3702
internal_count=2541 2474 178 2296 298 1998 135 67
is_linear=0
shrinkage=0.05


Tree=215
num_leaves=13
num_cat=0
split_feature=102 106 87 32 96 100 96 41 116 103 30 82
split_gain=2.37229 3.13696 4.82888 2.95805 3.13092 2.83542 4.31031 3.40278 3.05454 1.95389 1.69109 1.24684
threshold=3.5000000000000004 3.5250000000000004 -0.25613659999999999 18.550000000000004 0.57918819999999982 1.0000000180025095e-35 -0.061434900000000063 5.7638888888888902 0.54741931602459537 6.5000000000000009 2.8244285000000002 -0.076823500000000031
decision_type=2 2 2 2 2 2 2 2 2 2 2 2
left_child=5 3 -3 4 -2 6 -1 8 -7 -4 -5 -9
right_child=1 2 9 10 -6 7 -8 11 -10 -11 -12 -13
leaf_value=0.031059996451981882 9.7449664892760717e-05 -0.0071115527582012858 0.0011586685787768637 -0.022709078945877613 0.020078014251553689 -0.024434426993515081 -0.0095352025933022576 -0.007408410132685176 0.0036213525882655383 0.036347761137506297 0.00030732366975915588 0.016070665112753822
leaf_weight=9.7934170588850993 524.1876777857542 13.21381865441799 8.9955416098237055 20.594929736107591 19.61188730597496 44.350588347762823 13.231585443019865 7.1166595369577434 8.2989351600408536 17.770569648593664 6.1943688578903666 10.507915310561655
leaf_count=38 1823 46 32 125 64 171 47 23 35 66 36 35
internal_value=0 0.00109489 0.0144648 4.69484e-05 0.000945348 -0.00742414 0.00622445 -0.0126222 -0.0190951 0.0267898 -0.0157683 0.00401665
internal_weight=703.868 610.569 39.9799 570.589 543.8 93.2991 23.025 70.2741 52.6495 26.7661 26.7893 17.6246
internal_count=2541 2192 144 2048 1887 349 85 264 206 98 161 58
is_linear=0
shrinkage=0.05


Tree=216
num_leaves=8
num_cat=0
split_feature=25 84 25 9 108 128 88
split_gain=2.03694 2.51786 2.54377 3.56053 2.61034 2.04368 1.12406
threshold=18.900000000000002 -3.2499999999999996 16.300000000000001 1.6827750000000001 0.21427476122316505 0.82581740468469156 -0.093440799999999755
decision_type=2 2 2 2 2 2 2
left_child=1 5 4 -4 -3 -1 -2
right_child=6 2 3 -5 -6 -7 -8
leaf_value=-0.028071292405845102 -0.033763438095095792 -0.01169540035654093 0.044954865154923161 0.0030079747402198616 0.00075803065912212334 0 0
leaf_weight=13.126729764044287 5.9572838544845581 43.90098437666893 6.5671301186084738 25.871298477053642 667.6176526248455 6.6799306347966185 5.8008448630571348
leaf_count=58 25 222 21 97 2062 31 25
internal_value=-0.000202045 6.36958e-05 0.000607693 0.0140858 0 -0.0170134 -0.0200346
internal_weight=775.522 763.764 743.957 32.4384 711.519 19.8067 11.7581
internal_count=2541 2491 2402 118 2284 89 50
is_linear=0
shrinkage=0.05


Tree=217
num_leaves=10
num_cat=0
split_feature=95 117 123 100 4 124 47 109 18
split_gain=1.71788 3.09772 2.97839 2.47415 2.26275 3.71388 2.95831 1.90264 0.924285
threshold=0.60674060000000019 106.15000000000002 0.60000477468229196 0.17424242424242428 11.583333333333334 0.462761071165053 0.41666666666666669 0.2295420056576212 11.633333333333335
decision_type=2 2 2 2 2 2 2 2 2
left_child=1 4 7 -3 5 -1 -6 -2 -5
right_child=2 3 -4 8 6 -7 -8 -9 -10
leaf_value=0.011474917187844555 0.044477162693334849 0.00037483522677167437 -0.0061114737338429734 0 0.004620456070218066 -0.0076851622822243365 -0.0058169888175176572 0.0029031607385251314 -0.033841004025969491
leaf_weight=28.036001689732075 7.1370625421404865 9.0886874645948428 8.5117362439632398 5.7135978937149074 348.18359065800905 142.92024052888155 79.712619841098785 8.8500599563121778 13.042894475162027
leaf_count=109 26 39 42 23 1336 541 329 30 66
internal_value=0.000284533 -0.000154227 0.0130351 -0.0162185 0.000535162 -0.00420377 0.00255046 0.025932 -0.0264018
internal_weight=651.196 626.698 24.4989 27.8452 598.852 170.956 427.896 15.9871 18.7565
internal_count=2541 2443 98 128 2315 650 1665 56 89
is_linear=0
shrinkage=0.05


Tree=218
num_leaves=15
num_cat=0
split_feature=102 106 88 95 74 114 96 57 103 34 92 76 88 99
split_gain=2.21481 2.92796 4.68256 4.01128 3.20511 4.37026 3.46434 2.9178 3.31165 4.19824 3.40888 2.23269 1.42943 0.632505
threshold=3.5000000000000004 3.5250000000000004 0.076767700000000008 -0.26544815000000005 0.38750000000000007 2.2109196702299898 0.28248595000000004 1.5500000000000003 3.5000000000000004 4.9500000000000011 -0.19999999999999998 1.0500000000000003 0.44288940000000016 0.34848484848484856
decision_type=2 2 2 2 2 2 2 2 2 2 2 2 2 2
left_child=7 4 3 -3 5 -2 -6 8 10 -10 -1 -9 -13 -4
right_child=1 2 13 -5 6 -7 -8 11 9 -11 -12 12 -14 -15
leaf_value=-0.0035646956811714115 0.00059507709883098198 0.020720587389855414 0.011721053395333483 -0.018610358877194189 0.011292549613178675 -0.011550093756648602 -0.017378500321320139 0 0.0045295284888135466 -0.030663216440468988 0.02495220574201568 -0.036172543198162745 0 0.047435063124264168
leaf_weight=19.005026683211327 376.63678574562073 11.166293360292913 8.1265572011470812 12.872539788484572 94.485362894833088 89.396633438766003 9.697185277938841 8.4872714206576365 12.614455863833429 15.6434453651309 16.866136744618416 15.274606641381981 4.9712103381752959 7.9046016111969939
leaf_count=64 1302 40 27 48 318 391 37 30 42 60 55 75 23 29
internal_value=0 0.00105726 0.0139587 0 4.02747e-05 -0.00164735 0.00800867 -0.00719105 -0.000371367 -0.0136262 0.00880058 -0.0202058 -0.0288807 0.0340178
internal_weight=703.148 610.286 40.07 24.0388 570.216 466.033 104.183 92.8622 64.1291 28.2579 35.8712 28.7331 20.2458 16.0312
internal_count=2541 2192 144 88 2048 1693 355 349 221 102 119 128 98 56
is_linear=0
shrinkage=0.05


Tree=219
num_leaves=8
num_cat=0
split_feature=82 18 25 25 102 108 94
split_gain=1.98595 2.34397 2.31417 2.25902 3.72579 2.67773 0.980868
threshold=0.98713350000000011 14.100000000000001 19.100000000000005 16.300000000000001 6.5000000000000009 0.21427476122316505 -0.23460764000000009
decision_type=2 2 2 2 2 2 2
left_child=2 6 3 5 -5 -1 -2
right_child=1 -3 -4 4 -6 -7 -8
leaf_value=-0.011367576419443382 -0.001722793274475826 0 -0.022799523011313584 0.031303749329033174 0 0.00085810168440539824 -0.038637764677376583
leaf_weight=47.060313127934933 6.3274698480963707 13.703801915049551 9.628691188991068 14.579465068876742 19.463504623621702 656.13701047003269 7.8677974641323107
leaf_count=243 22 47 42 58 69 2027 33
internal_value=-0.000188469 -0.0130852 0.00024328 0.000642434 0.0130329 0 -0.0266699
internal_weight=774.768 27.8991 746.869 737.24 34.043 703.197 14.1953
internal_count=2541 102 2439 2397 127 2270 55
is_linear=0
shrinkage=0.05


Tree=220
num_leaves=13
num_cat=0
split_feature=81 95 75 37 26 2 29 111 27 99 31 123
split_gain=1.70737 3.2836 2.67015 4.45899 4.13016 4.8947 2.30568 2.28004 3.37158 2.43213 1.93403 1.70035
threshold=-0.033448333333333295 0.31895085000000006 2.1055555555555561 1.8079706000000002 5.2666666666666675 2.4371741666666673 0.95000000000000007 1.0479740271139504 3.5500000000000003 0.10555555555555557 1.3599511500000003 0.56628991510210092
decision_type=2 2 2 2 2 2 2 2 2 2 2 2
left_child=1 7 4 11 5 -2 -5 8 -1 -9 -6 -4
right_child=2 -3 3 6 10 -7 -8 9 -10 -11 -12 -13
leaf_value=0.011323181612978496 0.0056828314968363153 -0.02845524520619154 0.0056676295853232174 0.021487933203017326 -0.030414200833317924 -0.021529761687787054 -0.013753716891421665 -0.010059997216675267 -0.021875363576803253 0.0022779278061166915 -8.0481698097409501e-05 0.047269205827553305
leaf_weight=7.6326907128095618 217.17340286821127 10.472403585910795 7.5918718576431301 6.0551708340644863 12.684960208833219 16.333968862891197 12.25094500184059 45.709984481334686 26.81053226813674 264.15251359343529 14.242646999657152 9.9133485257625562
leaf_count=30 799 52 27 20 48 90 53 178 114 1045 52 33
internal_value=0.000276285 -0.00197587 0.0031392 0.0158623 0.00114446 0.00348239 0 -0.000945597 -0.0129959 0.000270525 -0.0167377 0.0332101
internal_weight=651.024 354.778 296.246 35.8113 260.435 233.507 18.3061 344.306 34.4432 309.862 26.9276 17.5052
internal_count=2541 1419 1122 133 989 889 73 1367 144 1223 100 60
is_linear=0
shrinkage=0.05


Tree=221
num_leaves=14
num_cat=0
split_feature=9 11 96 96 74 82 13 52 10 95 93 98 27
split_gain=2.16744 2.59869 3.19626 4.86519 3.0797 3.78979 3.19473 2.23612 3.27456 2.02396 1.9415 0.777403 0.374474
threshold=0.63172316666666684 10.41666666666667 0.61371850000000028 0.13425330000000016 0.23611111111111113 -0.45047233333333331 3.5833333333333335 1.5000000000000002 2.1270423333333337 -0.028362499999999954 1.1055555555555558 0.83750000000000024 3.5500000000000003
decision_type=2 2 2 2 2 2 2 2 2 2 2 2 2
left_child=7 4 3 -3 6 -6 -2 9 12 -1 -4 -10 -9
right_child=1 2 10 -5 5 -7 -8 8 11 -11 -12 -13 -14
leaf_value=0.011180465180202914 0 0.0032727924757901985 0.038975683289199758 -0.0092762419942226861 0.024951300127540106 -0.0029316661353310236 -0.017397294720229054 0.044875408263284872 0.01037720851134402 -0.016416686495006473 0 -0.013484356450799227 0.013000121923458275
leaf_weight=13.233467452228071 41.470487728714943 328.61538359895349 7.8689437843859222 99.568806178867817 13.215186595916746 78.253605704754591 71.495685517787933 7.909155882894999 5.469593331217764 11.172899521887301 9.0091250985860807 5.8571422062814236 9.2042926698923093
leaf_count=47 172 1142 26 344 47 294 286 27 19 44 30 31 32
internal_value=0 -0.000846069 0.00120703 0.000223359 -0.00554324 0.000782343 -0.0110657 0.00959076 0.0189242 0 0.0219569 0 0.0321562
internal_weight=702.344 649.497 445.062 428.184 204.435 91.4688 112.966 52.8466 28.4402 24.4064 16.8781 11.3267 17.1134
internal_count=2541 2341 1542 1486 799 341 458 200 109 91 56 50 59
is_linear=0
shrinkage=0.05


Tree=222
num_leaves=12
num_cat=0
split_feature=31 89 96 111 77 111 111 10 2 91 2
split_gain=1.97682 3.00959 2.95909 4.242 3.04784 2.81975 3.14405 5.29861 5.21357 2.42346 2.3522
threshold=1.7137141000000002 0.35781230000000014 -0.045275649999999938 1.0542254932668704 0.2678571428571429 1.0655454422641377 1.0569348522134903 2.048106666666667 0.86797433333333351 0.68333333333333346 1.0175033833333336
decision_type=2 2 2 2 2 2 2 2 2 2 2
left_child=5 2 3 -2 -4 6 7 -1 -8 -7 -3
right_child=1 10 4 -5 -6 9 8 -9 -10 -11 -12
leaf_value=-0.0031029109241653128 -0.024155065910709317 0 0.020089498983293642 0.0030742040344099307 -0.0062812184100992556 -0.028438876036361395 -0.0245852702924526 0.0093619847332129229 0.010863674101332066 0 -0.034863467241984518
leaf_weight=392.68638567626476 25.862985264509916 5.9489670917391804 22.126993924379349 24.298198729753494 16.18540246784687 13.982364296913149 9.5445618554949743 107.44499559700489 133.34441065788269 9.1113990992307645 13.544636256992815
leaf_count=1253 96 26 76 87 68 52 33 332 439 27 52
internal_value=-0.000186177 -0.00648043 -0.00183787 -0.0101856 0.00780071 0.000767264 0.00146567 -0.000311921 0.00799389 -0.0158575 -0.0239935
internal_weight=774.081 107.967 88.4736 50.1612 38.3124 666.114 643.02 500.131 142.889 23.0938 19.4936
internal_count=2541 405 327 183 144 2136 2057 1585 472 79 78
is_linear=0
shrinkage=0.05


Tree=223
num_leaves=11
num_cat=0
split_feature=127 81 95 97 84 121 96 81 113 31
split_gain=1.68597 2.02964 2.84199 2.79765 3.32622 2.37375 1.87891 2.65616 1.58073 0.383201
threshold=0.69394085058983268 -0.033448333333333295 0.31895085000000006 1.235714285714286 2.8333333333333344 39.975000000000001 -0.059237100000000036 -0.21264366666666654 0.51724407907614023 1.7507380500000005
decision_type=2 2 2 2 2 2 2 2 2 2
left_child=1 2 5 4 -3 -1 7 -2 -5 -8
right_child=6 3 -4 8 -6 -7 9 -9 -10 -11
leaf_value=-0.0062871460285687979 0.025325588947536261 0.0038213400336148105 -0.027331174830384775 -0.024783545877273373 0.029544565478969328 0.0023960353000217036 -0.030986097209785669 -0.019125738817814993 0.0014847022213179501 0
leaf_weight=122.64210162311792 5.5571585521101952 256.4856650531292 9.5550622045993787 11.601214025169613 13.140502925962208 208.20787345990539 8.8542845547199232 5.656056649982931 4.4120934978127471 4.7224467098712912
leaf_count=509 26 926 48 74 47 790 46 30 20 25
internal_value=0.000260145 0.000849827 -0.00165366 0.0040031 0.00536428 -0.000681291 -0.0121484 0 -0.0149452 -0.0241528
internal_weight=650.834 626.045 340.405 285.639 269.626 330.85 24.7899 11.2132 16.0133 13.5767
internal_count=2541 2414 1347 1067 973 1299 127 56 94 71
is_linear=0
shrinkage=0.05


Tree=224
num_leaves=9
num_cat=0
split_feature=126 9 75 103 110 27 8 0
split_gain=2.12978 2.71621 2.68353 4.18725 2.59834 4.53471 3.02454 2.37372
threshold=0.1191326195839736 1.4576930000000001 0.61250000000000016 5.5000000000000009 0.22482473162029359 3.7750000000000004 2.4166666666666674 1.1666666666666667
decision_type=2 2 2 2 2 2 2 2
left_child=1 -1 3 -2 5 -4 -6 -5
right_child=2 -3 4 7 6 -7 -8 -9
leaf_value=-0.035887922807040409 -0.010503979545454744 0.0023991377032837116 0.0061501017346848015 0 0 -0.012812121955416754 0.013533529942186802 0.038580006050930801
leaf_weight=8.3133300356566888 8.5963804870843905 4.6714211739599696 42.709863442927599 8.6644999980926531 477.27304129302502 92.731307912617922 44.855220198631287 13.845109932124613
leaf_count=55 35 22 229 31 1482 492 145 50
internal_value=0 -0.0193518 0.000355762 0.014502 -0.000258499 -0.00646489 0.00126515 0.0262191
internal_weight=701.66 12.9848 688.675 31.106 657.569 135.441 522.128 22.5096
internal_count=2541 77 2464 116 2348 721 1627 81
is_linear=0
shrinkage=0.05


Tree=225
num_leaves=9
num_cat=0
split_feature=107 84 25 25 124 114 94 35
split_gain=1.9651 2.77467 2.53144 2.83815 1.87196 1.62241 2.10293 0.424626
threshold=1.0000000180025095e-35 -3.2499999999999996 18.900000000000002 16.300000000000001 0.611626708600152 1.4632100685360674 0.061722757142857139 1.8944444444444446
decision_type=2 2 2 2 2 2 2 2
left_child=5 4 3 -3 7 -1 -7 -2
right_child=1 2 -4 -5 -6 6 -8 -9
leaf_value=-0.0015694346196196769 -0.035601691407987225 -0.00045060480000445576 -0.024314896611926189 0.014751586782358687 0 0 0.038760220741950985 -0.0026194706888955869
leaf_weight=6.8139278665185001 9.2634139508008975 687.16070359200239 9.6966347917914373 31.044965695589781 5.3220440968871108 10.059980265796186 8.2166613936424238 5.2923614755272856
leaf_count=23 41 2211 40 113 20 33 28 32
internal_value=-0.000185418 -0.000718681 -0.000133711 0.000156597 -0.0187123 0.0132096 0.0211089 -0.0277632
internal_weight=772.871 747.78 727.902 718.206 19.8778 25.0906 18.2766 14.5558
internal_count=2541 2457 2364 2324 93 84 61 73
is_linear=0
shrinkage=0.05


Tree=226
num_leaves=12
num_cat=0
split_feature=112 65 114 85 38 84 34 20 2 47 33
split_gain=1.65443 3.50797 3.99617 3.23186 3.01943 2.93331 2.91347 4.0383 3.74533 2.57088 1.38964
threshold=0.51550480769230778 0.22500000000000003 2.6694688448906247 -1.6249999999999998 1.5237456333333337 1.1666666666666672 5.5277777777777786 5.366666666666668 2.3187783333333338 0.58333333333333337 4.4142857142857155
decision_type=2 2 2 2 2 2 2 2 2 2 2
left_child=3 2 4 -1 -2 9 8 -8 -5 -3 -4
right_child=1 5 10 6 -6 -7 7 -9 -10 -11 -12
leaf_value=-0.025413941109508589 -0.014178199848536091 0.010817263148128564 0.034788200736437194 0.0010711339405749007 0.00054116984193450875 0.034259974231683435 -0.026911403376695377 -0.0024697038527254126 0.031680191042713017 -0.0098924349263421005 9.5093832371924186e-05
leaf_weight=13.088318258523939 47.172117613255978 74.878170385956764 8.4399226605892199 204.33953011780977 104.84700543433428 11.671290323138235 19.743663873523474 132.44353782758117 9.8360229507088643 15.403086297214029 8.6574719101190549
leaf_count=56 191 272 25 766 421 42 83 563 37 58 27
internal_value=0.00025116 0.0032942 -0.000860566 -0.00179422 -0.00376236 0.0106131 -0.000747418 -0.00612197 0.00284992 0.00666651 0.0209597
internal_weight=650.52 271.069 169.117 379.451 152.019 101.953 366.363 152.187 214.176 90.2813 17.0974
internal_count=2541 1036 664 1505 612 372 1449 646 803 330 52
is_linear=0
shrinkage=0.05


Tree=227
num_leaves=10
num_cat=0
split_feature=81 102 88 82 95 41 13 25 128
split_gain=2.11239 2.34008 3.07989 5.85252 3.92787 3.0433 3.17619 2.72777 0.844704
threshold=-1.2992516666666665 3.5000000000000004 0.17149919999999999 -0.58688149999999983 -0.063331809999999975 5.7638888888888902 5.8333333333333348 13.700000000000001 0.80464997571775654
decision_type=2 2 2 2 2 2 2 2 2
left_child=8 5 4 -4 -3 7 -7 -2 -1
right_child=1 2 3 -5 -6 6 -8 -9 -10
leaf_value=0 -0.017566420197078401 0.0016502139662515414 0.028676804771051074 0.0020745473146680381 -0.0084429884379589471 0.03215489405068802 -0.0041089089274738595 0.0093272975684384422 0.029928693345849463
leaf_weight=6.8563700467348081 58.950740814208984 292.15272891893983 24.507868848741055 140.88128325343132 139.29070219397545 7.2695322185754803 15.828175805509089 7.9438108652830115 7.1093746721744537
leaf_count=24 239 1033 89 520 507 23 55 25 26
internal_value=0 -0.000432991 0.000627459 0.00646571 -0.00150472 -0.00794505 0.00609023 -0.013546 0.0185541
internal_weight=700.791 686.825 596.833 165.389 431.443 89.9923 23.0977 66.8946 13.9657
internal_count=2541 2491 2149 609 1540 342 78 264 50
is_linear=0
shrinkage=0.05


Tree=228
num_leaves=8
num_cat=0
split_feature=72 107 31 2 89 92 36
split_gain=1.94884 2.06499 2.31195 2.67819 2.65327 1.61189 0.4823
threshold=2.6500000000000008 1.0000000180025095e-35 1.7137141000000002 1.2978248333333335 -0.19177970000000008 -0.20000000000000009 1.3875000000000002
decision_type=2 2 2 2 2 2 2
left_child=1 5 4 -4 -3 -1 -7
right_child=-2 2 3 -5 -6 6 -8
leaf_value=0 -0.021325938943531752 -0.0034639715072525635 0 -0.015653478820711181 0.0031963747018982479 0.034146321868347505 0.0064399584712349191
leaf_weight=7.1784415915608433 9.7648956999182683 231.9809594899416 53.104449808597565 49.092099621891975 404.04568713158369 7.4456842616200474 9.9240923374891263
leaf_count=24 46 732 208 176 1297 24 34
internal_value=-0.000182222 5.05595e-05 -0.000366748 -0.00735245 0.000687002 0.0140802 0.0222507
internal_weight=772.536 762.771 738.223 102.197 636.027 24.5482 17.3698
internal_count=2541 2495 2413 384 2029 82 58
is_linear=0
shrinkage=0.05


Tree=229
num_leaves=15
num_cat=0
split_feature=63 51 109 4 40 2 22 106 9 118 116 30 14 42
split_gain=1.6227 2.99567 4.16923 7.12213 3.36652 3.16665 6.4428 3.82911 2.58179 3.07211 4.01111 3.74336 2.22201 3.17684
threshold=1.1000000000000003 1.4166666666666667 0.23725953425582186 14.833333333333334 4.9500000000000011 1.5706135000000001 1.9000000000000001 2.8250000000000006 0.66139798333333355 56.550000000000004 1.0828442138523937 1.4348696500000002 2.1000000000000005 0.83333333333333337
decision_type=2 2 2 2 2 2 2 2 2 2 2 2 2 2
left_child=8 2 4 -4 -2 7 -7 -3 12 11 -11 -10 13 -1
right_child=1 5 3 -5 -6 6 -8 -9 9 10 -12 -13 -14 -15
leaf_value=0.0028868110061686211 -0.027823059284185256 0.016643087804388144 -0.0088793202133479378 0.018728302027826702 0.00034610684532399163 -0.010017608744445787 0.015675041459274227 0 0.0390696488650124 0 0.03112863522394449 0.0035544776126593168 0.014300288104131082 -0.025983680872536004
leaf_weight=12.248516649007799 32.890706311911345 58.69585457444191 91.02441842854023 29.907068207859993 10.455766558647154 99.948103316128254 30.228812426328659 73.834258861839771 14.16051836311817 137.9650769084692 10.482974916696547 22.137007772922516 6.6351400017738333 19.644374437630177
leaf_count=47 173 225 336 106 48 409 128 284 45 511 39 75 29 86
internal_value=0.00023965 -0.0014832 -0.00682036 -0.00154412 -0.0200462 0.00167787 -0.00359626 0.00722094 0.00374927 0.00635196 0.00271193 0.0194264 -0.00731092 -0.0136252
internal_weight=650.259 426.985 164.278 120.931 43.3465 262.707 130.177 132.53 223.274 184.746 148.448 36.2975 38.528 31.8929
internal_count=2541 1709 663 442 221 1046 537 509 832 670 550 120 162 133
is_linear=0
shrinkage=0.05


Tree=230
num_leaves=11
num_cat=0
split_feature=76 72 16 17 90 96 88 16 95 30
split_gain=2.07945 2.66474 6.61139 3.83266 3.70718 3.61228 3.5847 2.53727 2.12285 1.61716
threshold=0.63333333333333341 1.9500000000000002 1.2072212000000002 1.5983394000000002 -0.20000000000000009 0.31086054999999996 0.48984470000000013 1.0680081000000001 -0.20122384999999979 1.3074178333333335
decision_type=2 2 2 2 2 2 2 2 2 2
left_child=8 4 7 -4 5 -2 -6 -3 -1 -10
right_child=1 2 3 -5 6 -7 -8 -9 9 -11
leaf_value=-0.0068750050548050615 0.008289293044727794 0 -0.020984457028530207 0.002887409756921336 -0.0044903812228882685 -0.011061536702153882 0.010775802347814516 0.029182740589228491 0 0.026705739709573118
leaf_weight=7.2560185939073554 192.3062009960413 12.621481612324716 62.778983779251575 17.826458439230919 302.84732372313738 24.628994457423687 41.636246185749769 11.81501169502735 8.0956635922193545 18.465242221951485
leaf_count=25 612 40 211 57 1216 79 176 37 27 61
internal_value=0 -0.000642909 -0.00795008 -0.0151216 0.000647071 0.00582226 -0.00247465 0.0134046 0.0118907 0.0188948
internal_weight=700.278 666.461 105.042 80.6054 561.419 216.935 344.484 24.4365 33.8169 26.5609
internal_count=2541 2428 345 268 2083 691 1392 77 113 88
is_linear=0
shrinkage=0.05


Tree=231
num_leaves=13
num_cat=0
split_feature=81 103 1 81 118 33 95 37 41 2 124 5
split_gain=1.9055 4.79914 4.11546 3.88223 4.4874 4.40703 4.10454 3.22105 3.25986 3.18454 3.16389 2.20595
threshold=-0.74917983333333316 3.5000000000000004 1.4166666666666667 -0.30877000000000004 72.950000000000003 4.366666666666668 0.059716250000000033 0.92606844500000007 3.8166666666666669 2.2297133333333341 0.56807599273419951 4.416666666666667
decision_type=2 2 2 2 2 2 2 2 2 2 2 2
left_child=1 -1 10 4 5 -2 -6 8 -5 -9 -3 -4
right_child=3 2 11 7 6 -7 -8 9 -10 -11 -12 -13
leaf_value=-0.031341868874625645 0.00089680005136083616 -0.0039887201611889609 -0.027724997436945256 -0.0014301414475896747 -0.008534655190690214 0.022570714135187669 0.023025006808371773 -0.0051991670720585546 0.017923793412789185 0.0064618378396742379 0.018442870011279536 0
leaf_weight=15.658090829849241 46.704524949193001 30.012401655316353 17.183766648173336 38.750196412205696 56.132613994181156 59.44693349301815 11.186418175697325 357.55529313534498 38.467963486909866 65.632263898849487 26.475740239024162 8.5550518184900266
leaf_count=50 159 99 65 116 184 193 34 1191 123 221 80 26
internal_value=-0.000191144 -0.00672246 -0.00111328 0.000692041 0.00716509 0.0135986 -0.00229826 -0.001462 0.0076781 -0.00326182 0.00579305 -0.0177901
internal_weight=771.761 97.8851 82.227 673.876 173.47 106.151 67.319 500.406 77.2182 423.188 56.4881 25.7388
internal_count=2541 320 270 2221 570 352 218 1651 239 1412 179 91
is_linear=0
shrinkage=0.05


Tree=232
num_leaves=11
num_cat=0
split_feature=95 95 31 32 3 123 95 9 41 109
split_gain=1.65189 2.89228 3.47734 3.90419 3.38797 2.64799 2.36902 3.61354 2.65218 1.69497
threshold=0.60674060000000019 0.17027725999999996 1.3686724500000003 17.050000000000004 1.4759205000000002 0.60000477468229196 0.090595599999999901 0.91472900000000024 4.1055555555555561 0.2295420056576212
decision_type=2 2 2 2 2 2 2 2 2 2
left_child=1 6 3 -3 -4 9 8 -8 -1 -2
right_child=5 2 4 -5 -6 -7 7 -9 -10 -11
leaf_value=-0.005356773793620347 0.042104398536301331 -0.022014866123207598 0.015872938109892574 0.0079499103147955344 -0.0083255083193154843 -0.0052881135528077515 -0.007184901568743015 0.020827103510978707 0.0027970734798311568 0.0026206726864227287
leaf_weight=143.37119547650218 7.2788208499550882 48.526293117552996 23.034019261598587 10.554130680859087 34.200804032385349 8.3324057310819608 13.279404900968073 33.939634926617146 318.32057420164347 8.866323307156561
leaf_count=566 26 213 85 51 131 42 50 120 1227 30
internal_value=0.000245796 -0.000183863 -0.00733097 -0.0157865 0.000659844 0.0127595 0.00136278 0.0119267 0.000150855 0.0247552
internal_weight=649.704 625.226 116.315 59.0804 57.2348 24.4775 508.911 47.219 461.692 16.1451
internal_count=2541 2443 480 264 216 98 1963 170 1793 56
is_linear=0
shrinkage=0.05


Tree=233
num_leaves=11
num_cat=0
split_feature=82 96 123 2 74 16 19 37 123 97
split_gain=2.10804 3.47007 3.49433 3.4113 3.0758 3.98437 2.94508 1.8812 1.38703 0.857089
threshold=1.0170083333333333 0.31937280000000007 0.60493309524659344 1.6959588333333335 0.38750000000000007 1.3246568000000003 2.9000000000000004 1.4319441000000002 0.64369517438361856 -0.68333333333333302
decision_type=2 2 2 2 2 2 2 2 2 2
left_child=1 4 3 -3 5 -1 -6 -2 -4 -9
right_child=7 2 8 -5 6 -7 -8 9 -10 -11
leaf_value=0.0045976293515781206 0.029979926101851892 -0.011580082518845096 -0.037346736459282645 0.017593866388149911 -0.016431457812478394 -0.0046643084338051938 0.010401192288147905 0.012806764015179752 -0.0020126844520861721 -0.0083681516359052476
leaf_weight=181.93181394040585 9.8557094931602496 32.421307437121868 13.824689798057081 12.714242972433565 9.045356020331381 307.06213064491749 109.14695782586932 8.2624634653329867 7.5254503153264514 7.9046303778886786
leaf_count=577 36 104 53 47 27 1225 381 27 35 29
internal_value=0 -0.000565893 -0.0113587 -0.00207508 0.000550416 -0.00111398 0.00780755 0.0136759 -0.0277767 0
internal_weight=699.695 673.672 66.4857 45.1356 607.186 488.994 118.192 26.0228 21.3501 16.1671
internal_count=2541 2449 239 151 2210 1802 408 92 88 56
is_linear=0
shrinkage=0.05


Tree=234
num_leaves=15
num_cat=0
split_feature=88 112 28 123 126 128 87 18 88 16 82 114 20 106
split_gain=1.84235 3.32274 3.24385 5.65503 3.74428 5.34171 4.90759 3.04817 4.91044 2.96172 2.76167 2.74878 2.05887 1.99873
threshold=0.099312000000000081 0.47382127192982465 1.7638888888888891 0.57322320890538003 0.25601165702606632 0.76232190180939063 -0.67192759999999985 15.500000000000002 0.91929340000000015 1.2619662 0.12928183333333346 1.3333014098485532 5.9000000000000012 2.7250000000000005
decision_type=2 2 2 2 2 2 2 2 2 2 2 2 2 2
left_child=2 10 4 12 6 -6 -1 9 -9 -3 13 -5 -4 -2
right_child=1 7 3 11 5 -7 -8 8 -10 -11 -12 -13 -14 -15
leaf_value=0.0089678057649424121 0.012118169803905846 -0.011997077957992205 -0.017119054426601429 0 -0.0024229931753950843 0.013667776818174285 -0.0095997853329570729 -0.022245375110079138 0.016178926376078723 0.0022026898633953781 0.025002684806956305 0.027207998109944804 0.0036185760108084601 -0.012428168339357119
leaf_weight=42.381820000708103 14.901381716132166 52.883553005754948 15.578378215432165 16.437349319458008 116.57345383614302 85.956518672406673 157.89790680259466 50.749944821000099 7.6105435192584983 103.21803065389395 14.801778003573416 39.504903756082058 35.806881695985794 16.232359915971756
leaf_count=139 47 186 48 53 366 268 556 164 25 329 47 149 112 52
internal_value=-0.000183123 -0.00365404 0.00149445 0.00919983 -0.000452499 0.00419409 -0.0053972 -0.00639914 -0.0162042 -0.00233534 0.00796019 0.0201469 -0.00192072 0
internal_weight=770.535 260.398 510.137 107.328 402.81 202.53 200.28 214.462 58.3605 156.102 45.9355 55.9423 51.3853 31.1337
internal_count=2541 850 1691 362 1329 634 695 704 189 515 146 202 160 99
is_linear=0
shrinkage=0.05


Tree=235
num_leaves=15
num_cat=0
split_feature=82 125 46 93 64 89 89 16 32 27 85 93 72 88
split_gain=1.66227 2.91741 3.73486 3.36146 2.61423 2.58399 5.0834 4.6685 4.5787 4.1575 4.15438 2.12768 1.57322 1.4643
threshold=0.29574116666666672 0.53694841336576715 2.8333333333333335 0.58571428571428585 1.3666666666666669 -0.1092056 -0.17800409999999997 1.0144245000000003 10.050000000000002 5.9000000000000012 0.45000000000000012 -0.10000000000000002 1.6500000000000001 -0.066837200000000027
decision_type=2 2 2 2 2 2 2 2 2 2 2 2 2 2
left_child=5 2 3 -2 12 6 7 -1 13 -8 -10 -6 -3 -7
right_child=1 4 -4 -5 11 8 9 -9 10 -11 -12 -13 -14 -15
leaf_value=-0.01758296950421637 -0.017239400975270502 0.035563855409859367 0.021871937218589113 2.3011739811587195e-05 0.015432877465442954 0.0068218909469793714 -0.027722635991898101 0.0038697452032598733 0.0078140883258322833 0.0078345572913488797 -0.0078571722312856026 -0.015567994588978977 0 0.044795265077653079
leaf_weight=27.468278229236603 71.948929071426392 8.7557779625058156 7.5410245284438124 36.732330195605755 7.0618971809744844 9.0504520758986491 28.610115889459848 210.91053875535727 148.22319330275059 8.1815140396356565 55.442988313734531 13.54005653783679 6.9551150649785987 8.8847987651824933
leaf_count=111 290 36 27 147 28 33 122 823 540 30 232 67 27 28
internal_value=0.000242033 -0.00421445 -0.00827418 -0.0110021 0.00731257 0.00171657 -0.00137399 0.00112576 0.00576778 -0.0184945 0.00328614 -0.00240447 0.0224281 0.029646
internal_weight=649.307 152.535 116.222 108.681 36.3128 496.772 275.17 238.379 221.601 36.7916 203.666 20.602 15.7109 17.9353
internal_count=2541 622 464 437 158 1919 1086 934 833 152 772 95 63 61
is_linear=0
shrinkage=0.05


Tree=236
num_leaves=12
num_cat=0
split_feature=9 74 29 106 24 126 42 87 66 87 24
split_gain=2.02107 2.43355 5.81555 3.64195 2.7211 3.81063 3.44996 2.14947 3.3931 2.8507 1.30122
threshold=0.63172316666666684 1.0000000180025095e-35 1.4722222222222225 2.6583333333333337 1.4675467000000002 0.1576825088071673 2.1666666666666674 -0.81266299999999936 1.7321428571428574 -0.16671280000000008 1.3777811000000002
decision_type=2 2 2 2 2 2 2 2 2 2 2
left_child=7 2 3 -2 6 -6 -3 -1 9 -9 -4
right_child=1 4 10 -5 5 -7 -8 8 -10 -11 -12
leaf_value=-0.0041660606391760733 0.016753464385910913 0.0047395396379437613 0.0045876957205610138 -0.014904842455847805 -0.026521382390401135 -0.0032701312680311631 -0.01034918308258837 0.036941209400616321 -0.0070760647276172347 0.00077755398654173204 0.043775847312081284
leaf_weight=14.844059705734251 13.598793424665926 213.20582584291697 6.8168260604143169 21.791708327829838 18.675299044698477 317.96911616995931 43.733627557754517 17.219030365347862 8.5820618048310262 12.078001126646997 10.567342877387999
leaf_count=49 47 696 23 81 108 1183 169 60 45 46 34
internal_value=0 -0.000796315 0.00924422 -0.00124006 -0.00178714 -0.0047828 0.00194728 0.00929564 0.0158285 0.0242005 0.0322142
internal_weight=699.082 646.359 52.7747 35.3905 593.584 336.644 256.939 52.7232 37.8791 29.297 17.3842
internal_count=2541 2341 185 128 2156 1291 865 200 151 106 57
is_linear=0
shrinkage=0.05


Tree=237
num_leaves=11
num_cat=0
split_feature=82 18 6 82 16 111 11 83 94 64
split_gain=1.844 2.20632 1.98938 4.10142 3.72147 2.97763 2.91083 1.93058 0.883026 0.724742
threshold=0.98713350000000011 14.100000000000001 5.166666666666667 0.66020683333333352 2.3533700000000004 1.0655454422641377 14.500000000000002 -0.83333333333333315 -0.23460764000000009 1.5500000000000003
decision_type=2 2 2 2 2 2 2 2 2 2
left_child=2 8 3 4 -1 6 -4 -5 -2 -7
right_child=1 -3 5 7 -6 9 -8 -9 -10 -11
leaf_value=0.00011178146313339148 -0.0017094186914717925 0 0.00089976252033066497 0 0.026419617157353949 -0.035046360176561445 -0.0098097436552005025 0.035933465875110288 -0.037674711118719201 -0.002810596600393519
leaf_weight=276.37956692278385 6.2934537306427956 13.596605837345122 341.21460829302669 7.9641226083040264 13.36978083103895 7.4216479733586294 75.591718904674053 12.818754829466341 7.6588494256138819 7.3912014961242676
leaf_count=913 22 47 1100 29 43 29 262 40 33 23
internal_value=-0.000169917 -0.0126773 0.000243513 0.00334839 0.00158435 -0.00187732 -0.000941664 0.024445 -0.0259951 -0.0233185
internal_weight=769.7 27.5489 742.151 310.532 289.749 431.619 416.806 20.7829 13.9523 14.8128
internal_count=2541 102 2439 1025 956 1414 1362 69 55 52
is_linear=0
shrinkage=0.05


Tree=238
num_leaves=9
num_cat=0
split_feature=127 111 95 127 20 103 98 35
split_gain=1.61817 1.96932 2.38171 2.20531 3.5576 2.13296 1.76887 3.25089
threshold=0.69394085058983268 1.065878160176406 -0.18517564444444432 0.63467839483511967 5.366666666666668 3.5000000000000004 -0.89999999999999991 1.7071428571428573
decision_type=2 2 2 2 2 2 2 2
left_child=1 3 -3 5 -5 -1 7 -2
right_child=6 2 -4 4 -6 -7 -8 -9
leaf_value=0.0071193909784379589 0.021224484155834996 -0.00055651581771413278 0.027541549876181515 -0.00063611234670595516 0.037349404459866897 -0.0015841524174686182 -0.027736083375311027 -0.022387813110056633
leaf_weight=80.234693553298712 7.4272056892514247 8.6745757013559359 13.864345736801623 9.3462292999029177 9.3035824298858625 502.80232032388449 9.5098799839615804 7.6409208849072456
leaf_count=303 34 33 49 39 37 1953 45 48
internal_value=0.000240696 0.000819698 0.0150391 0.000180016 0.0167051 -0.000290663 -0.011967 0
internal_weight=648.804 624.226 22.5389 601.687 18.6498 583.037 24.578 15.0681
internal_count=2541 2414 82 2332 76 2256 127 82
is_linear=0
shrinkage=0.05


Tree=239
num_leaves=10
num_cat=0
split_feature=81 102 31 67 88 41 13 81 128
split_gain=1.99978 2.20121 3.02444 4.24409 3.19436 2.87217 2.93315 2.56453 0.794363
threshold=-1.2992516666666665 3.5000000000000004 1.1714792500000002 0.41428571428571431 0.12327129999999999 5.7638888888888902 5.8333333333333348 -0.78488366666666654 0.80464997571775654
decision_type=2 2 2 2 2 2 2 2 2
left_child=8 5 4 -4 -3 7 -7 -2 -1
right_child=1 2 3 -5 -6 6 -8 -9 -10
leaf_value=0 0.0088589745413417721 -0.010921693368586638 4.7909489836774676e-05 0.012077677798411091 0.0032007451692689019 0.030920684846909591 -0.0038732525221654083 -0.017152050089895308 0.029035254033017679
leaf_weight=6.8544887155294401 7.9131512716412535 96.997328460216522 342.82413127273321 95.356704123318195 59.716821257025003 7.2679548114538219 15.768891230225561 58.446114048361778 7.1345398277044296
leaf_count=24 30 423 1118 337 271 23 55 234 26
internal_value=0 -0.000431467 0.000594534 0.00280121 -0.00523706 -0.00774326 0.00585354 -0.0132226 0.0180286
internal_weight=698.28 684.291 594.895 438.181 156.714 89.3961 23.0368 66.3593 13.989
internal_count=2541 2491 2149 1455 694 342 78 264 50
is_linear=0
shrinkage=0.05


Tree=240
num_leaves=7
num_cat=0
split_feature=72 84 25 25 124 44
split_gain=1.80507 2.00388 2.3641 2.80588 1.67339 0.241735
threshold=2.6500000000000008 -3.2499999999999996 18.900000000000002 16.300000000000001 0.60030121683675253 1.0000000180025095e-35
decision_type=2 2 2 2 2 2
left_child=1 4 3 -3 5 -1
right_child=-2 2 -4 -5 -6 -7
leaf_value=-0.03295174174604399 -0.020690600684760127 0.00021893961795572365 -0.023003807736540836 0.015481440102411448 0 -0.0040695002932609565
leaf_weight=7.7059841677546519 9.585850313305853 699.11246030777693 9.3399631604552251 30.901606868952513 6.2183528095483771 6.2656262069940567
leaf_count=38 46 2253 40 109 23 32
internal_value=-0.000166421 5.37274e-05 0.000552853 0.000953696 -0.0150281 -0.024476
internal_weight=769.13 759.544 739.354 730.014 20.19 13.9716
internal_count=2541 2495 2402 2362 93 70
is_linear=0
shrinkage=0.05


Tree=241
num_leaves=10
num_cat=0
split_feature=45 128 89 11 128 87 33 2 124
split_gain=1.59242 1.63765 4.50662 4.24632 3.50717 3.9368 3.53162 2.20536 1.21652
threshold=1.0000000180025095e-35 0.75480028397221421 -0.53454349999999995 9.4166666666666696 0.8041307643463973 -0.32758040000000005 6.0500000000000007 1.7454350000000003 0.5515946317604804
decision_type=2 2 2 2 2 2 2 2 2
left_child=8 2 7 -4 5 -3 -6 -2 -1
right_child=1 4 3 -5 6 -7 -8 -9 -10
leaf_value=-0.026258294205969996 -0.034072029582073858 -0.017080407392725674 0.021124991863738313 0.0017418005459297545 0.005079973938196581 -0.00054904097868433159 -0.0082908972601016678 0 0
leaf_weight=8.7920342907309514 8.6833429485559446 57.354744121432304 43.925139345228672 94.921904556453228 251.38301718607545 111.99877937138081 58.339472290128469 7.0159097313880912 6.3158894181251517
leaf_count=43 33 218 153 342 976 432 294 26 24
internal_value=0.000221215 0.000690488 0.00518714 0.00833854 -0.000663733 -0.0065086 0.00238194 -0.0185205 -0.0151769
internal_weight=648.73 633.622 154.546 138.847 479.076 169.354 309.722 15.6993 15.1079
internal_count=2541 2474 554 495 1920 650 1270 59 67
is_linear=0
shrinkage=0.05


Tree=242
num_leaves=9
num_cat=0
split_feature=126 9 75 17 110 74 110 33
split_gain=1.96602 2.55143 2.45796 3.9992 2.25316 3.94622 3.00632 2.24436
threshold=0.1191326195839736 1.4576930000000001 0.61250000000000016 1.0751195000000002 0.17203992484984981 0.41428571428571431 0.18271555560475503 4.7638888888888902
decision_type=2 2 2 2 2 2 2 2
left_child=1 -1 3 -2 5 -4 -6 -5
right_child=2 -3 4 7 6 -7 -8 -9
leaf_value=-0.035179088654579159 0.04448465879814581 0.0020129435095712681 -0.012802242476417904 0.014057821644159149 0.02165714487820071 0.020190036373311866 4.6571799649743305e-05 -0.015883416009911777
leaf_weight=8.0388460084795934 7.159305818378928 4.6030828617513171 68.154912561178207 15.582536712288858 15.730490520596502 8.4897661358118039 561.56836126744747 8.4273495748639089
leaf_count=55 28 22 434 54 66 38 1810 34
internal_value=0 -0.018817 0.000351451 0.0138748 -0.000236974 -0.00829084 0.000758318 0.00133451
internal_weight=697.755 12.6419 685.113 31.1692 653.944 76.6447 577.299 24.0099
internal_count=2541 77 2464 116 2348 472 1876 88
is_linear=0
shrinkage=0.05


Tree=243
num_leaves=14
num_cat=0
split_feature=9 37 63 10 10 24 51 38 125 82 54 102 25
split_gain=1.79785 5.6331 4.68477 5.25145 3.77653 3.65653 3.39698 4.09328 3.28424 4.52687 2.92593 2.26799 2.08529
threshold=0.84371016666666676 1.2982757976190478 1.1000000000000003 1.4496220000000004 1.2747485000000001 1.0844990000000001 1.4166666666666667 1.6079194000000003 0.41955477475485919 0.22306000000000006 0.90000000000000013 6.5000000000000009 8.7083333333333339
decision_type=2 2 2 2 2 2 2 2 2 2 2 2 2
left_child=4 8 5 -4 11 -3 7 -6 9 -2 -10 -1 -8
right_child=1 2 3 -5 6 -7 12 -9 10 -11 -12 -13 -14
leaf_value=0 -0.0069187438745564704 0.014526128215777132 -0.0069424754959357647 0.0062216992881035434 -0.020559680812574078 -0.019884983183008648 -0.0001742486077194714 0.0016087476379259128 -3.3473306936988083e-05 0.014469174311587797 0.015340714989285981 0.030639379541330471 -0.034726144176962064
leaf_weight=8.8582915067672747 74.249467186629772 6.4766996800899497 150.09583495184779 150.30929136276245 25.965370707213879 55.810790441930294 9.8025430887937564 77.512288779020309 33.630069211125374 35.851235248148441 113.60670084506273 9.4532972276210767 16.902509801089764
leaf_count=29 236 23 560 502 81 177 29 238 97 111 375 29 54
internal_value=-0.000166182 0.000951504 -0.00296584 -0.000191033 -0.00514263 -0.0153439 -0.00839791 -0.00361889 0.00665627 0 0.0115153 0.0146475 -0.0243121
internal_weight=768.524 620.03 362.693 300.405 148.494 62.2875 130.183 103.478 257.337 110.101 147.237 18.3116 26.7051
internal_count=2541 2081 1262 1062 460 200 402 319 819 347 472 58 83
is_linear=0
shrinkage=0.05


Tree=244
num_leaves=10
num_cat=0
split_feature=95 95 19 4 123 90 91 41 109
split_gain=1.56689 2.67872 3.91988 3.15192 2.46733 2.35573 6.50474 4.71907 1.49413
threshold=0.60674060000000019 0.17027725999999996 3.1000000000000005 15.833333333333334 0.60000477468229196 0.19999999999999987 0.40000000000000002 4.1055555555555561 0.2295420056576212
decision_type=2 2 2 2 2 2 2 2 2
left_child=1 5 -3 -4 8 7 -7 -1 -2
right_child=4 2 3 -5 -6 6 -8 -9 -10
leaf_value=-0.011336572078147086 0.040122820600986896 0.023685940953070445 -0.014890117905270473 0.0035938063221258847 -0.0049984908202580338 0.020063845794955168 0 0.0022988956749328557 0.0025734126548812349
leaf_weight=85.531636722385883 7.4006650447845521 7.6962999850511542 81.784147918224335 26.058781750500202 8.258008770644663 54.755095794796944 141.3367094360292 226.97930448874831 8.8624049574136716
leaf_count=324 26 26 335 119 42 195 572 872 30
internal_value=0.000205863 -0.000211825 -0.00711727 -0.00997237 0.0123883 0.00126966 0.0056009 -0.00129779 0.0238914
internal_weight=648.663 624.142 115.539 107.843 24.5211 508.603 196.092 312.511 16.2631
internal_count=2541 2443 480 454 98 1963 767 1196 56
is_linear=0
shrinkage=0.05


Tree=245
num_leaves=11
num_cat=0
split_feature=82 96 123 2 38 24 126 37 123 95
split_gain=1.90871 3.2359 3.31033 3.18197 2.88017 3.42473 3.3361 1.72382 1.33296 0.807491
threshold=1.0170083333333333 0.31937280000000007 0.60493309524659344 1.6959588333333335 1.5132706000000002 1.0883303000000002 0.1576825088071673 1.4319441000000002 0.64369517438361856 0.0027567785714287534
decision_type=2 2 2 2 2 2 2 2 2 2
left_child=1 4 3 -3 5 -1 -6 -2 -4 -9
right_child=7 2 8 -5 6 -7 -8 9 -10 -11
leaf_value=-0.0027662495873869539 0.028534607984993961 -0.011200689420731351 -0.036575366685343023 0.016958841802098012 -0.021717509146625597 0.0087632255829043354 -0.00096262602341705894 0.012348945696260783 -0.0016964699706220098 -0.0083514052504449956
leaf_weight=93.644368223845959 9.9201783910393733 32.257285013794899 13.584790464490654 12.754192963242529 20.232254356145859 171.48945129662752 319.83842857927084 8.1976819187402743 7.4720430485904208 7.8336873576045027
leaf_count=304 36 104 53 47 126 585 1195 28 35 28
internal_value=0 -0.000531438 -0.0109898 -0.00193972 0.000544032 0.00450809 -0.00240407 0.0130386 -0.0271035 0
internal_weight=697.224 671.273 66.0683 45.0115 605.205 265.134 340.071 25.9515 21.0568 16.0314
internal_count=2541 2449 239 151 2210 889 1321 92 88 56
is_linear=0
shrinkage=0.05


Tree=246
num_leaves=13
num_cat=0
split_feature=15 46 79 74 106 9 113 39 30 8 2 124
split_gain=1.79386 2.57459 3.85874 3.04125 3.47035 3.37666 2.40307 2.295 1.60994 2.00638 0.396813 0.275573
threshold=2.2250000000000005 2.4166666666666674 -0.75 0.41428571428571431 2.7928571428571431 0.77628516666666669 0.51213544724995119 11.725000000000001 1.3614043500000004 1.8333333333333337 1.0275723333333335 0.611626708600152
decision_type=2 2 2 2 2 2 2 2 2 2 2 2
left_child=1 3 10 5 -5 -1 -4 8 9 -2 -3 -9
right_child=7 2 6 4 -6 -7 -8 11 -10 -11 -12 -13
leaf_value=-0.0079621396932117918 0.02314202674215499 0.041758013598500815 0.0094639160687884291 -0.025177909107287885 0 0.0020966908384263965 -0.019772994939848004 -0.032219264104193783 -0.017673040213594084 -0.0066173194443021818 0.01319345190850011 0
leaf_weight=97.174331717193127 9.4730723872780853 7.4238691180944469 19.844225279986862 24.635647550225258 22.801631972193718 533.61711677163839 9.5908942073583585 9.4448077492415887 8.7495193928480131 7.8327077701687804 12.612528920173643 4.1943663656711569
leaf_count=301 35 23 72 77 71 1755 33 56 32 26 41 19
internal_value=-0.000157736 0.00034681 0.0112779 -0.000392349 -0.0125057 0.000457824 0 -0.0104172 0 0.00731568 0.0276359 -0.0263361
internal_weight=767.395 727.7 49.4715 678.229 47.4373 630.791 29.4351 39.6945 26.0553 17.3058 20.0364 13.6392
internal_count=2541 2373 169 2204 148 2056 105 168 93 61 64 75
is_linear=0
shrinkage=0.05


Tree=247
num_leaves=11
num_cat=0
split_feature=3 5 17 3 82 0 17 118 45 82
split_gain=1.57051 2.73283 2.21962 3.45381 4.79193 3.00523 2.8576 4.44668 3.48848 0.787444
threshold=0.55103581666666679 4.8333333333333348 1.1787130000000003 1.0872526666666669 -0.49473900000000004 1.5833333333333337 1.2448754000000004 56.550000000000004 0.83333333333333337 -0.20646249999999997
decision_type=2 2 2 2 2 2 2 2 2 2
left_child=1 -1 3 5 -5 -2 7 -4 -8 -3
right_child=2 9 6 4 -6 -7 8 -9 -10 -11
leaf_value=0.0080505071704065258 -0.0087704926309623166 0 0.013722238198908977 -0.0096356687734481389 0.020765444056079552 0.0060795696544899917 -0.0074435057071753604 -0.024250763846393863 0.0031156135755343308 -0.032382536278122327
leaf_weight=7.1686306037008789 53.49806784838438 5.7081815414130732 7.8994920402765265 13.631740920245646 55.847415745258331 88.916846692562103 109.37068911641836 28.329536505043507 267.46690338850021 10.303785793483254
leaf_count=28 204 30 28 52 217 368 428 112 1012 62
internal_value=0.000215045 -0.0121714 0.000773064 0.00497034 0.0140393 0.000130257 -0.0012661 -0.0144818 0 -0.0241051
internal_weight=648.141 23.1806 624.961 211.894 69.4792 142.415 413.067 36.229 376.838 16.012
internal_count=2541 120 2421 841 269 572 1580 140 1440 92
is_linear=0
shrinkage=0.05


Tree=248
num_leaves=13
num_cat=0
split_feature=9 118 106 80 74 80 23 60 13 63 58 74
split_gain=1.9081 3.96715 3.38011 3.93554 3.27417 3.80776 3.14416 4.18742 4.10813 2.52435 2.32352 1.97988
threshold=0.75941916666666665 74.550000000000026 3.0750000000000006 -0.74547566666666654 1.0000000180025095e-35 -0.39014783333333308 1.5306644000000003 2.3000000000000003 6.416666666666667 0.90000000000000013 1.5500000000000003 0.15476190476190479
decision_type=2 2 2 2 2 2 2 2 2 2 2 2
left_child=1 2 11 -4 5 -2 8 -8 -6 -3 -7 -1
right_child=4 9 3 -5 6 10 7 -9 -10 -11 -12 -13
leaf_value=-0.023819229330408701 0.034120244281276212 0 -0.0080512469685205101 0.032065223369352545 -0.0072372185164500148 0.012441460047538565 0.0060720382947507534 -0.010239318044766587 0.01020980005398902 0.036656298079550689 -0.011736980614969479 0
leaf_weight=11.969305910170077 12.371951472014187 7.5042445585131672 7.0328505784273174 13.938945554196833 303.22597056254745 22.586022675037384 173.83214963600039 48.330690935254097 34.863516375422478 14.160762794315813 15.197168894112108 31.625655591487885
leaf_count=58 42 30 27 55 1173 78 578 160 118 49 52 121
internal_value=0 0.0068912 0 0.0165824 -0.00101327 0.0109391 -0.00218995 0.00226953 -0.00526584 0.024907 0.0013753 -0.00734907
internal_weight=696.639 86.2318 64.5668 20.9718 610.407 50.1551 560.252 222.163 338.089 21.665 37.7832 43.595
internal_count=2541 340 261 82 2201 172 2029 738 1291 79 130 179
is_linear=0
shrinkage=0.05


Tree=249
num_leaves=9
num_cat=0
split_feature=90 88 81 103 103 8 17 38
split_gain=1.75094 1.84071 3.11612 4.47649 4.29334 2.91927 3.50944 3.34309
threshold=2.1000000000000005 0.099312000000000081 -0.74917983333333316 6.5000000000000009 3.5000000000000004 0.83333333333333337 1.6753733000000002 0.97893060000000032
decision_type=2 2 2 2 2 2 2 2
left_child=1 2 4 -4 -1 6 -3 -7
right_child=-2 5 3 -5 -6 7 -8 -9
leaf_value=-0.030095051643686328 0.021293526863573577 -0.022071759547089079 0.0093827044788391805 -0.0010603493405642584 -0.0012402898317062532 0.02852588380185786 0.0095145098852047316 -0.0027001508161301605
leaf_weight=15.524852342903612 8.3130758479237539 37.975454300642014 170.39596655964851 237.54503090307117 79.642152070999146 7.808240294456481 8.2412592917680723 201.70202533900738
leaf_count=50 36 130 568 789 263 29 30 646
internal_value=-0.000146072 -0.000474463 0.00120585 0.0031917 -0.00673137 -0.00396684 -0.0152982 -0.00116889
internal_weight=767.148 758.835 503.108 407.941 95.167 255.727 46.2167 209.51
internal_count=2541 2505 1670 1357 313 835 160 675
is_linear=0
shrinkage=0.05


Tree=250
num_leaves=9
num_cat=0
split_feature=127 81 81 81 4 96 81 83
split_gain=1.54944 1.90243 2.26373 3.94053 3.1275 1.77599 2.3678 0.348692
threshold=0.69394085058983268 -1.4286883333333329 -0.74917983333333316 -0.2034566666666667 11.583333333333334 -0.059237100000000036 -0.21264366666666654 -1.5833333333333333
decision_type=2 2 2 2 2 2 2 2
left_child=1 -1 4 -4 -3 6 -2 -7
right_child=5 2 3 -5 -6 7 -8 -9
leaf_value=-0.026209813116373284 0.023522274951959868 -0.014529309583897809 -0.0060200047352494419 0.0029930490339810461 0.013653325799168331 0 -0.018476311695771009 -0.030608138602991847
leaf_weight=5.3246842175722113 5.6834773793816566 9.1139933168888074 180.3979512937367 364.84542876854539 64.016768783330917 4.7613896429538718 5.5076332464814204 8.4411590322852117
leaf_count=28 26 36 728 1383 239 26 30 45
internal_value=0.000197836 0.000765095 0.00112004 0 0.00931794 -0.0117958 0 -0.0236939
internal_weight=648.092 623.699 618.374 545.243 73.1308 24.3937 11.1911 13.2025
internal_count=2541 2414 2386 2111 275 127 56 71
is_linear=0
shrinkage=0.05


Tree=251
num_leaves=10
num_cat=0
split_feature=81 102 31 67 88 25 22 17 31
split_gain=1.85557 2.03575 2.76723 3.9117 3.00325 2.715 2.35575 1.56603 0.55844
threshold=-1.2992516666666665 3.5000000000000004 1.1714792500000002 0.41428571428571431 0.12327129999999999 13.700000000000001 2.2916666666666674 1.3883975000000002 1.2679640500000002
decision_type=2 2 2 2 2 2 2 2 2
left_child=8 5 4 -4 -3 6 -2 -7 -1
right_child=1 2 3 -5 -6 7 -8 -9 -10
leaf_value=0.027279660864303376 -0.016700168603997187 -0.010565099401922524 3.2916013874992234e-05 0.011583236245453573 0.0031478641218104287 -0.0013082931143665049 0.0083317783536085519 0.022434050758546559 0
leaf_weight=6.9584476351737958 57.553126864135265 96.220485556870699 341.98007638007402 95.523647926747799 59.586609367281199 15.285599291324617 7.6963304430246344 8.2077915519475919 7.0912484675645828
leaf_count=26 230 423 1118 337 271 52 34 26 24
internal_value=0 -0.000405838 0.000577005 0.00268948 -0.00501524 -0.00746722 -0.0129117 0.00552238 0.0173426
internal_weight=696.103 682.054 593.311 437.504 155.807 88.7428 65.2495 23.4934 14.0497
internal_count=2541 2491 2149 1455 694 342 264 78 50
is_linear=0
shrinkage=0.05


Tree=252
num_leaves=10
num_cat=0
split_feature=107 84 45 111 115 124 87 41 125
split_gain=1.72667 2.45985 2.37649 2.1769 2.04025 1.70971 1.07264 0.325373 0.0774304
threshold=1.0000000180025095e-35 -3.2499999999999996 1.0000000180025095e-35 1.0569348522134903 1.818240438540748 0.611626708600152 -0.50746639999999965 5.5277777777777786 0.37565756339565598
decision_type=2 2 2 2 2 2 2 2 2
left_child=4 5 6 -4 8 7 -3 -2 -1
right_child=1 2 3 -5 -6 -7 -8 -9 -10
leaf_value=0.004936817352636293 -0.034621880448840729 0.031286123801297597 -0.002261288191628805 0.0040896183541383555 -0.0040483121480130706 0 0 -0.003046733558692857 0.028390644033343265
leaf_weight=7.3210913538932862 8.5739477276802081 7.5581652224063864 529.87751004844904 177.12716803699732 7.4639859944581977 5.2713632956147185 8.1304968520998937 5.4265680350363246 10.139741674065588
leaf_count=24 40 23 1712 602 27 20 27 33 33
internal_value=-0.000133041 -0.000639654 -8.80176e-05 -0.000596034 0.0124622 -0.0178347 0.0184734 -0.0267356 0.0220653
internal_weight=766.89 741.965 722.693 707.005 24.9248 19.2719 15.6887 14.0005 17.4608
internal_count=2541 2457 2364 2314 84 93 50 73 57
is_linear=0
shrinkage=0.05


Tree=253
num_leaves=12
num_cat=0
split_feature=113 0 17 81 116 95 109 17 17 126 31
split_gain=1.52084 2.94505 2.7764 2.83618 3.22606 2.76748 2.7097 7.25733 4.49514 2.57208 1.84825
threshold=0.48449519230769239 2.4166666666666674 2.3640590000000006 0.0040508333333333377 0.80787981341549409 0.19034065000000014 0.24397151290707228 1.1787130000000003 1.3486650000000002 0.22981494153023177 1.2485661500000003
decision_type=2 2 2 2 2 2 2 2 2 2 2
left_child=1 6 3 5 -5 -2 7 -1 -8 -3 -11
right_child=2 9 -4 4 -6 -7 8 -9 -10 10 -12
leaf_value=0.027963751647210364 -0.0044730451988880936 -0.031447671667989133 0.02531460970906188 -0.00053442935835327869 0.018558654651619506 -0.026782609568965561 -0.0093829239020464875 0 0.0083439660571545931 0.012862799168022783 -0.01714162956787273
leaf_weight=38.715761676430702 191.13684859871864 9.3560447283089179 7.894831806421279 138.63932861015201 24.436743304133415 15.582062512636183 62.40945939719677 60.735367376357317 80.343106478452682 10.629417516291143 8.1769635677337629
leaf_count=155 776 59 28 534 90 77 214 256 278 40 34
internal_value=0.000166942 0.00309283 -0.00179813 -0.00257852 0.00211758 -0.00651625 0.00502741 0.0113381 0.000234834 -0.0114323 0
internal_weight=648.056 270.366 377.69 369.795 163.076 206.719 242.204 99.4511 142.753 28.1624 18.8064
internal_count=2541 1036 1505 1477 624 853 903 411 492 133 74
is_linear=0
shrinkage=0.05


Tree=254
num_leaves=14
num_cat=0
split_feature=8 77 39 72 116 6 28 89 78 90 7 9 93
split_gain=1.82677 6.03233 4.93104 4.99949 3.49752 3.55571 2.47616 3.50746 2.98902 3.21602 2.52468 2.00625 1.43227
threshold=2.1666666666666674 0.18333333333333338 9.3166666666666682 1.5857142857142861 -0.82093471527876638 3.5833333333333335 2.4500000000000006 -0.39635376999999988 1.416666666666667 0.63333333333333353 2.1666666666666674 0.68284366666666685 -0.10000000000000002
decision_type=2 2 2 2 2 2 2 2 2 2 2 2 2
left_child=6 4 11 -4 -2 -6 8 -8 10 -10 -1 -3 -9
right_child=1 2 3 -5 5 -7 7 12 9 -11 -12 -13 -14
leaf_value=-0.0030400274976713263 0.022590391305358868 0.0065033662165381008 0.03183803778999076 0 0.017447008882438088 -0.017801853189433437 0.0099015271825415481 0 0.0034707023577746294 0.040369373860032837 0.0068817997857456743 -0.024302938260899389 -0.028552707596400835
leaf_weight=418.29237667843699 6.8696707040071479 7.4410068541765204 38.766199178993702 19.827158033847809 6.3490019589662543 42.399772491306067 8.0932199731469137 4.7962579019367722 32.40955763310194 7.6552914083003989 72.593711167573929 8.4456634633243066 21.661529678851366
leaf_count=1450 25 27 138 67 22 202 37 28 114 31 233 42 125
internal_value=0 0.00530985 0.0147418 0.0216026 -0.00647491 -0.0119476 -0.00123972 -0.0140493 -0.000287319 0.01255 -0.0014601 -0.0073823 -0.0232904
internal_weight=695.6 130.098 74.48 58.5934 55.6184 48.7488 565.502 34.551 530.951 40.0648 490.886 15.8867 26.4578
internal_count=2541 523 274 205 249 224 2018 190 1828 145 1683 69 153
is_linear=0
shrinkage=0.05


Tree=255
num_leaves=13
num_cat=0
split_feature=15 46 4 125 56 74 106 109 113 32 46 82
split_gain=1.69993 2.39092 3.94957 3.65449 3.17745 2.84495 3.2849 3.25833 2.20623 2.28563 1.26595 0.0394191
threshold=2.2250000000000005 2.4166666666666674 12.833333333333334 0.43636039230746854 1.0000000180025095e-35 0.41428571428571431 2.7928571428571431 0.13538306018511889 0.53001565864161282 11.563492063492065 2.1666666666666674 0.11504116666666671
decision_type=2 2 2 2 2 2 2 2 2 2 2 2
left_child=1 5 4 -4 -3 7 -7 -1 9 10 -2 -11
right_child=8 2 3 -5 -6 6 -8 -9 -10 11 -12 -13
leaf_value=0.020230137910473178 0.01257581874295185 0 -0.018400559420508705 0.018932038346596881 0.037426958979916401 -0.024451107084078296 0 -0.0001036876413159687 0.011866250175942348 -0.035570716399055062 -0.013639386111481411 -0.0085046199953784114
leaf_weight=19.226445466279984 7.1163012608885792 8.9915781840682047 14.882281482219698 9.6647364348173124 15.94888675957918 24.54059923440218 22.768811985850334 610.83028190582991 6.1480726972222319 9.9928857609629649 9.1125418916344625 7.0344464480876914
leaf_count=105 28 31 54 30 54 77 71 1951 20 45 48 27
internal_value=-0.00012867 0.00035951 0.0108903 -0.00157896 0.0246781 -0.00035107 -0.0120866 0.00046865 -0.0101572 -0.0159158 0 -0.0282546
internal_weight=766.258 726.854 49.4875 24.547 24.9405 677.366 47.3094 630.057 39.4042 33.2562 16.2288 17.0273
internal_count=2541 2373 169 84 85 2204 148 2056 168 148 76 72
is_linear=0
shrinkage=0.05


Tree=256
num_leaves=12
num_cat=0
split_feature=17 123 17 30 122 0 3 68 122 87 33
split_gain=1.51295 3.35807 2.89883 3.9118 3.92238 3.38353 3.28502 2.40051 2.38515 1.71944 1.98796
threshold=0.72008460000000019 0.6487733259148889 0.94063200000000013 1.7572482 44.585000000000015 1.5833333333333337 0.89011116666666668 0.29285714285714287 41.760000000000012 0.098585999999999965 6.5357142857142865
decision_type=2 2 2 2 2 2 2 2 2 2 2
left_child=1 9 3 4 -2 -5 8 -8 -4 -1 -11
right_child=2 -3 6 5 -6 -7 7 -9 -10 10 -12
leaf_value=0 0.032107876671498982 0.018099312543739098 -0.023124477869892236 -0.030508517213611749 0 0.0057672305353040111 0.0035578075001149265 -0.0034780963626606294 0 -0.033643045830478509 0
leaf_weight=8.2769350148737448 25.33760116994381 6.2940790690481654 25.335877001285553 6.832933008670806 11.224917009472845 34.121643532067537 294.82808595150709 200.64763913676143 13.799035109579561 15.48799839243293 5.6890822984278193
leaf_count=33 84 43 105 30 40 146 1148 753 55 72 32
internal_value=0.000151357 -0.00960152 0.000817202 0.00981663 0.0214892 0 -0.00041023 0.000606574 -0.0142239 -0.0175627 -0.0248475
internal_weight=647.876 35.7481 612.128 77.5171 36.5625 40.9546 534.611 495.476 39.1349 29.454 21.1771
internal_count=2541 180 2361 300 124 176 2061 1901 160 137 104
is_linear=0
shrinkage=0.05


Tree=257
num_leaves=9
num_cat=0
split_feature=126 11 75 103 96 96 12 0
split_gain=1.79737 2.39568 2.29882 3.67599 2.09639 4.35906 4.16367 1.91117
threshold=0.1191326195839736 14.16666666666667 0.61250000000000016 5.5000000000000009 0.61371850000000028 0.31937280000000007 4.8333333333333348 1.1666666666666667
decision_type=2 2 2 2 2 2 2 2
left_child=1 -1 3 -2 5 -4 -6 -5
right_child=2 -3 4 7 6 -7 -8 -9
leaf_value=-0.034092630206882461 -0.0099828175942759181 0.0022735815488738611 0.00042626280817668546 0 -0.010106498801996341 -0.013796152755311137 0.031043512782359579 0.035282320835825352
leaf_weight=7.9209879711270315 8.5019305273890513 4.3611735627055168 572.2148216329515 8.6096857041120547 7.3935291990637806 57.950008891522884 13.938484363257883 14.121573463082312
leaf_count=59 35 18 2064 31 28 211 45 50
internal_value=0 -0.0182162 0.000354617 0.0134176 -0.000214605 -0.000822199 0.0147284 0.0243286
internal_weight=695.012 12.2822 682.73 31.2332 651.497 630.165 21.332 22.7313
internal_count=2541 77 2464 116 2348 2275 73 81
is_linear=0
shrinkage=0.05


Tree=258
num_leaves=7
num_cat=0
split_feature=72 84 25 25 124 44
split_gain=1.68418 1.82382 2.1969 2.65204 1.55729 0.212338
threshold=2.6500000000000008 -3.2499999999999996 18.900000000000002 16.300000000000001 0.60030121683675253 1.0000000180025095e-35
decision_type=2 2 2 2 2 2
left_child=1 4 3 -3 5 -1
right_child=-2 2 -4 -5 -6 -7
leaf_value=-0.032052940108636081 -0.020087224242123128 0.00023268758194027787 -0.022306458697583541 0.015078869211456375 0 -0.0036690118519772151
leaf_weight=7.4273438490927237 9.4491424933075887 696.1351482719183 9.1833662837743741 30.896343942731619 6.1903830766677848 6.164203405380249
leaf_count=38 46 2253 40 109 23 32
internal_value=-0.000122472 8.72206e-05 0.000564314 0.000952123 -0.0144354 -0.0237402
internal_weight=765.446 755.997 736.215 727.031 19.7819 13.5915
internal_count=2541 2495 2402 2362 93 70
is_linear=0
shrinkage=0.05


Tree=259
num_leaves=8
num_cat=0
split_feature=84 100 14 87 18 83 66
split_gain=1.5208 2.67408 2.31295 3.49184 3.56595 3.33228 1.76697
threshold=2.8333333333333344 0.19090909090909094 3.2666666666666671 1.2386535000000001 19.100000000000005 1.0000000180025095e-35 1.9500000000000002
decision_type=2 2 2 2 2 2 2
left_child=2 -2 3 4 -1 -5 -3
right_child=1 6 -4 5 -6 -7 -8
leaf_value=0 -0.0066800947740734799 0.03413485349103261 -0.026005027542422916 0 -0.020925598447789712 0.037684857355519304 0
leaf_weight=569.92310833185911 8.5528296530246752 11.39316449314356 7.6263235360383979 12.792911477386953 20.009153984487057 10.812610395252703 6.5118984729051581
leaf_count=2182 45 40 40 51 106 43 34
internal_value=0.000143189 0.0117083 -0.000287077 0 -0.000694029 0.018526 0.0230255
internal_weight=647.622 26.4579 621.164 613.538 589.932 23.6055 17.9051
internal_count=2541 119 2422 2382 2288 94 74
is_linear=0
shrinkage=0.05


Tree=260
num_leaves=13
num_cat=0
split_feature=92 103 91 5 126 20 5 17 18 38 124 1
split_gain=1.78229 3.70074 2.95844 3.75837 3.56694 2.72701 3.57291 5.25398 2.98407 3.39428 3.14567 2.26279
threshold=-0.98888888888888871 13.500000000000002 3.3306690738754701e-16 4.166666666666667 0.25374776631941914 4.1000000000000005 3.5833333333333335 1.3007875 10.700000000000001 1.8192804500000002 0.53097984859351344 1.4166666666666667
decision_type=2 2 2 2 2 2 2 2 2 2 2 2
left_child=1 2 4 -4 -1 6 7 -2 9 -7 -10 -8
right_child=5 -3 3 -5 -6 8 11 -9 10 -11 -12 -13
leaf_value=0.036477656046224369 0.0059926129083231663 -0.017248695378993206 -0.017271434742602752 0.018183915268518199 0.0041392760237178609 0.018603615780437732 -0.0082642235691479885 -0.029212868784556922 -0.0061511765973427694 -0.0091722073930384559 0.0024121730567595642 0.010422660060852199
leaf_weight=18.175576344132423 11.934325769543646 10.999274946749209 15.139260970056059 12.85595019161701 23.291956230998039 41.875431507825851 37.772748172283173 32.736872941255569 168.75892109051347 11.416380688548086 282.96371242776513 26.698179319500923
leaf_count=61 37 37 56 50 72 128 128 104 697 40 1048 83
internal_value=0 0.0069513 0.0116833 0 0.020016 -0.00091891 -0.00807846 -0.0187873 0.000542484 0.0116731 -0.000683084 0
internal_weight=694.619 80.462 69.4627 27.9952 41.4675 614.157 109.142 44.6712 505.014 53.2918 451.723 64.4709
internal_count=2541 276 239 106 133 2265 352 141 1913 168 1745 211
is_linear=0
shrinkage=0.05


Tree=261
num_leaves=11
num_cat=0
split_feature=82 18 6 89 82 9 20 128 94 94
split_gain=1.60582 2.1351 1.8967 4.30523 4.74233 2.92963 3.68386 3.32688 2.25428 0.831149
threshold=0.98713350000000011 14.100000000000001 5.166666666666667 -0.49910249999999984 0.66020683333333352 1.5485805000000001 6.4500000000000011 0.75986046083590963 -0.16063976249999998 -0.23460764000000009
decision_type=2 2 2 2 2 2 2 2 2 2
left_child=2 9 3 8 -5 7 -7 -4 -1 -2
right_child=1 -3 5 4 -6 6 -8 -9 -10 -11
leaf_value=0.0020813193773086516 -0.0013649791550102066 0 -0.007861663788668094 -0.00070963515587811794 0.023492569676697717 -0.016515780052193531 0 0.0040600274369743524 0.031904135381875733 -0.036726455080696239
leaf_weight=15.607707701623438 6.2384382858872414 13.489909775555132 77.446899138391018 254.71352443099022 20.761419363319874 64.151927504688501 66.717848755419254 220.36187970638275 18.076640322804451 7.4352193176746386
leaf_count=54 22 47 231 840 69 231 222 730 62 33
internal_value=-0.000120383 -0.0118811 0.000260408 0.00329817 0.00101191 -0.00181661 -0.00805773 0.000776457 0.0199857 -0.0251932
internal_weight=765.001 27.1636 737.838 309.159 275.475 428.679 130.87 297.809 33.6843 13.6737
internal_count=2541 102 2439 1025 909 1414 453 961 116 55
is_linear=0
shrinkage=0.05


Tree=262
num_leaves=10
num_cat=0
split_feature=95 95 19 45 123 95 17 23 109
split_gain=1.46574 2.54675 3.61047 2.871 2.30117 2.20434 4.81084 3.38063 1.36438
threshold=0.60674060000000019 0.17027725999999996 3.1000000000000005 2.4166666666666674 0.60000477468229196 -0.025335750000000098 1.4437225000000002 2.6163630000000002 0.2295420056576212
decision_type=2 2 2 2 2 2 2 2 2
left_child=1 5 -3 -4 8 7 -7 -1 -2
right_child=4 2 3 -5 -6 6 -8 -9 -10
leaf_value=-0.0015759801890492962 0.038411272239963615 0.022332120325491228 -0.013339757174378778 0.0079345918863298597 -0.0048262099681240988 0 0.018955321169806041 0.030936296926557045 0.0023095123360180603
leaf_weight=361.54094596579671 7.4924333021044793 7.7548096552491179 91.828971195966005 15.31212732568383 8.1895257309079152 90.133740078657866 49.213425882160664 7.0973438322544089 8.8644340783357602
leaf_count=1418 26 26 384 70 42 342 178 25 30
internal_value=0.000137549 -0.000265188 -0.00701813 -0.00979171 0.0119248 0.00117474 0.00654649 -0.000732758 0.0229873
internal_weight=647.428 622.881 114.896 107.141 24.5464 507.985 139.347 368.638 16.3569
internal_count=2541 2443 480 454 98 1963 520 1443 56
is_linear=0
shrinkage=0.05


Tree=263
num_leaves=12
num_cat=0
split_feature=76 72 16 17 23 10 106 87 95 112 20
split_gain=1.75137 2.52125 5.8844 3.52754 3.21449 5.50457 3.46218 2.65313 1.94601 1.48356 0.675267
threshold=0.63333333333333341 1.9500000000000002 1.2072212000000002 1.5983394000000002 1.5785147000000002 1.5490690000000003 2.1750000000000003 -0.30479109999999981 -0.20122384999999979 0.48786455275004903 5.6750000000000007
decision_type=2 2 2 2 2 2 2 2 2 2 2
left_child=8 4 7 -4 6 -6 -2 -3 -1 -10 -11
right_child=1 2 3 -5 5 -7 -8 -9 9 10 -12
leaf_value=-0.0069321256092083165 0.017219466228281324 -0.00092814808511498315 -0.020213468512806143 0.0027022813689870557 0.017198073192046338 -0.0031568109693236469 -0.0024335706725060655 0.028049097540110302 0 0.0082685401269749891 0.037901405993981459
leaf_weight=7.1883401647210112 22.327292270958424 11.77848692238331 62.003337770700455 17.662502199411392 69.335462637245655 55.893302220851183 409.23193838819861 12.380060002207754 7.4263175129890469 10.717640146613123 8.211131811141966
leaf_count=25 83 37 211 57 222 193 1585 40 26 35 27
internal_value=0 -0.000568699 -0.00772384 -0.0145425 0.000687337 0.00776394 -0.00126375 0.0124585 0.0109798 0.0177679 0.0248888
internal_weight=694.156 660.612 103.824 79.6658 556.788 125.229 431.559 24.1585 33.5434 26.3551 18.9288
internal_count=2541 2428 345 268 2083 415 1668 77 113 88 62
is_linear=0
shrinkage=0.05


Tree=264
num_leaves=12
num_cat=0
split_feature=34 123 6 16 9 20 35 96 117 113 20
split_gain=1.69272 4.13596 2.58405 3.72282 3.11398 3.54463 3.51594 2.85936 2.15134 1.64087 0.14376
threshold=3.8166666666666669 0.59262397819569679 5.166666666666667 2.3185910000000001 1.5485805000000001 6.4500000000000011 1.5357142857142858 -0.33472868333333333 77.950000000000003 0.51298710060449049 5.1000000000000005
decision_type=2 2 2 2 2 2 2 2 2 2 2
left_child=1 8 3 7 6 -6 -4 -2 9 -1 -5
right_child=2 -3 4 10 5 -7 -8 -9 -10 -11 -12
leaf_value=0 0.015699161998740586 -0.032628091017720254 -0.0013534475980588876 0.0084682544202491616 -0.016351730961732775 0 0.013141308039295363 0.00020603179290829243 0.016061535170026019 -0.024382083141348859 0.035872005532636683
leaf_weight=16.798834457993511 34.811868645250797 12.569662719964979 257.8411892876029 7.8151488751173046 66.132221486419439 69.209437556564808 48.30907841771841 220.70198301970959 12.213628172874449 9.2134568840265256 8.6690189093351346
leaf_count=66 111 52 829 26 242 233 159 723 41 32 27
internal_value=-0.000127114 -0.00890383 0.000439335 0.00432014 -0.00184295 -0.0081644 0.000806308 0.00256475 0 -0.008539 0.026967
internal_weight=764.286 50.7956 713.49 271.998 441.492 135.342 306.15 255.514 38.2259 26.0123 16.4842
internal_count=2541 191 2350 887 1463 475 988 834 139 98 53
is_linear=0
shrinkage=0.05


Tree=265
num_leaves=9
num_cat=0
split_feature=81 81 123 123 66 81 19 123
split_gain=1.87816 2.04578 3.14249 5.47693 4.47563 2.64764 2.77564 2.37463
threshold=-1.4286883333333329 -0.74917983333333316 0.54687922847006798 0.63714684800577825 0.95000000000000007 -0.033448333333333295 6.4500000000000011 0.4311629833699287
decision_type=2 2 2 2 2 2 2 2
left_child=-1 2 4 -4 -2 6 -3 -7
right_child=1 5 3 -5 -6 7 -8 -9
leaf_value=-0.026426088707834583 -0.0023951935121968534 -0.002329472242229058 -0.012289987730611386 0.023202321550987753 0.033859309354812413 0.014959134329254456 -0.020933884243373127 0.00083943012541631281
leaf_weight=5.5230737552046767 10.072600603103639 247.46251592040062 30.675550915300846 15.546780101954935 20.041445791721344 34.309061050415039 22.244927559047937 261.12647791579366
leaf_count=30 35 987 122 64 69 116 112 1006
internal_value=0.000140457 0.000487792 0.00815346 0 0.0204386 -0.000471901 -0.00412029 0.00269276
internal_weight=647.002 641.479 76.3364 46.2223 30.114 565.143 269.707 295.436
internal_count=2541 2511 290 186 104 2221 1099 1122
is_linear=0
shrinkage=0.05


Tree=266
num_leaves=14
num_cat=0
split_feature=8 77 39 72 116 6 23 1 9 24 80 92 9
split_gain=1.77728 5.5543 4.54531 4.57382 3.26093 3.39091 2.3726 5.04944 3.88416 3.3023 5.24205 4.51993 1.87271
threshold=2.1666666666666674 0.18333333333333338 9.3166666666666682 1.5857142857142861 -0.82093471527876638 3.5833333333333335 0.7780062000000002 1.8333333333333337 0.77201133333333349 1.4675467000000002 -0.46087316666666667 0.40000000000000002 0.68284366666666685
decision_type=2 2 2 2 2 2 2 2 2 2 2 2 2
left_child=6 4 12 -4 -2 -6 7 8 -1 10 -8 -11 -3
right_child=1 2 3 -5 5 -7 9 -9 -10 11 -12 -13 -14
leaf_value=0.029827459286826875 0.021791079033802899 0.0061763626245577644 0.030550193435848062 0 0.017160024836623898 -0.017287728985571398 0.024700134440568206 -0.015962750829772217 -0.0069282935205423309 -0.0026627348979064518 -0.00041153002873606448 -0.019686712646091686 -0.023624184485730507
leaf_weight=24.934096369892362 6.9139733910560599 7.446182668209075 39.073538638651371 19.780020326375961 6.3354877084493628 41.814911119639874 21.385630339384079 11.049499765038489 6.7419380098581305 201.32688001543283 247.62579922378063 50.860589768737555 8.2789727523922902
leaf_count=96 25 27 138 67 22 202 65 42 28 707 843 237 42
internal_value=0 0.00526466 0.0142849 0.0208287 -0.0060973 -0.011481 -0.00120641 0.00977842 0.0205016 -0.00221965 0.00148368 -0.00635777 -0.00699793
internal_weight=693.568 129.643 74.5787 58.8536 55.0644 48.1504 563.924 42.7255 31.676 521.199 269.011 252.187 15.7252
internal_count=2541 523 274 205 249 224 2018 166 124 1852 908 944 69
is_linear=0
shrinkage=0.05


Tree=267
num_leaves=8
num_cat=0
split_feature=90 98 37 110 72 21 117
split_gain=1.61654 1.84539 2.6897 2.05509 4.32377 2.6304 1.25047
threshold=2.1000000000000005 2.0166666666666671 1.1145100500000003 0.1571489301117098 0.63333333333333341 0.36666666666666675 65.050000000000011
decision_type=2 2 2 2 2 2 2
left_child=1 3 6 4 -1 -5 -3
right_child=-2 2 -4 5 -6 -7 -8
leaf_value=-0.014710624514141258 0.020704636422482499 0.015353272355893227 -0.028488563264038702 0.019674664728837207 0.011335622404938829 -0.0016045987622656161 -0.011227882209260028
leaf_weight=17.073342181742191 8.1208765432238561 7.4214921891689327 13.144119307398794 13.632864430546759 87.553067721426487 608.38276813551784 8.0512226894497854
leaf_count=53 36 33 45 39 304 2003 28
internal_value=-0.000115668 -0.000432733 -0.012671 0 0.0065129 -0.00102713 0
internal_weight=763.38 755.259 28.6168 726.642 104.626 622.016 15.4727
internal_count=2541 2505 106 2399 357 2042 61
is_linear=0
shrinkage=0.05


Tree=268
num_leaves=10
num_cat=0
split_feature=127 111 72 127 34 41 96 81 126
split_gain=1.45962 1.81739 2.43597 1.92091 2.50205 1.97912 1.69512 2.23018 0.341553
threshold=0.69394085058983268 1.065878160176406 1.1339285714285716 0.63467839483511967 4.9500000000000011 6.6500000000000012 -0.059237100000000036 -0.21264366666666654 0.15023005954845428
decision_type=2 2 2 2 2 2 2 2 2
left_child=1 3 -3 5 -5 -1 7 -2 -8
right_child=6 2 -4 4 -6 -7 8 -9 -10
leaf_value=-0.0011542523152801006 0.022523378141791849 0.03187259300332828 0 -0.0036579258191876927 0.028348161764384192 0.01163684150463226 0 -0.018228028863366299 -0.030012868936491879
leaf_weight=550.33493948727846 5.7636794149875641 9.7524551376700419 12.801818042993544 6.3854621201753643 12.538780584931372 30.712793722748756 4.5786857903003684 5.4534193202853221 8.3917784839868528
leaf_count=2143 26 33 49 27 49 113 25 30 46
internal_value=0.000132121 0.000684563 0.0143244 6.5629e-05 0.0153975 -0.000373411 -0.0115639 0 -0.0233331
internal_weight=646.714 622.526 22.5543 599.972 18.9242 581.048 24.1876 11.2171 12.9705
internal_count=2541 2414 82 2332 76 2256 127 56 71
is_linear=0
shrinkage=0.05


Tree=269
num_leaves=11
num_cat=0
split_feature=116 1 90 1 32 4 113 109 45 113
split_gain=1.73799 8.71232 3.19547 2.92096 3.24945 3.20271 2.53995 4.40402 3.96242 2.35865
threshold=-1.4505847821687066 0.83333333333333337 -0.39999999999999997 0.58333333333333337 11.950000000000001 17.500000000000004 0.50516826923076941 0.29204624449139355 2.4166666666666674 0.50579846262472872
decision_type=2 2 2 2 2 2 2 2 2 2
left_child=1 -1 -3 4 9 -6 7 -5 -8 -2
right_child=3 2 -4 6 5 -7 8 -9 -10 -11
leaf_value=0.047916971636812127 0.020174783042861022 0.012966225238423857 -0.022293061620064884 -0.00046039199426252408 -0.02460018871005961 0.00064405434162662838 0.0067353912325583548 -0.024355672559866561 -0.018397595441082108 -0.010668602337542493
leaf_weight=10.067536547780035 11.754158660769464 9.8422787785530073 12.430462896823885 344.5729764662683 37.042180310934782 13.131324101239441 209.93208163976669 19.800354599952698 15.091792631894348 9.1406145989894849
leaf_count=32 39 33 44 1285 152 74 721 64 69 28
internal_value=0 0.0111427 -0.00467597 -0.000557343 -0.0100962 -0.0171328 0.000523299 -0.00195883 0.00475463 0.00452739
internal_weight=692.806 32.3403 22.2727 660.465 71.0683 50.1735 589.397 364.373 225.024 20.8948
internal_count=2541 109 77 2432 293 226 2139 1349 790 67
is_linear=0
shrinkage=0.05


Tree=270
num_leaves=9
num_cat=0
split_feature=73 9 37 90 10 114 40 125
split_gain=1.58287 1.81103 4.50377 3.9259 3.48474 4.52689 3.21898 3.00672
threshold=0.8500000000000002 0.84371016666666676 1.2635678000000001 0.33333333333333343 1.2747485000000001 1.7435624538063561 3.2750000000000004 0.41955477475485919
decision_type=2 2 2 2 2 2 2 2
left_child=1 4 7 -4 6 -6 -1 -3
right_child=-2 2 3 -5 5 -7 -8 -9
leaf_value=0.034575376338683836 -0.019614625646443482 0 0.0011843927706811472 -0.0099728124249741593 -0.00020000162948620163 -0.020182230930312087 -0.0019865018744336591 0.011585141297040427
leaf_weight=8.9573950767517108 9.2921481877565366 99.577955059707165 261.09599512070417 108.51268734037876 82.277117900550365 46.943156689405441 9.2870541810989362 136.58569841459394
leaf_count=29 46 312 948 332 254 148 29 443
internal_value=-0.000108127 9.19054e-05 0.00136745 -0.00197439 -0.00478504 -0.00794235 0.0142298 0.00679469
internal_weight=762.529 753.237 605.772 369.609 147.465 129.22 18.2444 236.164
internal_count=2541 2495 2035 1280 460 402 58 755
is_linear=0
shrinkage=0.05


Tree=271
num_leaves=10
num_cat=0
split_feature=3 5 17 87 65 87 95 17 82
split_gain=1.43249 2.54321 1.97995 3.19863 5.27744 4.69195 2.74417 3.25774 0.715207
threshold=0.55103581666666679 4.8333333333333348 1.1787130000000003 0.034855300000000262 0.36666666666666675 -0.68218659999999987 -0.87494910000000004 1.2717269000000002 -0.20646249999999997
decision_type=2 2 2 2 2 2 2 2 2
left_child=1 -1 3 5 -5 -2 -4 -8 -3
right_child=2 8 6 4 -6 -7 7 -9 -10
leaf_value=0.0073683739435246491 -0.0081239766791977291 0 0.026472238818555673 -0.010241150655346207 0.0098378886159314598 0.018676754483023816 -0.013644159518294015 -9.7181264823786412e-05 -0.031786406985776276
leaf_weight=7.2011297047138241 18.097540199756622 5.6883293017745027 7.4978827536106101 65.162054866552353 63.622597262263298 65.039703473448753 51.121024195104837 353.06645532697439 9.9031753893941605
leaf_count=28 71 30 26 288 245 237 201 1353 62
internal_value=0.000131249 -0.0118047 0.000665755 0.00463284 0 0.0122212 -0.00126149 -0.00196343 -0.023584
internal_weight=646.4 22.7926 623.607 211.922 128.785 83.1372 411.685 404.187 15.5915
internal_count=2541 120 2421 841 533 308 1580 1554 92
is_linear=0
shrinkage=0.05


Tree=272
num_leaves=13
num_cat=0
split_feature=89 101 18 12 3 86 26 28 5 124 14 70
split_gain=1.72915 3.19169 4.27039 3.25964 2.77242 2.60115 3.45825 3.42428 4.16142 3.12568 2.48314 2.15708
threshold=-0.065665999999999877 2.2928571428571431 9.5000000000000018 1.8333333333333337 1.7393248333333335 -0.59999999999999964 6.9000000000000012 1.3875000000000002 3.1666666666666674 0.53083981718906326 1.3666666666666669 1.0500000000000003
decision_type=2 2 2 2 2 2 2 2 2 2 2 2
left_child=5 2 -2 -3 -5 7 9 8 -1 -7 -9 -4
right_child=1 3 11 4 -6 6 -8 10 -10 -11 -12 -13
leaf_value=-0.011031815322334805 0.017616467651119547 0.02879521848317438 0 -0.0040690011335088594 0.0075640020387510208 0 -0.021085398039004149 0.0061747476322902206 0.012907650740662597 0.012542964035864518 -0.018019880506692645 -0.021582815921818845
leaf_weight=26.50021505355835 8.0840827375650388 8.421012304723261 10.429558970034121 209.27218834683299 65.192361101508141 82.483095400035381 9.3675492703914625 9.7777079045772535 47.122919753193855 122.81391886994243 43.513657461851835 49.166074063628912
leaf_count=81 25 33 46 815 220 311 28 37 155 433 179 178
internal_value=0 -0.0024669 -0.012138 0 -0.00110693 0.00252457 0.00594751 -0.00287539 0.00358839 0.0075196 -0.0126278 -0.0172235
internal_weight=692.144 350.565 67.6797 282.886 274.465 341.579 214.665 126.915 73.6231 205.297 53.2914 59.5956
internal_count=2541 1317 249 1068 1035 1224 772 452 236 744 216 224
is_linear=0
shrinkage=0.05


Tree=273
num_leaves=9
num_cat=0
split_feature=107 84 45 89 115 93 87 110
split_gain=1.58316 2.16084 2.26157 2.03733 1.90221 1.56271 0.902076 0.0744219
threshold=1.0000000180025095e-35 -3.2499999999999996 1.0000000180025095e-35 -0.19177970000000008 1.818240438540748 0.18035714285714291 -0.50746639999999965 0.25770236988624934
decision_type=2 2 2 2 2 2 2 2
left_child=4 5 6 -4 7 -2 -3 -1
right_child=1 2 3 -5 -6 -7 -8 -9
leaf_value=0.031214495917056502 -0.028344656031381994 0.029987781132282905 -0.0041848459027970268 0.0013725772169486589 -0.003798210348127164 0 0 0.0080383275946111585
leaf_weight=7.0032277703285279 10.905246514827015 7.5417053848505011 254.76329798996449 448.06187863647938 7.4053934812545767 7.8627569749951354 8.0747472643852216 10.27591362595558
leaf_count=25 55 23 830 1484 27 38 27 32
internal_value=-0.000104335 -0.0005935 -7.46239e-05 -0.000573946 0.0120123 -0.0169182 0.0180707 0.0213608
internal_weight=761.894 737.21 718.442 702.825 24.6845 18.768 15.6165 17.2791
internal_count=2541 2457 2364 2314 84 93 50 57
is_linear=0
shrinkage=0.05


Tree=274
num_leaves=15
num_cat=0
split_feature=63 89 23 41 38 82 87 88 58 90 81 109 12 66
split_gain=1.49779 3.22411 3.24986 3.81818 2.93113 2.6758 4.29375 3.69464 2.17586 3.37927 2.92485 2.83053 2.30255 0.716801
threshold=1.1000000000000003 -0.083164099999999977 0.87963019999999992 3.5277777777777781 1.5078632000000003 -0.0091519999999999362 -0.34665799999999986 -0.51870159999999987 0.55000000000000016 1.0333333333333337 0.78880000000000006 0.25430602745302344 4.416666666666667 1.7750000000000001
decision_type=2 2 2 2 2 2 2 2 2 2 2 2 2 2
left_child=1 2 3 -1 -4 7 -7 -3 11 10 -10 12 -2 -11
right_child=8 5 4 -5 -6 6 -8 -9 9 13 -12 -13 -14 -15
leaf_value=0.0065102665070158397 0.022350953282372157 -0.01054407820889371 -0.0095876677803577691 -0.027919872504054484 0.00854434737043306 -0.013729967546452998 0.015521657672077969 0.02557022663735355 -0.0026852087657693699 0 0.01373194974378316 0.036909429199950113 -0.016218527793499738 -0.030211975149616328
leaf_weight=9.178366072475912 5.6124950665980604 5.8898990228772155 29.535185605287552 20.436956912279129 70.868640068918467 21.628230050206184 26.166034191846848 38.289688877761364 358.10025859624147 5.0535189397633102 27.746187966316938 7.1078234314918509 8.3255380503833276 12.173282995820044
leaf_count=36 28 22 114 96 260 80 96 128 1419 22 106 24 41 69
internal_value=0.000118161 0.00350698 -0.0012284 -0.015752 0.00267553 0.0106802 0.00124968 0.0195221 -0.00154208 -0.0024782 -0.00134296 0.0134177 0 -0.0236934
internal_weight=646.112 221.993 130.019 29.6153 100.404 91.9739 47.7943 44.1796 424.119 403.073 385.846 21.0459 13.938 17.2268
internal_count=2541 832 506 132 374 326 176 150 1709 1616 1525 93 69 91
is_linear=0
shrinkage=0.05


Tree=275
num_leaves=10
num_cat=0
split_feature=82 96 123 2 74 114 33 87 123
split_gain=1.75027 2.79031 3.17023 2.91886 2.75146 3.18552 3.051 2.13717 1.28257
threshold=1.0170083333333333 0.31937280000000007 0.60493309524659344 1.6959588333333335 0.38750000000000007 2.2109196702299898 3.5857142857142863 0.10453399999999997 0.64369517438361856
decision_type=2 2 2 2 2 2 2 2 2
left_child=1 4 3 -3 5 -1 -6 -2 -4
right_child=7 2 8 -5 6 -7 -8 -9 -10
leaf_value=0.00071456995191924045 0 -0.010436513308604302 -0.03562125706327772 0.01668056843282743 -0.0094975003915645159 -0.0096889923531133116 0.011096345823704307 0.02699410796905858 -0.001132278233037099
leaf_weight=395.44649314135313 13.60480357706547 31.858886905014515 13.204554080963137 12.691694892942904 18.526723697781563 87.784785490483046 99.04710753634572 12.110088855028151 7.3579891994595519
leaf_count=1400 46 104 53 47 56 402 352 46 35
internal_value=0 -0.00049817 -0.0102853 -0.00141704 0.000494771 -0.00108821 0.00737686 0.0125537 -0.0262236
internal_weight=691.633 665.918 65.1131 44.5506 600.805 483.231 117.574 25.7149 20.5625
internal_count=2541 2449 239 151 2210 1802 408 92 88
is_linear=0
shrinkage=0.05


Tree=276
num_leaves=13
num_cat=0
split_feature=15 66 12 81 108 93 108 35 76 125 10 100
split_gain=1.56528 2.43577 5.04286 3.65506 2.67162 3.49192 2.72092 2.15768 2.08742 1.82964 1.45612 0.863481
threshold=2.2250000000000005 0.76388888888888895 5.166666666666667 -0.58876033333333344 0.21949506982748243 0.70714285714285741 0.25946589678816312 1.1339285714285716 1.3541666666666667 0.20477402280618837 1.7437743333333333 0.26136363636363641
decision_type=2 2 2 2 2 2 2 2 2 2 2 2
left_child=1 2 3 -1 5 -3 -6 9 -4 -2 -11 -9
right_child=7 4 8 -5 6 -7 -8 11 -10 10 -12 -13
leaf_value=-0.016892578009694608 -0.021206042359537703 -0.023320270872104837 0.05137967009628655 0.010238725931036587 0.01527763524077028 0.0007607752827961592 -0.00031578043915944881 -0.029137643864666891 0.0037981631147996444 0.024262973022312003 -0.00018738587667912218 0
leaf_weight=16.506283782422543 5.7323765903711346 27.471172802150249 7.964548781514166 39.253009989857674 28.229329720139503 23.845304846763611 572.40178326517344 12.386737972497942 6.7496745958924294 7.8102877885103217 8.1683640182018262 4.8152880370616904
leaf_count=57 28 148 33 134 93 113 1769 65 26 25 27 23
internal_value=-8.29179e-05 0.000382731 0.00918443 0.00117009 -0.000504739 -0.0113741 0.00035817 -0.00977341 0.0343657 0 0.00954409 -0.0224901
internal_weight=761.334 722.421 70.4735 55.7593 651.948 51.3165 600.631 38.9131 14.7142 21.711 15.9787 17.202
internal_count=2541 2373 250 191 2123 261 1862 168 59 80 52 88
is_linear=0
shrinkage=0.05


Tree=277
num_leaves=10
num_cat=0
split_feature=127 111 31 127 20 41 96 81 83
split_gain=1.39324 1.68739 1.96726 1.76195 2.983 1.98803 1.64046 2.08855 0.337514
threshold=0.69394085058983268 1.0667574107683004 1.3054734000000001 0.63467839483511967 5.366666666666668 6.6500000000000012 -0.059237100000000036 -0.21264366666666654 -1.5833333333333333
decision_type=2 2 2 2 2 2 2 2 2
left_child=1 3 -3 5 -5 -1 7 -2 -8
right_child=6 2 -4 4 -6 -7 8 -9 -10
leaf_value=-0.0011057526907167 0.021605246838494217 0.027272917031250784 -0.000102564392677255 -0.00095106064433238876 0.033200883645799227 0.011583551897911376 0 -0.017860967070763439 -0.029972573847359109
leaf_weight=552.9186115693301 5.8325929343700409 11.625173017382624 6.639957681298255 9.3683020472526568 9.7041047960519773 31.437251172959805 4.6939089223742476 5.3696359023451823 8.1002769172191602
leaf_count=2156 26 40 27 39 37 115 26 30 45
internal_value=0.000105379 0.000646077 0.0152369 9.72265e-05 0.0147229 -0.000319051 -0.0113681 0 -0.0230541
internal_weight=645.69 621.693 18.2651 603.428 19.0724 584.356 23.9964 11.2022 12.7942
internal_count=2541 2414 67 2347 76 2271 127 56 71
is_linear=0
shrinkage=0.05


Tree=278
num_leaves=12
num_cat=0
split_feature=102 106 87 111 3 56 81 41 13 41 103
split_gain=1.6504 2.7233 4.23144 2.60141 3.16955 2.74594 2.14159 3.5443 2.63624 2.43435 1.67322
threshold=3.5000000000000004 3.5250000000000004 -0.25613659999999999 1.0510285453894479 1.2515783333333335 0.22500000000000003 -0.78488366666666654 5.7638888888888902 5.8333333333333348 4.2111111111111121 6.5000000000000009
decision_type=2 2 2 2 2 2 2 2 2 2 2
left_child=6 3 -3 5 -5 -2 -1 9 -9 -8 -4
right_child=1 2 10 4 -6 -7 7 8 -10 -11 -12
leaf_value=0.012570757033532288 0 -0.0067738977275153406 0.00069673349858134803 -0.0026382261489285431 0.0060801189850975476 -0.014391094319053803 -0.0017181859493133709 0.029447608236836516 -0.003625768450042604 -0.025102326411876964 0.033826720389247354
leaf_weight=10.151471979916094 97.577066030353308 13.004336968064306 8.8995516896247882 180.76254470646381 228.6292467713356 54.712446209043264 24.203953571617603 7.1894072741270092 15.502930879592894 32.849082440137863 17.750647984445095
leaf_count=38 343 46 32 722 781 202 106 23 54 128 66
internal_value=0 0.000940595 0.0134378 0 0.00211174 -0.00552154 -0.00628724 -0.00943303 0.00554283 -0.0162437 0.0249969
internal_weight=691.233 601.336 39.6545 561.681 409.392 152.29 89.8968 79.7454 22.6923 57.053 26.6502
internal_count=2541 2192 144 2048 1503 545 349 311 77 234 98
is_linear=0
shrinkage=0.05


Tree=279
num_leaves=10
num_cat=0
split_feature=82 100 91 82 92 72 103 78 24
split_gain=1.54147 2.44922 2.01788 1.84462 3.8496 3.57425 2.16534 3.43665 3.07745
threshold=0.95027400000000017 0.32051282051282054 -1.5499999999999996 0.64344841666666674 -0.85357142857142843 1.5857142857142861 6.5000000000000009 -1.583333333333333 1.84229
decision_type=2 2 2 2 2 2 2 2 2
left_child=3 2 -2 6 -5 -6 7 -1 -8
right_child=1 -3 -4 4 5 -7 8 -9 -10
leaf_value=-0.013986975854447021 -0.022258342807531872 -0.031927600033154667 0.0087171141090279843 -0.015424099220413738 0.032000591920006725 0 -0.0058913611891175648 0.0048279559785085668 0.0031858830316720214
leaf_weight=24.733935408294201 6.7474898844957378 8.7176944315433484 14.875339403748514 8.8760027140378934 19.362318724393845 16.582938939332962 264.67437018081546 260.8703971914947 135.39128641784191
leaf_count=80 34 30 48 28 59 63 895 870 434
internal_value=-7.80204e-05 -0.0109865 0 0.000321102 0.0100648 0.0179593 -0.000256744 0.00298097 -0.00269446
internal_weight=760.832 30.3405 21.6228 730.491 44.8213 35.9453 685.67 285.604 400.066
internal_count=2541 112 82 2429 150 122 2279 950 1329
is_linear=0
shrinkage=0.05


Tree=280
num_leaves=14
num_cat=0
split_feature=82 82 31 128 35 70 116 89 109 51 18 83 128
split_gain=1.38545 2.8349 3.28557 3.13928 3.10009 2.74426 2.81479 2.2359 3.36792 2.59773 3.86397 3.02008 2.084
threshold=0.29574116666666672 0.48901400000000023 1.2017115000000003 0.84208930672183457 1.3875000000000002 2.0500000000000003 0.30694117975438134 0.36514024999999989 0.26503819375753834 2.1666666666666674 16.700000000000006 -0.33333333333333331 0.81278518227721841
decision_type=2 2 2 2 2 2 2 2 2 2 2 2 2
left_child=7 5 4 -4 -3 6 -2 9 12 11 -11 -1 -9
right_child=1 2 3 -5 -6 -7 -8 8 -10 10 -12 -13 -14
leaf_value=-0.0068133579885574641 -0.023995910357469397 -0.0091442384375018167 -0.011840997364272091 0.014668613934087594 0.022250816536048601 0.012274963350677345 0 -0.019266928970788293 0.036122038011268773 0.016018135184235168 -0.015612665091307976 0.0021733767605665107 0.016075136681550816
leaf_weight=139.62531024217606 37.568797536194324 7.7968680635094634 48.36697281897068 12.136815562844275 26.05536537617445 6.5172665268182746 12.268595457077025 6.6502522155642536 10.431601107120512 51.59623196721077 9.4514702782034856 268.86190630868077 8.1719596683979017
leaf_count=538 162 36 200 48 98 25 53 28 32 192 40 1058 31
internal_value=9.96821e-05 -0.00399597 0.000835899 -0.00555828 0.0135304 -0.0128314 -0.0172749 0.00145359 0.0157301 0.000547673 0.0101425 -0.000785419 0
internal_weight=645.499 150.711 94.356 60.5038 33.8522 56.3547 49.8374 494.789 25.2538 469.535 61.0477 408.487 14.8222
internal_count=2541 622 382 248 134 240 215 1919 91 1828 232 1596 59
is_linear=0
shrinkage=0.05


Tree=281
num_leaves=14
num_cat=0
split_feature=8 77 39 72 116 6 95 89 24 90 94 89 39
split_gain=1.70043 5.02179 4.19883 4.15632 3.02847 3.20282 2.41408 3.7583 4.23372 3.17119 2.94737 2.75741 1.76783
threshold=2.1666666666666674 0.18333333333333338 9.3166666666666682 1.5857142857142861 -0.82093471527876638 3.5833333333333335 -0.025335750000000098 -0.065665999999999877 1.4503092000000002 1.4333333333333338 -0.80364709999999973 0.74595170000000011 8.2111111111111121
decision_type=2 2 2 2 2 2 2 2 2 2 2 2 2
left_child=6 4 12 -4 -2 -6 9 8 -8 10 -1 -9 -3
right_child=1 2 3 -5 5 -7 7 11 -10 -11 -12 -13 -14
leaf_value=-0.017763335211446463 0.021039021435799984 0.006784668333073062 0.029150935902588444 0 0.016712219855673414 -0.016742714982411391 0.0096977363406751272 -0.014259931537778801 -0.0088259673046576399 0.030542470280650387 0.0018946523451819624 0.0080380093985438373 -0.022297170958329258
leaf_weight=19.209097407758236 6.932765156030654 6.8951275385916224 39.375957239419222 19.703936025500298 6.3397610634565345 41.189714733511209 65.199117563664913 104.64775970578194 55.814588706940413 8.1948111876845342 296.15960165113211 12.285157598555086 8.6968450956046564
leaf_count=66 25 28 138 67 22 202 217 400 215 45 1033 42 41
internal_value=0 0.00514342 0.0136926 0.0199533 -0.00571216 -0.0109976 -0.00119881 -0.00506057 0.00074203 0.0014939 0.000486879 -0.011445 -0.00678921
internal_weight=690.644 129.134 74.6719 59.0799 54.4622 47.5295 561.51 237.947 121.014 323.564 315.369 116.933 15.592
internal_count=2541 523 274 205 249 224 2018 874 432 1144 1099 442 69
is_linear=0
shrinkage=0.05


Tree=282
num_leaves=14
num_cat=0
split_feature=9 23 15 111 10 114 112 60 13 13 102 116 17
split_gain=1.54857 4.64712 3.54592 3.82111 3.26239 4.24281 4.14177 3.52538 2.9658 3.77095 2.03702 1.98903 1.72059
threshold=0.84371016666666676 1.0110453200000002 2.2250000000000005 1.0474957155929072 1.2747485000000001 1.7435624538063561 0.48516483516483522 1.5500000000000003 3.8333333333333335 5.8333333333333348 6.5000000000000009 -0.040137765933264118 2.1686340000000004
decision_type=2 2 2 2 2 2 2 2 2 2 2 2 2
left_child=4 8 3 -3 10 7 -7 -6 11 -10 -1 -2 -4
right_child=1 2 12 -5 5 6 -8 -9 9 -11 -12 -13 -14
leaf_value=0 -0.01664564756102033 0.01607840296621672 -0.030215686845997288 -0.00097820564981998407 0.0043291367162207458 0.0035535506411232642 -0.027800261561298452 -0.020924863241009568 0.025668598410572258 -0.0060913673063423416 0.028878133150629259 0.0083595880216233119 0
leaf_weight=8.8078079074621218 10.649949863553045 34.237648583948612 13.707207955420019 468.97045035660267 65.850545600056648 10.717275261878966 36.137507513165474 16.281059011816978 42.105583332479 8.4950772225856763 9.395596966147421 23.965324722230434 10.859374124556778
leaf_count=29 32 110 68 1581 201 34 114 53 137 26 29 76 51
internal_value=-8.36934e-05 0.000956374 -0.000711449 0.000112726 -0.00472982 -0.00779307 -0.0196594 -0.00026703 0.0117542 0.0193529 0.0136477 0 -0.0188932
internal_weight=760.18 612.991 527.775 503.208 147.19 128.986 46.8548 82.1316 85.2159 50.6007 18.2034 34.6153 24.5666
internal_count=2541 2081 1810 1691 460 402 148 254 271 163 58 108 119
is_linear=0
shrinkage=0.05


Tree=283
num_leaves=15
num_cat=0
split_feature=63 89 23 41 38 51 109 121 40 101 20 77 12 63
split_gain=1.41276 3.03586 3.0507 3.66925 2.71452 2.52496 3.82208 5.23559 3.1825 2.94079 5.67291 2.93528 2.51871 3.21095
threshold=1.1000000000000003 -0.083164099999999977 0.87963019999999992 3.5277777777777781 1.5078632000000003 1.4166666666666667 0.23725953425582186 41.760000000000012 4.9500000000000011 2.226495726495727 6.1000000000000005 0.18333333333333338 1.8333333333333337 0.70833333333333337
decision_type=2 2 2 2 2 2 2 2 2 2 2 2 2 2
left_child=1 2 3 -1 -4 6 8 -8 -2 10 -7 -11 -3 -14
right_child=5 12 4 -5 -6 9 7 -9 -10 11 -12 -13 13 -15
leaf_value=0.006272253183109984 -0.027176022609818148 -0.010910898636915932 -0.0092829029777882644 -0.02748805495035574 0.0081821547958821662 0.0259745705382693 -0.0093386061874866522 0.012291102215136683 0.00032450004466347732 0.0096893786106944328 -0.0096053802800931537 -0.0041150919149369157 0 0.020010147734362056
leaf_weight=9.1975467279553431 31.585748367011547 9.1623565256595594 29.353472478687763 20.082808442413807 71.121588923037052 29.302267536520958 78.331857174634933 41.41917397081852 10.366755731403826 47.921605611220002 14.558890260756014 169.72194097563624 26.339251764118671 56.643875006586313
leaf_count=36 173 37 114 96 260 105 303 139 48 193 59 689 95 194
internal_value=9.91689e-05 0.00339292 -0.00120241 -0.0153751 0.00254586 -0.0015139 -0.00646165 -0.00140347 -0.019367 0.00136806 0.0130991 -0.000816473 0.0103441 0.0133882
internal_weight=645.109 221.901 129.755 29.2804 100.475 423.208 161.704 119.751 41.9525 261.505 43.8612 217.644 92.1455 82.9831
internal_count=2541 832 506 132 374 1709 663 442 221 1046 164 882 326 289
is_linear=0
shrinkage=0.05


Tree=284
num_leaves=12
num_cat=0
split_feature=75 17 110 27 4 95 22 3 110 30 103
split_gain=1.65827 3.27389 2.25736 4.17836 5.71088 3.21548 2.28507 3.02149 2.93512 1.99546 2.27787
threshold=0.61250000000000016 1.0751195000000002 0.22482473162029359 3.7750000000000004 20.166666666666668 -0.46239900000000006 2.1000000000000005 0.90660716666666674 0.43951664918024175 1.5628651000000002 6.5000000000000009
decision_type=2 2 2 2 2 2 2 2 2 2 2
left_child=1 -1 3 5 -5 -2 7 -4 -8 10 -3
right_child=2 9 6 4 -6 -7 8 -9 -10 -11 -12
leaf_value=0.037108192060934374 0.033895723134157209 -0.0021171140739689029 0.0091179401909122684 -0.017717167567899251 0.015395218793930771 0 0.0017838242106440049 -0.0022496697758513299 0.024974241789265342 -0.019456884683992356 0.028732328222294424
leaf_weight=7.8078361526131621 7.2544742599129668 9.61619576811791 67.604849487543106 79.88995660468936 13.113887649029492 35.569960899651051 55.160265579819679 378.65096770226955 20.143416583538055 6.978627271950244 8.2245299071073514
leaf_count=33 34 34 220 440 83 207 183 1186 59 34 28
internal_value=0 0.0108296 -0.000553683 -0.00631598 -0.0124022 0.00574223 0.000860508 -0.000399222 0.00888844 0 0.0102208
internal_weight=690.015 32.6272 657.388 135.828 93.0038 42.8244 521.559 446.256 75.3037 24.8194 17.8407
internal_count=2541 129 2412 764 523 241 1648 1406 242 96 62
is_linear=0
shrinkage=0.05


Tree=285
num_leaves=13
num_cat=0
split_feature=88 100 81 22 97 100 2 83 8 17 117 70
split_gain=1.5724 3.40866 2.80189 3.26128 5.19981 4.15035 2.79117 4.11598 2.60001 3.2129 3.10645 2.15254
threshold=0.099312000000000081 0.5634920634920636 -0.74917983333333316 1.3666666666666669 -0.78333333333333321 0.13392857142857145 1.5496073333333336 -0.58333333333333315 0.83333333333333337 1.4389474000000002 74.550000000000026 1.267857142857143
decision_type=2 2 2 2 2 2 2 2 2 2 2 2
left_child=2 8 6 4 -4 -5 11 -8 9 -2 -10 -1
right_child=1 -3 3 5 -6 -7 7 -9 10 -11 -12 -13
leaf_value=0 -0.022944389174322732 -0.028617969646557481 -0.0052686978244133927 0.011882040348359352 0.015973428105328261 -0.0029617118329893126 0.018257268324810182 -0.0084099448794204019 -0.0036450475419096263 0.003297890756559368 0.0094900628173742851 -0.027660833733310353
leaf_weight=8.1762114986777323 27.717451736330986 11.939048349857329 36.10632660984993 58.96803243458271 95.822133883833885 216.80395779758692 19.634112920612097 47.241954781115055 137.65355664119124 14.290092490613459 65.05490592867136 19.73651409894228
leaf_count=28 97 39 171 204 305 695 65 149 455 51 208 74
internal_value=-8.98812e-05 -0.00332733 0.00146772 0.00334854 0.00978782 6.31206e-05 -0.0060505 0 -0.00177853 -0.0129856 0.000350827 -0.0190428
internal_weight=759.144 256.655 502.489 407.7 131.928 275.772 94.7888 66.8761 244.716 42.0075 202.708 27.9127
internal_count=2541 850 1691 1375 476 899 316 214 811 148 663 102
is_linear=0
shrinkage=0.05


Tree=286
num_leaves=8
num_cat=0
split_feature=84 100 14 87 18 83 47
split_gain=1.34968 2.41808 2.14521 3.25472 3.18887 2.94879 1.58655
threshold=2.8333333333333344 0.19090909090909094 3.2666666666666671 1.2386535000000001 19.100000000000005 1.0000000180025095e-35 0.41666666666666669
decision_type=2 2 2 2 2 2 2
left_child=2 -2 3 4 -1 -5 -3
right_child=1 6 -4 5 -6 -7 -8
leaf_value=0 -0.0064251119709864569 0.03391449480286661 -0.02540067032694205 0 -0.020141918364648796 0.035641190886790394 0
leaf_weight=567.58591626957059 8.4716942086815852 10.249450735747816 7.4066324830055228 12.657065570354463 19.389863036572933 10.972680911421774 7.7314337324351063
leaf_count=2182 45 39 40 51 106 43 35
internal_value=8.93832e-05 0.0109945 -0.00031362 0 -0.000714215 0.0178378 0.0217421
internal_weight=644.465 26.4526 618.012 610.606 586.976 23.6297 17.9809
internal_count=2541 119 2422 2382 2288 94 74
is_linear=0
shrinkage=0.05


Tree=287
num_leaves=8
num_cat=0
split_feature=126 9 98 121 42 39 95
split_gain=1.64751 2.23379 2.17525 2.7115 2.00643 3.62415 2.84286
threshold=0.1191326195839736 1.4576930000000001 2.1500000000000008 41.760000000000012 2.1666666666666674 16.150000000000002 -0.042632600000000125
decision_type=2 2 2 2 2 2 2
left_child=1 -1 4 -4 5 -2 -6
right_child=2 -3 3 -5 6 -7 -8
leaf_value=-0.033819207877168168 0 0.0011931478046306176 0 0.037444166656388014 0.0013029017191273384 0.017958423691432596 -0.015265326391640792
leaf_weight=7.4037981722503883 541.75978530198336 4.4467696435749531 6.5821752883493883 7.7732138335704803 44.012345653027296 28.96916027367115 48.100914780050516
leaf_count=55 1894 22 39 47 179 99 206
internal_value=0 -0.0177199 0.000351432 0.0189632 -4.29004e-06 0.00102854 -0.00688296
internal_weight=689.048 11.8506 677.198 14.3554 662.842 570.729 92.1133
internal_count=2541 77 2464 86 2378 1993 385
is_linear=0
shrinkage=0.05


Tree=288
num_leaves=8
num_cat=0
split_feature=107 84 25 25 115 111 37
split_gain=1.49434 1.9857 2.01233 2.52914 1.80732 1.59857 1.43167
threshold=1.0000000180025095e-35 -3.2499999999999996 18.900000000000002 16.300000000000001 1.818240438540748 1.0510285453894479 1.2869096500000003
decision_type=2 2 2 2 2 2 2
left_child=4 5 3 -3 6 -2 -1
right_child=1 2 -4 -5 -6 -7 -8
leaf_value=0.035373095277130902 0 -0.0004005547658077832 -0.022278829289778687 0.014026664325460068 -0.0035846582165853327 -0.025859902503729295 0.00042357641637264312
leaf_weight=8.1838295012712532 5.6564082019031074 675.86801049485803 9.0998086482286435 30.694389425218105 7.3731393441557875 12.751436740159987 8.9747694730758649
leaf_count=27 27 2211 40 113 27 66 30
internal_value=-9.23733e-05 -0.000570337 -7.19559e-05 0.000174464 0.0117137 -0.0163681 0.0208764
internal_weight=758.602 734.07 715.662 706.562 24.5317 18.4078 17.1586
internal_count=2541 2457 2364 2324 84 93 57
is_linear=0
shrinkage=0.05


Tree=289
num_leaves=13
num_cat=0
split_feature=112 65 114 85 38 31 24 112 40 85 85 99
split_gain=1.34026 3.06692 3.37728 2.84319 2.65904 2.64059 3.50129 2.72324 2.62985 2.78198 1.2563 1.04766
threshold=0.51550480769230778 0.22500000000000003 2.6694688448906247 -1.6249999999999998 1.5237456333333337 1.7068589000000001 1.6760124000000003 0.51159986446893757 5.6333333333333337 -0.47499999999999992 -0.22500000000000006 0.21111111111111114
decision_type=2 2 2 2 2 2 2 2 2 2 2 2
left_child=3 2 4 -1 -2 7 -7 -5 9 -3 -4 -10
right_child=1 8 10 5 -6 6 -8 -9 11 -11 -12 -13
leaf_value=-0.02441527632426041 -0.013658822395058424 -0.0019425493141331342 0.030635834338969731 -0.001266338100197498 0.00021880976826454089 -0.0034291352371031065 0.020786057217363749 -0.020882981881830361 0 0.017421279196482019 0 -0.022889672926842009
leaf_weight=12.518073022365568 46.152259986847639 18.765489831566811 9.2488696575164813 291.30656160414219 104.20307004824281 23.17180510610342 29.26721928268671 18.614272482693195 5.5988206267356855 71.261284433305264 7.8437583595514289 6.2612677440047264
leaf_count=56 191 68 27 1175 421 95 101 78 23 253 25 28
internal_value=8.49304e-05 0.00284226 -0.00106065 -0.00176537 -0.00377274 -0.000780261 0.00928624 -0.00266873 0.0096905 0.0128587 0.0189227 -0.00960049
internal_weight=644.213 269.335 167.448 374.878 150.355 362.36 52.439 309.921 101.887 90.0268 17.0926 11.8601
internal_count=2541 1036 664 1505 612 1449 196 1253 372 321 52 51
is_linear=0
shrinkage=0.05


Tree=290
num_leaves=13
num_cat=0
split_feature=72 76 16 89 17 114 35 93 23 13 19 80
split_gain=1.60976 4.4817 4.36068 3.86402 3.49463 3.40964 2.64095 2.69305 2.41898 2.19717 1.94112 0.5035
threshold=1.9500000000000002 0.89444444444444449 1.2072212000000002 0.89581420000000023 1.5983394000000002 1.6057771870547779 0.58571428571428574 -1.1374999999999997 1.7297393000000001 6.416666666666667 3.7750000000000004 -0.066600166666666669
decision_type=2 2 2 2 2 2 2 2 2 2 2 2
left_child=1 5 8 4 -4 -1 7 -3 10 -8 -2 -7
right_child=2 6 3 -5 -6 11 9 -9 -10 -11 -12 -13
leaf_value=-0.0012709248855057895 -0.017267507704010289 0.0031230663663660381 -0.018934398904399866 0.019215943183128508 0.0029720130697741447 0.0074177747526770607 -0.00015684057527273784 -0.026685085937027148 0.025957982861685942 0.0097578019800278609 0.013661402094395016 0.040342694281784934
leaf_weight=7.7988566979765919 8.9453706145286613 8.1656687185168284 70.700309328734875 7.7956311181187621 19.110763132572174 6.5654549002647462 446.73293962329626 16.943330138921738 13.030953794717787 61.523105666041374 9.113003343343733 12.111088603734965
leaf_count=27 27 32 241 28 62 21 1685 91 48 209 29 41
internal_value=0 0.00118312 -0.00499765 -0.0104335 -0.013741 0.0208868 7.42397e-05 -0.0153278 0.0103038 0.000961924 0 0.0322747
internal_weight=688.536 559.84 128.696 97.6067 89.8111 26.4754 533.365 25.109 31.0893 508.256 18.0584 18.6765
internal_count=2541 2106 435 331 303 89 2017 123 104 1894 56 62
is_linear=0
shrinkage=0.05


Tree=291
num_leaves=13
num_cat=0
split_feature=88 100 13 110 82 54 88 9 8 17 3 6
split_gain=1.49413 3.22796 2.81138 4.22531 4.13282 4.88304 3.41704 2.95355 2.41086 3.05502 2.98067 0.440999
threshold=0.099312000000000081 0.5634920634920636 5.8333333333333348 0.58592844501705821 -0.21477066666666658 1.4500000000000002 -0.75293850000000007 0.84371016666666676 0.83333333333333337 1.4389474000000002 1.1191828333333336 4.416666666666667
decision_type=2 2 2 2 2 2 2 2 2 2 2 2
left_child=2 8 3 7 6 -6 -4 -1 9 -2 -10 -5
right_child=1 -3 4 11 5 -7 -8 -9 10 -11 -12 -13
leaf_value=-0.0029257279215172934 -0.022308369842630675 -0.027950894961431272 -0.026048857232188378 0 -0.028765752792703221 0.00088216577994475068 0.0088376474273038665 0.0070088618839008318 0.0080891664954774595 0.0032557542415302984 -0.0042566141416117975 -0.02917947387055472
leaf_weight=91.497142478823662 27.580133385956287 11.854479566216467 6.8414992690086356 4.8440193720161906 29.694852989166975 19.573601387441158 46.982991136610508 293.51844062656164 78.572259541600943 14.28480653464794 123.93688406795263 8.9197461493313295
leaf_count=283 97 39 23 33 120 66 166 937 257 51 406 63
internal_value=-8.68278e-05 -0.00324708 0.00143044 0.00341275 -0.0057162 -0.0162092 0.00309706 0.00451696 -0.00173591 -0.0125467 0.000303992 -0.0223026
internal_weight=758.101 256.229 501.872 398.779 103.093 49.2685 53.8245 385.016 244.374 41.8649 202.509 13.7638
internal_count=2541 850 1691 1316 375 186 189 1220 811 148 663 96
is_linear=0
shrinkage=0.05


Tree=292
num_leaves=13
num_cat=0
split_feature=121 74 29 68 106 68 111 103 32 92 103 125
split_gain=1.31863 2.24346 4.00323 4.23115 3.43389 2.70727 3.46307 3.24827 2.12822 2.39879 2.12224 1.93931
threshold=24.57 0.10555555555555557 0.89444444444444449 0.18333333333333338 3.1250000000000004 0.13392857142857145 1.0529386853555653 3.5000000000000004 13.850000000000003 -0.70714285714285696 6.5000000000000009 0.42307827095195588
decision_type=2 2 2 2 2 2 2 2 2 2 2 2
left_child=8 2 3 -2 -4 6 -3 -7 9 -1 -11 -10
right_child=1 5 4 -5 -6 7 -8 -9 11 10 -12 -13
leaf_value=-0.024440258450318924 -0.0060109976450855272 0.016174169858257079 -0.0024382320135226897 0.033096748940841532 0.01487357361534909 0.0078360173742240656 -0.0014217024167968938 -0.0057911045553723289 -0.032944584563125955 -0.0082103283891692708 0.015452123028226496 0
leaf_weight=7.5560488179326049 6.658154126256707 44.835184808820486 104.7554611377418 22.234140150249004 37.078588984906673 48.839736972004175 59.957841876894236 261.62529988586903 11.00790571421385 12.904304191470144 21.006889849901199 5.3932367078959933
leaf_count=36 31 170 401 80 141 181 263 1019 55 54 82 28
internal_value=7.00693e-05 0.000861669 0.0057152 0.0225122 0.00180985 -0.00102259 0.00571571 -0.00346859 -0.00697491 0 0.00503833 -0.0216873
internal_weight=643.853 585.984 170.726 28.8923 141.834 415.258 104.793 310.465 57.8684 41.4672 33.9112 16.4011
internal_count=2541 2286 653 111 542 1633 433 1200 255 172 136 83
is_linear=0
shrinkage=0.05


Tree=293
num_leaves=13
num_cat=0
split_feature=9 24 10 74 29 106 34 23 60 17 34 24
split_gain=1.58984 3.28986 4.0931 2.92929 4.33875 3.91016 2.51328 2.4135 3.72098 2.70518 1.57912 0.298284
threshold=0.75941916666666665 2.3825090000000002 1.3788963333333337 1.0000000180025095e-35 1.4722222222222225 2.6583333333333337 6.7071428571428582 1.5306644000000003 2.3000000000000003 1.1843720000000004 5.354166666666667 1.4675467000000002
decision_type=2 2 2 2 2 2 2 2 2 2 2 2
left_child=1 2 10 4 5 -2 -4 9 -9 -5 -1 -6
right_child=3 -3 6 7 11 -7 -8 8 -10 -11 -12 -13
leaf_value=-0.030104328401689962 0.021137441947329253 -0.018415422560433988 0.019992098272889738 -0.011339204510223628 0.0087425434142941929 -0.013371186600535585 -0.0039811432121430942 0.0054959045012750998 -0.010008865608347947 -0.0013696420377795494 0 0.039466239048525961
leaf_weight=5.9076559990644437 12.224231503903864 9.485321640968321 54.591227758675814 106.41105642542243 7.182077810168269 20.628535263240337 9.1610740497708303 172.40851932391524 47.468260288238525 226.27975786477327 6.5481990538537502 9.6102244108915311
leaf_count=20 41 43 194 498 24 76 52 578 160 793 31 31
internal_value=0 0.00636086 0.0102908 -0.00087982 0.0104769 0 0.0157667 -0.00200757 0.00189212 -0.00473267 -0.0131092 0.0303658
internal_weight=687.906 85.6935 76.2082 602.213 49.6451 32.8528 63.7523 552.568 219.877 332.691 12.4559 16.7923
internal_count=2541 340 297 2201 172 117 246 2029 738 1291 51 55
is_linear=0
shrinkage=0.05


Tree=294
num_leaves=12
num_cat=0
split_feature=6 89 16 37 111 100 9 30 19 94 64
split_gain=1.5251 4.41111 3.64098 3.91193 2.73468 2.7065 2.64693 3.35248 2.32146 1.41337 0.479021
threshold=5.166666666666667 -0.49910249999999984 2.3185910000000001 1.2313364500000001 1.0655454422641377 0.19090909090909094 1.5485805000000001 0.90346504999999999 5.6333333333333337 -0.16063976249999998 1.5500000000000003
decision_type=2 2 2 2 2 2 2 2 2 2 2
left_child=1 5 3 -3 6 -1 7 -2 -8 -7 -6
right_child=4 2 -4 -5 10 9 8 -9 -10 -11 -12
leaf_value=0 0.033907908445812728 0.004774580014465392 0.023898287724858493 -0.007178309472431638 -0.033553799538340749 0.0069928084226492885 -0.00095943825319597543 0.00027476047385679525 -0.015273877373686693 0.040554585290465267 -0.0040050911692856572
leaf_weight=10.292199373245237 6.721129097044467 136.66896753013134 14.563510224223135 132.38781138882041 7.1492886990308744 10.218044959008694 78.81588426604867 287.61090886220336 52.201317802071571 12.813215769827366 7.6490330249071121
leaf_count=38 21 418 47 485 29 36 303 935 163 42 24
internal_value=-8.87072e-05 0.00248124 0.000252103 -0.000926426 -0.00205406 0.0194369 -0.0011682 0.00132429 -0.00711399 0.0286558 -0.0226657
internal_weight=757.091 316.944 283.62 269.057 440.148 33.3235 425.349 294.332 131.017 23.0313 14.7983
internal_count=2541 1066 950 903 1475 116 1422 956 466 78 53
is_linear=0
shrinkage=0.05


Tree=295
num_leaves=14
num_cat=0
split_feature=82 82 5 78 70 116 34 106 96 3 31 58 3
split_gain=1.31789 2.66169 3.10743 2.97815 2.63961 2.70871 2.24554 3.26774 2.75814 2.5092 3.38063 2.62999 2.09996
threshold=0.29574116666666672 0.48901400000000023 6.166666666666667 1.1666666666666672 2.0500000000000003 0.55367141594750369 3.7500000000000004 3.0750000000000006 -0.27339384999999999 1.3072161666666668 0.78535846000000009 1.1000000000000003 1.2989348333333337
decision_type=2 2 2 2 2 2 2 2 2 2 2 2 2
left_child=6 4 3 -3 5 -2 7 8 -1 10 -8 -11 -4
right_child=1 2 12 -5 -6 -7 9 -9 -10 11 -12 -13 -14
leaf_value=0 -0.023185008314361155 0 0.00048863263768976234 -0.028735272618447428 0.011971786764896566 0.001068375103276213 -0.011957378921779699 -0.0049207846946268726 0.034648878626430971 -0.016188162101746419 0.0059947320709132015 -0.00075098719476403503 0.041167016810140275
leaf_weight=5.9091081917285946 38.460997529327869 68.404008619487286 10.51610751450062 8.8808773159980756 6.5247559174895278 10.79693418368697 27.19596297852695 10.931195169687269 16.740176782011986 33.854184202849865 224.28601606562734 174.5803120881319 6.2890407368540755
leaf_count=23 168 274 46 38 25 47 139 42 57 134 860 664 24
internal_value=7.65955e-05 -0.00392945 0.000729503 -0.0030188 -0.0125428 -0.0169585 0.00139981 0.0137334 0.024678 0.000362963 0.00381564 -0.00356237 0.0199771
internal_weight=643.37 149.873 94.09 77.2849 55.7827 49.2579 493.497 33.5805 22.6493 459.916 251.482 208.434 16.8051
internal_count=2541 622 382 312 240 215 1919 122 80 1797 999 798 70
is_linear=0
shrinkage=0.05


Tree=296
num_leaves=11
num_cat=0
split_feature=82 96 123 2 74 16 33 31 75 123
split_gain=1.57845 2.5964 3.0256 2.71578 2.55226 2.99182 2.81779 2.02483 1.42073 1.18487
threshold=1.0170083333333333 0.31937280000000007 0.60493309524659344 1.6959588333333335 0.38750000000000007 1.3246568000000003 3.5857142857142863 1.2017115000000003 1.9500000000000002 0.64369517438361856
decision_type=2 2 2 2 2 2 2 2 2 2
left_child=1 4 3 -3 5 -1 -6 -2 -9 -4
right_child=7 2 9 -5 6 -7 -8 8 -10 -11
leaf_value=0.0039316350052426268 -0.003463930830584517 -0.010060476197999395 -0.03488560925963341 0.016177733678762903 -0.0090610105851375126 -0.0041517524821915132 0.010726654758426662 0.036506077334304006 0.0013340748031913478 -0.0011088347655863514
leaf_weight=179.28746581822634 8.2732159569859522 31.497991673648357 12.904692009091379 12.641850389540194 18.425047785043716 300.61468718200922 98.728607915341854 8.2255401909351367 9.0560566633939725 7.3004358392208806
leaf_count=577 37 104 53 47 56 1225 352 25 30 35
internal_value=0 -0.000453184 -0.0099553 -0.00124615 0.000502192 -0.001026 0.00714107 0.0119783 0.0218911 -0.0256673
internal_weight=686.956 661.401 64.345 44.1398 597.056 479.902 117.154 25.5548 17.2816 20.2051
internal_count=2541 2449 239 151 2210 1802 408 92 55 88
is_linear=0
shrinkage=0.05


Tree=297
num_leaves=12
num_cat=0
split_feature=34 123 128 86 29 89 82 127 113 117 113
split_gain=1.43432 3.92832 2.16437 4.60077 4.99682 4.28093 2.11253 3.19829 3.15768 1.98084 1.53034
threshold=3.8166666666666669 0.59262397819569679 0.82437198721542115 -0.20000000000000001 1.8785714285714288 -0.12117979999999993 0.19197683333333324 0.46216172554498597 0.52325721153846161 77.950000000000003 0.50193479279641162
decision_type=2 2 2 2 2 2 2 2 2 2 2
left_child=1 9 6 4 -4 -5 7 -2 -8 10 -1
right_child=2 -3 3 5 -6 -7 8 -9 -10 -11 -12
leaf_value=5.5115442228262503e-05 -0.0011901737937946202 -0.031703943848377485 0.02068318748648219 -0.011464391341822191 -0.0066605959447771368 0.0051333568588956538 -0.0002043861122591348 -0.014206699523459189 0.017517932741175104 0.015829804073004789 -0.021035158093515305
leaf_weight=14.216896265745165 260.29598662257195 12.207558609545229 63.44693660736084 57.669171154499054 18.705209340900183 112.83965895697474 103.33869834989309 60.039850696921349 30.168962687253952 12.176200017333029 11.376168936491011
leaf_count=58 792 52 207 198 72 415 340 233 93 41 40
internal_value=-7.87216e-05 -0.00823219 0.000438189 0.00419258 0.0138508 -0.000222885 -0.00154662 -0.00382205 0.0035291 0 -0.00787784
internal_weight=756.481 49.9768 706.504 252.661 82.1521 170.509 453.843 320.336 133.508 37.7693 25.5931
internal_count=2541 191 2350 892 279 613 1458 1025 433 139 98
is_linear=0
shrinkage=0.05


Tree=298
num_leaves=10
num_cat=0
split_feature=95 95 19 4 90 91 41 123 109
split_gain=1.32131 2.49157 3.34482 2.98127 2.0705 5.78666 4.26216 2.06649 1.2521
threshold=0.60674060000000019 0.17027725999999996 3.1000000000000005 15.833333333333334 0.19999999999999987 0.40000000000000002 4.1055555555555561 0.60000477468229196 0.2295420056576212
decision_type=2 2 2 2 2 2 2 2 2
left_child=1 4 -3 -4 6 -6 -1 8 -2
right_child=7 2 3 -5 5 -7 -8 -9 -10
leaf_value=-0.010940509180651439 0.036373935784811733 0.021098798332440608 -0.014553972064586102 0.0035093509324748426 0.018759667761477427 0 0.0021028170790083627 -0.004504459436866586 0.001755374152158721
leaf_weight=84.056369543075562 7.5614119470119538 7.7615278214216223 80.434406951069832 25.698999382555485 55.098926931619644 140.00630035810173 225.44122276082635 8.0871249772608262 8.8737465590238553
leaf_count=324 26 26 335 119 195 572 872 42 30
internal_value=6.8246e-05 -0.000312931 -0.00702068 -0.0097215 0.00111309 0.00518689 -0.00130241 0.0112769 0.021723
internal_weight=643.02 618.498 113.895 106.133 504.603 195.105 309.498 24.5223 16.4352
internal_count=2541 2443 480 454 1963 767 1196 98 56
is_linear=0
shrinkage=0.05


Tree=299
num_leaves=13
num_cat=0
split_feature=8 116 77 6 72 16 15 2 102 17 17 79
split_gain=1.5237 4.54005 4.73892 2.96194 2.38607 2.29209 4.53573 3.93427 3.04573 2.69137 1.90335 1.78766
threshold=2.1666666666666674 -0.85441973379933389 0.18333333333333338 3.5833333333333335 1.4142857142857144 2.0543803000000005 0.45000000000000007 1.8686476666666667 6.5000000000000009 1.3390758 0.8888039000000002 0.83333333333333337
decision_type=2 2 2 2 2 2 2 2 2 2 2 2
left_child=5 -2 3 -3 -4 6 10 -8 11 -10 -1 -7
right_child=1 2 4 -5 -6 8 7 -9 9 -11 -12 -13
leaf_value=0 0.03088739028401849 0.016161160292163346 0.016162885687958387 -0.015960336290985717 -0.00245703180230395 -0.027632312222630562 -0.0027822361542697346 0.010472743876546191 -0.0075584485099023909 0.017363362507196736 0.034017154116446291 0
leaf_weight=7.3192382566630867 14.035072967410086 6.3270908147096625 47.090764980763197 41.169766880571842 19.871665641665459 23.212971162050962 387.14171492680907 63.776293363422155 39.287784334272146 13.683213502168654 12.687009334564207 10.885278798639773
leaf_count=31 49 22 176 204 72 127 1284 235 198 53 40 50
internal_value=0 0.00490962 0.00105123 -0.0104054 0.00994672 -0.0011093 0.000171467 -0.000777832 -0.00852748 0 0.0229663 -0.0199852
internal_weight=686.488 128.494 114.459 47.4969 66.9624 557.994 470.924 450.918 87.0692 52.971 20.0062 34.0982
internal_count=2541 523 474 226 248 2018 1590 1519 428 251 71 177
is_linear=0
shrinkage=0.05


Tree=300
num_leaves=14
num_cat=0
split_feature=6 89 32 10 123 111 112 62 20 52 48 82 125
split_gain=1.50083 4.17261 4.07176 4.02804 3.94696 2.64593 4.46893 4.38958 3.21829 2.94639 2.3398 2.13047 2.67267
threshold=5.166666666666667 -0.49910249999999984 11.472222222222223 1.3788963333333337 0.46021774137965782 1.0485502254350643 0.45173688884176494 0.36666666666666675 6.9000000000000012 0.83333333333333337 0.83333333333333337 -0.48071199999999997 0.21969903342470856
decision_type=2 2 2 2 2 2 2 2 2 2 2 2 2
left_child=1 11 4 -4 -3 7 -7 9 -8 -2 -9 12 -1
right_child=5 2 3 -5 -6 6 8 10 -10 -11 -12 -13 -14
leaf_value=0 -0.028068706109705771 0.0071240828231168346 0.014441792712490246 -0.00029955512904977018 -0.015405722416106644 0.035021235682195548 -0.0078826935249562829 0 0.0014562928685743089 0.0047949328584611772 0.039437684745497761 0 0.035547379934429815
leaf_weight=5.3017516806721714 7.641737073659896 23.939296498894691 65.761013265699148 131.0987781137228 61.945609800517559 6.080694153904914 243.9502768702805 7.822066172957423 134.71369157359004 27.223627783358097 11.984851054847239 9.7149114012718183 18.269548967480659
leaf_count=25 28 79 220 412 239 18 816 28 456 90 39 33 58
internal_value=-8.34373e-05 0.00246985 0.000290842 0.00442019 -0.00854064 -0.00203474 -0.00359112 0.00788759 -0.00443347 -0.00159575 0.0262582 0.0189724 0.0268148
internal_weight=755.448 316.031 282.745 196.86 85.8849 439.417 384.745 54.6723 378.664 34.8654 19.8069 33.2862 23.5713
internal_count=2541 1066 950 632 318 1475 1290 185 1272 118 67 116 83
is_linear=0
shrinkage=0.05


Tree=301
num_leaves=16
num_cat=0
split_feature=63 89 37 95 110 51 87 9 91 121 9 21 74 94 98
split_gain=1.34781 2.81975 2.8615 3.41509 3.08155 2.35195 3.95153 6.13416 3.39602 3.33569 4.29204 3.80891 2.35082 2.95335 1.89547
threshold=1.1000000000000003 -0.083164099999999977 1.2140110000000002 -0.033433599999999945 0.41287853914532596 1.4166666666666667 0.26370600000000038 1.5697783333333335 0.40000000000000002 41.760000000000012 1.2293425000000002 1.3666666666666669 0.35416666666666669 -0.6565508166666667 0.099999999999999936
decision_type=2 2 2 2 2 2 2 2 2 2 2 2 2 2 2
left_child=1 2 4 -4 -1 9 8 -8 -7 11 -11 -2 13 -3 -14
right_child=5 12 3 -5 -6 6 7 -9 -10 10 -12 -13 14 -15 -16
leaf_value=-0.011317374934878626 -0.021512062486425135 -0.00090589552034851068 -0.0031867577991997196 0.02086601262236153 0.019522512054338623 0.0099652035400425807 -0.022509230815313103 0.002192198865252834 -0.0086755342422029941 -0.013901156212421531 0.012637606274181305 -0.00073614934425874517 -0.018412626394319991 0.019969592308702697 0.010179575368700783
leaf_weight=69.498786680400372 50.758208610117435 17.85247890651226 27.754580151289701 24.532375328242779 7.1936685293912879 129.7107048779726 36.012352157384157 68.789423629641533 26.412670945748687 22.580004591494799 39.40998812764883 47.73723479360342 10.759783044457437 54.97094165161252 8.5433404073119146
leaf_count=293 227 64 104 83 26 494 169 277 106 93 149 194 36 195 31
internal_value=8.18726e-05 0.0033069 -0.00112922 0.00733998 -0.00756702 -0.00149569 0.00127751 -0.00595573 0.00645823 -0.00629411 0.0021098 -0.0120539 0.00999991 0.0142318 -0.00341727
internal_weight=642.517 221.106 128.979 52.287 76.6925 421.411 260.925 104.802 156.123 160.485 61.99 98.4954 92.1265 72.8234 19.3031
internal_count=2541 832 506 187 319 1709 1046 446 600 663 242 421 326 259 67
is_linear=0
shrinkage=0.05


Tree=302
num_leaves=8
num_cat=0
split_feature=126 98 84 6 121 21 9
split_gain=1.53729 2.12784 2.66203 3.02758 2.4195 2.29158 2.09886
threshold=0.1191326195839736 2.1500000000000008 2.4166666666666674 6.416666666666667 41.760000000000012 0.63333333333333341 1.4576930000000001
decision_type=2 2 2 2 2 2 2
left_child=6 2 5 -4 -3 -2 -1
right_child=1 4 3 -5 -6 -7 -8
leaf_value=-0.033256648642734719 0.0081558220944328418 0 -0.031800281399408499 0.0012707790057396107 0.035840585759118422 -0.00059162910983435492 0.00064568499847285528
leaf_weight=7.1475211139768344 84.612734962254763 6.4512156136333925 12.892682559788229 8.3312638178467733 7.9098413996398449 553.95204281061888 4.4090386182069778
leaf_count=55 308 39 66 45 47 1959 22
internal_value=0 0.000337549 -1.51588e-05 -0.0170957 0.0187431 0.00050021 -0.017319
internal_weight=685.706 674.15 659.789 21.2239 14.3611 638.565 11.5566
internal_count=2541 2464 2378 111 86 2267 77
is_linear=0
shrinkage=0.05


Tree=303
num_leaves=10
num_cat=0
split_feature=107 84 42 115 89 115 109 37 80
split_gain=1.41846 1.82503 2.064 4.9147 2.30556 1.72912 1.57354 1.27666 0.512556
threshold=1.0000000180025095e-35 -3.2499999999999996 1.0000000180025095e-35 1.6057771870547779 -0.19177970000000008 1.818240438540748 0.2467439541261531 1.2869096500000003 0.12756150000000008
decision_type=2 2 2 2 2 2 2 2 2
left_child=5 6 3 -3 -4 7 8 -1 -2
right_child=1 2 4 -5 -6 -7 -8 -9 -10
leaf_value=0.034399938558834948 -0.0099337060459488771 0.030574557909656314 -0.0047540382297346518 -0.0012955393119593213 0.0012978533105703091 -0.0033858230283373399 -0.028647750147901607 0.00064994557642639172 0.012278202019898867
leaf_weight=8.0860920846462303 4.6842707395553607 17.114123411476612 243.03311858326197 28.148756943643093 423.93078377842903 7.335414692759513 9.6086502224206907 8.9140975177288038 3.779133502393961
leaf_count=27 31 58 796 101 1409 27 37 30 25
internal_value=-7.07952e-05 -0.000539147 -5.96963e-05 0.0100743 -0.00083634 0.0114772 -0.015819 0.0205 0
internal_weight=754.634 730.299 712.227 45.2629 666.964 24.3356 18.0721 17.0002 8.4634
internal_count=2541 2457 2364 159 2205 84 93 57 56
is_linear=0
shrinkage=0.05


Tree=304
num_leaves=9
num_cat=0
split_feature=127 25 95 87 117 96 124 83
split_gain=1.33441 1.58712 1.61165 2.51337 2.39824 1.58344 0.962445 0.251618
threshold=0.69394085058983268 20.100000000000005 0.60674060000000019 0.59031710000000037 106.15000000000002 -0.059237100000000036 0.47140487455131846 -1.5833333333333333
decision_type=2 2 2 2 2 2 2 2
left_child=1 2 4 -4 -1 6 -2 -7
right_child=5 -3 3 -5 -6 7 -8 -9
leaf_value=0.00040459028376604053 0.015593365913631805 0.023609775769927066 0.022942891439853352 -0.0085712023594129265 -0.01473596746387951 0 -0.011003294344241582 -0.029514001266162465
leaf_weight=561.86144249327481 5.6509642750024813 6.4501648247241965 17.609288714826111 6.1219278387725344 26.307804614305496 4.7058271467685699 5.516021154820919 7.8493537306785566
leaf_count=2170 26 21 63 32 128 26 30 45
internal_value=6.12063e-05 0.000592759 0.000230427 0.0127736 -0.000211618 -0.0112355 0 -0.0228531
internal_weight=642.073 618.351 611.9 23.7312 588.169 23.7222 11.167 12.5552
internal_count=2541 2414 2393 95 2298 127 56 71
is_linear=0
shrinkage=0.05


Tree=305
num_leaves=11
num_cat=0
split_feature=82 96 20 2 128 117 106 31 21 75
split_gain=1.49478 2.43044 2.87808 2.90622 2.04054 4.25565 2.87342 1.91569 1.79923 1.31698
threshold=1.0170083333333333 0.31937280000000007 4.9000000000000012 1.9576100000000001 0.74243387556622953 72.950000000000003 3.4750000000000005 1.2017115000000003 1.4500000000000002 1.9500000000000002
decision_type=2 2 2 2 2 2 2 2 2 2
left_child=1 4 8 -4 5 -1 -6 -2 -3 -9
right_child=7 2 3 -5 6 -7 -8 9 -10 -11
leaf_value=0.00058613243192282482 -0.0032679470846139341 -0.010858567185544387 -0.025665819325929148 0.0010206094750793034 0.00064313901342657369 -0.019053789916933142 0.014087331896065793 0.035407551723522425 0.01482400402726459 0.0012511992179915171
leaf_weight=82.59006317704916 8.2409808337688464 9.9744689688086527 29.970594137907028 9.9729337934404594 431.93759309872985 37.283452890813351 44.109699185937643 8.2307091206312197 14.131806582212446 9.0484718978404981
leaf_count=285 37 36 110 49 1626 129 170 25 44 30
internal_value=0 -0.000446427 -0.00966244 -0.0179195 0.000474878 -0.00521578 0.00202058 0.0116594 0.00219654 0.0213034
internal_weight=685.491 659.971 64.0498 39.9435 595.921 119.874 476.047 25.5202 24.1063 17.2792
internal_count=2541 2449 239 159 2210 414 1796 92 80 55
is_linear=0
shrinkage=0.05


Tree=306
num_leaves=10
num_cat=0
split_feature=10 36 24 18 81 88 96 92 124
split_gain=1.41374 2.76197 2.00241 3.50767 3.15945 2.12964 7.00437 3.21463 0.104249
threshold=0.64857566666666677 1.1458333333333337 0.87556180000000017 14.100000000000001 -0.090517166666666746 0.47168590000000016 0.052596199999999989 0.59999999999999998 0.56139945610327846
decision_type=2 2 2 2 2 2 2 2 2
left_child=1 8 3 4 -2 7 -7 -4 -1
right_child=2 -3 5 -5 -6 6 -8 -9 -10
leaf_value=-0.032999946409022839 0.050727164099912264 0.0088136125646189611 -0.00073286986719095591 -0.0037918833199529589 0 0.0026073770882767437 -0.026283561694927893 0.0090152961558413389 -0.0051481577709471451
leaf_weight=8.1033340469002741 7.360961340367794 6.1966017484664908 525.78234604746103 11.02629069238901 7.2793582901358622 52.881936930119991 31.071126393973827 98.595525458455086 6.1195522472262374
leaf_count=42 30 21 1738 36 31 173 103 340 27
internal_value=-6.40593e-05 -0.012775 0.000238426 0.0137203 0.0295056 -0.000198261 -0.00768016 0.000738466 -0.0254263
internal_weight=754.417 20.4195 733.998 25.6666 14.6403 708.331 83.9531 624.378 14.2229
internal_count=2541 90 2451 97 61 2354 276 2078 69
is_linear=0
shrinkage=0.05


Tree=307
num_leaves=11
num_cat=0
split_feature=3 5 17 3 82 10 17 118 45 82
split_gain=1.27414 2.37184 1.63223 3.06238 4.31796 3.22643 2.51105 4.81367 3.01389 0.706609
threshold=0.55103581666666679 4.8333333333333348 1.1787130000000003 1.0872526666666669 -0.49473900000000004 1.1873736666666668 1.2717269000000002 56.550000000000004 0.83333333333333337 -0.20646249999999997
decision_type=2 2 2 2 2 2 2 2 2 2
left_child=1 -1 3 5 -5 -2 7 -4 -8 -3
right_child=2 9 6 4 -6 -7 8 -9 -10 -11
leaf_value=0.0069497334879473315 0.011049111549539845 0 0.013439883117978372 -0.0099582051035993005 0.018995870097539998 -0.0051222653051541667 -0.0068332720343479373 -0.019893797036863337 0.0032619939460806035 -0.031242795435179296
leaf_weight=7.1764082796871689 43.819295533001423 5.6009489819407472 11.980589047074316 13.437456943094729 56.374645639210939 97.88123581558466 102.88513635098934 40.798512484878302 252.41154525056481 9.548729727044698
leaf_count=28 165 30 43 52 217 407 410 166 961 62
internal_value=4.69249e-05 -0.0113322 0.000555127 0.00416365 0.0126548 0 -0.00119861 -0.0112883 0.000187348 -0.0229826
internal_weight=641.915 22.3261 619.588 211.513 69.8121 141.701 408.076 52.7791 355.297 15.1497
internal_count=2541 120 2421 841 269 572 1580 209 1371 92
is_linear=0
shrinkage=0.05


Tree=308
num_leaves=14
num_cat=0
split_feature=102 106 88 94 57 81 111 87 22 76 25 88 11
split_gain=1.51027 2.43464 3.96455 3.59894 2.32432 2.28422 2.26076 2.84934 2.56661 2.14771 1.90939 1.45517 1.2525
threshold=3.5000000000000004 3.5250000000000004 0.076767700000000008 0.14617696249999992 1.5500000000000003 -0.78488366666666654 1.0510285453894479 0.65539760000000025 2.2916666666666674 1.0500000000000003 13.700000000000001 0.44288940000000016 11.583333333333334
decision_type=2 2 2 2 2 2 2 2 2 2 2 2 2
left_child=4 6 3 -3 5 -1 8 -8 -2 -6 -7 -11 -4
right_child=1 2 12 -5 9 10 7 -9 -10 11 -12 -13 -14
leaf_value=0.022154347261529043 -0.0075301499923979484 -0.015623665686442662 0.045145910340748295 0.022908766561566443 0 -0.01054842228041292 0.0039253053374330715 -0.0073207890278081779 0.01299270815601954 -0.034784757917461259 0.0095259522456537446 0 0.006110841007234225
leaf_weight=8.3712417259812337 136.09516164287925 14.457325067371132 8.4850505143404025 8.9544847570359689 8.1166792586445826 40.11321996152401 342.15305519849062 64.096978936344385 14.650306984782217 13.935602918267252 13.434573486447333 4.7057056464254847 7.5469428449869147
leaf_count=30 485 51 30 37 30 147 1225 278 60 75 44 23 26
internal_value=0 0.000934651 0.0127828 0 -0.00602355 0 0 0.00201453 -0.00513364 -0.0180709 -0.00451304 -0.0271085 0.0311438
internal_weight=685.116 596.439 39.4438 23.4118 88.677 61.919 556.996 406.25 150.745 26.758 53.5478 18.6413 16.032
internal_count=2541 2192 144 88 349 221 2048 1503 545 128 191 98 56
is_linear=0
shrinkage=0.05


Tree=309
num_leaves=13
num_cat=0
split_feature=6 89 32 83 96 111 100 70 127 112 94 97
split_gain=1.39851 3.92894 3.7974 3.07283 3.00666 2.58289 2.49704 2.38916 2.49971 1.76923 1.23145 1.04979
threshold=5.166666666666667 -0.49910249999999984 11.472222222222223 -0.83333333333333315 0.13425330000000016 1.0655454422641377 0.19090909090909094 0.55000000000000016 0.36301077403092086 0.49041886866314349 -0.16063976249999998 0.49999999999999989
decision_type=2 2 2 2 2 2 2 2 2 2 2 2
left_child=1 6 4 -4 -3 7 -1 9 -9 -2 -8 -7
right_child=5 2 3 -5 -6 11 10 8 -10 -11 -12 -13
leaf_value=0 -0.039906746849856067 -0.014945816095302484 -0.0059548308563443847 0.0079980264735452326 0.0036706929322735658 -0.033701204457045546 0.0065688245948200136 0.0024281504403838024 -0.0057618827746765758 0 0.038532393237631329 0
leaf_weight=10.222738049924372 5.8262506127357465 57.335273444652557 48.772926367819309 147.91786803305149 28.164195373654366 8.0262759514152986 10.202934309840202 270.26045382767916 139.83651676028967 7.931122288107872 12.784064561128616 6.6407551467418662
leaf_count=38 20 219 177 455 99 32 36 860 511 31 42 21
internal_value=-6.15021e-05 0.00240377 0.000281946 0.00427263 -0.00826381 -0.0019498 0.0184365 -0.00108578 -0.000250117 -0.0209031 0.0272949 -0.0220644
internal_weight=753.921 315.4 282.19 196.691 85.4995 438.521 33.2097 423.854 410.097 13.7574 22.987 14.667
internal_count=2541 1066 950 632 318 1475 116 1422 1371 51 78 53
is_linear=0
shrinkage=0.05


Tree=310
num_leaves=16
num_cat=0
split_feature=63 89 96 2 98 82 116 88 51 109 4 40 102 57 98
split_gain=1.29328 2.59626 2.75636 3.76392 3.04547 2.34558 4.04229 3.26288 2.21618 3.72054 6.13394 2.98294 2.91995 6.55356 3.5704
threshold=1.1000000000000003 -0.083164099999999977 -0.25070742499999993 1.8686476666666667 0.049999999999999996 -0.0091519999999999362 -0.10093223006164541 -0.51870159999999987 1.4166666666666667 0.23725953425582186 14.833333333333334 4.9500000000000011 7.5000000000000009 1.4500000000000002 1.5375000000000003
decision_type=2 2 2 2 2 2 2 2 2 2 2 2 2 2 2
left_child=1 2 3 -1 -4 7 -7 -3 9 11 -11 -2 14 -14 -10
right_child=8 5 4 -5 -6 6 -8 -9 12 10 -12 -13 13 -15 -16
leaf_value=-0.0011832217069564655 -0.026768818428581725 -0.010349271080152236 0.0065605485193046187 0.024122547437354654 -0.015434723348846189 0.024193117525641291 -0.0072203744567330141 0.023454086327433985 -0.0044704891811224454 -0.0081670880330937667 0.017556392312417301 0 0.020100263210177754 -0.0051840246469080252 0.030989828346225923
leaf_weight=43.352055601775646 30.727399580180645 5.8432440012693396 18.884747356176376 18.965802531689405 47.369846072047949 13.136501640081404 34.610340550541878 38.775707975029945 158.23886635154486 88.807142868638039 29.861214742064476 10.405473560094832 52.643232598900795 43.852513842284679 6.193347889930009
leaf_count=166 173 22 68 74 198 44 132 128 632 336 106 48 202 177 35
internal_value=3.54979e-05 0.00319906 -0.00105711 0.00598801 -0.00841757 0.00960701 0.000715658 0.0178014 -0.00151088 -0.00618125 -0.0011837 -0.0190422 0.00117121 0.00816165 -0.00265338
internal_weight=641.667 220.938 128.572 62.3179 66.2546 92.3658 47.7468 44.619 420.729 159.801 118.668 41.1329 260.928 96.4957 164.432
internal_count=2541 832 506 240 266 326 176 150 1709 663 442 221 1046 379 667
is_linear=0
shrinkage=0.05


Tree=311
num_leaves=11
num_cat=0
split_feature=76 72 16 65 90 19 103 87 126 9
split_gain=1.51081 2.16028 4.88337 3.01477 2.78965 3.31328 3.14677 2.4392 1.63124 1.04782
threshold=0.63333333333333341 1.9500000000000002 1.2072212000000002 0.22500000000000003 -0.20000000000000009 5.4500000000000011 6.5000000000000009 -0.30479109999999981 0.27255009600879226 1.8794490000000004
decision_type=2 2 2 2 2 2 2 2 2 2
left_child=8 4 7 -4 5 -2 -6 -3 9 -1
right_child=1 2 3 -5 6 -7 -8 -9 -10 -11
leaf_value=0.026097409693273961 0.0025256950456376192 -0.0014641328752990166 -8.1429453564675614e-05 -0.021621067235435578 -0.0082356150717768969 0.021952290897305656 0.0015449676544438814 0.02660459691082397 -0.0052581725245821739 0.00061478750243930229
leaf_weight=13.792293913662435 188.26064672321081 11.573160961270334 32.183800712227821 45.915849044919014 129.0527297668159 25.641944855451584 207.163922438398 12.009578734636305 7.4094539135694495 11.609209671616552
leaf_count=47 595 37 107 161 550 96 842 40 26 40
internal_value=0 -0.000499322 -0.00720052 -0.0134902 0.000659401 0.00517847 -0.00207421 0.0112968 0.0103391 0.0168094
internal_weight=684.613 651.802 101.682 78.0996 550.119 213.903 336.217 23.5827 32.811 25.4015
internal_count=2541 2428 345 268 2083 691 1392 77 113 87
is_linear=0
shrinkage=0.05


Tree=312
num_leaves=9
num_cat=0
split_feature=72 9 23 15 100 118 111 102
split_gain=1.38536 1.58885 3.75755 3.35847 3.06759 2.77706 2.62261 2.32057
threshold=2.6500000000000008 0.84371016666666676 1.0110453200000002 2.2250000000000005 0.27922077922077926 94.050000000000026 1.0575807913017219 6.5000000000000009
decision_type=2 2 2 2 2 2 2 2
left_child=1 4 5 -4 7 -3 -6 -1
right_child=-2 2 3 -5 6 -7 -8 -9
leaf_value=-0.0077687191521674265 -0.018601671897330262 0.014614266149758418 0.00061291375982700555 -0.018177543895739477 -0.021150297715008398 -0.01059026760651418 0.0033699294206711015 0.007465138930422526
leaf_weight=44.232514582574368 8.9919753782451135 74.679805442690849 489.7167099006474 23.913762737065554 37.075512677431107 9.6733216643333417 10.38926340639591 54.134690761566162
leaf_count=142 46 240 1645 119 115 31 34 169
internal_value=-6.86355e-05 0.000112953 0.00132035 -0.000198403 -0.00447272 0.0110479 -0.0147928 0.000102543
internal_weight=752.808 743.816 597.984 513.63 145.832 84.3531 47.4648 98.3672
internal_count=2541 2495 2035 1764 460 271 149 311
is_linear=0
shrinkage=0.05


Tree=313
num_leaves=9
num_cat=0
split_feature=127 96 25 109 93 103 14 31
split_gain=1.25687 1.53261 1.46302 1.51889 4.01395 3.75342 0.956018 0.26459
threshold=0.69394085058983268 -0.059237100000000036 20.100000000000005 0.27139815317599131 0.63333333333333341 3.5000000000000004 1.1000000000000003 1.7507380500000005
decision_type=2 2 2 2 2 2 2 2
left_child=2 6 3 5 -5 -1 -2 -3
right_child=1 7 -4 4 -6 -7 -8 -9
leaf_value=0.0098494329542647002 0.015450715746008429 -0.029065124189433751 0.022561715582141349 0.0011485135709775694 0.024942204428779775 -0.0034601361286147841 -0.011069705470469225 0
leaf_weight=60.056127041578293 5.7022621929645556 7.8085585162043554 6.5162562578916541 174.39093086123466 19.580106288194656 356.87731378152966 5.4473751112818718 4.5579008460044861
leaf_count=235 27 46 21 612 65 1481 29 25
internal_value=4.44662e-05 -0.0109663 0.000561747 0.000208882 0.00392239 -0.00140438 0 -0.0225217
internal_weight=640.937 23.5161 617.421 610.904 193.971 416.933 11.1496 12.3665
internal_count=2541 127 2414 2393 677 1716 56 71
is_linear=0
shrinkage=0.05


Tree=314
num_leaves=12
num_cat=0
split_feature=38 38 126 47 22 80 82 2 72 9 22
split_gain=1.47111 4.16554 3.74548 3.36362 4.03235 3.96426 2.83206 4.99794 3.71297 1.78737 0.841337
threshold=1.5132706000000002 1.4916186000000005 0.1576825088071673 0.41666666666666669 2.2250000000000005 -0.77254791666666645 -0.46950816666666634 1.3284611666666668 1.0500000000000003 0.62278483333333345 1.5500000000000003
decision_type=2 2 2 2 2 2 2 2 2 2 2
left_child=1 6 9 4 -4 -5 7 -1 -8 -2 -3
right_child=2 10 3 5 -6 -7 8 -9 -10 -11 -12
leaf_value=0.028427054435358253 0 0.0058390922118148753 -0.0056362175668664199 -0.013346769582301058 0.0086431435431486327 0.018507259812253953 -0.020800504791620988 0 0.0004769540680786705 -0.029387239065252358 0.041664027853301762
leaf_weight=23.077444389462471 3.465893633663657 7.5172882676124555 252.01119393482804 10.150077637284992 58.366011917591095 40.205534338951111 21.406883157789707 43.014623589813709 200.85771795734763 16.643671523779631 7.0580335333943367
leaf_count=71 20 27 932 41 226 175 86 148 675 117 23
internal_value=0 0.00262925 -0.00203204 -0.000688721 -0.00277129 0.010978 0.00108395 0.0101867 -0.00143237 -0.0225863 0.0279585
internal_weight=683.774 302.932 380.842 360.733 310.377 50.3556 288.357 66.0921 222.265 20.1096 14.5753
internal_count=2541 1030 1511 1374 1158 216 980 219 761 137 50
is_linear=0
shrinkage=0.05


Tree=315
num_leaves=13
num_cat=0
split_feature=39 128 25 37 37 111 2 30 90 24 110 14
split_gain=1.40799 4.05549 3.41791 2.56177 2.38217 3.22065 4.30498 3.47871 2.58075 3.19869 3.03864 1.09547
threshold=8.5277777777777803 0.7619202417600166 9.1000000000000014 0.92606844500000007 1.2339713000000001 1.0536134564426671 1.2014586666666669 1.2157700000000002 0.33333333333333343 1.9120678000000002 0.28893685003986008 1.2916666666666667
decision_type=2 2 2 2 2 2 2 2 2 2 2 2
left_child=1 11 3 -3 5 6 -2 -7 10 -10 -6 -1
right_child=4 2 -4 -5 8 7 -8 -9 9 -11 -12 -13
leaf_value=-0.035455299457714355 0.011640085383080843 0.001818086093824262 0.026932223082944375 -0.020816113733959956 0.009362874114407357 -0.0037422369705287072 -0.0073925922160504882 0.014200163847865311 -0.013106605216760638 0.0037717858360454409 -0.0021971668002692744 -0.0028128180204866318
leaf_weight=11.799026787281038 42.442881315946579 32.810887016355991 9.0490657910704595 16.420350559055805 75.742963790893555 30.510246925055981 90.136306814849377 104.06657349690795 86.328028619289398 34.98476254940033 209.63632210344076 8.0747731328010541
leaf_count=34 133 104 31 52 229 99 290 336 265 111 832 25
internal_value=-7.56369e-05 -0.00644096 0 -0.00499993 0.000596984 0.00431088 -0.000883781 0.009766 -0.00172462 -0.0078393 0.000718388 -0.0253581
internal_weight=752.002 78.1541 58.2803 49.2312 673.848 267.156 132.579 134.577 406.692 121.313 285.379 19.8738
internal_count=2541 246 187 156 2295 858 423 435 1437 376 1061 59
is_linear=0
shrinkage=0.05


Tree=316
num_leaves=10
num_cat=0
split_feature=112 25 26 126 114 85 34 111 20
split_gain=1.24522 2.71893 2.95199 4.78758 2.91732 2.55969 2.51789 3.89123 3.6242
threshold=0.51550480769230778 7.2250000000000005 4.1000000000000005 0.24244700080585938 2.6271515339895104 -1.6249999999999998 5.5277777777777786 1.0527384477244226 5.366666666666668
decision_type=2 2 2 2 2 2 2 2 2
left_child=5 -2 4 -4 -3 -1 7 -7 -8
right_child=1 2 3 -5 -6 6 8 -9 -10
leaf_value=-0.023572331640876628 0.024328547765061471 -0.0077433225027239393 -0.0063132618071222741 0.013378096996195894 0.011742462960363576 0.010016421125947014 -0.026060310020396899 -0.0033497635971285523 -0.0023849950894520439
leaf_weight=12.13446009904146 13.079391688108442 102.61422812193632 42.27805395424366 89.031105674803257 21.021940629929304 96.569125920534134 18.851092733442783 115.08012962341309 129.88949522003531
leaf_count=56 47 411 191 309 78 357 83 446 563
internal_value=4.57797e-05 0.00271359 0.00131861 0.0066603 -0.00396134 -0.00174193 -0.000805346 0.00253212 -0.00587347
internal_weight=640.549 268.025 254.945 131.309 123.636 372.524 360.39 211.649 148.741
internal_count=2541 1036 989 500 489 1505 1449 803 646
is_linear=0
shrinkage=0.05


Tree=317
num_leaves=9
num_cat=0
split_feature=81 123 75 3 70 108 39 74
split_gain=1.44269 1.90232 1.67499 3.27891 2.46908 2.06004 3.6183 2.08728
threshold=-1.2459046666666664 0.54956266075129767 0.61250000000000016 1.5693698333333337 1.267857142857143 0.5198317777782745 12.050000000000002 1.0000000180025095e-35
decision_type=2 2 2 2 2 2 2 2
left_child=1 -1 3 4 -2 7 -7 -4
right_child=2 -3 5 -5 -6 6 -8 -9
leaf_value=0 0.043153508878146146 0.029385612433251496 0.010488184999334352 -0.0075603983221103899 0.0028549255727445141 -0.01136861227818476 0.0075163113447917519 -0.00053893147647887175
leaf_weight=8.0254910886287707 8.2542609572410637 8.5987951755523664 45.891268417239189 11.16720426827669 11.919355705380438 99.401980577036738 29.843513801693916 459.90444091707468
leaf_count=29 37 31 149 43 45 595 153 1459
internal_value=0 0.0141583 -0.00033256 0.0106444 0.0229643 -0.000968795 -0.00659986 0.00038163
internal_weight=683.006 16.6243 666.382 31.3408 20.1736 635.041 129.245 505.796
internal_count=2541 60 2481 125 82 2356 748 1608
is_linear=0
shrinkage=0.05


Tree=318
num_leaves=14
num_cat=0
split_feature=103 103 81 30 3 106 86 46 31 114 3 30 72
split_gain=1.39218 2.97121 4.93337 4.89568 6.17466 3.33304 3.24104 2.71743 3.64381 3.68746 3.57672 3.50574 3.35126
threshold=6.5000000000000009 3.5000000000000004 -0.75393999999999983 1.3853582857142859 1.0550703333333336 2.8250000000000006 1.0000000180025095e-35 1.8333333333333337 1.1750561500000003 1.0557264277852518 0.79958600000000013 1.5628651000000002 1.2361111111111114
decision_type=2 2 2 2 2 2 2 2 2 2 2 2 2
left_child=1 2 -1 6 -5 -4 -3 8 9 -2 -9 -12 -10
right_child=7 3 5 4 -6 -7 -8 10 12 -11 11 -13 -14
leaf_value=-0.030547208337496547 -0.019425778012515535 0.0082289203453996072 -0.009626269551777613 0.014269331986243618 -0.0070868324771954233 0.0097021972418151227 0.034435481238521408 -0.030709802411103045 -0.00056170969081279854 0.0054158944285906049 -5.9305067873391039e-05 0.01745118152289413 -0.014405672626327382
leaf_weight=14.313360735774038 15.769676119089125 49.790935784578323 42.741813711822033 51.541778221726418 93.471735738217831 44.459934070706367 19.368485331535339 5.3115333318710318 84.8043527379632 112.72864997386932 60.666224475950003 45.146344490349293 110.83880132436752
leaf_count=47 49 170 148 171 305 159 68 16 258 381 237 145 387
internal_value=-7.91439e-05 0.00237393 -0.00436804 0.00580735 0.000207041 0 0.0166671 -0.00197427 -0.00436466 0.00185468 0.00452913 0.0070371 -0.00869245
internal_weight=750.954 315.688 101.515 214.173 145.014 87.2017 69.1594 435.266 324.141 128.498 111.124 105.813 195.643
internal_count=2541 1068 354 714 476 307 238 1473 1075 430 398 382 645
is_linear=0
shrinkage=0.05


Tree=319
num_leaves=9
num_cat=0
split_feature=45 9 10 85 32 34 32 91
split_gain=1.22453 1.25839 2.46938 2.55555 1.76136 3.35564 3.26916 1.1765
threshold=1.0000000180025095e-35 0.62278483333333345 2.4087766666666672 0.37500000000000011 10.450000000000001 5.0500000000000007 11.050000000000002 -1.3666666666666663
decision_type=2 2 2 2 2 2 2 2
left_child=7 2 3 -2 5 -3 -6 -1
right_child=1 4 -4 -5 6 -7 -8 -9
leaf_value=0 -0.023795484898868208 0.015439290949039002 0.013075502853611984 0.0017251649437136402 -0.013932957743956906 -0.012567929243599358 0.0013052113198466829 -0.025619329860899411
leaf_weight=6.4083629995584488 22.827238231897354 47.925899244844913 8.0939246639609319 10.741054974496363 36.842975199222565 10.922779582440851 488.40419689752162 7.9437706023454648
leaf_count=29 102 175 33 48 145 44 1927 38
internal_value=4.23906e-05 0.00046147 -0.00768403 -0.0143694 0.00114007 0.00928235 0.000116887 -0.0138126
internal_weight=640.11 625.758 41.6622 33.5683 584.096 58.8487 525.247 14.3521
internal_count=2541 2474 183 150 2291 219 2072 67
is_linear=0
shrinkage=0.05


Tree=320
num_leaves=14
num_cat=0
split_feature=72 76 16 75 114 94 82 35 93 87 116 33 80
split_gain=1.4207 4.09497 3.68704 3.91962 3.0693 3.02661 2.66312 2.43611 2.50963 2.25382 2.01462 1.82801 0.47497
threshold=1.9500000000000002 0.89444444444444449 1.2072212000000002 2.2500000000000004 1.6057771870547779 0.38497978500000013 0.30268200000000012 0.58571428571428574 -1.1374999999999997 -0.30479109999999981 -1.0514021725680283 3.7750000000000004 -0.066600166666666669
decision_type=2 2 2 2 2 2 2 2 2 2 2 2 2
left_child=1 4 9 6 -1 -5 -4 8 -3 -2 -9 -11 -6
right_child=2 7 3 5 12 -7 -8 10 -10 11 -12 -13 -14
leaf_value=-0.00081775646033500492 -0.0028664137201873403 0.002651324496944045 -0.02619252859859136 -0.01429189320766782 0.0064901483650224015 0.010936215134220802 0 0.01099125777032396 -0.02614029881482928 0 0 0.037386492591067653 0.038559462412354327
leaf_weight=7.7148759588599232 13.383586049079897 8.1252162531018275 36.46286878734827 19.07144895195961 6.4903540611267152 27.986048899590969 12.860648989677427 44.258074432611465 16.373818390071392 8.9180589169263857 460.27804203704 8.221217989921568 12.112775482237334
leaf_count=27 43 32 130 60 21 94 47 160 91 30 1734 31 41
internal_value=0 0.00113941 -0.00470338 -0.00974326 0.0200274 0 -0.0194531 6.94438e-05 -0.0149011 0.00942898 0.000923318 0.0214153 0.0308234
internal_weight=682.257 555.353 126.904 96.381 26.318 47.0575 49.3235 529.035 24.499 30.5229 504.536 17.1393 18.6031
internal_count=2541 2106 435 331 89 154 177 2017 123 104 1894 61 62
is_linear=0
shrinkage=0.05


Tree=321
num_leaves=13
num_cat=0
split_feature=88 100 95 108 123 33 89 111 112 18 82 39
split_gain=1.35461 2.95938 2.68517 3.55725 3.32187 4.73174 2.57162 2.43288 2.19137 3.04123 2.36498 2.07086
threshold=0.099312000000000081 0.5634920634920636 -0.057877999999999867 0.22561463731428347 0.49983514956269104 3.9500000000000006 -0.20104939999999996 1.0528763307271107 0.47382127192982465 15.500000000000002 0.12928183333333346 10.050000000000002
decision_type=2 2 2 2 2 2 2 2 2 2 2 2
left_child=2 8 3 6 5 -4 -1 -6 10 -10 -2 -5
right_child=1 -3 4 11 7 -7 -8 -9 9 -11 -12 -13
leaf_value=0 0 -0.027018328888260792 0.019765755821418419 -0.0049161286049068109 0.0011480563851536025 -0.016911348765579103 -0.024802033959616328 0.018052430426316678 0 -0.01392606125872454 0.023869539500332267 0.0036506847468293028
leaf_weight=13.436601992696522 28.859968274831772 11.599365904927252 11.143880970776079 101.25366503745317 42.119688093662262 26.583933308720589 24.034650050103664 63.181633859872818 143.35001908987761 55.04846391454339 14.418832510709761 215.29184099286795
leaf_count=73 94 39 38 318 141 84 142 221 488 183 46 674
internal_value=-7.94721e-05 -0.00311021 0.00136763 -0.000846567 0.00716306 -0.00455612 -0.0152703 0.0118356 -0.00165009 -0.00404756 0.00805437 0.000746101
internal_weight=750.323 253.277 497.046 354.017 143.029 37.7278 37.4713 105.301 241.677 198.398 43.2788 316.546
internal_count=2541 850 1691 1207 484 122 215 362 811 671 140 992
is_linear=0
shrinkage=0.05


Tree=322
num_leaves=15
num_cat=0
split_feature=63 96 83 9 106 123 128 2 2 121 83 81 118 37
split_gain=1.23464 2.13262 3.0073 2.852 2.54944 3.48183 3.20305 2.11938 3.77521 2.89748 2.89434 4.5843 3.66709 1.97387
threshold=1.1000000000000003 -0.36105016833333331 0.83333333333333359 1.8439433333333335 2.757352941176471 0.49544961793652481 0.8041307643463973 1.7329065000000001 2.0458143333333334 47.270000000000017 -0.83333333333333315 0.10632566666666661 51.25 1.2339713000000001
decision_type=2 2 2 2 2 2 2 2 2 2 2 2 2 2
left_child=7 2 3 -2 5 -3 -6 10 9 -9 11 -1 -12 -10
right_child=1 4 -4 -5 6 -7 -8 8 13 -11 12 -13 -14 -15
leaf_value=0 -0.028877978718530296 0.018239444736900853 0.0089468916112931725 0 -0.0096821263420700989 8.7876766875144384e-05 0.002001291566892232 0.031335394761083678 -0.010889603261063486 0 0.017586709136909913 0.04253629639147357 -0.0069448442876812568 0.01108666758306372
leaf_weight=13.580886647105219 23.019562270492315 35.443298645317554 9.7620410770177823 11.799455322325228 111.18368263170123 117.28143473155797 110.90747700631618 23.596432700753212 20.865537341684103 10.517539530992506 15.924684286117552 8.5672251060605031 109.28858448565006 18.052132461220026
leaf_count=50 99 130 39 48 441 479 473 79 108 43 52 26 407 67
internal_value=3.54537e-05 -0.00147624 -0.0117042 -0.0189781 -9.87648e-05 0.00471687 -0.00364074 0.00313164 0.0100448 0.0219433 -2.09498e-06 0.0158966 -0.00331413 0
internal_weight=639.79 419.397 44.5811 34.819 374.816 152.725 222.091 220.393 73.0316 34.114 147.361 22.1481 125.213 38.9177
internal_count=2541 1709 186 147 1523 609 914 832 297 122 535 76 459 175
is_linear=0
shrinkage=0.05


Tree=323
num_leaves=10
num_cat=0
split_feature=82 96 123 2 74 25 114 87 123
split_gain=1.41525 2.30591 2.85162 2.45894 2.34301 2.72785 2.7133 1.92805 1.13527
threshold=1.0170083333333333 0.31937280000000007 0.60493309524659344 1.6959588333333335 0.38750000000000007 9.7000000000000011 2.2109196702299898 0.10453399999999997 0.64369517438361856
decision_type=2 2 2 2 2 2 2 2 2
left_child=1 4 3 -3 6 -6 -1 -2 -4
right_child=7 2 8 -5 5 -7 -8 -9 -10
leaf_value=0.00068336242871326505 0 -0.0094716090744186351 -0.033993551171440976 0.015577783182901242 0.018791144143044752 0.0012735257677075746 -0.0090178666673792623 0.025215996896121334 -0.000627488099856897
leaf_weight=390.48156947270036 13.457323715090753 31.124556347727776 12.543500710278751 12.619647361338137 33.64588288962841 82.975562486797571 85.725254058837891 11.97805532813072 7.1952540557831517
leaf_count=1400 46 104 53 47 120 288 402 46 35
internal_value=0 -0.000401961 -0.00942329 -0.000941068 0.000494129 0.00686933 -0.000973484 0.011394 -0.0248585
internal_weight=681.747 656.311 63.483 43.7442 592.828 116.621 476.207 25.4354 19.7388
internal_count=2541 2449 239 151 2210 408 1802 92 88
is_linear=0
shrinkage=0.05


Tree=324
num_leaves=11
num_cat=0
split_feature=107 31 57 98 124 54 85 116 94 23
split_gain=1.35222 1.70638 2.61302 2.28873 2.13319 3.04816 2.24384 1.24092 1.17443 0.56506
threshold=1.0000000180025095e-35 1.7137141000000002 1.7750000000000001 -0.49999999999999989 0.65078898827283316 0.50000000000000011 -0.39999999999999997 -0.029899274304570508 0.061722757142857139 1.1865798000000003
decision_type=2 2 2 2 2 2 2 2 2 2
left_child=7 4 3 -3 5 -2 -6 -1 -9 -4
right_child=1 2 9 -5 6 -7 -8 8 -10 -11
leaf_value=-0.0013773707143557691 0.01402687841775007 -0.010663285973982356 -0.037917428708754149 0.005390030846682525 0.002454460278286762 1.687321413958974e-05 -0.022288786835799969 0.00051815291340267676 0.032069802819427742 -0.0070332143560118124
leaf_weight=6.3690107762813595 41.361803576350212 42.594093676656485 6.937750242650508 40.39511950314045 10.367656201124193 555.43881917744875 19.608546078205109 9.7702163457870501 7.9420510753989211 8.9541655331850034
leaf_count=23 141 208 22 126 33 1829 64 33 28 34
internal_value=-7.77485e-05 -0.000537487 -0.00663513 -0.00228286 0.000353875 0.00109333 -0.0123139 0.0112514 0.0182955 -0.0249225
internal_weight=749.739 725.658 98.8811 82.9892 626.777 596.801 29.9762 24.0813 17.7123 15.8919
internal_count=2541 2457 390 334 2067 1970 97 84 61 56
is_linear=0
shrinkage=0.05


Tree=325
num_leaves=12
num_cat=0
split_feature=17 123 17 115 34 3 72 68 122 10 87
split_gain=1.22397 3.10924 2.39022 3.32913 3.03904 2.84764 2.72709 2.25055 2.21318 1.59731 1.76419
threshold=0.72008460000000019 0.6487733259148889 0.94063200000000013 2.5986327086940872 5.4222222222222234 0.89011116666666668 1.5857142857142861 0.29285714285714287 41.760000000000012 1.2353395000000003 0.085892099999999597
decision_type=2 2 2 2 2 2 2 2 2 2 2
left_child=1 9 3 4 -2 8 -5 -7 -4 -1 -11
right_child=2 -3 5 6 -6 7 -8 -9 -10 10 -12
leaf_value=0 0.016757379749271502 0.017825427840261723 -0.022302494744376788 0.046112966240235115 -0.0056209762403712539 0.0033423615449758915 0.0001696120473467831 -0.0035199156826334101 0 0 -0.034166488050590284
leaf_weight=8.0984349623322505 22.825401291251183 6.1718430351465932 24.458251819014549 8.853915214538576 37.147977314889431 291.71565632894635 8.2558366656303388 197.78554969280958 13.619852676987646 6.9480030722916153 13.310921866446732
leaf_count=33 77 43 105 31 162 1148 30 753 55 29 75
internal_value=4.02091e-05 -0.00888975 0.000646544 0.0088468 0.00221117 -0.000471449 0.0279387 0.000466162 -0.0135076 -0.0168165 -0.0240492
internal_weight=639.192 34.5292 604.662 77.0831 59.9734 527.579 17.1098 489.501 38.0781 28.3574 20.2589
internal_count=2541 180 2361 300 239 2061 61 1901 160 137 104
is_linear=0
shrinkage=0.05


Tree=326
num_leaves=7
num_cat=0
split_feature=126 113 9 124 82 26
split_gain=1.42529 2.01247 1.96274 1.81271 3.1363 2.37335
threshold=0.1191326195839736 0.29593249549776351 1.4576930000000001 0.58722606772968167 -0.48071199999999997 4.2250000000000005
decision_type=2 2 2 2 2 2
left_child=2 -2 -1 4 -3 -5
right_child=1 3 -4 5 -6 -7
leaf_value=-0.032691360937164488 0.031222590169276195 0.010244236033860633 0.00013879173359564195 0.0013579267988714575 -3.9169653505795692e-05 -0.008946932945452641
leaf_weight=6.8460592124611122 4.2469062097370616 88.954586215317249 4.3248171135783195 100.34149421751499 369.08399038761854 107.42482653260231
leaf_count=55 19 317 22 383 1380 365
internal_value=0 0.000355243 -0.0169059 3.68393e-05 0.00186699 -0.003748
internal_weight=681.223 670.052 11.1709 665.805 458.039 207.766
internal_count=2541 2464 77 2445 1697 748
is_linear=0
shrinkage=0.05


Tree=327
num_leaves=15
num_cat=0
split_feature=6 89 32 10 123 9 35 63 90 20 24 19 100 94
split_gain=1.34943 3.72987 3.54589 3.80832 3.72671 2.3389 3.39595 4.22582 3.51642 3.28424 3.57546 3.3639 2.32584 1.1012
threshold=5.166666666666667 -0.49910249999999984 11.472222222222223 1.3788963333333337 0.46021774137965782 1.5485805000000001 1.5357142857142858 1.9000000000000001 0.33333333333333343 6.4500000000000011 0.99042330000000012 5.4500000000000011 0.19090909090909094 -0.16063976249999998
decision_type=2 2 2 2 2 2 2 2 2 2 2 2 2 2
left_child=1 12 4 -4 -3 6 7 -2 -8 10 -7 -11 -1 -14
right_child=5 2 3 -5 -6 9 8 -9 -10 11 -12 -13 13 -15
leaf_value=0 8.5574122914514495e-05 0.0071954705271528438 0.013909659345706447 -0.0004593883014257023 -0.014780136197712354 0.0068599371809945119 0.021915367696794152 -0.021530513273789711 -0.0046303383635764002 0.013512526487444915 -0.020860925732732381 -0.0088193734559539431 0.0064333488149705053 0.037348600237266209
leaf_weight=10.112349793314932 231.40833823382854 23.818400710821152 65.501268684864044 130.25665202736855 61.000129338353872 11.086750432848929 32.623400315642357 23.56116209179163 15.073990371078251 27.436998464167118 54.222239136695862 40.36569906026125 10.150000788271427 12.727349638938904
leaf_count=38 757 79 220 412 239 49 111 78 48 104 199 129 36 42
internal_value=-7.53781e-05 0.00235105 0.000273183 0.00414068 -0.00801447 -0.00193719 0.000340883 -0.00179289 0.0125765 -0.00745376 -0.0153685 0 0.0180243 0.0265703
internal_weight=749.345 313.566 280.576 195.758 84.8185 435.779 302.667 254.97 47.6974 133.112 65.309 67.8027 32.9897 22.8774
internal_count=2541 1066 950 632 318 1475 994 835 159 481 248 233 116 78
is_linear=0
shrinkage=0.05


Tree=328
num_leaves=8
num_cat=0
split_feature=84 100 60 60 81 78 47
split_gain=1.17974 2.13727 1.61465 2.33733 2.41941 1.78215 1.49172
threshold=2.8333333333333344 0.19090909090909094 1.0000000180025095e-35 0.26666666666666672 -0.099695999999999993 1.416666666666667 0.41666666666666669
decision_type=2 2 2 2 2 2 2
left_child=2 -2 -1 4 -4 -5 -3
right_child=1 6 3 5 -6 -7 -8
leaf_value=0.019130964393051841 -0.0060673390336041305 0.03202655527711188 -0.029947734628520517 0.00070685403084579405 0 -0.0091067138167180584 0
leaf_weight=9.2877706810832006 8.3192327655851859 10.318545803427698 12.638032257556917 532.49841990321875 8.6505791246891004 49.531404856592417 7.7018116544932118
leaf_count=35 45 39 54 2088 34 211 35
internal_value=3.61314e-05 0.0102637 -0.000338136 -0.000751751 -0.0166555 -5.67201e-05 0.0203544
internal_weight=638.946 26.3396 612.606 603.318 21.2886 582.03 18.0204
internal_count=2541 119 2422 2387 88 2299 74
is_linear=0
shrinkage=0.05


Tree=329
num_leaves=13
num_cat=0
split_feature=102 100 76 41 75 106 87 95 100 7 89 103
split_gain=1.41459 2.42321 3.7666 2.52054 3.43518 2.34391 3.66721 2.20695 3.64536 2.90953 2.16547 1.39157
threshold=3.5000000000000004 1.0000000180025095e-35 1.3541666666666667 4.8730158730158744 1.0500000000000003 3.5250000000000004 -0.25613659999999999 -0.028362499999999954 0.29285714285714287 2.1666666666666674 -0.3332039 6.5000000000000009
decision_type=2 2 2 2 2 2 2 2 2 2 2 2
left_child=1 2 -1 4 -3 7 -7 9 -9 -2 -5 -8
right_child=5 3 -4 10 -6 6 11 8 -10 -11 -12 -13
leaf_value=-0.0092107253811283488 0.00076879318473481418 0 0.028971078723747129 -0.023179544484981423 -0.030867134521202478 -0.0062668422569253082 0.00044493174625755654 -0.0075455411026252965 0.0060228485681642786 0.015318954473064712 0.0070089889141964588 0.031403736234525657
leaf_weight=11.609479986131193 278.886380052194 12.473159864544867 10.293945696204899 6.8230296522378948 22.971020525321364 12.74108115583658 8.8045416101813334 170.36359865963459 64.861847188323736 39.880462825298309 23.639435771852732 17.735951572656631
leaf_count=45 1025 59 40 25 97 46 32 657 230 136 83 66
internal_value=0 -0.00583556 0.00703193 -0.0109004 -0.0197748 0.000928349 0.0125772 0 -0.00358283 0.00278772 0 0.023338
internal_weight=681.084 87.8101 21.9034 65.9066 35.4442 593.274 39.2816 553.992 235.225 318.767 30.4625 26.5405
internal_count=2541 349 85 264 156 2192 144 2048 887 1161 108 98
is_linear=0
shrinkage=0.05


Tree=330
num_leaves=9
num_cat=0
split_feature=90 98 109 98 95 81 92 28
split_gain=1.32499 1.5958 2.75188 2.29774 2.86405 2.08028 1.68322 1.51947
threshold=2.1000000000000005 1.8166666666666671 0.13590917139855271 1.4214285714285719 -0.30824903571428564 0.85134316666666665 0.61250000000000016 2.7888888888888892
decision_type=2 2 2 2 2 2 2 2
left_child=1 3 7 5 -5 -1 -4 -3
right_child=-2 2 6 4 -6 -7 -8 -9
leaf_value=0.00014316022745691366 0.019187131362413748 0.025577276485515634 -0.026562102785122083 -0.0092594950790494315 0.021435515050188189 -0.012006178806006813 0 -0.0043925596357775789
leaf_weight=633.73093834519386 7.7392193861305705 5.597828842699526 19.579066455364231 7.399951606988906 25.241213522851467 35.935589164495468 7.9508623927831641 5.714208647608757
leaf_count=2132 36 33 59 23 88 117 27 26
internal_value=-7.10999e-05 -0.000365152 -0.0101181 0.000116773 0.0129221 -0.000451174 -0.0190112 0.00724997
internal_weight=748.889 741.15 38.842 702.308 32.6412 669.667 27.5299 11.312
internal_count=2541 2505 145 2360 111 2249 86 59
is_linear=0
shrinkage=0.05


Tree=331
num_leaves=10
num_cat=0
split_feature=127 98 35 95 95 19 88 24 106
split_gain=1.16437 1.44377 2.58509 1.44271 2.37547 3.14148 2.34783 2.23636 0.537664
threshold=0.69394085058983268 -0.89999999999999991 1.7071428571428573 0.60674060000000019 0.17027725999999996 3.1000000000000005 -0.32385379999999991 1.3905051000000002 2.9750000000000005
decision_type=2 2 2 2 2 2 2 2 2
left_child=3 2 -2 4 6 -6 -1 -5 -9
right_child=1 -3 -4 7 5 -7 -8 8 -10
leaf_value=-0.0028849371070104289 0.018482389171320859 -0.025717408224352402 -0.020955236265281261 -0.0046822311658120258 0.020857153958476121 -0.0092687677853001294 0.0042544111995224242 0.031904514411310696 0.0022229228052976077
leaf_weight=175.2937537021935 7.5597613304853457 8.5960373580455762 7.0586163029074669 7.6265363469719913 7.6239940449595442 102.3177140429616 306.57174395211041 9.3041926696896571 6.7758554667234412
leaf_count=703 34 45 48 33 25 437 1154 34 28
internal_value=3.18537e-05 -0.0106321 0 0.000531745 0 -0.0065598 0.0015531 0.012371 0.023187
internal_weight=638.728 23.2144 14.6184 615.514 591.807 109.942 481.865 23.7066 16.08
internal_count=2541 127 82 2414 2319 462 1857 95 62
is_linear=0
shrinkage=0.05


Tree=332
num_leaves=14
num_cat=0
split_feature=72 17 11 123 3 22 90 66 72 109 82 71 102
split_gain=1.33744 3.57304 3.22613 3.0377 3.36171 2.61458 3.05803 3.67448 2.91643 2.79895 2.10121 1.98801 1.52375
threshold=1.9500000000000002 1.6163387000000002 11.833333333333334 0.46387277223425583 0.90660716666666674 0.90000000000000013 -0.37499999999999989 1.6333333333333335 1.5857142857142861 0.2364760566472924 -0.021245166666666645 0.13392857142857145 6.5000000000000009
decision_type=2 2 2 2 2 2 2 2 2 2 2 2 2
left_child=5 3 -3 -2 -5 9 8 -8 -7 12 -11 -4 -1
right_child=1 2 11 4 -6 6 7 -9 -10 10 -12 -13 -14
leaf_value=0.0042607812921934898 -0.033292864516592399 -0.013793100160774589 0 0.0097062673038712521 -0.011791973294800646 0.010480911171030409 -0.0070894866741267734 0.0039583401789077587 -0.0021001776698386875 0.024284636725027949 6.8043021980234174e-05 0.031830891970623026 -0.024773587025700174
leaf_weight=5.8617004528641683 11.698674216866491 7.959839895367625 10.286843955516817 22.4932576790452 60.982205405831337 105.24661432951689 205.36189461499453 111.45037195645273 70.972267143428326 30.701030150055885 18.462353855371475 12.834276869893072 6.2623893767595291
leaf_count=27 39 27 38 83 205 344 771 559 225 93 58 43 29
internal_value=0 -0.0045741 0.00915055 -0.00962458 -0.00536085 0.0011075 -1.10849e-05 -0.00304546 0.00514847 0.0107645 0.01637 0.0193665 -0.00767133
internal_weight=680.574 126.255 31.081 95.1741 83.4755 554.319 493.031 316.812 176.219 61.2875 49.1634 23.1211 12.1241
internal_count=2541 435 108 327 288 2106 1899 1330 569 207 151 81 56
is_linear=0
shrinkage=0.05


Tree=333
num_leaves=7
num_cat=0
split_feature=72 19 22 89 19 128
split_gain=1.29637 1.48865 1.74412 6.81376 3.29137 1.24395
threshold=2.6500000000000008 8.1000000000000014 1.5500000000000003 -0.19177970000000008 3.2250000000000005 0.80524752528161714
decision_type=2 2 2 2 2 2
left_child=1 2 3 -1 -4 -3
right_child=-2 5 4 -5 -6 -7
leaf_value=-0.006372175759037875 -0.018102850030863274 0 0.008579227147920674 0.008128973697375098 -0.004430451667441943 0.024696102712506662
leaf_weight=128.70504161342978 8.8704833276569826 4.4141891449689856 53.829360239207745 206.77105237916112 335.62412613630295 10.189418710768221
leaf_count=443 46 14 180 721 1093 44
internal_value=-6.20179e-05 0.000111011 -0.00014952 0.00241462 -0.00248686 0.015429
internal_weight=748.404 739.533 724.93 335.476 389.453 14.6036
internal_count=2541 2495 2437 1164 1273 58
is_linear=0
shrinkage=0.05


Tree=334
num_leaves=13
num_cat=0
split_feature=121 74 126 67 124 103 70 82 32 88 92 103
split_gain=1.14248 2.00159 2.948 3.53329 2.86981 2.24425 3.0506 2.43968 1.94646 2.19984 2.16123 1.8837
threshold=24.57 0.10555555555555557 0.28538576711033387 0.29285714285714287 0.59897426200554571 3.5000000000000004 1.1333333333333335 0.11504116666666671 13.850000000000003 0.29175460000000003 -0.70714285714285696 6.5000000000000009
decision_type=2 2 2 2 2 2 2 2 2 2 2 2
left_child=8 2 4 -4 -2 6 -3 -7 10 -10 -1 -12
right_child=1 5 3 -5 -6 7 -8 -9 9 -11 11 -13
leaf_value=-0.02362708727137558 -0.0025599101740500529 0.023562223287463813 0 0.032138260959034347 0.012407273650601078 1.1415971634847082e-05 0 -0.0086784420611780971 -0.032519300319532249 0 -0.0077154615728170341 0.014589769584999621
leaf_weight=7.2547214925289145 95.875380083918571 18.959040772169828 10.224483385682108 18.947870016098022 44.843222312629223 232.38390670716763 46.061947241425514 114.29745545424521 11.17995925247669 4.6227547526359549 12.663952209055422 21.037048295140266
leaf_count=36 392 75 38 61 162 908 172 478 62 21 54 82
internal_value=2.3843e-05 0.000766139 0.00536442 0.019751 0.00191081 -0.00101861 0.00723338 -0.00272646 -0.00659823 -0.0209585 0 0.00478637
internal_weight=638.352 581.593 169.891 29.1724 140.719 411.702 65.021 346.681 56.7584 15.8027 40.9557 33.701
internal_count=2541 2286 653 99 554 1633 247 1386 255 83 172 136
is_linear=0
shrinkage=0.05


Tree=335
num_leaves=10
num_cat=0
split_feature=96 96 12 124 38 38 125 2 117
split_gain=1.37112 3.31407 3.19873 2.9411 2.17234 3.19051 2.56141 1.20262 1.08709
threshold=0.61371850000000028 0.31937280000000007 4.8333333333333348 0.53548945028282924 1.5132706000000002 1.3446391500000001 0.59063569251198766 1.4394483333333334 59.45000000000001
decision_type=2 2 2 2 2 2 2 2 2
left_child=1 4 -2 7 5 -1 -6 -3 -5
right_child=2 3 -4 8 6 -7 -8 -9 -10
leaf_value=0 -0.0093104564761862119 -0.0075851872249153938 0.026675325007860962 0 1.9976626064108704e-05 0.011293958736468115 -0.010912950323208577 0.014224593343799422 -0.025065457163039304
leaf_weight=168.12321269884706 7.2060619369149235 12.346853345632555 13.932415693998335 6.742209129035472 274.14878038689494 96.549626599997282 63.048182848840952 10.072011502459643 27.939175207167864
leaf_count=567 28 41 47 29 965 338 376 44 106
internal_value=0 -0.000364702 0.0122829 -0.0118169 0.000656643 0.00410026 -0.00190261 0.000267156 -0.0208181
internal_weight=680.109 658.97 21.1385 57.1002 601.87 264.673 337.197 22.4189 34.6814
internal_count=2541 2466 75 220 2246 905 1341 85 135
is_linear=0
shrinkage=0.05


Tree=336
num_leaves=13
num_cat=0
split_feature=39 128 25 40 111 17 10 111 3 128 37 14
split_gain=1.30189 3.78717 3.17695 2.36219 6.42673 3.07659 3.04788 2.83515 4.06954 2.68409 2.34665 1.0235
threshold=8.5277777777777803 0.7619202417600166 9.1000000000000014 3.6125000000000003 1.0560217817534541 1.0460252000000001 2.5572516666666671 1.0507474729022046 1.1398861666666671 0.82493867008901678 0.92606844500000007 1.2916666666666667
decision_type=2 2 2 2 2 2 2 2 2 2 2 2
left_child=1 11 10 4 6 -6 -2 9 -9 -5 -3 -1
right_child=3 2 -4 7 5 -7 -8 8 -10 -11 -12 -13
leaf_value=-0.034366138398942148 0.0016433414379815395 0.0017223298944286363 0.026203492491650826 0 0 0.024061713672303638 -0.021958567981781654 0.0026241614885644748 -0.0080951002088314843 0.016121791328704182 -0.019927435791249538 -0.0024905980821667982
leaf_weight=11.698926925659181 130.21450112015009 32.615801341831684 8.908514663577078 73.131935942918062 13.973917435854672 49.189979325979948 14.131113171577452 143.20554798096418 208.85227705538273 37.599086318165064 16.390663057565689 8.0272869765758497
leaf_count=34 414 104 31 244 55 156 45 478 765 138 52 25
internal_value=-5.97619e-05 -0.00620429 0 0.000585663 0.00505617 0.0182484 -0.000458406 -0.00131764 -0.00359815 0.00545283 -0.00477246 -0.0245533
internal_weight=747.94 77.6412 57.915 670.298 207.51 63.1639 144.346 462.789 352.058 110.731 49.0065 19.7262
internal_count=2541 246 187 2295 670 211 459 1625 1243 382 156 59
is_linear=0
shrinkage=0.05


Tree=337
num_leaves=9
num_cat=0
split_feature=63 63 112 112 93 5 5 2
split_gain=1.15358 1.7366 2.49155 2.6685 2.55161 2.15768 4.25801 3.6359
threshold=0.26666666666666672 1.1000000000000003 0.47253865727148175 0.48701289939550957 -0.20000000000000009 4.8333333333333348 6.166666666666667 1.3463881666666668
decision_type=2 2 2 2 2 2 2 2
left_child=-1 2 4 -4 -2 7 -7 -3
right_child=1 5 3 -5 -6 6 -8 -9
leaf_value=-0.01736227667669045 -0.021946674848624489 -0.004255875374777715 0.018765382004946256 0.0030049936706104934 0.0037546519486925723 -0.012409708134461819 0.0028192186823947848 0.0078515983892418189
leaf_weight=8.2990472018718702 16.040396735072139 123.3135574683547 36.213100016117096 143.53632378578186 15.853448837995527 101.27880828455091 74.822915140539408 118.56470235437155
leaf_count=39 62 498 133 543 55 420 346 445
internal_value=2.30344e-05 0.000358645 0.00410052 0.00654303 -0.00792553 -0.00142197 -0.00567746 0.00148103
internal_weight=637.922 629.623 211.643 179.749 31.8938 417.98 176.102 241.878
internal_count=2541 2502 793 676 117 1709 766 943
is_linear=0
shrinkage=0.05


Tree=338
num_leaves=13
num_cat=0
split_feature=92 21 21 117 20 5 1 20 31 20 34 110
split_gain=1.34967 3.35503 2.8775 2.71311 2.5776 3.22746 3.24746 2.36035 3.08165 2.42316 1.97226 1.90644
threshold=-0.98888888888888871 1.3666666666666669 1.1000000000000003 74.550000000000026 4.1000000000000005 3.5833333333333335 1.5833333333333337 4.4500000000000011 1.4642437000000001 4.9000000000000012 5.354166666666667 0.36389308572974571
decision_type=2 2 2 2 2 2 2 2 2 2 2 2
left_child=1 2 3 -1 5 6 -2 8 -6 -9 -3 -7
right_child=4 10 -4 -5 7 11 -8 9 -10 -11 -12 -13
leaf_value=0.012079580304648712 -0.003226230354949771 0.03142361509107381 -0.024386904710886642 -0.016081540831074138 0 -0.009618874340131589 -0.033231146106215602 -0.0096092978647619402 0.025689763636912884 0.0009628813396273775 0 0.0075140249277457528
leaf_weight=32.500886857509613 24.272633776068687 15.533600628376009 9.7555188909172994 9.4567246288061124 31.80951751023531 29.414389491081238 19.376433871686459 61.59981244802475 19.832592114806175 380.70650488883257 11.694109022617338 33.574141845107079
leaf_count=111 79 47 38 38 110 109 62 221 65 1517 42 102
internal_value=0 0.00614676 -0.000489013 0.00434187 -0.000766867 -0.00781724 -0.0181116 0.000666922 0.0107156 -0.000415068 0.0200921 0
internal_weight=679.527 78.9408 51.7131 41.9576 600.586 106.638 43.6491 493.948 51.6421 442.306 27.2277 62.9885
internal_count=2541 276 187 149 2265 352 141 1913 175 1738 89 211
is_linear=0
shrinkage=0.05


Tree=339
num_leaves=9
num_cat=0
split_feature=10 36 36 80 13 80 103 34
split_gain=1.28051 2.54025 1.83548 2.79664 1.85009 3.91795 2.94172 0.270075
threshold=0.64857566666666677 1.1458333333333337 0.61250000000000016 0.53341133333333335 3.8333333333333335 1.1780310000000003 6.5000000000000009 5.354166666666667
decision_type=2 2 2 2 2 2 2 2
left_child=1 7 3 -2 5 -4 -6 -1
right_child=2 -3 4 -5 6 -7 -8 -9
leaf_value=-0.0040729121731298036 0.039794411955222819 0.008111385978029054 -0.0054729137322645418 0 0.0063800346600456984 0.023412725603076032 -0.0014566869737906315 -0.03348341560780875
leaf_weight=6.2743758745491522 6.3370599150657636 6.1910054087638846 219.6658126860857 7.4054071009159088 196.37033819779754 10.899224922060965 286.65958948805928 7.5575568936765194
leaf_count=35 25 21 712 30 671 42 971 34
internal_value=-4.74913e-05 -0.0122645 0.000236559 0.0177166 -5.44253e-05 -0.00379631 0.00163254 -0.0246876
internal_weight=747.36 20.0229 727.337 13.7425 713.595 230.565 483.03 13.8319
internal_count=2541 90 2451 55 2396 754 1642 69
is_linear=0
shrinkage=0.05


Tree=340
num_leaves=13
num_cat=0
split_feature=113 65 77 28 85 40 55 65 6 111 68 39
split_gain=1.13783 2.60406 3.02197 4.02633 2.39564 2.3682 2.60455 2.35753 2.28002 2.93759 2.33584 1.10647
threshold=0.48449519230769239 0.22500000000000003 0.29285714285714287 2.1055555555555561 -1.6249999999999998 5.6333333333333337 0.55000000000000016 1.0000000180025095e-35 2.8333333333333335 1.0527495577898807 0.2678571428571429 17.150000000000002
decision_type=2 2 2 2 2 2 2 2 2 2 2 2
left_child=1 2 3 -1 -2 6 -3 -4 9 -6 -10 -7
right_child=4 5 7 -5 8 11 -8 -9 10 -11 -12 -13
leaf_value=0.0063336767226378626 -0.023073969600326122 0.0057962613647749087 0.0079549877866533225 -0.019400213701723051 0.02988221030488232 -0.023135635544975622 0.026833114509471203 -0.018963726842025283 0.0011971010156151931 0 -0.007164475912042334 0
leaf_weight=108.98949024453759 11.825867995619772 67.229592442512512 7.0699704289436331 16.108492216095328 12.272577948868276 6.3029698282480222 22.771706193685532 33.28199103102088 197.00415648519993 14.553431011736391 134.75859883055091 5.3663051649928093
leaf_count=409 56 239 26 92 44 29 82 137 811 55 539 22
internal_value=2.26191e-05 0.0025803 -0.00102847 0.00249591 -0.00168918 0.00889271 0.0119047 -0.0129599 -0.000782684 0.0127278 -0.00206035 -0.00949748
internal_weight=637.535 267.121 165.45 125.098 370.415 101.671 90.0013 40.352 358.589 26.826 331.763 11.6693
internal_count=2541 1036 664 501 1505 372 321 163 1449 99 1350 51
is_linear=0
shrinkage=0.05


Tree=341
num_leaves=8
num_cat=0
split_feature=126 98 84 6 35 21 38
split_gain=1.31602 1.81962 2.30978 2.82842 2.16135 1.95298 1.74734
threshold=0.1191326195839736 2.1500000000000008 2.4166666666666674 6.416666666666667 0.95000000000000007 1.1000000000000003 1.2577734000000003
decision_type=2 2 2 2 2 2 2
left_child=6 2 5 -4 -3 -2 -1
right_child=1 4 3 -5 -6 -7 -8
leaf_value=0.0016188050636109315 0.0041614741437376668 0 -0.030885025061442868 0.0013389877998001027 0.032260512837330717 -0.0015585880557746588 -0.029882826472462039
leaf_weight=3.4815183803439123 232.73251166194677 5.9535149224102488 12.302722167223694 8.2478440813720209 8.6306929215788823 400.09965512901545 7.4839536603540182
leaf_count=15 851 38 66 45 48 1416 62
internal_value=0 0.00032493 -1.45096e-06 -0.01617 0.0172172 0.000469403 -0.016403
internal_weight=678.932 667.967 653.383 20.5506 14.5842 632.832 10.9655
internal_count=2541 2464 2378 111 86 2267 77
is_linear=0
shrinkage=0.05


Tree=342
num_leaves=11
num_cat=0
split_feature=82 100 60 82 94 72 84 39 125 111
split_gain=1.29239 2.09809 2.04303 1.67523 3.60859 3.11739 3.01785 1.90087 3.69398 2.12298
threshold=0.95027400000000017 0.32051282051282054 2.1000000000000005 0.64344841666666674 -0.18873599999999988 1.6500000000000001 -0.66666666666666674 8.4222222222222243 0.39229511375260512 1.0560330663654176
decision_type=2 2 2 2 2 2 2 2 2 2
left_child=3 2 -2 7 6 -6 -5 8 -1 -9
right_child=1 -3 -4 4 5 -7 -8 9 -10 -11
leaf_value=-0.031136008070882432 0.0095452508174701713 -0.029912460835726042 -0.021445856279577818 -0.027275765696194672 0.03761751498674322 0 0.010247281835355941 -0.0013287033223732697 -0.0010447694060756881 0.0049989339779196841
leaf_weight=13.209138989448546 14.095568284392362 8.3912894651293737 7.1147687099874011 8.4444983080029505 13.473996311426164 12.830462787300347 9.2688986063003522 420.17963512986898 50.764625214040279 189.2808292992413
leaf_count=41 46 30 36 28 42 50 30 1402 163 673
internal_value=-3.95054e-05 -0.0101581 0 0.000321944 0.00968996 0.0215569 -0.00547082 -0.000229703 -0.00841106 0.000559542
internal_weight=747.054 29.6016 21.2103 717.452 44.0179 26.3045 17.7134 673.434 63.9738 609.46
internal_count=2541 112 82 2429 150 92 58 2279 204 2075
is_linear=0
shrinkage=0.05


Tree=343
num_leaves=12
num_cat=0
split_feature=17 123 17 115 34 72 38 62 68 10 123
split_gain=1.11266 2.88117 2.22362 3.14667 2.81981 2.39499 1.76056 4.00035 3.79483 1.53081 1.75228
threshold=0.72008460000000019 0.6487733259148889 0.94063200000000013 2.5986327086940872 5.4222222222222234 1.5857142857142861 1.75697675 1.0000000180025095e-35 0.29285714285714287 1.2353395000000003 0.50073044542730349
decision_type=2 2 2 2 2 2 2 2 2 2 2
left_child=1 9 3 4 -2 -5 8 -8 -4 -1 -11
right_child=2 -3 6 5 -6 -7 7 -9 -10 10 -12
leaf_value=0 0.016008080306122021 0.016860708401465932 0.0060238212398208259 0.04391198868476956 -0.0055423822257356925 0.00031840602376823329 0.0069565744426551279 -0.0087853342756377094 -0.0048001216814147407 0 -0.03191377045095329
leaf_weight=8.0449032485485095 22.92873540520668 6.2273702155798665 201.46627236530185 8.9872804731130618 36.936351951211691 8.2146389335393888 51.873641725629568 142.64032279327512 130.03894264250994 5.2031336650252369 14.633290402591227
leaf_count=33 77 43 790 31 162 30 200 572 499 21 83
internal_value=1.666e-05 -0.00854966 0.000597265 0.00850924 0.0020175 0.0270024 -0.00048099 -0.00431738 0.00162589 -0.0163436 -0.0235354
internal_weight=637.195 34.1087 603.086 77.067 59.8651 17.2019 526.019 194.514 331.505 27.8813 19.8364
internal_count=2541 180 2361 300 239 61 2061 772 1289 137 104
is_linear=0
shrinkage=0.05


Tree=344
num_leaves=12
num_cat=0
split_feature=102 106 87 95 60 80 81 41 122 82 44
split_gain=1.31228 2.16625 3.36943 2.09401 3.44665 3.09031 1.80314 2.90597 2.32453 2.08024 1.14007
threshold=3.5000000000000004 3.5250000000000004 -0.25613659999999999 -0.028362499999999954 1.3666666666666669 -1.397441783333333 -0.78488366666666654 5.7638888888888902 36.895000000000003 -0.2020993333333333 1.0000000180025095e-35
decision_type=2 2 2 2 2 2 2 2 2 2 2
left_child=6 3 -3 5 -5 -2 -1 8 -8 -9 -4
right_child=1 2 10 4 -6 -7 7 9 -10 -11 -12
leaf_value=0.01153745027007312 -0.01932439979782076 -0.0059471172298770055 0.0047977823921477652 0.0029969745819648976 -0.0089279025884538739 0.0038967365149842337 0 -0.012632298124346658 -0.021973005630255428 0.016669654363495722 0.032401086127052912
leaf_weight=10.057744212448595 13.483588099479674 12.66293530166149 12.017391555011274 102.28611768782139 132.02446089871228 304.44464514777064 17.91267904266715 7.2084091901779201 37.097087075933814 14.964970856904982 14.583530493080614
leaf_count=38 48 46 45 408 479 1113 72 25 162 52 53
internal_value=0 0.000874916 0.0120734 0 -0.00351911 0.00269763 -0.0056603 -0.00865977 -0.0149882 0.0048521 0.022368
internal_weight=678.744 591.503 39.2639 552.239 234.311 317.928 87.2409 77.1831 55.0098 22.1734 26.6009
internal_count=2541 2192 144 2048 887 1161 349 311 234 77 98
is_linear=0
shrinkage=0.05


Tree=345
num_leaves=13
num_cat=0
split_feature=88 100 13 82 25 88 108 75 22 27 38 1
split_gain=1.27474 2.65695 2.4462 3.7141 4.81509 3.1414 3.08514 3.08113 2.0427 2.06137 1.87913 0.987658
threshold=0.099312000000000081 0.5634920634920636 5.8333333333333348 -0.21477066666666658 15.300000000000002 -0.75293850000000007 0.17958548100621846 1.8785714285714288 1.1000000000000003 3.7750000000000004 1.3767716000000001 1.8333333333333337
decision_type=2 2 2 2 2 2 2 2 2 2 2 2
left_child=2 8 6 5 -5 -4 11 -8 10 -10 -2 -1
right_child=1 -3 3 4 -6 -7 7 -9 9 -11 -12 -13
leaf_value=-0.02865607179375488 0 -0.025855749613944452 -0.025210479659876679 -0.0245916262762844 0.0090895688629922654 0.0085443262932832654 0.0022423508500775432 0.016074035679422442 -0.0077794485767720065 0.0041639185037437984 -0.018810763719804433 0
leaf_weight=8.4068279564380628 30.552981093525887 11.408951282501219 6.6705829948186866 36.589428201317787 11.604166533797978 46.431086733937263 333.5228086784482 47.653778821229935 47.06608422100544 134.75569170713425 28.161203160881996 3.6497518233954898
leaf_count=59 121 39 23 132 54 166 1070 156 150 447 93 31
internal_value=-4.88823e-05 -0.00300001 0.00135673 -0.00535637 -0.0154455 0.00299228 0.00322202 0.00413992 -0.00160636 0.000773146 -0.0097019 -0.0200628
internal_weight=746.473 251.945 494.528 101.295 48.1936 53.1017 393.233 381.177 240.536 181.822 58.7142 12.0566
internal_count=2541 850 1691 375 186 189 1316 1226 811 597 214 90
is_linear=0
shrinkage=0.05


Tree=346
num_leaves=16
num_cat=0
split_feature=116 74 41 3 94 3 81 20 64 94 45 95 62 108 87
split_gain=1.12092 4.05035 2.41277 2.40462 3.0546 3.04541 1.90885 2.86938 5.28897 4.00039 2.52357 2.94145 2.43235 1.8031 1.24559
threshold=0.80787981341549409 0.2678571428571429 4.6833333333333345 1.4411776666666667 -0.18642959999999983 0.90660716666666674 -0.74917983333333316 5.5500000000000007 1.7750000000000001 -0.50104620000000022 1.1666666666666667 -0.48074990000000001 0.36666666666666675 0.49956666428059787 0.59031710000000037
decision_type=2 2 2 2 2 2 2 2 2 2 2 2 2 2 2
left_child=6 3 13 5 -5 -2 10 9 -9 -8 12 -12 -1 -3 -4
right_child=1 2 14 4 -6 -7 7 8 -10 -11 11 -13 -14 -15 -16
leaf_value=0.0066209653321079231 0.025034607285874234 -0.00800284529800473 -0.027389773048576444 0.0009042249741111288 0.049841985415525612 -0.0034522748049626985 -0.0081633438100831204 -0.011983563024317065 0.0055754241311633387 0.0050285996396089655 0 0.027414505126725365 -0.020006841356462416 0.017668157012578539 0
leaf_weight=23.047619342803955 12.269545692950485 10.743645161390306 12.6031257994473 8.1617503017187136 8.6046282798051816 24.382889445871115 78.140484608709812 139.13865688815713 56.641365051269531 199.94499301537871 11.232196543365715 21.399761389940977 11.698662891983984 12.03463491424918 6.7066618464887133
leaf_count=91 53 39 51 27 27 97 305 580 252 764 48 76 51 50 30
internal_value=2.2988e-05 0.00506062 -0.00564385 0.0143621 0.0302255 0.00516751 -0.000781427 -0.00198701 -0.00664694 0.00112661 0.0068712 0.01679 -0.00125444 0.00363001 -0.0186855
internal_weight=636.751 95.5069 42.0881 53.4188 16.7664 36.6524 541.244 473.865 195.78 278.085 67.3782 32.632 34.7463 22.7783 19.3098
internal_count=2541 374 170 204 54 150 2167 1901 832 1069 266 124 142 89 81
is_linear=0
shrinkage=0.05


Tree=347
num_leaves=12
num_cat=0
split_feature=76 40 98 108 40 17 9 95 118 66 18
split_gain=1.2973 2.01971 3.77013 3.0543 3.05336 2.39064 2.13172 1.61837 1.40766 0.685163 0.288264
threshold=0.63333333333333341 5.354166666666667 -0.48333333333333323 0.15794944742313166 5.6333333333333337 0.97845220000000011 1.8088106666666668 -0.17635642857142839 57.399999999999999 0.76388888888888895 12.900000000000002
decision_type=2 2 2 2 2 2 2 2 2 2 2
left_child=7 3 4 9 -3 -4 -5 -1 -9 -2 -10
right_child=1 2 5 6 -6 -7 -8 8 10 -11 -12
leaf_value=-0.0052349923073256657 0 -0.032826580946052356 -0.012069273238637166 -0.0014897974459261957 -0.0051876647827848212 0.015935985370261044 0.0073185508362463032 0 0.0050515300200524235 0.026224117803842713 0.032108808977410128
leaf_weight=7.9617678448557845 6.9773259162902859 17.846053510904312 9.3178603351116198 465.43946593813598 34.52811236679554 19.879590354859829 79.283411495387554 7.4274950921535519 7.3545425683259991 12.808862939476965 9.6027974635362607
leaf_count=29 27 54 37 1821 112 64 268 26 27 45 31
internal_value=0 -0.000463409 -0.00780839 0.000521457 -0.0159808 0.00523911 -0.000105075 0.00964838 0.0164924 0.0193509 0.024093
internal_weight=678.427 646.081 81.5716 564.509 52.3742 29.1975 544.723 32.3466 24.3848 19.7862 16.9573
internal_count=2541 2428 267 2161 166 101 2089 113 84 72 58
is_linear=0
shrinkage=0.05


Tree=348
num_leaves=10
num_cat=0
split_feature=107 84 42 115 89 92 109 80 111
split_gain=1.24889 1.66437 1.89279 4.31468 2.1 1.54246 1.53103 0.493857 0.425678
threshold=1.0000000180025095e-35 -3.2499999999999996 1.0000000180025095e-35 1.6057771870547779 -0.19177970000000008 -0.29999999999999993 0.2467439541261531 0.12756150000000008 1.0554402996453049
decision_type=2 2 2 2 2 2 2 2 2
left_child=5 6 3 -3 -4 -1 7 -2 -7
right_child=1 2 4 -5 -6 8 -8 -9 -10
leaf_value=-0.0040428832869387277 -0.0094243330748928402 0.0288135855850573 -0.0045499673338412318 -0.00097096702507309799 0.0012568041344835129 0.026911979191120334 -0.028060948203324672 0.012561317943575168 0.0016683396091572624
leaf_weight=6.4843765124678638 4.5469012036919612 17.167636997997761 240.30731167271733 27.748997613787651 419.15020032972097 9.6587722301483172 9.3699161857366544 3.7024094797670841 7.8484735488891593
leaf_count=23 31 58 796 101 1409 33 37 25 28
internal_value=-4.97708e-05 -0.000495897 -3.44972e-05 0.00970368 -0.000787172 0.0108577 -0.0152636 0 0.0189986
internal_weight=745.985 721.993 704.374 44.9166 659.458 23.9916 17.6192 8.24931 17.5072
internal_count=2541 2457 2364 159 2205 84 93 56 61
is_linear=0
shrinkage=0.05


Tree=349
num_leaves=13
num_cat=0
split_feature=9 41 26 41 98 101 90 23 113 124 81 37
split_gain=1.13455 2.94883 1.9188 3.58699 3.09221 2.36495 2.26253 2.23703 1.80388 2.53228 1.67572 0.500654
threshold=0.62278483333333345 4.0500000000000007 2.6333333333333337 3.7638888888888893 0.19999999999999993 1.4642857142857146 0.19999999999999987 0.88260820000000006 0.52128545355234956 0.51242652046862669 0.1491653333333334 1.2515473500000003
decision_type=2 2 2 2 2 2 2 2 2 2 2 2
left_child=1 8 3 4 -2 11 -7 -5 9 -1 -3 -4
right_child=2 10 5 7 -6 6 -8 -9 -10 -11 -12 -13
leaf_value=0.029258851290137111 0.045695915252998598 -0.033511289646912787 0.00020463198505732947 -0.014583708778936322 0.0038926331622860817 -0.003603982992914308 0.0030836140176548205 0.0095642258383706116 -0.018429025411223283 -0.002585585050439218 0 0.027688558626990184
leaf_weight=9.196073837578302 9.3112692981958407 11.473460860550405 7.0542277842760068 15.476441521197556 13.480793576687573 313.52563759312034 204.9451957680285 21.829341512173414 5.3503879755735388 9.5818600803613645 7.1228643655776969 7.8640980422496796
leaf_count=37 30 57 25 70 56 1241 813 89 26 41 29 27
internal_value=3.05925e-05 -0.00765489 0.000679916 0.00909375 0.024275 -0.000189763 -0.000863358 0 0.00214633 0.0111723 -0.0223838 0.0186629
internal_weight=636.212 42.7246 593.487 60.0978 22.7921 533.389 518.471 37.3058 24.1283 18.7779 18.5963 14.9183
internal_count=2541 190 2351 245 86 2106 2054 159 104 78 86 52
is_linear=0
shrinkage=0.05


Tree=350
num_leaves=14
num_cat=0
split_feature=72 76 16 75 94 82 35 93 87 106 80 13 33
split_gain=1.28688 3.74164 3.47035 3.56078 2.76886 2.44738 2.21732 2.37058 2.13909 2.06602 2.2306 1.85908 1.67767
threshold=1.9500000000000002 0.89444444444444449 1.2072212000000002 2.2500000000000004 0.38497978500000013 0.30268200000000012 0.58571428571428574 -1.1374999999999997 -0.30479109999999981 2.7250000000000005 0.0079383333333329937 6.5833333333333348 3.7750000000000004
decision_type=2 2 2 2 2 2 2 2 2 2 2 2 2
left_child=1 9 8 5 -5 -4 7 -3 -2 10 -1 -8 -10
right_child=2 6 3 4 -6 -7 11 -9 12 -11 -12 -13 -14
leaf_value=0.001517259548152604 -0.0026603985067941076 0.002514474560525495 -0.025296075606319954 -0.013873106983451093 0.01037259055780769 0 -0.000172585680917009 -0.025557101154879948 0 0 0.046661955311188108 0.0090197672057548573 0.036685627792340574
leaf_weight=7.427343979477885 13.231175497174265 8.045639783143999 35.909517504274845 18.896261096000671 27.746520042419434 12.722383953630922 441.80403895489872 15.917126048356293 8.8407408148050326 10.313272722065447 8.5087601095437986 60.433741562068462 7.9969496577978125
leaf_count=24 43 32 130 60 94 47 1687 91 30 38 27 207 31
internal_value=0 0.00106535 -0.00452682 -0.00945007 0 -0.0187773 3.43109e-05 -0.0144058 0.00926547 0.0191391 0.0299056 0.000849889 0.0210637
internal_weight=677.793 552.45 125.344 95.2747 46.6428 48.6319 526.201 23.9628 30.0689 26.2494 15.9361 502.238 16.8377
internal_count=2541 2106 435 331 154 177 2017 123 104 89 51 1894 61
is_linear=0
shrinkage=0.05


Tree=351
num_leaves=13
num_cat=0
split_feature=6 89 32 123 63 111 63 83 35 100 94 9
split_gain=1.26998 3.59905 3.33243 3.48372 2.85108 2.4377 2.18615 4.09158 4.0315 2.17736 0.989009 0.772362
threshold=5.166666666666667 -0.49910249999999984 11.472222222222223 0.46021774137965782 1.7333333333333336 1.0655454422641377 1.9000000000000001 -1.1666666666666663 1.4722222222222225 0.19090909090909094 -0.16063976249999998 1.1095668333333335
decision_type=2 2 2 2 2 2 2 2 2 2 2 2
left_child=1 9 3 -3 -4 6 7 -2 -8 -1 -11 -7
right_child=5 2 4 -5 -6 11 8 -9 -10 10 -12 -13
leaf_value=0 0.017479665764494935 0.0068574469460364676 0 -0.014388947265913485 0.013390647014395725 0 -0.019965800611132883 -0.00092149226916735799 3.7554047027958222e-05 0.0063833269335113437 0.036384784644514216 -0.030749383876565464
leaf_weight=10.038989290595053 32.359771460294724 23.774622566998005 138.66108114272356 60.444294415414333 56.45054467394948 5.8118872418999663 38.53421363979578 292.08129363134503 56.126135241240263 10.102547012269497 12.687516868114471 8.6181465648114663
leaf_count=38 110 79 435 239 197 20 129 966 217 36 42 33
internal_value=-4.21597e-05 0.0023155 0.000266468 -0.00779437 0.00402285 -0.00185626 -0.00100962 0.000808274 -0.0077063 0.0177487 0.0260146 -0.0215463
internal_weight=745.691 312.16 279.331 84.2189 195.112 433.531 419.101 324.441 94.6603 32.8291 22.7901 14.43
internal_count=2541 1066 950 318 632 1475 1422 1076 346 116 78 53
is_linear=0
shrinkage=0.05


Tree=352
num_leaves=7
num_cat=0
split_feature=14 85 95 95 126 40
split_gain=1.11229 3.05681 2.63874 2.3837 1.56188 0.572388
threshold=3.2666666666666671 2.1000000000000005 0.60674060000000019 0.17027725999999996 0.19919390947487953 4.5357142857142865
decision_type=2 2 2 2 2 2
left_child=1 2 3 -1 -4 -2
right_child=5 -3 4 -5 -6 -7
leaf_value=0.00075811048487674508 -0.025451688932652851 0.032841931139492665 0 -0.0074311561535520092 0.026420602092902753 0
leaf_weight=493.67825315333903 5.3647255562245828 6.1678541004657736 6.804678529500964 105.87598955258727 13.719001501798628 4.2576319761574268
leaf_count=1937 35 22 29 453 46 19
internal_value=2.73006e-05 0.000377028 0 -0.000614751 0.0172031 -0.0159195
internal_weight=635.868 626.246 620.078 599.554 20.5237 9.62236
internal_count=2541 2487 2465 2390 75 54
is_linear=0
shrinkage=0.05


Tree=353
num_leaves=12
num_cat=0
split_feature=75 17 110 86 89 110 45 108 74 89 32
split_gain=1.30288 2.7566 1.80162 3.35514 3.20815 2.71697 4.64376 3.1028 1.91116 1.79035 1.2252
threshold=0.61250000000000016 1.0751195000000002 0.17203992484984981 0.19999999999999987 -0.21796089999999999 0.18900859967277184 1.1666666666666667 0.54938288775052524 0.41428571428571431 -0.15976700000000002 11.878571428571432
decision_type=2 2 2 2 2 2 2 2 2 2 2
left_child=1 -1 3 8 -5 6 -4 -7 -2 10 -3
right_child=2 9 5 4 -6 7 -8 -9 -10 -11 -12
leaf_value=0.033322736744699842 -0.022427791348964568 0.00085009976754689572 -0.0096135729098194966 0.021284689489837999 -0.0076732214678158876 0.00052770119438734649 0.037338341963681708 -0.018776915383175059 0.0049415556519785287 0.019482645523448479 -0.020926279895456271
leaf_weight=8.0075346864759904 33.784817794337869 7.9592988863587406 6.0450051277875927 13.584832455962895 24.717237764969468 530.38391647487879 11.794173642992972 20.610661573708057 3.9808091670274726 7.6145024076104191 8.7338739261031133
leaf_count=33 234 28 26 68 194 1722 52 99 17 29 39
internal_value=0 0.0096626 -0.000476571 -0.00768719 0.0016055 0.000411727 0.0191083 -0.000136541 -0.0182 0 -0.00825615
internal_weight=677.217 32.3152 644.901 76.0677 38.3021 568.834 17.8392 550.995 37.7656 24.3077 16.6932
internal_count=2541 129 2412 513 262 1899 78 1821 251 96 67
is_linear=0
shrinkage=0.05


Tree=354
num_leaves=9
num_cat=0
split_feature=90 9 23 17 100 15 92 89
split_gain=1.25092 1.41922 3.6716 3.07222 2.99063 2.86298 2.56322 2.2703
threshold=2.1000000000000005 0.84371016666666676 1.0110453200000002 1.4810321000000002 0.32051282051282054 2.2250000000000005 -0.66111111111111109 -0.0081141000000000112
decision_type=2 2 2 2 2 2 2 2
left_child=1 4 3 -3 7 -4 -6 -1
right_child=-2 2 5 -5 6 -7 -8 -9
leaf_value=0.0070701076688581589 0.018798225768564616 0.0015338313189526482 0 0.022592018351190693 -0.033342882548439173 -0.017544132923116518 -0.0049300899861108773 -0.0080661641916270187
leaf_weight=52.4526526927948 7.6248075962066642 49.574622124433517 491.30384509265423 31.657263465225697 13.834323957562445 23.351164516061544 30.108803384006023 45.168074510991573
leaf_count=167 36 163 1674 100 43 119 97 142
internal_value=-4.32969e-05 -0.000331009 0.000666856 0.0105235 -0.00485727 -0.000809318 -0.0155305 0
internal_weight=745.076 737.451 595.887 81.2319 141.564 514.655 43.9431 97.6207
internal_count=2541 2505 2056 263 449 1793 140 309
is_linear=0
shrinkage=0.05


Tree=355
num_leaves=9
num_cat=0
split_feature=69 33 103 3 52 127 81 69
split_gain=1.08726 1.48953 2.38213 2.88181 2.03334 1.72808 1.76704 1.1787
threshold=0.45000000000000007 3.4722222222222228 7.5000000000000009 1.7393248333333335 0.83333333333333337 0.69394085058983268 -0.21655033333333359 0.95000000000000007
decision_type=2 2 2 2 2 2 2 2
left_child=-1 2 4 -4 -2 6 -3 -7
right_child=1 5 3 -5 -6 7 -8 -9
leaf_value=-0.01849306825492621 0.017204218035605925 -0.0034826534287622345 0.031495922780356844 0 -0.0061880120176224882 0 0.0023444218631425737 -0.02644624637762813
leaf_weight=6.7460828945040694 11.612326100468634 215.83072645403445 15.964491188526155 11.51257139444351 34.263335570693016 5.9005526527762404 324.25016700103879 9.5681354105472547
leaf_count=31 43 891 54 43 132 32 1260 55
internal_value=2.4923e-05 0.000331982 0.00702448 0.0183837 0 -0.000472866 0 -0.0164282
internal_weight=635.648 628.902 73.3527 27.4771 45.8757 555.55 540.081 15.4687
internal_count=2541 2510 272 97 175 2238 2151 87
is_linear=0
shrinkage=0.05


Tree=356
num_leaves=13
num_cat=0
split_feature=9 74 29 106 10 87 110 30 10 10 123 126
split_gain=1.30109 2.63502 3.89862 3.51836 2.61943 3.67728 3.09142 2.99502 2.1857 3.33585 2.96851 0.798107
threshold=0.75941916666666665 1.0000000180025095e-35 1.4722222222222225 2.6583333333333337 1.2790090000000001 -0.68218659999999987 0.1473449859786313 1.022795892857143 2.6273750000000002 1.6271190000000002 0.61130238476713028 0.24711184614331841
decision_type=2 2 2 2 2 2 2 2 2 2 2 2
left_child=4 2 3 -2 -1 7 -7 -6 9 -3 -10 -4
right_child=1 8 11 -5 5 6 -8 -9 10 -11 -12 -13
leaf_value=-0.015960504886001078 0.020011134896754549 0.00040435457940793954 0.0074018006345468075 -0.012897239419683699 0.014348615756056511 -0.0015767244205144989 0.023962474549332785 -0.019321588253031961 0.024875752901245378 -0.0076599729756948939 -0.0079711072211249238 0.041560839825603713
leaf_weight=9.5855049677193147 12.193879440426825 316.48223653994501 8.1108888760209101 20.116403862833977 8.78059931099415 11.689577918499706 39.02748030424118 15.337753184139727 16.109443567693237 202.98019934818149 7.8505997397005549 8.419859975576399
leaf_count=41 41 1139 29 76 27 77 132 63 58 787 45 26
internal_value=0 -0.000806439 0.0100442 0 0.00579327 0.0094127 0.0171926 -0.00498971 -0.00189016 -0.00265938 0.012222 0.0290309
internal_weight=676.684 592.264 48.841 32.3103 84.4209 74.8354 50.7171 24.1184 543.422 519.462 23.96 16.5307
internal_count=2541 2201 172 117 340 299 209 90 2029 1926 103 55
is_linear=0
shrinkage=0.05


Tree=357
num_leaves=11
num_cat=0
split_feature=82 100 60 82 94 72 91 103 78 24
split_gain=1.23742 1.94337 1.88104 1.58965 3.41387 2.87884 2.43979 1.70436 2.84868 2.63019
threshold=0.95027400000000017 0.32051282051282054 2.1000000000000005 0.64344841666666674 -0.18873599999999988 1.6500000000000001 -0.20000000000000001 6.5000000000000009 -1.583333333333333 1.84229
decision_type=2 2 2 2 2 2 2 2 2 2
left_child=3 2 -2 7 6 -6 -5 8 -1 -9
right_child=1 -3 -4 4 5 -7 -8 9 -10 -11
leaf_value=-0.012966021274154927 0.0089272769622962943 -0.029131753139290707 -0.020914792593382074 -0.022729030450963382 0.036548358183979827 0 0.010920837502983272 -0.0054154016526356697 0.0043774590172155235 0.0030532498620188986
leaf_weight=24.00726193934679 14.094982594251638 8.2898154705762845 7.0003830157220355 9.7621129751205462 13.392767086625101 12.782760865986345 7.8491932377219191 259.00823114067316 255.54100397974253 132.74201090633869
leaf_count=80 46 30 36 33 42 50 25 895 870 434
internal_value=-4.07564e-05 -0.00997848 0 0.000311157 0.00946178 0.0210386 -0.0052641 -0.000224526 0.00266889 -0.00241808
internal_weight=744.471 29.3852 21.0954 715.085 43.7868 26.1755 17.6113 671.299 279.548 391.75
internal_count=2541 112 82 2429 150 92 58 2279 950 1329
is_linear=0
shrinkage=0.05


Tree=358
num_leaves=8
num_cat=0
split_feature=45 21 82 101 116 91 58
split_gain=1.07659 1.17458 1.32062 2.52568 2.16739 1.13502 0.126462
threshold=1.0000000180025095e-35 0.22500000000000003 0.29574116666666672 1.7750000000000001 -0.78039227015333912 -1.3666666666666663 1.5500000000000003
decision_type=2 2 2 2 2 2 2
left_child=5 6 4 -4 -3 -1 -2
right_child=1 2 3 -5 -6 -7 -8
leaf_value=0 -0.02056186562077433 -0.0053083069273065775 0.01743558649670544 -0.0055389430896760714 0.0037185874711347295 -0.024984499751891823 0
leaf_weight=6.2863228991627693 6.0276740640401822 75.249746561050415 11.396168798208235 131.75111795961857 391.85321127995849 7.6870576664805395 5.1005221679806709
leaf_count=29 31 290 40 563 1528 38 22
internal_value=1.68843e-05 0.000413717 0.000796622 -0.00325477 0.00214932 -0.0131396 -0.0147959
internal_weight=635.352 621.378 610.25 143.147 467.103 13.9734 11.1282
internal_count=2541 2474 2421 603 1818 67 53
is_linear=0
shrinkage=0.05


Tree=359
num_leaves=14
num_cat=0
split_feature=8 77 39 72 6 99 95 82 13 85 90 101 4
split_gain=1.26636 3.88151 3.76592 3.43685 2.45366 2.66703 2.02796 3.07568 3.20632 2.90299 2.65302 2.6428 1.5046
threshold=2.1666666666666674 0.18333333333333338 9.3166666666666682 1.5857142857142861 3.5833333333333335 0.43650793650793657 -0.028362499999999954 -0.58066816666666654 4.416666666666667 0.59999999999999998 1.4333333333333338 3.2403846153846159 12.500000000000002
decision_type=2 2 2 2 2 2 2 2 2 2 2 2 2
left_child=6 4 12 -4 -2 -6 10 9 -9 -8 11 -1 -3
right_child=1 2 3 -5 5 -7 7 8 -10 -11 -12 -13 -14
leaf_value=-0.0015037440713193179 0.018115906303440937 -0.024092283023400298 0.026258526032320775 0 -0.020272938995209617 0.0020085453305460923 -0.0022981068316065461 -0.00018111048480782253 -0.013424155240370446 0.024145822320346975 0.027948167253346496 0.010378516853489025 0.0021289035447942979
leaf_weight=251.51120530441403 7.2057070136070243 6.9845343455672255 39.556334253400564 19.275554023683071 26.889520974829793 18.603654455393553 20.121281277388334 97.923303119838238 100.0464814864099 15.427466429769991 8.2749741785228235 55.807119280099869 8.3790855072438699
leaf_count=893 25 29 138 67 122 102 73 376 374 59 45 198 40
internal_value=0 0.00451015 0.0120246 0.0179937 -0.00516536 -0.0102387 -0.00101286 -0.00458925 -0.00715877 0.00815666 0.00148165 0.000518495 -0.00747992
internal_weight=676.006 126.894 74.1955 58.8319 52.6989 45.4932 549.112 233.519 197.97 35.5487 315.593 307.318 15.3636
internal_count=2541 523 274 205 249 224 2018 882 750 132 1136 1091 69
is_linear=0
shrinkage=0.05


Tree=360
num_leaves=12
num_cat=0
split_feature=6 89 16 113 111 8 80 89 100 97 41
split_gain=1.21026 3.39806 3.11101 2.42683 2.34254 2.11388 3.15921 2.63972 2.08034 0.919013 0.796955
threshold=5.166666666666667 -0.49910249999999984 2.3185910000000001 0.40125882889040781 1.0655454422641377 0.83333333333333337 1.3577698333333339 -0.20906910000000009 0.19090909090909094 0.49999999999999989 4.7250000000000005
decision_type=2 2 2 2 2 2 2 2 2 2 2
left_child=1 8 3 -3 5 7 -7 -2 -1 -6 -10
right_child=4 2 -4 -5 9 6 -8 -9 10 -11 -12
leaf_value=0 -0.022199178937198007 -0.01906314085475648 0.022397199486981642 0.00025031612686548794 -0.032351788840105679 -0.00050463123461385792 0.019966298438093399 -0.00083335929733498691 0.037394183569078934 0 0.0090489657167788541
leaf_weight=10.020433112978933 23.662150673568249 16.12737787142396 14.201713539659975 248.30084184557199 7.7614231109619123 327.40431932732463 18.83696223795414 48.302629951387644 10.588930428028108 6.5752321630716324 12.129898346960543
leaf_count=38 83 62 47 841 32 1089 74 176 35 21 43
internal_value=-3.10381e-05 0.00227216 0.00027314 -0.000806612 -0.00180576 -0.00097379 0.000519373 -0.00875171 0.0172907 -0.0211686 0.0253879
internal_weight=743.912 311.369 278.63 264.428 432.543 418.206 346.241 71.9648 32.7393 14.3367 22.7188
internal_count=2541 1066 950 903 1475 1422 1163 259 116 53 78
is_linear=0
shrinkage=0.05


Tree=361
num_leaves=9
num_cat=0
split_feature=93 63 5 5 2 29 3 39
split_gain=1.0798 1.31379 2.3432 4.59904 3.68251 2.03173 4.22622 2.61721
threshold=1.6125000000000003 1.1000000000000003 4.8333333333333348 6.166666666666667 1.3463881666666668 1.6833333333333336 1.9302653333333335 12.950000000000001
decision_type=2 2 2 2 2 2 2 2
left_child=1 5 4 -4 -3 7 -7 -1
right_child=-2 2 3 -5 -6 6 -8 -9
leaf_value=0.0024689274443365113 0.016152778871522347 -0.0047844139389862268 -0.013528068457669965 0.0025579452462777263 0.0075590639499823397 0.022441957340357768 -0.0076070370124794191 -0.017048690937620826
leaf_weight=154.69978707656264 9.266714505851267 119.80306966602802 97.990154825150967 72.141164911910892 116.79946793988347 31.817153513431549 14.428934782743452 18.246547892689705
leaf_count=603 33 487 414 338 438 108 54 66
internal_value=2.60771e-06 -0.000182122 -0.00193649 -0.00643982 0.00110471 0.00284022 0.0120457 3.61205e-05
internal_weight=635.193 625.926 406.734 170.131 236.603 219.192 46.2461 172.946
internal_count=2541 2508 1677 752 925 831 162 669
is_linear=0
shrinkage=0.05


Tree=362
num_leaves=10
num_cat=0
split_feature=116 1 1 27 15 32 66 106 112
split_gain=1.26205 7.35587 2.7402 3.15149 2.74354 2.69435 2.42045 4.1296 3.00257
threshold=-1.4505847821687066 0.83333333333333337 0.58333333333333337 3.3666666666666671 0.45000000000000007 13.535714285714286 1.9500000000000002 2.4750000000000005 0.49483173076923082
decision_type=2 2 2 2 2 2 2 2 2
left_child=1 -1 3 -2 -5 -3 8 -8 -4
right_child=2 5 6 4 -6 -7 7 -9 -10
leaf_value=0.043441562630213357 0.01554918177948646 0.0052731172521654074 0.0042812950254235514 0 -0.021941360654274669 -0.02828577503514236 0.035858795915439695 0.002121671557305646 -0.0035085853390788924
leaf_weight=10.03450293838978 8.0243616588413698 13.967376485466959 199.31262189149857 21.736114393919706 39.154881220310926 7.6338193342089644 11.663311228156088 46.669014828279614 317.40436958149076
leaf_count=32 38 47 684 103 152 30 51 249 1155
internal_value=0 0.0096234 -0.000453676 -0.00984451 -0.014196 -0.00510104 0.000600083 0.0102007 -0.000404761
internal_weight=675.6 31.6357 643.965 68.9154 60.891 21.6012 575.049 58.3323 516.717
internal_count=2541 109 2432 293 255 77 2139 300 1839
is_linear=0
shrinkage=0.05


Tree=363
num_leaves=8
num_cat=0
split_feature=82 100 60 25 25 102 79
split_gain=1.19245 1.83952 1.78488 1.50552 1.69372 3.46545 2.28495
threshold=0.95027400000000017 0.32051282051282054 2.1000000000000005 19.100000000000005 16.300000000000001 6.5000000000000009 1.416666666666667
decision_type=2 2 2 2 2 2 2
left_child=3 2 -2 4 6 -6 -1
right_child=1 -3 -4 -5 5 -7 -8
leaf_value=-0.00052415131677613889 0.0085957786080408261 -0.028537230239900846 -0.020513682122588608 -0.019240712321700174 0.029735901089067176 -0.00019104866148408832 0.013561960846331848
leaf_weight=644.00660844147205 14.078742966055875 8.2203845903277379 6.9562261812388888 8.5510115250945073 13.92408763989806 18.632731843739748 29.097721628844738
leaf_count=2160 46 30 36 42 57 68 102
internal_value=-2.73444e-05 -0.00980726 0 0.000316501 0.000651137 0.011623 2.98219e-05
internal_weight=743.468 29.2554 21.035 714.212 705.661 32.5568 673.104
internal_count=2541 112 82 2429 2387 125 2262
is_linear=0
shrinkage=0.05


Tree=364
num_leaves=12
num_cat=0
split_feature=9 41 25 16 102 37 11 23 100 2 0
split_gain=1.09057 2.76445 1.74017 3.91621 2.0355 1.97233 3.69515 3.25716 1.60125 1.35288 1.31196
threshold=0.62278483333333345 4.0500000000000007 8.1000000000000014 1.2687946250000002 6.5000000000000009 1.2437870500000001 8.1666666666666696 1.4600081000000003 0.32051282051282054 1.6793336666666667 1.5833333333333337
decision_type=2 2 2 2 2 2 2 2 2 2 2
left_child=1 8 3 -2 -5 7 -7 -4 9 -1 -3
right_child=2 10 5 4 -6 6 -8 -9 -10 -11 -12
leaf_value=-0.018457731197239289 0.02864291555756647 -0.033173141064042289 -0.0024153537704663629 0.013279764457665492 -0.012822685685342471 -0.023454054738297925 0.0031670524930125024 -0.032938479068468349 0.020854737612997758 0.0062505254271150376 0
leaf_weight=9.0718486309051567 16.523259490728378 10.449191227555277 183.12328962236643 12.016329471021892 15.988685160875319 12.231897648423908 343.85205882042646 8.6793495789170247 7.5070851594209662 7.5725024230778208 7.8315240815281859
leaf_count=40 55 49 750 47 74 51 1335 39 30 34 37
internal_value=0 -0.00757046 0.000632285 0.0100362 0 -5.77952e-05 0.00204944 -0.00421958 0.00179283 -0.00466556 -0.0219854
internal_weight=634.847 42.4322 592.415 44.5283 28.005 547.887 356.084 191.803 24.1514 16.6444 18.2807
internal_count=2541 190 2351 176 121 2175 1386 789 104 74 86
is_linear=0
shrinkage=0.05


Tree=365
num_leaves=14
num_cat=0
split_feature=72 76 16 75 114 94 82 87 35 93 88 31 80
split_gain=1.22907 3.45932 3.25638 3.31226 2.69346 2.55812 2.31834 2.07498 2.05237 2.25864 1.82569 1.24836 0.28297
threshold=1.9500000000000002 0.89444444444444449 1.2072212000000002 2.2500000000000004 1.6057771870547779 0.38497978500000013 0.30268200000000012 -0.30479109999999981 0.58571428571428574 -1.1374999999999997 0.53705500000000017 1.4901956500000002 -0.066600166666666669
decision_type=2 2 2 2 2 2 2 2 2 2 2 2 2
left_child=1 4 7 6 -1 -5 -4 -2 9 -3 -10 -9 -6
right_child=2 8 3 5 12 -7 -8 11 10 -11 -12 -13 -14
leaf_value=-0.00085194852905532727 -0.0027493642276859263 0.0023997604909138538 -0.024629102036152949 -0.013443040939151961 0.005984786223018651 0.009901664581761685 0 0.00065353655107737191 0 -0.025072760289116404 0.01060318712182848 0.034546021901329237 0.035297907476656225
leaf_weight=7.6616518124938038 13.185641944408419 7.9942983165383366 35.60770870745182 18.844332918524742 6.4181063920259538 27.652039922773838 12.683701515197752 8.7178393155336398 458.05899546667933 15.504764989018438 42.724021524190903 7.9413801282644263 12.183737717568869
leaf_count=27 43 32 130 60 21 94 47 29 1723 91 171 32 41
internal_value=0 0.00105187 -0.00442722 -0.00921246 0.0184266 0 -0.0182461 0.00895574 5.28836e-05 -0.0139693 0.000837044 0.0206827 0.0285562
internal_weight=675.178 550.546 124.633 94.7878 26.2635 46.4964 48.2914 29.8449 524.282 23.4991 500.783 16.6592 18.6018
internal_count=2541 2106 435 331 89 154 177 104 2017 123 1894 61 62
is_linear=0
shrinkage=0.05


Tree=366
num_leaves=14
num_cat=0
split_feature=51 9 114 22 63 10 96 51 17 10 20 10 3
split_gain=1.1901 3.51626 3.85114 3.98133 3.14325 3.37191 5.49201 3.22953 3.03611 2.95936 3.82097 2.69189 1.19596
threshold=1.4166666666666667 0.77628516666666669 1.0557264277852518 2.1000000000000005 1.1000000000000003 1.3920308333333336 -0.0051141999999999568 0.83333333333333337 1.4437225000000002 1.3788963333333337 5.9000000000000012 1.7373613333333335 1.4541740000000003
decision_type=2 2 2 2 2 2 2 2 2 2 2 2 2
left_child=4 12 8 -4 9 6 -6 -7 -3 10 -1 -11 -2
right_child=1 2 3 -5 5 7 -8 -9 -10 11 -12 -13 -14
leaf_value=0.016983075399477 -0.029979067332602249 -0.026008648977072776 0.0041791421111440656 -0.013220319542064896 -0.014277984610819592 -0.0054125725664162898 0.01388654298253901 0.01467071599969764 0.0044502132728896308 -0.013676031847770977 -0.0073808833140893253 -0.00062085431645693965 0
leaf_weight=38.484618440270424 14.076512344181539 23.89508401602507 203.7609428614378 37.556046333163977 40.455591179430485 19.893565505743027 27.863903604447842 108.0455472022295 8.0393458753824216 63.004755236208439 23.016496077179909 126.77694568783045 8.1867432668805105
leaf_count=122 45 77 755 130 136 67 97 363 35 204 77 407 26
internal_value=-3.04401e-05 -0.00255266 -0.00077031 0.00122155 0.0015255 0.00631458 -0.00203525 0.0111424 -0.0169203 -0.00202691 0.00709279 -0.00526603 -0.0213058
internal_weight=743.056 295.515 273.251 241.317 447.541 196.259 68.3195 127.939 31.9344 251.283 61.5011 189.782 22.2633
internal_count=2541 1068 997 885 1473 663 233 430 112 810 199 611 71
is_linear=0
shrinkage=0.05


Tree=367
num_leaves=11
num_cat=0
split_feature=3 87 123 18 125 81 26 69 69 113
split_gain=1.0452 1.37406 2.79037 2.66673 2.39496 1.80873 1.7785 1.33081 1.04076 0.134582
threshold=0.55103581666666679 1.2386535000000001 0.598233653208468 19.300000000000001 0.53556010008468713 0.040764166666666719 5.2666666666666675 1.267857142857143 2.2250000000000005 0.48449519230769239
decision_type=2 2 2 2 2 2 2 2 2 2
left_child=7 3 6 4 -2 -5 -3 -1 9 -9
right_child=1 2 -4 5 -6 -7 -8 8 -10 -11
leaf_value=0.0060089810674345597 -0.0012110743872184571 0.034444724563637674 -0.0086010903952453335 -0.029714627880458439 0.00626372875428123 0 0 -0.001144153596262523 0 -0.030760546287682544
leaf_weight=4.4018386006355312 429.04201947897673 11.071424618363386 7.9058242775499812 11.478831678628923 139.8716136738658 6.2214249670505515 7.4390909522771826 4.5592614188790348 4.5473861824721089 8.0387304686009866
leaf_count=17 1646 39 41 68 568 31 28 23 36 44
internal_value=0 0.000448471 0.011393 0 0.000546695 -0.0186387 0.0224983 -0.0105078 -0.0176012 -0.0245916
internal_weight=634.577 613.03 26.4163 586.614 568.914 17.7003 18.5105 21.5472 17.1454 12.598
internal_count=2541 2421 108 2313 2214 99 67 120 103 67
is_linear=0
shrinkage=0.05


Tree=368
num_leaves=10
num_cat=0
split_feature=96 96 12 124 38 38 13 58 70
split_gain=1.24777 3.08239 2.90365 2.70024 1.99493 2.94363 2.87101 1.31553 1.04709
threshold=0.61371850000000028 0.31937280000000007 4.8333333333333348 0.53548945028282924 1.5132706000000002 1.4916186000000005 5.166666666666667 1.6333333333333335 1.1333333333333335
decision_type=2 2 2 2 2 2 2 2 2
left_child=1 4 -2 7 5 -1 -6 -3 -5
right_child=2 3 -4 8 6 -7 -8 -9 -10
leaf_value=0.0024453041277920041 -0.0086921876364333649 -0.0068556005315345177 0.025598288945344674 0 0.00099359305819517814 0.026199262646228117 -0.0089961227381650452 0.016736352611805397 -0.024897209314783758
leaf_weight=249.49785336479545 7.1036477014422443 14.100587762892248 13.787344209849833 7.8722027577459803 235.90357663854957 13.549695417284964 98.49032124504447 8.2076708078384382 26.27069004625082
leaf_count=859 28 59 47 37 962 46 379 26 98
internal_value=0 -0.000341884 0.0117899 -0.0114531 0.000641823 0.00395283 -0.00181769 2.48508e-05 -0.0201625
internal_weight=674.784 653.893 20.891 56.4512 597.441 263.048 334.394 22.3083 34.1429
internal_count=2541 2466 75 220 2246 905 1341 85 135
is_linear=0
shrinkage=0.05


Tree=369
num_leaves=13
num_cat=0
split_feature=31 89 2 24 80 84 10 94 4 16 92 92
split_gain=1.20998 2.59305 1.98404 1.93055 3.42565 5.06039 2.80615 2.77184 2.82666 2.36049 1.64811 3.98227
threshold=1.7137141000000002 0.35781230000000014 1.0713418333333335 2.1192360000000003 -0.90129999999999966 -0.99999999999999956 1.9147650000000003 -0.57831450000000018 14.833333333333334 1.4929106000000003 0.49999999999999989 -0.19999999999999982
decision_type=2 2 2 2 2 2 2 2 2 2 2 2
left_child=3 10 -3 4 5 -1 -6 9 -9 -5 11 -2
right_child=1 2 -4 7 6 -7 -8 8 -10 -11 -12 -13
leaf_value=-0.0076314983706527216 -0.0046021373439723385 0 -0.032723204555983258 0.0057872709254036571 0 0.025901141540559575 -0.01079555758819657 0.0024571820687439663 0.027000238314830251 -0.017729668432708234 -0.022499281419159495 0.021850608088114343
leaf_weight=14.980332024395464 59.40819189324975 5.8866294659674194 12.171208344399927 28.464206740260124 428.30960057303309 27.345585338771343 70.768201798200607 31.415105536580086 24.765524476766586 14.904879838228224 7.0906950160861006 17.312313683331013
leaf_count=50 228 29 49 87 1446 82 232 98 95 46 32 67
internal_value=-3.03095e-05 -0.00512643 -0.0219041 0.000708472 -0.000385411 0.0129767 -0.0016423 0.00709951 0.0144336 -0.00138544 -0.00070635 0.000928048
internal_weight=742.822 101.869 18.0578 640.953 541.404 42.3259 499.078 99.5497 56.1806 43.3691 83.8112 76.7205
internal_count=2541 405 78 2136 1810 132 1678 326 193 133 327 295
is_linear=0
shrinkage=0.05


Tree=370
num_leaves=7
num_cat=0
split_feature=14 85 95 95 126 40
split_gain=1.05538 2.83453 2.42834 2.27355 1.46288 0.535788
threshold=3.2666666666666671 2.1000000000000005 0.60674060000000019 0.36105570000000015 0.19919390947487953 4.5357142857142865
decision_type=2 2 2 2 2 2
left_child=1 2 3 -1 -4 -2
right_child=5 -3 4 -5 -6 -7
leaf_value=1.5379202711375161e-05 -0.025030326579584178 0.031438983747994843 0 -0.013410016698197226 0.025302389331646261 0
leaf_weight=565.96760016679764 5.2485065683722478 6.2332681715488425 6.7922987267375019 31.971470531076193 13.811649724841116 4.2390195317566395
leaf_count=2240 35 22 29 150 46 19
internal_value=0 0.000317579 0 -0.000640179 0.0164208 -0.0156704
internal_weight=634.264 624.776 618.543 597.939 20.6039 9.48753
internal_count=2541 2487 2465 2390 75 54
is_linear=0
shrinkage=0.05


Tree=371
num_leaves=10
num_cat=0
split_feature=81 54 88 82 90 112 96 95 124
split_gain=1.22091 3.12768 1.45414 5.43311 3.94067 3.32903 4.73287 4.62515 2.69817
threshold=-1.2459046666666664 1.3666666666666669 0.17149919999999999 -0.58688149999999983 1.0333333333333337 0.49483173076923082 0.13425330000000016 -0.045415000000000309 0.59897426200554571
decision_type=2 2 2 2 2 2 2 2 2
left_child=1 -1 5 8 -5 6 -2 -7 -4
right_child=2 -3 3 4 -6 7 -8 -9 -10
leaf_value=0.031706434500048009 0.0088784551483772466 -0.0062162983743159102 0.032631651494250881 -0.0033320544662729041 0.019898372866097011 -0.0010096700624435068 -0.0086447011283007323 -0.015243546950474916 0
leaf_weight=9.442765876650812 125.02859012782574 7.2162398993968955 20.071327909827236 136.77619651332498 20.018057458102703 214.86374164186418 52.222431216388941 81.490422328934073 7.1554572060704222
leaf_count=32 435 28 75 510 98 816 194 326 27
internal_value=0 0.0130261 -0.000291323 0.00337625 0 -0.00182583 0.00341567 -0.0051299 0.023578
internal_weight=674.285 16.659 657.626 184.021 156.794 473.605 177.251 296.354 27.2268
internal_count=2541 60 2481 710 608 1771 629 1142 102
is_linear=0
shrinkage=0.05


Tree=372
num_leaves=13
num_cat=0
split_feature=31 89 96 111 85 2 111 45 70 3 3 101
split_gain=1.15727 2.46006 2.56307 3.79251 3.3023 1.90298 1.89049 2.62382 2.39612 4.88505 2.849 0.432681
threshold=1.7137141000000002 0.35781230000000014 -0.045275649999999938 1.0542254932668704 -0.22500000000000006 1.0713418333333335 1.0651131126937581 1.5833333333333337 1.5857142857142861 0.76640833333333347 1.0872526666666669 2.7888888888888892
decision_type=2 2 2 2 2 2 2 2 2 2 2 2
left_child=6 2 3 -2 -4 -3 8 11 10 -10 -1 -8
right_child=1 5 4 -5 -6 -7 7 -9 9 -11 -12 -13
leaf_value=0.0035772554803511106 -0.022650792539060965 0 -0.0033267480652201826 0.0038575610585898715 0.024536540001289409 -0.032129635730053403 -0.0030921123695365343 0.0062308469230330302 -0.026943558610980269 0.0082416185833608154 -0.0044870035724913285 -0.032602184983547403
leaf_weight=202.2671317383647 24.139628723263741 5.8932760655880001 19.785641837865114 23.067353598773479 16.773504666984081 12.029694333672522 6.5050057619810167 7.6301304101943961 8.9250643700361234 174.06537999212742 231.71546018496156 9.5484047979116422
leaf_count=680 96 29 79 87 65 49 24 25 28 594 748 37
internal_value=-2.71936e-05 -0.00501737 -0.000703577 -0.00884916 0.00843874 -0.0214337 0.00069354 -0.0126941 0.00130806 0.00611665 -0.000613948 -0.0244589
internal_weight=742.346 101.689 83.7661 47.207 36.5591 17.923 640.657 23.6835 616.973 182.99 433.983 16.0534
internal_count=2541 405 327 183 144 78 2136 86 2050 622 1428 61
is_linear=0
shrinkage=0.05


Tree=373
num_leaves=13
num_cat=0
split_feature=9 41 26 41 98 40 101 41 81 90 4 79
split_gain=1.03964 2.64449 1.69837 3.33843 2.69151 2.21665 2.20665 2.20734 1.57321 1.46658 1.88206 0.494114
threshold=0.62278483333333345 4.0500000000000007 2.6333333333333337 3.7638888888888893 0.19999999999999993 3.1547619047619051 1.4642857142857146 3.9500000000000006 0.1491653333333334 0.47500000000000014 13.16666666666667 0.33333333333333326
decision_type=2 2 2 2 2 2 2 2 2 2 2 2
left_child=1 9 3 4 -2 -5 11 -8 -3 10 -1 -4
right_child=2 8 6 5 -6 -7 7 -9 -10 -11 -12 -13
leaf_value=0 0.042953093085074306 -0.032761455522601894 0.0011433179172687282 -0.0090810481578271884 0.0036860384494306858 0.016189638915884361 -0.0073963960770683573 0.00065894837271934738 0 -0.0097659330988762241 0.031587204213864649 0.028119686668285224
leaf_weight=7.6101278662681597 9.4671096205711383 10.984355404973032 7.91923940181732 25.41583976149559 13.451552908867596 11.831645064055918 103.82452925294638 412.75750962272286 7.0683319792151442 10.144590212032197 6.393380343914032 7.0554723888635635
leaf_count=32 30 57 28 114 56 45 420 1634 29 48 24 24
internal_value=0 -0.00743293 0.000598519 0.0085132 0.0231143 0 -0.00021775 -0.000874603 -0.0216494 0.00164511 0.0133441 0.017948
internal_weight=633.924 42.2008 591.723 60.1661 22.9187 37.2475 531.557 516.582 18.0527 24.1481 14.0035 14.9747
internal_count=2541 190 2351 245 86 159 2106 2054 86 104 56 52
is_linear=0
shrinkage=0.05


Tree=374
num_leaves=14
num_cat=0
split_feature=42 24 39 37 32 103 128 66 127 111 103 4 75
split_gain=1.21969 2.97288 2.58703 3.23953 2.87994 2.57743 2.6428 2.55272 1.99144 1.94083 2.29582 0.915839 0.70565
threshold=2.1666666666666674 1.6607081000000001 16.150000000000002 2.0309290000000004 13.725000000000001 6.5000000000000009 0.79539006259834821 1.9500000000000002 0.42243303118840497 1.0479365595644667 13.500000000000002 11.833333333333334 1.9500000000000002
decision_type=2 2 2 2 2 2 2 2 2 2 2 2 2
left_child=2 9 3 7 11 8 -7 -1 -3 -2 -11 -4 -5
right_child=1 5 4 12 -6 6 -8 -9 -10 10 -12 -13 -14
leaf_value=-3.9181952260637731e-05 0.008632228898660662 -0.021634357445205029 0.010665310913798954 -0.03323156025205181 0.02993144889310171 0.034247729168908128 0 0.013449566799463443 0.011398097183892078 -0.020132883668987116 0.0053024335164085995 -0.012836407360249392 -0.001661584850829884
leaf_weight=494.12079399079084 6.0836910083889952 11.263645241037009 7.4369831681251544 7.5958114191889745 14.823189750313757 9.5896940007805842 15.547736667096613 36.208701200783253 4.297236517071723 45.85620142519474 6.9260191656649104 7.0710878670215607 7.1334249526262283
leaf_count=1753 24 74 29 27 50 36 87 171 14 196 31 25 24
internal_value=0 -0.00502463 0.000941735 5.83719e-05 0.0151656 0.00443369 0.014914 0.00081125 -0.00935564 -0.0123639 -0.0158291 0 -0.0221986
internal_weight=673.954 99.5642 574.39 545.059 29.3313 40.6983 25.1374 530.329 15.5609 58.8659 52.7822 14.5081 14.7292
internal_count=2541 462 2079 1975 104 211 123 1924 88 251 227 54 51
is_linear=0
shrinkage=0.05


Tree=375
num_leaves=13
num_cat=0
split_feature=87 118 127 111 81 127 124 16 11 52 111 32
split_gain=1.16103 3.29588 4.24111 3.10393 3.71908 2.55799 2.25458 3.11195 3.65682 2.89606 2.82097 1.94454
threshold=-0.65503089999999986 65.050000000000011 0.29301297721213243 1.0603555086023533 0.24658816666666669 0.55211293295095876 0.65078898827283316 1.2848779000000004 11.833333333333334 1.5000000000000002 1.0569348522134903 14.105555555555556
decision_type=2 2 2 2 2 2 2 2 2 2 2 2
left_child=1 2 -1 4 -3 -4 7 8 -2 11 -9 -8
right_child=6 3 5 -5 -6 -7 9 10 -10 -11 -12 -13
leaf_value=0.01968407146033643 -0.016431836928078723 0.017957141566633143 -0.029898835863823737 -0.014304312128911607 -0.0017622911339102228 0 0.011800444119600614 -0.00075593498185471384 0.0017040019559464471 -0.033580940795198452 0.0080317251067132164 -0.017186264486500961
leaf_weight=7.356391727924346 57.931928999722004 68.094284564256668 17.463024839758877 10.712439090013502 29.696061566472054 8.3674627467989904 10.693020015954977 347.36769822239876 43.815113238990307 10.995510078966616 119.39985981211066 9.9459547102451307
leaf_count=21 206 215 60 37 92 35 38 1158 193 36 416 34
internal_value=-3.83754e-05 0.00394402 -0.0089605 0.00839341 0.0115056 -0.0194115 -0.00106675 -0.000242873 -0.00819483 -0.0138797 0.00139744 -6.34242e-06
internal_weight=741.839 141.69 33.1869 108.503 97.7903 25.8305 600.149 568.515 101.747 31.6345 466.768 20.639
internal_count=2541 460 116 344 307 95 2081 1973 399 108 1574 72
is_linear=0
shrinkage=0.05


Tree=376
num_leaves=13
num_cat=0
split_feature=121 32 88 92 74 29 106 56 103 70 29 82
split_gain=1.03462 1.79357 2.09467 1.91159 1.73365 3.35506 3.14388 2.36764 2.153 2.6898 2.46277 1.69394
threshold=24.57 13.850000000000003 0.29175460000000003 -0.70714285714285696 0.10555555555555557 0.89444444444444449 3.1250000000000004 1.0000000180025095e-35 3.5000000000000004 1.1333333333333335 1.4365079365079367 0.27723616666666673
decision_type=2 2 2 2 2 2 2 2 2 2 2 2
left_child=1 3 -3 -1 5 7 -7 -2 9 -6 -10 -5
right_child=4 2 -4 11 8 6 -8 -9 10 -11 -12 -13
leaf_value=-0.022726102737089741 0 -0.031998034700754581 0 0.011738924514449012 0.022420788297649097 -0.0027527120095134517 0.013912745324601537 0.028287786895572039 -0.0058211365381424596 0 0.0028367252611731317 -0.011654531380886995
leaf_weight=6.9697856307029715 7.1234988495707539 10.751306042075155 4.6126829907298079 25.390293285250664 19.011289615184069 103.34890362247825 36.828079700469971 21.838264457881451 223.87107165344059 45.604162950068712 119.83552442491055 8.2837236002087575
leaf_count=36 31 62 21 97 75 401 141 80 928 172 458 39
internal_value=0 -0.00636732 -0.0203777 0 0.000689867 0.00498122 0.0013391 0.0203075 -0.000973408 0.00712927 -0.00265799 0.00437204
internal_weight=633.469 56.0078 15.364 40.6438 577.461 169.139 140.177 28.9618 408.322 64.6155 343.707 33.674
internal_count=2541 255 83 172 2286 653 542 111 1633 247 1386 136
is_linear=0
shrinkage=0.05


Tree=377
num_leaves=11
num_cat=0
split_feature=116 1 32 1 111 121 112 109 45 32
split_gain=1.19235 6.77104 2.56806 2.51121 3.02503 2.08296 1.88277 3.93983 3.47043 1.65131
threshold=-1.4505847821687066 0.83333333333333337 13.535714285714286 0.58333333333333337 1.053338064408059 37.775000000000006 0.49483173076923082 0.29204624449139355 2.4166666666666674 11.950000000000001
decision_type=2 2 2 2 2 2 2 2 2 2
left_child=1 -1 -3 4 5 -2 8 -8 -5 -6
right_child=3 2 -4 6 9 -7 7 -9 -10 -11
leaf_value=0.041832490460027835 -0.012934809285429847 0.0052955567200295983 -0.027661651325977067 0.0061436670686475566 0 0.01133754282118684 -0.00011999221165034354 -0.023104557472400495 -0.017859909676720725 -0.025861714064685987
leaf_weight=10.029023557901384 14.027361132204531 13.934110134840013 7.497463345527648 205.91051021590829 8.7805764377117139 19.952043555676937 334.20446125231683 19.063713565468788 14.39806119725108 25.721921309828758
leaf_count=32 51 47 30 721 30 77 1285 64 69 135
internal_value=0 0.00940839 -0.00472412 -0.000408935 -0.00943217 0 0.00059591 -0.00156318 0.00427539 -0.0196756
internal_weight=673.519 31.4606 21.4316 642.059 68.4819 33.9794 573.577 353.268 220.309 34.5025
internal_count=2541 109 77 2432 293 128 2139 1349 790 165
is_linear=0
shrinkage=0.05


Tree=378
num_leaves=10
num_cat=0
split_feature=124 123 91 100 100 92 16 34 31
split_gain=1.15997 1.96755 1.82514 3.99767 2.78904 1.76787 2.19978 1.09615 0.65295
threshold=0.41366538010012638 0.35495644062410892 -1.3666666666666663 0.17424242424242428 0.13392857142857145 0.38750000000000001 1.2072212000000002 5.5857142857142863 1.0871701500000002
decision_type=2 2 2 2 2 2 2 2 2
left_child=5 -2 3 -3 -4 6 -1 -8 -7
right_child=1 2 4 -5 -6 8 7 -9 -10
leaf_value=-0.0021698783009955823 -0.027786241965721156 -0.022170118099801323 0.0065997218492602223 0 -0.0011799235626257828 0.0033300238283001434 0.035050226515104158 0.0020022314585252674 -0.01420688509521603
leaf_weight=6.8508022204041508 5.6196375340223303 28.065401930361986 152.00938234478235 70.936015166342258 445.41541601344943 5.240914545953272 11.248641639947893 7.7515815719962111 7.767651654779911
leaf_count=25 18 138 511 294 1439 24 36 30 26
internal_value=-4.03735e-05 -0.000577458 -0.000246685 -0.00655119 0.000723705 0.00817937 0.016007 0.0248417 -0.00383898
internal_weight=740.905 702.046 696.426 99.0014 597.425 38.8596 25.851 19.0002 13.0086
internal_count=2541 2400 2382 432 1950 141 91 66 50
is_linear=0
shrinkage=0.05


Tree=379
num_leaves=9
num_cat=0
split_feature=63 63 112 112 93 51 4 3
split_gain=1.02215 1.46547 2.20631 2.47373 2.34857 2.0025 3.85736 3.44176
threshold=0.26666666666666672 1.1000000000000003 0.47253865727148175 0.48701289939550957 -0.20000000000000009 2.1666666666666674 10.833333333333334 1.0872526666666669
decision_type=2 2 2 2 2 2 2 2
left_child=-1 2 4 -4 -2 6 -3 -7
right_child=1 5 3 -5 -6 7 -8 -9
leaf_value=-0.016596722759152607 -0.021270897350512005 -0.014770223702192121 0.017801416153680378 0.0026359540766043026 0.003427868361165866 -0.0074882873046393976 -0.00047758414269628223 0.010606659856813038
leaf_weight=8.057754270732401 15.687050320208074 60.21776369959116 36.284562401473522 142.88872525840998 15.860668778419493 36.393907885998487 243.11597591266036 74.366397932171822
leaf_count=39 62 252 133 543 55 152 1015 290
internal_value=0 0.000310688 0.00375895 0.00606639 -0.00759354 -0.00132841 -0.00351846 0.00419979
internal_weight=632.873 624.815 210.721 179.173 31.5477 414.094 303.334 110.76
internal_count=2541 2502 793 676 117 1709 1267 442
is_linear=0
shrinkage=0.05


Tree=380
num_leaves=10
num_cat=0
split_feature=96 96 121 124 74 113 23 58 117
split_gain=1.20354 2.8437 2.80762 2.5223 1.92371 2.73059 2.68851 1.24309 1.04178
threshold=0.61371850000000028 0.31937280000000007 37.775000000000006 0.53548945028282924 0.38750000000000007 0.47157451923076926 0.92524799999999996 1.6333333333333335 59.45000000000001
decision_type=2 2 2 2 2 2 2 2 2
left_child=1 4 -2 7 5 -1 -6 -3 -5
right_child=2 3 -4 8 6 -7 -8 -9 -10
leaf_value=-0.007391737700149956 0.033807435697498882 -0.0066704257993507781 0 0 0.022797165239721147 0.0013234657436132075 0.002233113756940003 0.016293184547487061 -0.023712599352576913
leaf_weight=116.6778753567487 7.7107435688376453 14.003702256828548 13.039303675293921 6.5931198932230464 20.211380556225777 362.28782910481095 96.869870886206627 8.1918103992938978 27.225279726088047
leaf_count=461 26 59 49 29 72 1372 341 26 106
internal_value=0 -0.00033211 0.0116201 -0.0110492 0.000608108 -0.000706394 0.00636946 0 -0.0195196
internal_weight=672.811 652.061 20.75 56.0139 596.047 478.966 117.081 22.1955 33.8184
internal_count=2541 2466 75 220 2246 1833 413 85 135
is_linear=0
shrinkage=0.05


Tree=381
num_leaves=9
num_cat=0
split_feature=107 115 84 45 89 12 37 87
split_gain=1.15574 1.51246 1.50051 1.81174 1.61324 1.54142 1.02268 0.753461
threshold=1.0000000180025095e-35 1.818240438540748 -3.2499999999999996 1.0000000180025095e-35 -0.19177970000000008 4.8333333333333348 1.2869096500000003 -0.50746639999999965
decision_type=2 2 2 2 2 2 2 2
left_child=1 6 5 7 -5 -2 -1 -4
right_child=2 -3 3 4 -6 -7 -8 -9
leaf_value=0.0318909024625686 -0.027267451687507879 -0.0031666910857851799 0.027321484533650655 -0.0037537614268752621 0.0012561922455824298 0 0.00045488847387640066 0
leaf_weight=7.8367432057857576 9.4380555786192435 7.2031555026769629 7.3729165196418762 247.83745991438627 436.39485037326813 7.7561636418104163 8.7392734438180906 7.8446152508258802
leaf_count=27 48 27 23 830 1484 45 30 27
internal_value=-3.35575e-05 0.0105034 -0.000467008 -2.64374e-05 -0.000488337 -0.0146545 0.0191307 0.0164086
internal_weight=740.423 23.7792 716.644 699.45 684.232 17.1942 16.576 15.2175
internal_count=2541 84 2457 2364 2314 93 57 50
is_linear=0
shrinkage=0.05


Tree=382
num_leaves=16
num_cat=0
split_feature=116 74 39 82 106 41 27 103 99 9 99 109 93 93 12
split_gain=1.00438 3.53984 2.35109 2.89639 2.81253 2.20219 3.53639 1.70289 3.46263 4.67996 3.06381 2.36936 4.33423 3.29312 1.18557
threshold=0.80787981341549409 0.2678571428571429 11.612500000000002 -0.4587598333333332 2.5750000000000006 4.6833333333333345 3.9000000000000004 3.5000000000000004 0.26136363636363641 1.4422860000000004 1.0000000180025095e-35 0.2711531417535214 0.63333333333333341 0.13392857142857148 4.8333333333333348
decision_type=2 2 2 2 2 2 2 2 2 2 2 2 2 2 2
left_child=7 2 4 -4 -2 6 -3 8 10 -10 -1 13 -13 -9 -7
right_child=1 5 3 -5 -6 14 -8 11 9 -11 -12 12 -14 -15 -16
leaf_value=0 -0.020538684318780222 -0.014542205447290131 -0.0013334709987158572 0.031698606202357954 0.012993288583631333 -0.026517341587075968 0.022483345923939323 0 0.0081539814934409871 -0.023326663599407702 0.03673460997934376 0 0.027033602911771783 -0.010290406950637446 0
leaf_weight=10.993410129100086 7.9613109230995205 10.425395011901857 5.3374904990196255 21.840773828327656 18.319715566933155 12.319220244884493 12.275419801473616 171.07975518144667 38.101157177239656 15.739849220961331 13.088370114564894 134.70305959880352 15.590026080608366 138.25196786411107 6.5524488911032668
leaf_count=44 32 44 21 77 74 54 45 730 145 70 45 484 53 596 27
internal_value=0 0.00477132 0.0134512 0.02362 0.000622158 -0.0052697 0.00347353 -0.000776514 0.00585305 -0.000394864 0.0212742 -0.00201928 0.0029185 -0.00458116 -0.0179487
internal_weight=632.579 95.0318 53.4593 27.1783 26.281 41.5725 22.7008 537.548 77.9228 53.841 24.0818 459.625 150.293 309.332 18.8717
internal_count=2541 374 204 98 106 170 89 2167 304 215 89 1863 537 1326 81
is_linear=0
shrinkage=0.05


Tree=383
num_leaves=13
num_cat=0
split_feature=92 103 91 126 5 20 3 92 3 20 31 89
split_gain=1.18848 3.18839 2.37315 3.15851 2.96539 2.28928 2.9857 2.36953 2.31675 2.239 2.69849 2.39267
threshold=-0.98888888888888871 13.500000000000002 3.3306690738754701e-16 0.25374776631941914 4.166666666666667 4.1000000000000005 1.3526980000000002 -0.54166666666666652 1.2394470000000002 4.4500000000000011 1.4642437000000001 -0.081227900000000006
decision_type=2 2 2 2 2 2 2 2 2 2 2 2
left_child=1 2 3 -1 -4 6 8 -8 -2 10 -7 -11
right_child=5 -3 4 -5 -6 9 7 -9 -10 11 -12 -13
leaf_value=0.033507435159576916 -0.0031959721107667483 -0.017025321235912716 -0.016213806899004087 0.0027304455947048901 0.015648376052571075 0 0 -0.019412310288029869 0.023193090145449562 0.0033065880438732905 0.024595771357530584 -0.0040473674453157379
leaf_weight=17.646970018744469 28.905865862965584 10.576464861631392 14.352808900177481 22.74665829539299 12.792554117739199 31.418650843203068 17.505450338125229 49.286212459206581 9.6914920657873136 209.37005577981472 19.608593001961708 228.39637773297727
leaf_count=61 101 37 56 72 50 110 57 164 30 794 65 944
internal_value=0 0.00580748 0.0103088 0.0178687 0 -0.000713378 -0.00740035 -0.0138617 0.00258579 0.000638485 0.0104862 -0.000416724
internal_weight=672.298 78.1155 67.539 40.3936 27.1454 594.183 105.389 66.7917 38.5974 488.794 51.0272 437.766
internal_count=2541 276 239 133 106 2265 352 221 131 1913 175 1738
is_linear=0
shrinkage=0.05


Tree=384
num_leaves=9
num_cat=0
split_feature=90 126 87 22 91 126 56 66
split_gain=1.18156 1.3502 3.2763 3.75054 3.3544 2.83808 3.64813 3.42222
threshold=2.1000000000000005 0.25601165702606632 -0.67192759999999985 1.2250000000000003 -1.0999999999999994 0.27906004121345668 0.36666666666666675 0.63333333333333341
decision_type=2 2 2 2 2 2 2 2
left_child=1 2 4 -4 -1 6 -3 -7
right_child=-2 5 3 -5 -6 7 -8 -9
leaf_value=-0.016912840099976702 0.01846270338355728 0.00048306399639254409 0.0021068588020102339 -0.0087646682851463577 0.012480510317513308 0.015350245693180394 0.015790032808984441 -0.0055954815432442528
leaf_weight=9.492563992738722 7.4662612341344348 114.42296665906906 119.47650900110602 201.85903935134411 57.058281056582928 20.697930157184601 64.340637259185314 145.10478933528066
leaf_count=41 36 377 459 707 180 69 210 462
internal_value=-2.38728e-05 -0.000305402 -0.0023838 -0.00457339 0.00735946 0.00188974 0.00632769 -0.00260462
internal_weight=739.919 732.453 387.886 321.336 66.5508 344.566 178.764 165.803
internal_count=2541 2505 1387 1166 221 1118 587 531
is_linear=0
shrinkage=0.05


Tree=385
num_leaves=13
num_cat=0
split_feature=82 125 46 101 103 89 124 84 42 126 112 101
split_gain=0.992113 2.40604 3.16155 2.91406 2.02884 1.84469 2.72303 2.45874 2.49649 1.7087 1.48478 0.502129
threshold=0.29574116666666672 0.53694841336576715 2.8333333333333335 1.7750000000000001 6.5000000000000009 0.36514024999999989 0.54871644903966132 -3.8333333333333326 1.0000000180025095e-35 0.21440210010696548 0.49678951972010188 2.8452380952380958
decision_type=2 2 2 2 2 2 2 2 2 2 2 2
left_child=5 2 3 -2 9 7 -7 -1 -9 -3 -6 -8
right_child=1 4 -4 -5 10 6 11 8 -10 -11 -12 -13
leaf_value=0.028128812210499593 0.012402269888096883 0 0.020403351738424117 -0.013045493088344446 0.0090549673857422547 -0.0029843405497939784 0.0066733431768927895 -0.013399776451975787 0.00085205132742694172 0.033008259260542065 -0.016722924119480457 0.03764283486420994
leaf_weight=6.8175717890262595 9.9774388745427114 7.4265956990420845 7.4134458452463141 93.448648944497108 8.7432819083333033 9.1800737790763396 7.8721383064985266 32.060932956635952 422.28432325087488 9.1345745399594289 9.7280438132584077 8.0207376778125745
leaf_count=25 35 37 27 402 41 38 28 134 1669 34 46 25
internal_value=0 -0.00354519 -0.00737057 -0.0100165 0.00703898 0.00114101 0.0141293 0.000297622 -7.10431e-05 0.0196349 -0.00211486 0.0265658
internal_weight=632.108 145.872 110.84 103.426 35.0325 486.236 25.0729 461.163 454.345 16.5612 18.4713 15.8929
internal_count=2541 622 464 437 158 1919 91 1828 1803 71 87 53
is_linear=0
shrinkage=0.05


Tree=386
num_leaves=8
num_cat=0
split_feature=126 9 98 121 38 127 12
split_gain=1.18851 1.75079 1.55966 1.90368 1.45346 3.11937 2.91098
threshold=0.1191326195839736 1.4576930000000001 2.1500000000000008 41.760000000000012 1.5132706000000002 0.15929388078427206 2.8333333333333335
decision_type=2 2 2 2 2 2 2
left_child=1 -1 4 -4 6 -6 -2
right_child=2 -3 3 -5 5 -7 -8
leaf_value=-0.031356291628463755 0.014728824761318466 0 0 0.030618819212008583 -0.01399870948897587 -0.00017131286095621492 0.00030074861575397579
leaf_weight=6.4019050598144513 41.314421687275171 4.2362496927380562 6.3676141463220111 8.3107368983328325 47.469379879534245 309.02742777019739 248.62065528333187
leaf_count=55 143 22 39 47 275 1115 845
internal_value=0 -0.0157874 0.000326488 0.0159122 0 -0.00218637 0.0025721
internal_weight=671.748 10.6382 661.11 14.6784 646.432 356.497 289.935
internal_count=2541 77 2464 86 2378 1390 988
is_linear=0
shrinkage=0.05


Tree=387
num_leaves=7
num_cat=0
split_feature=72 19 22 82 82 84
split_gain=1.13671 1.33368 1.72306 5.12787 4.28995 1.70136
threshold=2.6500000000000008 8.1000000000000014 1.5500000000000003 -0.026393833333333335 -0.22337683333333322 1.8333333333333339
decision_type=2 2 2 2 2 2
left_child=1 2 3 -1 -4 -3
right_child=-2 5 4 -5 -6 -7
leaf_value=-0.0028533367025692859 -0.017139445421816762 0.028753486562184238 0.0044290449910370918 0.0095033221159902224 -0.0064398956361189572 0
leaf_weight=185.58912988007069 8.6269799545407277 8.1850768588483316 136.8342749401927 146.3949231132865 247.96842068433762 6.0727562680840483
leaf_count=641 46 29 449 523 824 29
internal_value=-1.85722e-05 0.000138305 -0.000103814 0.00245759 -0.00244388 0.0147965
internal_weight=739.672 731.045 716.787 331.984 384.803 14.2578
internal_count=2541 2495 2437 1164 1273 58
is_linear=0
shrinkage=0.05


Tree=388
num_leaves=15
num_cat=0
split_feature=20 34 81 90 13 52 101 22 94 95 56 9 124 124
split_gain=0.99011 4.39599 3.8589 2.86488 3.19149 2.58824 2.28624 3.57143 3.77937 2.74864 3.20594 3.11372 2.39622 0.0277726
threshold=6.9000000000000012 7.4500000000000011 0.72330533333333369 1.2750000000000004 5.166666666666667 1.8333333333333337 2.1742424242424243 0.90000000000000013 -0.44924573333333356 -0.36402680000000004 1.0000000180025095e-35 0.73147633333333351 0.55902727533395169 0.47140487455131846
decision_type=2 2 2 2 2 2 2 2 2 2 2 2 2 2
left_child=6 2 5 4 -3 -2 7 12 -9 11 -11 -8 -1 -5
right_child=1 3 -4 13 -6 -7 9 8 -10 10 -12 -13 -14 -15
leaf_value=-0.02914788194314203 -0.024109779395119664 0.021703747293831462 0.018418758646665794 0 -0.0021605315460865959 0 0.011928130999392113 -0.00080643475778367595 0.020167334692496972 0.0097171985160714944 -0.0013322803947303935 -0.013817567986595071 0.0041002434279164748 -0.024018837046393234
leaf_weight=8.6495197713375074 41.940222725272179 27.642698984593153 6.1379231549799433 2.9342396073043338 20.494809806346893 13.284244535490869 11.462502263486384 28.102409765124321 53.473074842244387 85.118287812918425 256.63787947595119 63.999382209032774 7.0920002907514563 4.7067143879830837
leaf_count=36 185 118 23 20 89 66 44 109 192 340 1002 260 24 33
internal_value=0 -0.00406116 -0.0134396 0.00543052 0.0106887 -0.0181344 0.00101085 0.00790325 0.0124142 -0.000492318 0.00129416 -0.00914807 -0.0118319 -0.0193124
internal_weight=631.676 117.141 61.3624 55.7785 48.1375 55.2245 514.535 97.317 81.5755 417.218 341.756 75.4619 15.7415 7.64095
internal_count=2541 534 274 260 207 251 2007 361 301 1646 1342 304 60 53
is_linear=0
shrinkage=0.05


Tree=389
num_leaves=11
num_cat=0
split_feature=82 37 89 80 80 101 44 45 32 31
split_gain=1.18901 1.95976 1.66655 2.87801 4.15159 2.78801 2.76315 4.52291 3.72675 0.607988
threshold=1.0671378333333337 1.4319441000000002 -0.065665999999999877 -0.44730666666666685 0.38319416666666678 2.7386363636363638 1.0000000180025095e-35 1.1666666666666667 16.242857142857144 1.3541630000000002
decision_type=2 2 2 2 2 2 2 2 2 2
left_child=2 -2 6 5 -5 -4 8 -8 -1 -3
right_child=1 9 3 4 -6 -7 7 -9 -10 -11
leaf_value=0.0030568556323730565 0.028480025110204733 -0.01119968917608152 -0.0064129855357535947 -0.011865788194065533 0.0016619076174170086 0.010659192792260208 0.0063103244384430414 -0.0089470257008068873 0.024960873774211061 0.0082995875320137618
leaf_weight=118.14227858185768 8.597373344004156 6.440505385398863 34.682097613811493 132.33355284668505 88.269166253507137 60.290805589407682 87.043704472482204 103.5501519497484 24.504844900220633 7.5171063095331192
leaf_count=403 30 27 125 503 382 225 301 403 117 25
internal_value=0 0.0110673 -0.000366678 -0.00303014 -0.00624429 0.00390195 0.00200752 -0.0017215 0.00731532 0
internal_weight=671.372 22.555 648.817 315.576 220.603 94.9729 333.241 190.594 142.647 13.9576
internal_count=2541 82 2459 1235 885 350 1224 704 520 52
is_linear=0
shrinkage=0.05


Tree=390
num_leaves=12
num_cat=0
split_feature=51 114 17 95 63 37 52 22 125 81 38
split_gain=1.13786 3.00938 3.40879 2.953 2.85528 3.57146 2.94736 2.80783 3.87948 2.12975 1.5222
threshold=1.4166666666666667 1.0557264277852518 1.4437225000000002 -0.87494910000000004 1.1000000000000003 1.2982757976190478 0.83333333333333337 2.1000000000000005 0.1949176190884242 0.16783233333333328 1.2679082750000001
decision_type=2 2 2 2 2 2 2 2 2 2 2
left_child=3 2 10 -1 5 -5 -6 8 -3 -9 -2
right_child=1 7 -4 4 6 -7 -8 9 -10 -11 -12
leaf_value=-0.024749963438060286 0 -0.013081237950643863 0.0063623919337348935 0.002071121377385186 -0.0044590371480259716 -0.011735478036681714 0.010072772092323346 -0.02099592337994588 0.0047463048999109025 0 -0.033099342986134074
leaf_weight=9.1575003415346128 6.9419925436377552 34.773768119513988 8.3742558881640417 184.35442017763853 39.175534311681986 60.506249666213989 152.29590008035302 25.779717862606049 183.95857597887516 15.766223307698963 18.389895752072334
leaf_count=28 25 180 36 593 142 202 508 89 627 54 57
internal_value=-1.01452e-05 -0.00248546 -0.0163651 0.00151327 0.00223413 -0.00117104 0.00683203 -0.000440911 0.00163792 -0.0123421 -0.0257336
internal_weight=739.474 293.984 33.7061 445.49 436.332 244.861 191.471 260.278 218.732 41.5459 25.3319
internal_count=2541 1068 118 1473 1445 795 650 950 807 143 82
is_linear=0
shrinkage=0.05


Tree=391
num_leaves=9
num_cat=0
split_feature=69 33 80 30 108 32 51 109
split_gain=0.975115 1.35706 2.70222 3.56619 2.48148 2.05883 3.57998 2.24383
threshold=0.45000000000000007 3.4722222222222228 -0.57594499999999971 1.1099068000000003 0.42169332332395443 11.612500000000002 0.58333333333333337 0.2645830198104151
decision_type=2 2 2 2 2 2 2 2
left_child=-1 2 4 -4 -2 6 -3 -7
right_child=1 5 3 -5 -6 7 -8 -9
leaf_value=-0.017805202487270848 -0.011179529106534409 0.015020266807534439 0.032186891288228076 0 0.016218539618814698 -0.0015095036018724934 -0.011543297750714707 0.0058962696132594172
leaf_weight=6.552619829773902 25.961877003312111 12.655957229435442 17.184230327606201 19.666690088808537 10.257803961634634 310.52212336100638 80.638297639787197 147.96074829995632
leaf_count=31 105 44 58 72 37 1348 325 521
internal_value=0 0.000263389 0.00666974 0.0161916 -0.00184945 -0.000505068 -0.00728845 0.000779287
internal_weight=631.4 624.848 73.0706 36.8509 36.2197 551.777 93.2943 458.483
internal_count=2541 2510 272 130 142 2238 369 1869
is_linear=0
shrinkage=0.05


Tree=392
num_leaves=12
num_cat=0
split_feature=32 33 56 89 89 96 96 24 121 96 16
split_gain=1.13742 3.26347 4.29964 3.07251 3.05388 2.10922 2.31716 2.02605 1.7423 0.470515 0.217975
threshold=18.550000000000004 6.1055555555555561 0.36666666666666675 0.10521130000000002 -0.38552879999999984 0.61371850000000028 0.31937280000000007 1.8234961999999999 37.775000000000006 -0.022224450000000059 2.6326360000000002
decision_type=2 2 2 2 2 2 2 2 2 2 2
left_child=1 5 3 -3 -2 6 -1 -6 -7 -4 -9
right_child=4 2 9 -5 7 8 -8 10 -10 -11 -12
leaf_value=0 0.0095643661362824154 0.033878639785202863 -0.014670610729653775 0 -0.030789156200313007 0.033929734847211263 -0.010952535259393888 -0.0043892895065529266 0 0 0.01107761219625014
leaf_weight=528.82857735455036 9.9297997839748877 21.640807636082176 7.5410635434091091 8.4126109778881055 14.177884967997672 6.9464541971683529 52.099258530884981 3.0941169597208491 9.5408770143985731 6.0456821583211404 2.7979638148099184
leaf_count=1884 49 94 39 44 93 22 195 27 34 32 28
internal_value=0 0.000491893 0.013568 0.024279 -0.00931219 -0.00040082 -0.000995571 -0.0210353 0.0165545 -0.00673663 0
internal_weight=671.055 641.055 43.6402 30.0534 29.9998 597.415 580.928 20.07 16.4873 13.5867 5.89208
internal_count=2541 2344 209 138 197 2135 2079 148 56 71 55
is_linear=0
shrinkage=0.05


Tree=393
num_leaves=9
num_cat=0
split_feature=83 84 124 110 108 89 103 89
split_gain=1.13401 1.68786 2.94205 2.51684 4.25669 2.95883 2.21265 1.64378
threshold=2.1666666666666674 1.4166666666666672 0.64339267889492047 0.1571489301117098 0.57707198475183841 -0.36653189999999997 6.5000000000000009 -0.25235200000000002
decision_type=2 2 2 2 2 2 2 2
left_child=1 3 6 5 -5 -1 -3 -2
right_child=7 2 -4 4 -6 -7 -8 -9
leaf_value=-0.0088243159460246346 0 0.0046687012933074364 -0.033516735063366637 0.00072804231458366753 -0.016311917909696234 0.014904192044073922 -0.0090330719309976663 0.029477985650222163
leaf_weight=13.489063858985899 6.5193587243556976 46.027677092701197 8.2285484671592695 496.06762677431107 38.377207964658737 56.261392246931791 66.999366983771324 6.8858010098338109
leaf_count=43 22 155 24 1719 113 211 222 32
internal_value=-1.36128e-05 -0.00035632 -0.00575839 0.000652925 -0.000430355 0.00954875 -0.00302284 0.013799
internal_weight=738.856 725.451 121.256 604.195 534.445 69.7505 113.027 13.4052
internal_count=2541 2487 401 2086 1832 254 377 54
is_linear=0
shrinkage=0.05


Tree=394
num_leaves=12
num_cat=0
split_feature=121 17 62 74 29 101 34 68 70 41 112
split_gain=0.986841 1.73665 2.33038 1.58703 3.05306 2.66988 2.51985 2.34088 3.00698 2.53252 1.40674
threshold=24.57 2.0137068000000005 0.55000000000000016 0.10555555555555557 0.89444444444444449 2.4494949494949503 5.8944444444444457 0.13392857142857145 0.95000000000000007 5.7888888888888896 0.51468976316304571
decision_type=2 2 2 2 2 2 2 2 2 2 2
left_child=1 2 10 4 6 -6 -2 8 -5 -9 -1
right_child=3 -3 -4 7 5 -7 -8 9 -10 -11 -12
leaf_value=-0.020918909711147002 0.034971121181025001 0.016051673178904099 0.015332920424979269 -0.014929703922122931 0.012479498471184187 -0.0026270317905466756 0.0018933933266337974 -0.00096476695526338655 0.0090017205326982895 -0.013446656673681501 0
leaf_weight=28.19791666418314 13.328533582389356 5.2413441613316527 5.4157782495021811 13.093684032559393 38.799409992992878 100.95754494518042 15.777295133098958 252.90645632147789 90.101837545633316 50.368860818445683 16.719547584652901
leaf_count=138 44 21 21 79 142 400 67 993 354 207 75
internal_value=0 -0.00624875 -0.00981244 0.000669127 0.00477846 0.00127049 0.0193601 -0.000922867 0.00537124 -0.0032395 -0.0142011
internal_weight=630.908 55.5746 50.3332 575.334 168.863 139.757 29.1058 406.471 103.196 303.275 44.9175
internal_count=2541 255 234 2286 653 542 111 1633 433 1200 213
is_linear=0
shrinkage=0.05


Tree=395
num_leaves=15
num_cat=0
split_feature=87 12 74 2 108 101 80 101 40 29 96 76 27 110
split_gain=1.19766 2.80245 2.94682 2.4961 3.10299 3.63066 2.31405 2.30383 3.42793 2.50952 2.24325 1.96749 1.68755 1.34672
threshold=0.65539760000000025 5.8333333333333348 0.38750000000000007 1.9685496666666669 0.62161331946264109 2.7735042735042739 0.70091316666666659 2.8090909090909095 3.3666666666666671 0.68333333333333346 0.052596199999999989 1.1458333333333337 5.366666666666668 0.45444421947762714
decision_type=2 2 2 2 2 2 2 2 2 2 2 2 2 2
left_child=3 2 10 7 5 -5 -6 9 -9 -1 -2 13 -4 -3
right_child=1 11 12 4 6 -7 -8 8 -10 -11 -12 -13 -14 -15
leaf_value=-0.02598742913697329 -0.021661653543830234 -0.018925780836953052 -0.0033185703386205477 0.030479418633973823 -0.018661742737964688 0.0031219145522345827 0.016092715087947941 0.022100412778281123 0.0010186387477136283 -0.0016475450576976726 0 0.026595970517343664 0.022763412297730105 0.0091776998940404728
leaf_weight=10.407970454543827 41.380109697580338 5.9495994895696667 12.270184580236675 23.119214050471783 13.524527952075006 34.62520831823349 4.9344322420656672 23.370041266083717 123.41992698982358 330.54554264619946 20.764027060940862 8.7788950093090516 7.9568994939327231 9.4184416085481626
leaf_count=41 188 25 58 84 112 126 36 98 426 1150 103 34 29 31
internal_value=0 -0.00479437 -0.00947152 0.00096192 0.00933646 0.0152586 -0.00645214 -0.000260613 0.00484016 -0.00261059 -0.0150371 0.0089144 0.00517507 0
internal_weight=670.465 106.518 82.3712 563.947 76.2034 57.7444 18.459 487.743 146.79 340.954 62.1441 24.1469 20.2271 15.368
internal_count=2541 468 378 2073 358 210 148 1715 524 1191 291 90 87 56
is_linear=0
shrinkage=0.05


Tree=396
num_leaves=9
num_cat=0
split_feature=25 25 9 23 108 11 13 88
split_gain=1.11623 1.54373 3.66337 2.5486 1.83167 2.98669 1.39762 1.01241
threshold=18.900000000000002 16.450000000000003 1.6827750000000001 2.4362637000000005 0.17268812249831303 13.833333333333334 6.166666666666667 -0.093440799999999755
decision_type=2 2 2 2 2 2 2 2
left_child=1 4 -3 -4 5 -1 -6 -2
right_child=7 2 3 -5 6 -7 -8 -9
leaf_value=-0.0285780635129824 -0.02935042135924585 0.041832236719907573 -0.0095671434200138884 0.025644753082607986 0.0011546196670543323 0.0027702730959461752 -0.0054146523343416107 0
leaf_weight=13.668308366090061 5.1553300321102142 6.4266950562596348 15.884565621614458 6.3382904827594748 583.23698161542416 10.19822885468602 92.326527237892151 5.1393851414322835
leaf_count=101 25 21 66 25 1910 68 300 25
internal_value=-1.15342e-05 0.000162394 0.0113771 0 -0.000241179 -0.0135994 0.000176245 -0.0156645
internal_weight=738.374 728.08 28.6496 22.2229 699.43 23.8665 675.564 10.2947
internal_count=2541 2491 112 91 2379 169 2210 50
is_linear=0
shrinkage=0.05


Tree=397
num_leaves=14
num_cat=0
split_feature=118 100 80 23 30 72 2 32 5 82 118 34 45
split_gain=0.985031 3.16325 3.97228 4.37056 4.2579 1.96258 1.69502 2.31475 3.53162 2.4963 1.62734 1.5981 0.364004
threshold=81.950000000000017 0.087121212121212141 -0.1601834999999999 2.0324780000000007 1.0759054000000001 1.9500000000000002 2.5848150000000008 12.633333333333335 4.8333333333333348 0.28956750000000003 53.899999999999999 5.5857142857142863 1.1666666666666667
decision_type=2 2 2 2 2 2 2 2 2 2 2 2 2
left_child=6 5 4 -4 -3 12 7 9 -9 -1 -8 -12 -2
right_child=1 2 3 -5 -6 -7 10 8 -10 -11 11 -13 -14
leaf_value=-0.00079466448932532868 -0.0018564445791743531 0.025337713735095121 0.025373553928300725 -0.0052238473524737492 -0.016363519038717526 0.003535140678925379 0.0063759205497487875 0.0084057704004765216 -0.0025569664324948467 -0.014133655412161401 0 -0.024050059532898876 -0.031975317713890915
leaf_weight=166.65848936140537 5.8514640778303164 6.8388623893260982 41.016053318977356 12.320423692464827 22.00324872136116 7.4969936981797209 5.3792609013617065 143.92906695976853 138.51446888595819 47.049521513283253 5.5910614281892803 20.443417616188526 7.4034662358462811
leaf_count=636 24 24 148 49 84 32 25 536 593 198 23 136 33
internal_value=0 0.00449659 0.00924177 0.0174195 -0.00428238 -0.0115569 -0.000826627 -1.6916e-06 0.00286303 -0.00401637 -0.0119112 -0.0176352 -0.0232497
internal_weight=630.496 102.931 82.1786 53.3365 28.8421 20.7519 527.565 496.152 282.444 213.708 31.4137 26.0345 13.2549
internal_count=2541 394 305 197 108 89 2147 1963 1129 834 184 159 57
is_linear=0
shrinkage=0.05


Tree=398
num_leaves=12
num_cat=0
split_feature=74 29 70 9 24 10 24 95 42 68 126
split_gain=1.14554 4.79392 2.21054 2.09037 2.43628 3.44273 2.0699 3.26818 2.91922 1.91574 1.08018
threshold=1.0000000180025095e-35 1.4722222222222225 1.5857142857142861 0.75941916666666665 2.3386560000000007 1.2790090000000001 1.4675467000000002 -0.49985681111111135 2.1666666666666674 0.29285714285714287 0.22981494153023177
decision_type=2 2 2 2 2 2 2 2 2 2 2
left_child=1 2 9 4 5 -2 8 -8 -5 -1 -3
right_child=3 10 -4 6 -6 -7 7 -9 -10 -11 -12
leaf_value=-0.0066918295017817306 -0.01395692813020296 0.0024190758456071699 -0.021163492918080701 0.0041896279948237308 -0.012342721634545275 0.015958861491063649 0.0085890044702130169 -0.0066553956229260525 -0.010360038226345705 0.018070585529491031 0.037173079320704801
leaf_weight=13.17792282626033 8.9618779234588128 7.030548699200156 10.850534122437237 199.8301280811429 10.694942452013491 56.871789902448654 37.069936748594046 261.63934189639986 39.508810292929411 13.064986385405062 11.355161063373087
leaf_count=56 39 27 41 676 49 218 141 1052 160 46 36
internal_value=0 0.00685551 -0.00240231 -0.00058331 0.00696753 0.0109904 -0.00176098 -0.00457439 0.00154669 0.00401155 0.027273
internal_weight=670.056 55.4792 37.0934 614.577 76.5286 65.8337 538.048 298.709 239.339 26.2429 18.3857
internal_count=2541 206 143 2335 306 257 2029 1193 836 102 63
is_linear=0
shrinkage=0.05


Tree=399
num_leaves=12
num_cat=0
split_feature=34 123 6 89 63 118 3 111 115 117 82
split_gain=1.11003 3.53752 1.83061 2.87796 3.37678 2.31975 3.37858 1.97557 1.62385 2.27961 1.30764
threshold=3.8166666666666669 0.59262397819569679 5.166666666666667 -0.49910249999999984 1.9000000000000001 81.950000000000017 1.2604988333333336 1.0479365595644667 1.3333014098485532 77.950000000000003 -0.49473900000000004
decision_type=2 2 2 2 2 2 2 2 2 2 2
left_child=1 8 3 10 -5 7 -7 -4 -1 -10 -2
right_child=2 -3 5 4 -6 6 -8 -9 9 -11 -12
leaf_value=-0.017623544840145219 0.025933558002674752 -0.030185134095561214 0.011181479006254597 -0.0011069283684463206 0.013252974104348204 0 -0.023049535105678604 -0.0011353680525001053 -0.0012610752477338759 0.026249028069306984 0
leaf_weight=8.3337954431772214 19.04918967932463 11.604811247438191 35.155287019908428 187.32490432262421 49.884038560092449 39.145098134875298 27.629463665187359 323.71903053671122 19.384595744311813 8.9087906181812269 7.4386924654245368
leaf_count=32 68 52 124 604 190 132 103 1104 78 29 25
internal_value=-8.47041e-06 -0.00732416 0.000440832 0.00376203 0.00174596 -0.00150351 -0.00998995 0 0 0.00629458 0.0192774
internal_weight=737.578 48.232 689.346 263.697 237.209 425.649 66.7746 358.874 36.6272 28.2934 26.4879
internal_count=2541 191 2350 887 794 1463 235 1228 139 107 93
is_linear=0
shrinkage=0.05


Tree=400
num_leaves=8
num_cat=0
split_feature=84 100 14 87 18 83 47
split_gain=0.972296 1.82087 1.79556 2.59974 2.59446 2.36468 1.31174
threshold=2.8333333333333344 0.19090909090909094 3.2666666666666671 1.2386535000000001 19.100000000000005 1.0000000180025095e-35 0.41666666666666669
decision_type=2 2 2 2 2 2 2
left_child=2 -2 3 4 -1 -5 -3
right_child=1 6 -4 5 -6 -7 -8
leaf_value=-2.3645867323557885e-05 -0.0056961467884513381 0.029510322443689865 -0.024264736657402409 0 -0.018858825075087553 0.031605923669769165 0
leaf_weight=555.79282476007938 8.0895957164466399 10.350129514932634 6.765029113739728 12.21884496510029 18.114016266539693 11.111797422170637 7.5884147342294446
leaf_count=2182 45 39 40 51 106 43 35
internal_value=0 0.00932007 -0.000370341 0 -0.000736874 0.0159467 0.0186751
internal_weight=630.031 26.0281 604.003 597.237 573.907 23.3306 17.9385
internal_count=2541 119 2422 2382 2288 94 74
is_linear=0
shrinkage=0.05


Tree=401
num_leaves=16
num_cat=0
split_feature=87 54 31 57 125 36 121 20 70 82 117 23 18 96 25
split_gain=1.13094 2.67106 2.79834 2.45121 2.93699 4.11707 3.29887 2.37118 2.89415 2.0207 4.77654 3.23927 1.82652 1.17952 0.836793
threshold=0.65539760000000025 1.4500000000000002 0.78535846000000009 1.5500000000000003 0.36545831901092479 1.5277777777777779 28.799999999999997 5.6750000000000007 1.267857142857143 -0.46950816666666634 53.899999999999999 1.4708074000000004 19.100000000000005 -0.20060944999999988 12.633333333333335
decision_type=2 2 2 2 2 2 2 2 2 2 2 2 2 2 2
left_child=3 7 13 9 6 -6 -5 14 -9 10 -1 -11 -4 -3 -2
right_child=1 2 12 4 5 -7 -8 8 -10 11 -12 -13 -14 -15 -16
leaf_value=0.036234366986330084 -0.020248545859703832 0.027097846695112615 -0.022151342262414792 0.037477932756882507 0.011573730524017625 -0.0085899637377506305 0.0073488012539602091 0.03480822223396348 0 -0.0065016182405339858 0.00014305097576322373 0.0042049015280426994 0 0 0
leaf_weight=10.122319504618643 7.0531775951385525 4.1046537309885025 37.81926628947258 12.260381519794462 44.998104112222791 54.987776655703783 56.288155630230904 9.4647270105779189 15.878461748361586 217.40650487318635 69.407686069607735 97.810736112296581 14.18487962335348 6.8911442719399911 10.563681364059446
leaf_count=33 29 21 174 38 184 303 175 36 57 784 235 321 69 47 35
internal_value=0 -0.00467066 -0.0113779 0.000935674 0.00601298 1.42266e-05 0.0139179 0.00406308 0.0143753 -0.00111542 0.00575043 -0.00301851 -0.0165293 0.00816389 -0.00806143
internal_weight=669.242 105.96 62.9999 563.282 168.534 99.9859 68.5485 42.96 25.3432 394.747 79.53 315.217 52.0041 10.9958 17.6169
internal_count=2541 468 311 2073 700 487 213 157 93 1373 268 1105 243 68 64
is_linear=0
shrinkage=0.05


Tree=402
num_leaves=10
num_cat=0
split_feature=10 36 24 109 97 24 6 38 34
split_gain=1.1141 2.30563 1.67626 2.79553 3.47332 1.87292 3.347 2.50314 0.194507
threshold=0.64857566666666677 1.1458333333333337 1.0149547500000002 0.19984503221784963 -0.39999999999999997 1.1909090000000002 5.166666666666667 1.2746843500000005 5.354166666666667
decision_type=2 2 2 2 2 2 2 2 2
left_child=1 8 3 -2 -5 6 -4 -7 -1
right_child=2 -3 5 4 -6 7 -8 -9 -10
leaf_value=-0.0037856803642925051 -0.014719471222686964 0.0075340673446227385 0.003549930813144898 0.027276185316268537 0 0.012316005900592581 -0.018967327033671655 -0.00042914471781020039 -0.032138245527904556
leaf_weight=6.1436319127678889 8.2179471999406797 6.1503144055604926 24.563550479710102 22.92466027289629 26.301679618656635 40.079097859561443 34.465221028774977 560.8545451797545 7.2154823802411556
leaf_count=35 49 21 88 80 86 148 123 1877 34
internal_value=-1.80695e-05 -0.0115656 0.000242022 0.00840096 0.0134724 -0.000404135 -0.00886128 0.000356872 -0.0237532
internal_weight=736.916 19.5094 717.407 57.4443 49.2263 659.962 59.0288 600.934 13.3591
internal_count=2541 90 2451 215 166 2236 211 2025 69
is_linear=0
shrinkage=0.05


Tree=403
num_leaves=8
num_cat=0
split_feature=93 17 106 10 16 5 69
split_gain=0.978037 1.42419 1.50963 2.74765 2.57175 1.46817 0.737159
threshold=1.6125000000000003 0.67637520000000007 2.9750000000000005 2.0231455000000005 1.1834901000000004 4.8333333333333348 1.5500000000000003
decision_type=2 2 2 2 2 2 2
left_child=1 5 3 -3 -4 -1 -7
right_child=-2 2 4 -5 -6 6 -8
leaf_value=0 0.015404443867043358 0.0046050025046603686 -0.013461707179771916 -0.0059505521694077912 -6.6685152946697011e-06 0 -0.027795969908587709
leaf_weight=8.8991287574172038 9.1859679967164976 287.31105012446642 44.91126637160778 74.106621544808149 191.05265937745571 3.4629429019987574 10.753609331324695
leaf_count=39 33 1114 186 304 768 16 81
internal_value=0 -0.000212229 0.000186206 0.00229224 -0.00282458 -0.0121631 -0.02181
internal_weight=629.683 620.497 597.382 361.418 235.964 23.1157 14.2166
internal_count=2541 2508 2372 1418 954 136 97
is_linear=0
shrinkage=0.05


Tree=404
num_leaves=13
num_cat=0
split_feature=15 1 13 57 15 76 38 88 116 99 102 40
split_gain=1.15879 3.19478 4.44942 2.4299 2.13086 3.85604 2.40874 1.95803 1.36276 1.29082 1.19739 1.19275
threshold=0.45000000000000007 0.58333333333333337 4.8333333333333348 1.9000000000000001 0.90000000000000013 1.1458333333333337 1.5132706000000002 -0.27287829999999974 -0.44737185899836812 0.22649572649572652 7.5000000000000009 4.6833333333333345
decision_type=2 2 2 2 2 2 2 2 2 2 2 2
left_child=3 2 8 7 5 -3 -6 -1 -2 -4 -9 -5
right_child=1 4 9 11 6 -7 -8 10 -10 -11 -12 -13
leaf_value=0 0.020664693562807757 -0.0058865615683400853 -0.00097588896721366794 -0.022717341657900944 0.0031902446524775894 0.015376924505145315 -0.0037708774936086446 0.040810433840584165 -0.0044902457898877103 -0.03562691226389058 0.0041126678089354858 0.0033178286534850075
leaf_weight=9.9293718002736586 6.2105136290192631 28.702331334352493 6.9266981035470989 6.1738584283739311 213.551732853055 57.48121721483767 285.87757780589163 8.4883525334298628 16.243045028299093 16.575215075165033 7.8103840947151175 4.4062106236815453
leaf_count=42 23 109 23 44 721 244 1110 38 71 67 30 19
internal_value=0 -0.00045086 -0.0130402 0.00855698 0.000472388 0.0077356 -0.000694019 0.0172086 0.000920012 -0.0279115 0.0273695 -0.0082067
internal_weight=668.377 631.568 45.9555 36.8082 585.613 86.1835 499.429 26.2281 22.4536 23.5019 16.2987 10.5801
internal_count=2541 2368 184 173 2184 353 1831 110 94 90 68 63
is_linear=0
shrinkage=0.05


Tree=405
num_leaves=16
num_cat=0
split_feature=88 112 18 2 2 13 95 82 110 75 63 62 63 75 1
split_gain=1.11095 2.36983 2.62711 3.76406 2.46756 2.19812 4.98146 3.41045 3.20499 2.86213 2.48876 1.98262 2.20818 1.58262 1.02417
threshold=0.099312000000000081 0.47382127192982465 15.500000000000002 2.1748526666666672 1.0031143333333337 5.8333333333333348 -0.025335750000000098 -0.2460593333333333 0.58592844501705821 1.8785714285714288 1.9000000000000001 0.36666666666666675 1.3666666666666669 1.3166666666666669 1.8333333333333337
decision_type=2 2 2 2 2 2 2 2 2 2 2 2 2 2 2
left_child=5 11 4 -4 -3 8 7 -7 9 -1 -8 12 -2 -13 -10
right_child=1 2 3 -5 -6 6 10 -9 14 -11 -12 13 -14 -15 -16
leaf_value=0.0021992072490697383 -0.014223855558472857 -0.015144646715898573 -0.027611511878277064 -7.9622677363722137e-05 0.001329013952605594 0 0 -0.022167283534753002 -0.028820821892951716 0.015682002260233748 0.030748855914876305 0.033562689987762566 0.0128716743239218 0 0
leaf_weight=329.04595735669136 14.352927856147291 26.071681909263134 26.927845537662506 29.14978601410985 122.22243024408817 35.367204628884792 16.331087231636051 38.504010874778032 8.777720991522072 46.642484799027443 10.006060861051081 8.9566413611173648 13.571990258991717 7.2140422314405432 3.5472388640046111
leaf_count=1069 47 99 86 103 416 130 56 155 65 151 34 29 45 25 31
internal_value=-1.53843e-05 -0.00279603 -0.00520888 -0.0144283 -0.00131436 0.00130037 -0.00508434 -0.0120579 0.00308665 0.00404305 0.0123718 0.00714567 0 0.0205612 -0.0204294
internal_weight=736.689 248.467 204.372 56.0776 148.294 488.222 100.208 73.8712 388.013 375.688 26.3371 44.0956 27.9249 16.1707 12.325
internal_count=2541 850 704 189 515 1691 375 285 1316 1220 90 146 92 54 96
is_linear=0
shrinkage=0.05


Tree=406
num_leaves=10
num_cat=0
split_feature=81 95 124 38 75 111 27 99 51
split_gain=0.982374 2.47134 2.10501 2.70235 2.39597 1.8584 2.64195 2.02853 1.24024
threshold=-0.033448333333333295 0.31895085000000006 0.40237470860277624 1.0059170000000004 2.1055555555555561 1.0479740271139504 3.5500000000000003 0.10555555555555557 2.1666666666666674
decision_type=2 2 2 2 2 2 2 2 2
left_child=1 5 -2 8 -5 6 -1 -7 -4
right_child=2 -3 3 4 -6 7 -8 -9 -10
leaf_value=0.0088705749305714697 0.022186689355829157 -0.026310947797576496 -0.029541226502934288 0.00053778308402450113 0.016031086044521938 -0.0094725238904627262 -0.020417615679519302 0.0020658503092828976 0
leaf_weight=7.5143248811364165 11.835257418453692 9.1222152784466726 8.8385466858744604 232.78566324524581 28.20149427652359 43.418634176254272 24.974473625421524 256.27277337759733 6.5431300550699225
leaf_count=30 49 52 42 900 100 178 114 1045 31
internal_value=0 -0.00178323 0.00217447 0.00106029 0.00245759 -0.000882644 -0.0120879 0.000201969 -0.0182988
internal_weight=629.507 341.302 288.204 276.369 260.987 332.18 32.4888 299.691 15.3817
internal_count=2541 1419 1122 1073 1000 1367 144 1223 73
is_linear=0
shrinkage=0.05


Tree=407
num_leaves=10
num_cat=0
split_feature=126 9 124 128 88 102 80 12 19
split_gain=1.13633 1.68243 1.40932 2.51774 3.53127 2.70497 1.9531 4.21383 2.88573
threshold=0.1191326195839736 1.4576930000000001 0.58722606772968167 0.74243387556622953 -0.048297699999999937 3.5000000000000004 -0.36676183333333329 3.5833333333333335 4.366666666666668
decision_type=2 2 2 2 2 2 2 2 2
left_child=1 -1 3 4 -2 -5 8 -8 -4
right_child=2 -3 6 5 -6 -7 7 -9 -10
leaf_value=-0.030956750581791571 -0.011440680787293676 0 -0.003854055570119681 -0.0065389697230517629 0.0044664423857244777 0.0063474980650675937 0.0090573573645611073 -0.011153053307680056 0.016709606670074886
leaf_weight=6.275919806212185 70.120564743876457 4.2056852877140045 39.661604456603527 43.210771806538105 62.148692790418863 276.32772877812386 30.061938483268023 110.28481430932879 25.812589716166258
leaf_count=55 246 22 134 181 219 1062 123 400 99
internal_value=0 -0.0155228 0.000335722 0.00196469 -0.00361387 0.00443393 -0.00299056 -0.00643684 0.00363022
internal_weight=668.11 10.4816 657.629 451.808 132.269 319.539 205.821 140.347 65.4742
internal_count=2541 77 2464 1708 465 1243 756 523 233
is_linear=0
shrinkage=0.05


Tree=408
num_leaves=10
num_cat=0
split_feature=51 9 111 114 95 63 13 35 88
split_gain=1.11428 3.10458 3.37322 3.67558 2.68816 2.61482 2.7474 2.41829 1.16242
threshold=1.4166666666666667 0.77628516666666669 1.0448683261183263 1.1477224202153975 -0.87494910000000004 1.1000000000000003 5.8333333333333348 0.77500000000000013 -0.072261200000000012
decision_type=2 2 2 2 2 2 2 2 2
left_child=4 8 -3 -4 -1 7 -7 -6 -2
right_child=1 2 3 -5 5 6 -8 -9 -10
leaf_value=-0.023595807099898024 -0.032827449386436468 0.031299210647241851 -0.016065190256630713 0.00033935775287835079 0.0066213136528628785 0.0098156222642699596 -0.004004072891452496 -0.0043212417300505391 -0.0034979615780601522
leaf_weight=9.1016699671745283 10.259273648262026 6.7963410913944236 38.208542384207249 225.38415872678161 67.764663904905319 150.1278414465487 40.703190885484219 176.09735482186079 11.685723319649695
leaf_count=28 34 22 144 831 221 505 145 574 37
internal_value=-6.68743e-06 -0.00246489 -0.00077029 -0.00190129 0.00150205 0.00219527 0.00660181 -0.00106169 -0.0202217
internal_weight=736.129 292.334 270.389 263.593 443.795 434.693 190.831 243.862 21.945
internal_count=2541 1068 997 975 1473 1445 650 795 71
is_linear=0
shrinkage=0.05


Tree=409
num_leaves=8
num_cat=0
split_feature=63 84 5 60 22 94 89
split_gain=0.939653 1.28599 2.71987 2.59741 2.44348 1.73465 1.30595
threshold=0.26666666666666672 1.4166666666666672 3.8333333333333335 1.0000000180025095e-35 0.90000000000000013 -0.50104620000000022 -0.083164099999999977
decision_type=2 2 2 2 2 2 2
left_child=-1 3 6 -2 -4 -5 -3
right_child=1 2 4 5 -6 -7 -8
leaf_value=-0.016092708780988365 0.028617344496120953 0.0029435645014756957 0.030049645947594645 -0.0067671904222962589 -0.001389170722327345 0.0002200579282959526 0.034719848912139264
leaf_weight=7.9095663502812377 6.3445660769939414 10.606777489185335 5.633324369788169 108.60432326048613 73.863097125664353 406.42146050743759 9.7605087757110578
leaf_count=39 20 40 19 429 346 1616 32
internal_value=0 0.000259107 0.00548364 -0.000654469 0.000563148 -0.00116672 0.0214238
internal_weight=629.144 621.234 99.8637 521.37 79.4964 515.026 20.3673
internal_count=2541 2502 437 2065 365 2045 72
is_linear=0
shrinkage=0.05


Tree=410
num_leaves=10
num_cat=0
split_feature=82 96 99 2 38 60 13 87 96
split_gain=1.12939 1.61144 2.91188 2.7129 1.72515 3.56217 2.74084 1.57582 0.690035
threshold=1.0170083333333333 0.1725047499999999 0.5634920634920636 1.9576100000000001 1.5132706000000002 1.9000000000000001 5.166666666666667 0.10453399999999997 0.21754739999999997
decision_type=2 2 2 2 2 2 2 2 2
left_child=1 4 3 -3 5 -1 -6 -2 -4
right_child=7 2 8 -5 6 -7 -8 -9 -10
leaf_value=0.0090620364019437152 0 -0.0058207624988477168 0 0.014287849522034685 0.0012803010747447531 -0.0035077616449878135 -0.0093584393240864656 0.02300941765063455 -0.033751104537407615
leaf_weight=142.02635220810771 13.019136875867845 97.992358952760696 4.8597116805613032 18.385756166651845 202.57031927444041 85.232082858681679 82.168434001505375 11.6214582324028 9.7373872119933349
leaf_count=494 46 346 23 84 833 294 318 46 57
internal_value=0 -0.000354212 -0.0053346 -0.00212331 0.000830283 0.00413404 -0.00163679 0.0103424 -0.0259539
internal_weight=667.613 642.972 130.975 116.378 511.997 227.258 284.739 24.6406 14.5971
internal_count=2541 2449 510 430 1939 788 1151 92 80
is_linear=0
shrinkage=0.05


Tree=411
num_leaves=14
num_cat=0
split_feature=31 89 96 111 85 2 86 96 81 82 89 22 84
split_gain=1.10767 2.33704 2.27915 3.56908 3.00923 1.78348 1.76708 3.63074 3.81104 2.75607 2.4833 3.70329 2.88421
threshold=1.7137141000000002 0.35781230000000014 -0.045275649999999938 1.0542254932668704 -0.22500000000000006 1.1784086666666669 -0.59999999999999964 -0.084098700000000068 -0.57321333333333324 -0.47659133333333298 -0.19177970000000008 1.5500000000000003 -1.5833333333333328
decision_type=2 2 2 2 2 2 2 2 2 2 2 2 2
left_child=6 2 3 -2 -4 -3 7 8 -1 -9 12 -12 -8
right_child=1 5 4 -5 -6 -7 10 9 -10 -11 11 -13 -14
leaf_value=-0.0051044617003866951 -0.02202557483273615 0 -0.0033437382304006003 0.0038411958556177003 0.023248166996369519 -0.033281276493367574 0.010451124414226968 -0.031348463770273879 0.018581446583260164 0 0.0070590785483148474 -0.0031505390290003984 -0.0088105027342764309
leaf_weight=18.621228963136673 23.688507732003927 7.1585864610970047 19.573315218091011 22.823532398790121 16.806364595890045 10.483950931578873 19.65053428709507 6.7066990435123435 62.624313302338123 47.332140937447548 167.62436223402619 179.6164536960423 132.94382764399052
leaf_count=57 96 34 79 87 65 44 72 21 206 153 585 601 441
internal_value=-5.97945e-06 -0.00491992 -0.00068057 -0.00846665 0.00789663 -0.0210511 0.000699767 0.00578301 0.0125487 -0.00352374 -0.000585018 0.00164051 -0.00595263
internal_weight=735.654 100.534 82.8917 46.512 36.3797 17.6425 635.12 135.284 81.2455 54.0388 499.835 347.241 152.594
internal_count=2541 405 327 183 144 78 2136 437 263 174 1699 1186 513
is_linear=0
shrinkage=0.05


Tree=412
num_leaves=7
num_cat=0
split_feature=45 28 127 127 16 127
split_gain=0.933294 1.31827 1.20054 1.34616 1.33872 1.1535
threshold=1.0000000180025095e-35 0.5277777777777779 0.69394085058983268 0.63467839483511967 1.4530054000000001 0.32086946150804085
decision_type=2 2 2 2 2 2
left_child=5 -2 3 -3 -4 -1
right_child=1 2 4 -5 -6 -7
leaf_value=0 0.01711465403314405 0 0 0.013484679039862219 -0.028119208225970516 -0.02423291833611543
leaf_weight=5.7718944102525693 10.486407272517679 567.19823244027793 12.504933811724188 18.104622185230255 6.8913492187857619 7.7667823359370232
leaf_count=24 40 2251 72 71 40 43
internal_value=0 0.000334209 0 0.000430244 -0.0119093 -0.01248
internal_weight=628.724 615.186 604.699 585.303 19.3963 13.5387
internal_count=2541 2474 2434 2322 112 67
is_linear=0
shrinkage=0.05


Tree=413
num_leaves=12
num_cat=0
split_feature=92 103 117 41 87 94 19 80 87 124 40
split_gain=1.11212 2.97744 2.23028 2.45171 2.12421 4.10492 4.09549 2.66865 3.44892 2.41941 2.39247
threshold=-0.98888888888888871 13.500000000000002 75.800000000000011 3.4722222222222228 -0.6474899999999999 -0.58641109999999985 3.5500000000000003 -0.4370698333333331 -0.052142599999999921 0.58943886240617427 4.0500000000000007
decision_type=2 2 2 2 2 2 2 2 2 2 2
left_child=1 2 3 -1 5 6 -2 8 -6 -9 -7
right_child=4 -3 -4 -5 7 10 -8 9 -10 -11 -12
leaf_value=-0.00077132925335753489 -0.016299158439247015 -0.016471342760770148 -0.0090548986409306042 0.019937116364070057 0.0025404070957735772 -0.031825291127268743 0.012938801437188466 0.0012833108854142579 0.028174053971386809 -0.0068842898583385236 -0.0031607189260570582
leaf_weight=14.389502905309199 18.044150710105896 10.479948386549948 9.2690264210104925 43.46626827865839 69.548784213140607 20.236046835780144 30.160053517669439 289.08090840652585 17.18560628965497 127.28134110569954 18.0843660607934
leaf_count=54 62 37 39 146 251 77 116 1154 66 481 58
internal_value=0 0.0056305 0.0100063 0.0140115 -0.000698706 -0.00792227 0.000869237 0.000457696 0.00845261 -0.00110423 -0.0199938
internal_weight=667.226 77.6047 67.1248 57.8558 589.621 86.5246 48.2042 503.097 86.7344 416.362 38.3204
internal_count=2541 276 239 200 2265 313 178 1952 317 1635 135
is_linear=0
shrinkage=0.05


Tree=414
num_leaves=9
num_cat=0
split_feature=90 84 40 110 108 72 73 95
split_gain=1.08725 1.25365 2.62067 2.3593 3.90482 2.67568 1.97196 1.75386
threshold=2.1000000000000005 1.4166666666666672 4.0500000000000007 0.1571489301117098 0.57707198475183841 0.58571428571428574 0.15476190476190479 -0.045415000000000309
decision_type=2 2 2 2 2 2 2 2
left_child=1 3 6 5 -5 -1 -3 -4
right_child=-2 2 7 4 -6 -7 -8 -9
leaf_value=-0.013866208025741608 0.017897115849584231 -0.011380845095214793 0 0.00067077472431364667 -0.01566599109365719 0.013303216483671613 0.005404484316981234 -0.022177671097222643
leaf_weight=8.0417696759104711 7.3154805563390246 23.617875341325998 17.132964357733727 494.04524553194642 38.284862250089645 60.980188641697168 58.616510614752769 27.266687706112862
leaf_count=27 36 81 55 1719 113 227 197 86
internal_value=-9.88897e-07 -0.000273738 -0.00482112 0.000607267 -0.000437576 0.00927082 0 -0.0144795
internal_weight=735.302 727.986 126.634 601.352 532.33 69.022 82.2344 44.3997
internal_count=2541 2505 419 2086 1832 254 278 141
is_linear=0
shrinkage=0.05


Tree=415
num_leaves=14
num_cat=0
split_feature=88 27 7 40 25 123 116 76 93 33 17 3 117
split_gain=0.936009 3.23368 2.19771 2.17204 2.15582 2.12164 1.68154 2.5233 2.63289 2.25084 1.84831 5.2881 2.88981
threshold=-0.5871698999999998 4.2666666666666675 2.1666666666666674 4.6833333333333345 10.900000000000002 0.50337179199829307 0.80787981341549409 1.4722222222222225 0.70000000000000007 5.878571428571429 1.1843720000000004 1.0872526666666669 65.050000000000011
decision_type=2 2 2 2 2 2 2 2 2 2 2 2 2
left_child=1 4 3 -3 5 -1 10 8 -8 -9 11 -2 -12
right_child=6 2 -4 -5 -6 -7 7 9 -10 -11 12 -13 -14
leaf_value=0.013637993820237559 -0.0017837645136568572 0 -0.018291265057589583 0.020844984351046293 -0.035248510443069869 -0.017259644803098332 -0.0059866410270093887 0.025411295512062511 0.022182039681667383 0 0.0042536998932271005 0.017325938179926028 -0.0060117093031111738
leaf_weight=6.7677772343158784 110.72404788248241 26.19008531421423 8.6820597127079946 17.144895523786545 10.980800356715916 13.249019246548412 37.654369033873081 24.478259325027466 9.5617838948965055 7.7816398255527011 95.186127968132496 50.24097591266036 209.79823907837272
leaf_count=25 475 106 41 62 47 59 151 82 35 44 360 193 861
internal_value=0 -0.00487471 0.00193814 0.00743999 -0.0175732 -0.0042821 0.000792979 0.00749174 0 0.0180408 -0.000256135 0.00394226 -0.00264102
internal_weight=628.44 83.0146 52.017 43.335 30.9976 20.0168 545.425 79.4761 47.2162 32.2599 465.949 160.965 304.984
internal_count=2541 340 209 168 131 84 2201 312 186 126 1889 668 1221
is_linear=0
shrinkage=0.05


Tree=416
num_leaves=9
num_cat=0
split_feature=126 11 98 84 6 80 15 36
split_gain=1.07434 1.61593 1.34854 1.98438 2.54527 1.82968 1.59426 0.0460615
threshold=0.1191326195839736 14.16666666666667 2.1500000000000008 2.4166666666666674 6.416666666666667 0.057286666666666715 0.45000000000000007 1.8944444444444446
decision_type=2 2 2 2 2 2 2 2
left_child=1 -1 3 6 -5 -4 -2 -7
right_child=2 -3 5 4 -6 7 -8 -9
leaf_value=-0.03022844821389143 0.011040558903539223 0 0.031506147073727557 -0.029821858049128236 0.00093690152242108119 -0.0046517785428735123 -6.6850865215249203e-05 0.00070546296018498384
leaf_weight=6.2942384593188745 32.730374820530415 4.0337281934916973 7.0654109902679902 11.579606501385571 8.1582725457847101 4.217083390802145 589.23226519674063 3.5430349260568619
leaf_count=59 138 18 32 66 45 29 2129 25
internal_value=0 -0.0152236 0.000303295 0 -0.0152652 0.014726 0.000454192 0
internal_weight=666.854 10.328 656.526 641.701 19.7379 14.8255 621.963 7.76012
internal_count=2541 77 2464 2378 111 86 2267 54
is_linear=0
shrinkage=0.05


Tree=417
num_leaves=15
num_cat=0
split_feature=51 57 61 22 114 109 87 121 38 30 10 20 18 111
split_gain=1.07117 2.71546 3.70002 3.26192 3.14929 2.97345 2.50299 4.30231 3.36558 3.93408 2.97814 2.92447 1.67911 1.21746
threshold=1.4166666666666667 0.7333333333333335 0.45000000000000007 1.9000000000000001 1.1477224202153975 0.23767501404648622 -0.63855050000000002 24.57 2.0257658500000004 1.6159932500000005 1.85032 6.9000000000000012 14.450000000000001 1.0526481558226275
decision_type=2 2 2 2 2 2 2 2 2 2 2 2 2 2
left_child=6 2 13 4 -3 -5 8 12 10 -10 -1 -9 -8 -2
right_child=1 3 -4 5 -6 -7 7 11 9 -11 -12 -13 -14 -15
leaf_value=0 0.01411388563419703 -0.013338477102723432 -0.032870747750014105 -0.02318877903078901 0.0051633846428450481 -0.00025378631404613002 0.024523088386170493 -0.0052036186079720964 -0.008564944848427616 0.025694545048080383 0.025206291829747391 0.0059934034092811572 0 -0.012044257798385607
leaf_weight=20.159146197140217 7.8394584208726901 24.556605789810419 15.346855103969572 25.78403228521347 170.78157965093851 39.828438892960548 21.055826410651211 235.81206420809031 38.761597722768784 9.4925320670008642 35.233292408287525 73.033427484333515 9.3072210997343046 7.8431195467710495
leaf_count=68 25 92 78 97 620 126 67 786 120 32 113 255 32 30
internal_value=0 -0.00240441 -0.0162064 -0.000516748 0.0025267 -0.0102301 0.00148905 -0.000456569 0.00827786 -0.000425448 0.0166193 -0.00238366 0.0170021 0
internal_weight=734.835 291.98 31.0294 260.951 195.338 65.6125 442.855 339.209 103.647 48.2541 55.3924 308.845 30.363 15.6826
internal_count=2541 1068 133 935 712 223 1473 1140 333 152 181 1041 99 55
is_linear=0
shrinkage=0.05


Tree=418
num_leaves=13
num_cat=0
split_feature=9 41 63 124 26 41 26 23 101 41 81 79
split_gain=0.907416 2.41005 1.75163 1.87014 1.55674 2.98349 2.64805 2.0851 2.00207 2.00748 1.54012 0.442495
threshold=0.62278483333333345 3.9500000000000006 0.45000000000000007 0.51242652046862669 2.6333333333333337 3.7638888888888893 2.1000000000000005 0.88260820000000006 1.4642857142857146 3.9500000000000006 0.098504500000000009 0.33333333333333326
decision_type=2 2 2 2 2 2 2 2 2 2 2 2
left_child=1 2 -1 -4 5 6 -2 -7 11 -10 -3 -6
right_child=4 10 3 -5 8 7 -8 -9 9 -11 -12 -13
leaf_value=-0.013442386229225726 0 -0.029887138644480421 0.031581934587185466 0 0.00074540687023052262 -0.014451642082606629 0.034833249344567004 0.0089861074470704762 -0.0071421435301970582 0.00058114218687424339 0 0.026663836314845604
leaf_weight=6.9551105946302441 9.0746940597891825 12.213506720960142 6.8068793397396785 7.5320560336112976 7.8603278994560224 15.176594167947767 13.926270406693218 21.715464267879725 102.4189157448709 409.29904788918793 7.8977898433804503 7.0769259035587311
leaf_count=32 34 64 27 33 28 70 52 89 420 1634 34 24
internal_value=0 -0.00703252 0.00275974 0.0142423 0.000540002 0.00813725 0.0218806 0 -0.000243008 -0.000878047 -0.0194087 0.0170648
internal_weight=627.954 41.4053 21.294 14.3389 586.548 59.893 23.001 36.8921 526.655 511.718 20.1113 14.9373
internal_count=2541 190 92 60 2351 245 86 159 2106 2054 98 52
is_linear=0
shrinkage=0.05


Tree=419
num_leaves=11
num_cat=0
split_feature=76 41 55 98 77 90 39 95 41 32
split_gain=1.06151 1.65315 3.27082 3.08262 1.49145 2.49114 2.43581 1.37866 1.18191 0.188582
threshold=0.63333333333333341 6.6500000000000012 0.36666666666666675 -0.33333333333333331 0.41428571428571431 -0.20000000000000009 9.7500000000000018 -0.17635642857142839 5.2428571428571438 13.250000000000002
decision_type=2 2 2 2 2 2 2 2 2 2
left_child=7 4 -3 -4 5 -2 -6 -1 -9 -10
right_child=1 2 3 -5 6 -7 -8 8 9 -11
leaf_value=-0.0047130362114848473 0.005043189091374912 0.0063470179367400075 -0.034241073503802101 0 0.013333209968288101 -0.0017411144711300724 -0.012779943255975427 0 0.0050100872469845091 0.031439715804870948
leaf_weight=7.7172977551817921 228.6040154248476 13.364393427968023 15.659685179591177 8.3695588931441325 8.4519537240266782 315.18427104875445 45.416514039039612 8.3511161059141177 7.1911909580230704 8.1242873370647413
leaf_count=29 761 48 49 31 31 1348 160 30 26 28
internal_value=0 -0.000412921 -0.0104936 -0.0217369 0.000150751 0.00102319 -0.00760319 0.00886557 0.0153319 0.0231623
internal_weight=666.434 635.05 37.3936 24.0292 597.657 543.788 53.8685 31.3839 23.6666 15.3155
internal_count=2541 2428 128 80 2300 2109 191 113 84 54
is_linear=0
shrinkage=0.05


Tree=420
num_leaves=9
num_cat=0
split_feature=25 25 9 108 25 40 88 88
split_gain=1.07368 1.42905 3.31625 1.62175 2.63723 1.48987 1.24248 0.955865
threshold=18.900000000000002 16.450000000000003 1.6827750000000001 0.17268812249831303 13.225000000000001 5.3875000000000011 -0.032914000000000047 -0.093440799999999755
decision_type=2 2 2 2 2 2 2 2
left_child=1 3 -3 4 -1 -4 -5 -2
right_child=7 2 5 6 -6 -7 -8 -9
leaf_value=-0.030112521491600208 -0.02885172793669771 0.039929712786009312 -0.013647912974490065 0.002179070731640231 0 0.011528078460465175 -0.002120604821690528 0
leaf_weight=10.755199994891884 5.0690343305468559 6.4345929622650173 8.9274544827640074 370.08982525020838 12.434329036623238 13.112639725208281 302.30235431715846 5.0959172025322896
leaf_count=84 25 21 33 1208 85 58 1002 25
internal_value=0 0.000173629 0.0109946 -0.000212714 -0.0129651 0 0.00017144 -0.015442
internal_weight=734.221 724.056 28.4747 695.582 23.1895 22.0401 672.392 10.165
internal_count=2541 2491 112 2379 169 91 2210 50
is_linear=0
shrinkage=0.05


Tree=421
num_leaves=16
num_cat=0
split_feature=109 16 34 115 82 3 103 106 99 111 86 45 62 101 8
split_gain=0.911842 3.58002 4.28326 4.46586 3.27235 3.72898 3.19838 3.22866 3.13459 3.04675 2.84392 2.59315 3.04966 1.52471 0.962553
threshold=0.27139815317599131 1.6571591999999999 4.0500000000000007 1.7973241261666149 -0.13162199999999999 1.0034413333333336 3.5000000000000004 3.1750000000000003 0.26136363636363641 1.0531783793620819 0.20000000000000015 3.1666666666666674 1.0000000180025095e-35 2.9583333333333335 1.5833333333333337
decision_type=2 2 2 2 2 2 2 2 2 2 2 2 2 2 2
left_child=6 2 9 -4 5 -3 7 8 -1 -2 -6 12 -8 -13 -9
right_child=1 4 3 -5 10 -7 11 14 -10 -11 -12 13 -14 -15 -16
leaf_value=0.035283618745735837 0.02677723065853678 0 -0.010872964112073592 0.010303888229197746 -0.016072348718252201 0.046270598484221326 0.0028021487104079902 -0.023252885279314774 0.0052777799493032712 -0.0015117027934942375 0.017951780625233598 0 -0.0071041591358141339 0.03359777346806702 0
leaf_weight=13.772965654730795 20.254386976361278 8.0707023441791552 90.660387322306633 31.142798125743866 10.445573985576631 12.090139567852018 102.85421549901366 6.2685601599514467 35.862185392528772 11.458525180816649 11.887403294444082 7.5133906081318838 252.00923493877053 6.0661869049072266 7.1231898255646229
leaf_count=50 68 27 337 111 39 38 433 31 143 40 41 37 1088 27 31
internal_value=0 0.00284948 -0.000421472 -0.00501147 0.0155539 0.0297297 -0.00125392 0.00886675 0.0151238 0.0152937 0 -0.00313984 -0.00409259 0.0169011 -0.0102895
internal_weight=627.48 196.01 153.516 121.803 42.4938 20.1608 431.47 63.0269 49.6352 31.7129 22.333 368.443 354.863 13.5796 13.3917
internal_count=2541 701 556 448 145 65 1840 255 193 108 80 1585 1521 64 62
is_linear=0
shrinkage=0.05


Tree=422
num_leaves=14
num_cat=0
split_feature=106 57 3 89 42 113 47 100 85 29 121 113 99
split_gain=1.05216 3.22549 2.69708 2.04385 2.01067 3.7124 2.68816 3.42993 2.66964 2.2322 1.96363 1.76256 0.745968
threshold=3.4750000000000005 1.3666666666666669 1.3072161666666668 -0.022243100000000068 2.1666666666666674 0.51483516483516489 0.41666666666666669 0.22649572649572652 -1.0000000180025095e-35 1.0500000000000003 49.600000000000009 0.50958113133685667 0.32051282051282054
decision_type=2 2 2 2 2 2 2 2 2 2 2 2 2
left_child=4 3 11 -2 6 10 9 -8 -7 -1 -6 -3 -4
right_child=1 2 12 -5 5 8 7 -9 -10 -11 -12 -13 -14
leaf_value=0.0052525730425424626 0.0058270108787129241 -0.010270453963707704 0.0066117606390674686 -0.021579215533834139 -0.0067541814108421187 0 0 0.026458105125269794 -0.037192765081131535 -0.0027100499762656928 0.01222923802702441 0.019183014494376319 0.038779326141598243
leaf_weight=114.36550723947585 9.5436017438769358 11.28976993635297 7.9732183292508152 11.831338703632353 47.845700731500983 6.6156772077083614 34.527431800961494 20.763100914657116 14.185505274683235 351.64791887998581 17.250666089355946 7.4515235498547545 10.624266944825647
leaf_count=454 33 53 26 45 219 27 133 75 71 1241 94 32 38
internal_value=0 0.0063731 0.015546 -0.00739455 -0.000580627 -0.00766072 0.000502696 0.0108773 -0.0256398 -0.000641797 -0.000858156 0 0.0285807
internal_weight=665.915 58.7137 37.3388 21.3749 607.202 85.8975 521.304 55.2905 20.8012 466.013 65.0964 18.7413 18.5975
internal_count=2541 227 149 78 2314 411 1903 208 98 1695 313 85 64
is_linear=0
shrinkage=0.05


Tree=423
num_leaves=13
num_cat=0
split_feature=39 123 25 75 40 111 101 126 17 124 111 9
split_gain=1.05119 3.26374 2.6981 2.23251 2.1707 5.38424 3.70825 2.83157 2.70029 2.29878 1.99592 0.264494
threshold=8.5277777777777803 0.49983514956269104 9.1000000000000014 0.95000000000000007 3.6125000000000003 1.0560217817534541 1.6904761904761907 0.19812672296906703 1.0460252000000001 0.59464101429321636 1.0507474729022046 0.78983000000000014
decision_type=2 2 2 2 2 2 2 2 2 2 2 2
left_child=1 11 3 -3 5 7 9 -2 -7 -6 -8 -1
right_child=4 2 -4 -5 6 8 10 -9 -10 -11 -12 -13
leaf_value=-0.005438408657232989 0.016232836128965211 0.0032242256839893446 0.024643788094960813 -0.017078862081272374 -0.028280092969132177 0 0.0058688974081534881 -0.0034271462287411552 0.022561357720477605 0 -0.0020502597746354747 -0.031362756717419414
leaf_weight=7.8100743591785458 20.419436078518629 28.848925150930882 8.5506134256720525 20.31046212464571 18.690241932868961 13.536878872662781 104.36502930149436 121.44655242562294 48.349515087902546 8.5288786441087705 322.678830627352 10.1557719707489
leaf_count=25 76 94 31 66 65 55 365 383 156 29 1166 30
internal_value=-5.15654e-06 -0.0056099 0 -0.00434054 0.000571088 0.00489781 -0.00126626 -0.000153599 0.0170908 -0.0188253 0 -0.0236103
internal_weight=733.691 75.6758 57.71 49.1594 658.015 203.752 454.263 141.866 61.8864 27.2191 427.044 17.9658
internal_count=2541 246 191 160 2295 670 1625 459 211 94 1531 55
is_linear=0
shrinkage=0.05


Tree=424
num_leaves=11
num_cat=0
split_feature=3 5 17 15 27 17 95 112 26 86
split_gain=0.89175 1.92442 1.30226 2.67742 2.50937 2.20097 3.27581 2.87958 1.66062 0.602651
threshold=0.55103581666666679 4.8333333333333348 1.1787130000000003 1.5500000000000003 5.5500000000000007 1.3486650000000002 -0.025335750000000098 0.46332299618320621 3.6333333333333337 0.19999999999999987
decision_type=2 2 2 2 2 2 2 2 2 2
left_child=1 -1 3 4 -2 7 -7 -4 -5 -3
right_child=2 9 5 8 -6 6 -8 -9 -10 -11
leaf_value=0.0059454865883983949 0.005436533116364585 0 0.017962352339428743 0.037271927344680787 -0.007067195769210147 -0.0034154153021729952 0.0071994969250066812 -0.010076667969324583 0 -0.027396982027339839
leaf_weight=7.0546008907258537 138.67064296081662 3.9019914474338284 8.0179768651723844 8.415349677205084 53.073407627642155 168.51158832386136 123.57575302571058 98.536354977637529 7.2119928598403922 9.88194174133241
leaf_count=28 567 23 28 29 218 677 475 400 27 69
internal_value=0 -0.00988743 0.000394376 0.0036592 0.00169747 -0.00118376 0.000914165 -0.00735452 0.0231724 -0.0212268
internal_weight=626.852 20.8385 606.013 207.371 191.744 398.642 292.087 106.554 15.6273 13.7839
internal_count=2541 120 2421 841 785 1580 1152 428 56 92
is_linear=0
shrinkage=0.05


Tree=425
num_leaves=7
num_cat=0
split_feature=113 17 17 4 40 124
split_gain=1.07319 1.74722 2.30048 2.0878 3.45557 2.10618
threshold=0.29593249549776351 2.3351204666666674 2.4314596000000006 10.833333333333334 3.9500000000000006 0.58722606772968167
decision_type=2 2 2 2 2 2
left_child=-1 3 -3 4 -2 -5
right_child=1 2 -4 5 -6 -7
leaf_value=0.021515131620455694 -0.0021368462725084316 -0.033695365087389101 0 0.00088643138629440523 0.012637198807983514 -0.0060156652161535836
leaf_weight=4.7672847975045434 68.010261505842209 7.8889182507991817 12.461737021803854 335.17549503222108 79.377956882119179 157.85233138687909
leaf_count=24 239 26 41 1353 255 603
internal_value=0 -0.000141681 -0.0142591 0.000250511 0.00551451 -0.0012299
internal_weight=665.534 660.767 20.3507 640.416 147.388 493.028
internal_count=2541 2517 67 2450 494 1956
is_linear=0
shrinkage=0.05


Tree=426
num_leaves=12
num_cat=0
split_feature=31 89 124 54 82 82 111 2 92 92 127
split_gain=1.05665 2.181 1.79801 2.42302 3.68044 2.65194 2.1303 1.72699 1.54108 3.46224 1.29761
threshold=1.7137141000000002 0.35781230000000014 0.65078898827283316 0.50000000000000011 0.33606533333333344 0.27221666666666666 1.0513073584982755 1.1784086666666669 0.49999999999999989 -0.19999999999999982 0.34458381797077847
decision_type=2 2 2 2 2 2 2 2 2 2 2
left_child=2 8 3 4 -1 -5 -4 -3 9 -2 -8
right_child=1 7 6 5 -6 -7 10 -9 -10 -11 -12
leaf_value=0.021658442081635337 -0.0043306815127555727 0 0.0089253401084902189 -0.0015024000820341406 -0.0094868239423973461 0.0063739641265319032 -0.00097962203725175494 -0.032674781586439793 -0.021980206903350792 0.020386784846362929 -0.029515078043067224
leaf_weight=31.593977510929108 58.31269883364439 7.1078842580318478 6.5257178544998196 420.15338741987944 10.128433927893637 140.94602279365063 11.433878712356092 10.309328202158211 6.9422677122056475 17.285719010978937 12.349697530269621
leaf_count=103 228 34 22 1407 41 484 35 44 32 67 44
internal_value=-4.44948e-06 -0.00482 0.000683378 0.00136196 0.0128823 0.00039498 -0.0108284 -0.0205225 -0.000702054 0.000860626 -0.0184073
internal_weight=733.089 99.9579 633.131 602.822 41.7224 561.099 30.3093 17.4172 82.5407 75.5984 23.7836
internal_count=2541 405 2136 2035 144 1891 101 78 327 295 79
is_linear=0
shrinkage=0.05


Tree=427
num_leaves=14
num_cat=0
split_feature=88 27 7 64 11 116 3 94 91 73 20 97 61
split_gain=0.887926 2.99747 2.07662 2.33223 2.04567 1.56765 2.36543 3.27697 2.9647 1.75432 2.18619 0.84445 0.328762
threshold=-0.5871698999999998 4.2666666666666675 2.1666666666666674 1.1000000000000003 8.8333333333333339 0.80787981341549409 1.3584050000000001 -0.16063976249999998 -0.20000000000000001 1.0000000180025095e-35 5.9000000000000012 1.0500000000000005 0.55000000000000016
decision_type=2 2 2 2 2 2 2 2 2 2 2 2 2
left_child=1 4 3 -3 -1 9 8 -8 -7 11 -11 -2 -6
right_child=5 2 -4 -5 12 6 7 -9 -10 10 -12 -13 -14
leaf_value=0 0 0.022328357706267024 -0.018018855211015976 0 -0.032468914567743382 -0.019692694599679133 0 0.033345692454215883 0.0075559253882193688 0.0027454894778731775 -0.004625155211193512 -0.0294893277553849 -0.0032676485170685336
leaf_weight=11.455339543521406 6.8820857703685743 15.18682039529085 8.5886883623898012 28.159762196242809 13.308271657675506 12.369831927120684 13.484839677810671 15.486536622047423 38.005599290132523 302.84826594218612 148.33118368126452 6.4773247092962265 5.7907126843929282
leaf_count=49 26 55 41 113 60 50 48 53 161 1185 644 34 22
internal_value=0 -0.00475554 0.0017448 0.00710626 -0.0170943 0.000780208 0.00725234 0.0183931 0 -0.000231084 0.000206848 -0.0174875 -0.026706
internal_weight=626.375 82.4896 51.9353 43.3466 30.5543 543.886 79.3468 28.9714 50.3754 464.539 451.179 13.3594 19.099
internal_count=2541 340 209 168 131 2201 312 101 211 1889 1829 60 82
is_linear=0
shrinkage=0.05


Tree=428
num_leaves=12
num_cat=0
split_feature=75 3 100 110 27 2 92 8 3 124 112
split_gain=1.0591 2.48404 2.5957 1.71337 3.76229 4.81427 3.7223 1.77551 2.16561 1.76649 1.04785
threshold=0.61250000000000016 1.580899166666667 0.19090909090909094 0.22482473162029359 3.7750000000000004 2.4210906666666667 0.59999999999999998 2.4166666666666674 0.90660716666666674 0.63806037680568262 0.49936386768447838
decision_type=2 2 2 2 2 2 2 2 2 2 2
left_child=1 2 -1 4 6 -6 -2 8 -5 -9 -4
right_child=3 -3 10 7 5 -7 -8 9 -10 -11 -12
leaf_value=-0.0011934237728064507 0.013805928300060276 -0.0083709029766721853 0.045150506347280697 0.0081555658458847043 -0.018020611122404485 0.0082541703995346622 -0.022450233798992664 0.015277690671333933 -0.0015199902361944895 -0.0075623501772130166 0.0077460153487697268
leaf_weight=6.6021634116768899 34.270069405436516 9.8263662010431272 7.104984037578105 66.699211284518242 68.488178066909313 19.664538713172078 7.1449457481503478 36.42050276696682 393.36626227200031 7.0401878505945197 8.4134893976151925
leaf_count=33 179 39 24 226 396 127 62 120 1277 25 33
internal_value=0 0.00877658 0.018589 -0.000416314 -0.00557236 -0.0115717 0.00599033 0.000819757 0 0.0103664 0.0295948
internal_weight=665.041 31.947 22.1206 633.094 129.568 88.1527 41.415 503.526 460.065 43.4607 15.5185
internal_count=2541 129 90 2412 764 523 241 1648 1503 145 57
is_linear=0
shrinkage=0.05


Tree=429
num_leaves=10
num_cat=0
split_feature=10 56 80 13 20 2 35 51 41
split_gain=1.03693 1.63693 1.27324 2.46751 2.35272 2.06114 3.0473 2.26445 0.281036
threshold=0.64857566666666677 0.36666666666666675 1.2489133333333335 4.166666666666667 5.9000000000000012 1.880425 1.5357142857142858 1.4166666666666667 5.4500000000000011
decision_type=2 2 2 2 2 2 2 2 2
left_child=1 8 5 -4 -5 7 -7 -2 -1
right_child=2 -3 3 4 -6 6 -8 -9 -10
leaf_value=-0.0017172816832550074 0.0039918681535135855 0.002916677640475593 0.027138963576567206 -0.01849382130212689 0.0092663427822374245 -0.0088839621820934224 0.0054390685551518282 -0.0029807029472446126 -0.030556807559173671
leaf_weight=5.8478916659951228 310.55206663906574 6.6071216054260722 11.69478917121887 9.6686395183205587 25.004610627889633 132.39161069318652 46.102459587156773 177.80487985908985 6.777397133409977
leaf_count=23 1014 29 47 32 90 448 161 659 38
internal_value=-9.78865e-06 -0.0112307 0.000238085 0.00819513 0 -0.000251766 -0.00489628 0.00135016 -0.0219747
internal_weight=732.451 19.2324 713.219 46.368 34.6733 666.851 178.494 488.357 12.6253
internal_count=2541 90 2451 169 122 2282 609 1673 61
is_linear=0
shrinkage=0.05


Tree=430
num_leaves=15
num_cat=0
split_feature=51 3 34 39 81 58 68 107 109 4 33 88 9 123
split_gain=0.881627 3.02027 2.99703 3.52099 2.13508 2.591 1.971 1.94387 3.04605 3.00802 4.30297 2.8952 2.48492 1.07779
threshold=2.1666666666666674 1.0872526666666669 5.0500000000000007 14.950000000000001 0.57981749999999999 0.90000000000000013 0.15476190476190479 1.5000000000000002 0.25317811482787039 10.833333333333334 3.4222222222222229 -0.066837200000000027 1.3681390000000004 0.61686874604776454
decision_type=2 2 2 2 2 2 2 2 2 2 2 2 2 2
left_child=7 4 3 -3 5 -2 -4 9 13 11 -11 -1 -10 -9
right_child=1 2 6 -5 -6 -7 -8 8 12 10 -12 -13 -14 -15
leaf_value=-0.019114082330439312 0.00094789034951051987 0.031391716935788204 0.017841685517345125 -0.0025686168403661622 0.015465726884445015 -0.025255760916039635 -0.0049736268429776097 -0.017748549784854777 0.033295422831971164 0.018876756479442355 -0.0012203986106871093 -0.0011095655618877953 0 0.0054545439474794231
leaf_weight=43.263481602072716 12.046011805534365 23.210027724504474 11.954099010676144 7.2025440186262122 5.8351171053946009 17.721637442708015 31.790537998080254 8.3023074790835363 14.441902011632921 27.746662572026253 351.14973939023912 58.50226765871048 7.3583478778600684 5.4943097345530978
leaf_count=191 49 78 49 36 23 80 127 40 47 95 1453 221 27 25
internal_value=0 0.00408277 0.0100717 0.0219315 -0.00695994 -0.0133407 0.000403066 -0.000831711 0.0100825 -0.00176305 0.000165521 -0.00936185 0.0218711 -0.00538494
internal_weight=626.019 109.76 74.1572 30.4126 35.6028 29.7676 43.7446 516.259 35.5969 480.662 378.896 101.766 21.8002 13.7966
internal_count=2541 442 290 114 152 129 176 2099 139 1960 1548 412 74 65
is_linear=0
shrinkage=0.05


Tree=431
num_leaves=15
num_cat=0
split_feature=88 82 90 60 112 95 106 116 39 101 9 124 110 127
split_gain=1.06174 4.61016 3.37802 3.01778 2.94386 4.39259 4.29617 2.95114 2.82854 2.75042 2.41389 2.37101 1.98759 1.71774
threshold=0.17149919999999999 -0.58688149999999983 1.0333333333333337 0.70000000000000007 0.49483173076923082 -0.045415000000000309 2.2250000000000005 0.050211596566415169 10.535714285714286 1.8944444444444446 1.8262155000000002 0.59897426200554571 0.29827230950815847 0.2050523336050441
decision_type=2 2 2 2 2 2 2 2 2 2 2 2 2 2
left_child=4 11 3 -3 7 6 -6 12 -4 -9 -7 13 -1 -2
right_child=1 2 8 -5 5 10 -8 9 -10 -11 -12 -13 -14 -15
leaf_value=-0.0098420973006669021 0 -0.025451653769595413 0 -7.8036320547771076e-05 0.026184323507737774 -0.019160508022088983 -0.0023793089684724339 -0.0095060268733100032 0.035097607903448874 0.018903261544016666 0 0 0.0036909058514096836 0.040249445536595083
leaf_weight=37.518467962741852 6.332265127450234 12.497648417949675 9.3764670826494712 121.94413802400231 12.964018408209084 60.177203709259629 211.3298742249608 7.3157867193222037 10.622018612921236 43.910510640591383 19.891539737582207 7.0553175136446944 89.862454786896706 13.652053371071814
leaf_count=172 32 52 55 458 45 259 817 29 43 164 69 27 276 43
internal_value=0 0.00330175 0 -0.00297642 -0.00117222 -0.00423591 -0.000397525 0.0037647 0.018575 0.0137843 -0.014234 0.0219542 0 0.0304387
internal_weight=664.45 181.48 154.44 134.442 482.97 304.363 224.294 178.607 19.9985 51.2263 80.0687 27.0396 127.381 19.9843
internal_count=2541 710 608 510 1831 1190 862 641 98 193 328 102 448 75
is_linear=0
shrinkage=0.05


Tree=432
num_leaves=11
num_cat=0
split_feature=82 100 82 95 84 39 125 111 36 98
split_gain=1.03082 1.69685 1.36218 2.95052 1.99014 1.60733 3.22565 1.77434 0.851616 0.662509
threshold=0.95027400000000017 0.27922077922077926 0.64344841666666674 0.0048155499999998916 -0.66666666666666674 8.4222222222222243 0.39229511375260512 1.0560330663654176 1.5857142857142861 -0.89999999999999991
decision_type=2 2 2 2 2 2 2 2 2 2
left_child=2 9 5 4 -4 6 -1 -7 -5 -2
right_child=1 -3 3 8 -6 7 -8 -9 -10 -11
leaf_value=-0.02943614735673912 -0.013908839547595475 -0.026193559874753559 -0.015457546944724383 0.036960875360688983 0.01063882280814079 -0.0012035035416593435 -0.00080516831009298936 0.0046335198420340597 0.0034254541169467358 0.0050975634778162955
leaf_weight=12.742836922407148 5.5384575277566936 8.8480115905404073 12.319443795830011 8.4060669988393766 14.840240851044655 412.66457749158144 49.516854293644428 185.47604222595692 7.4017813354730597 14.061302825808527
leaf_count=41 33 33 49 28 47 1402 163 673 26 46
internal_value=-1.64653e-05 -0.0092408 0.000298218 0.00884907 0 -0.000195067 -0.00782822 0.000527745 0.0253713 0
internal_weight=731.816 28.4478 703.368 42.9675 27.1597 660.4 62.2597 598.141 15.8078 19.5998
internal_count=2541 112 2429 150 96 2279 204 2075 54 79
is_linear=0
shrinkage=0.05


Tree=433
num_leaves=11
num_cat=0
split_feature=111 72 74 97 63 97 96 97 64 123
split_gain=0.87474 2.01464 1.20099 3.81975 2.83049 2.50605 3.37732 2.64283 2.14861 1.18902
threshold=1.065878160176406 1.1339285714285716 0.35416666666666669 -0.099999999999999908 2.1000000000000005 0.21428571428571444 -0.13123169999999992 0.4250000000000001 1.7750000000000001 0.55685199249936279
decision_type=2 2 2 2 2 2 2 2 2 2
left_child=2 -2 5 4 -4 6 -1 -7 -5 -3
right_child=1 9 3 8 -6 7 -8 -9 -10 -11
leaf_value=-0.0037389668047433941 0.025652117815422822 0.0096523829976570014 -0.022090185500059936 -0.0020721545280494246 0.0071639301916634306 -0.014807403527613366 0.006782038016779738 -5.3875666001092568e-05 0.018935174677898143 -0.017430514255641082
leaf_weight=108.10449327528477 9.8738164529204386 6.8428612202405912 37.53427592664957 48.223588820546865 7.0283051282167426 43.027943029999733 223.47527310624719 120.72482601739466 14.204171128571032 6.3808281198143959
leaf_count=427 34 24 157 200 26 169 861 551 61 31
internal_value=0 0.00937803 -0.000334574 -0.00516547 -0.0163229 0.00061645 0.00320062 -0.00430037 0.00214251 -0.000207353
internal_weight=625.42 23.0975 602.323 106.99 44.5626 495.333 331.58 163.753 62.4278 13.2237
internal_count=2541 89 2452 444 183 2008 1288 720 261 55
is_linear=0
shrinkage=0.05


Tree=434
num_leaves=14
num_cat=0
split_feature=32 89 82 94 127 127 37 21 8 112 46 99 70
split_gain=1.04715 3.01519 4.45014 2.88841 2.27901 2.19405 2.76991 2.31073 2.26242 2.99871 2.66881 1.87365 1.82294
threshold=11.472222222222223 -0.41926109999999994 -0.48071199999999997 -0.66227704999999992 0.52882688645744425 0.11016672488902986 1.2745835500000002 0.29166666666666669 2.4166666666666674 0.51468976316304571 1.8333333333333337 0.34848484848484856 1.1333333333333335
decision_type=2 2 2 2 2 2 2 2 2 2 2 2 2
left_child=1 4 -3 -4 11 6 7 -2 10 -10 -7 -1 -8
right_child=5 2 3 -5 -6 8 12 -9 9 -11 -12 -13 -14
leaf_value=0 0.0032706239651179637 0.031451146665854572 -0.0076485560111361345 0.0087164655867805734 0.0081354314581242315 0.0011092329772570866 0.01935255989101009 -0.030075562437564842 0 0.025357907965728323 -0.0076489908333731184 -0.030573117177992777 -0.011348574261553841
leaf_weight=7.9214567840099397 3.3068679794669178 15.738234549760817 37.229574985802174 78.414336532354355 7.6829664111137381 300.30344410799444 7.8808948583900955 19.67436251975596 27.627041883766651 18.429212048649788 117.97164471447468 12.814799703657625 8.6303156055510026
leaf_count=26 21 48 123 256 26 1140 41 161 113 72 423 46 45
internal_value=0 0.00356941 0.00699677 0.00299897 -0.010275 -0.00106182 -0.0122277 -0.023256 0 0.0103046 -0.00125406 -0.019457 0.000718265
internal_weight=663.625 159.801 131.382 115.644 28.4192 503.824 39.4924 22.9812 464.331 46.0563 418.275 20.7363 16.5112
internal_count=2541 525 427 379 98 2016 268 182 1748 185 1563 72 86
is_linear=0
shrinkage=0.05


Tree=435
num_leaves=13
num_cat=0
split_feature=31 24 80 84 10 94 19 95 75 40 96 124
split_gain=1.03305 1.77271 2.89146 4.28427 2.55503 2.54703 3.28016 3.19299 1.44896 1.79227 1.95243 1.48963
threshold=1.7137141000000002 2.1192360000000003 -0.90129999999999966 -0.99999999999999956 1.9147650000000003 -0.57831450000000018 4.366666666666668 -0.29088695000000003 0.87301587301587313 4.878571428571429 0.068974199999999999 0.46134382416820457
decision_type=2 2 2 2 2 2 2 2 2 2 2 2
left_child=1 2 3 -1 -4 6 -3 -7 -2 11 -11 -10
right_child=8 5 4 -5 -6 7 -8 -9 9 10 -12 -13
leaf_value=-0.0070517169018158264 0.0076118729730855639 0.0094105938453253497 0 0.023875506214295586 -0.010355736988411668 0 -0.01761762124468844 0.022799338180151171 0.0047388677139634195 -0.007139706312828612 0.025205254300420962 -0.013958463777833241
leaf_weight=14.667720362544058 15.049095280468462 24.116571247577667 422.27904425933957 27.135740920901299 69.783977936953306 19.779521971940994 18.494874760508537 35.359422516077757 7.835876263678073 6.9879248365759832 6.9683297276496887 62.738789521157742
leaf_count=50 48 73 1446 82 232 65 60 128 34 46 33 244
internal_value=-2.05981e-05 0.000658796 -0.00039079 0.0119446 -0.00156226 0.00684338 -0.00130909 0.0139454 -0.00479069 -0.00764649 0.00627245 -0.0111467
internal_weight=731.197 631.617 533.866 41.8035 492.063 97.7504 42.6114 55.1389 99.58 84.5309 13.9563 70.5747
internal_count=2541 2136 1810 132 1678 326 133 193 405 357 79 278
is_linear=0
shrinkage=0.05


Tree=436
num_leaves=12
num_cat=0
split_feature=9 41 81 9 125 80 95 40 111 90 4
split_gain=0.845537 2.28772 1.50638 1.39742 3.70106 2.45085 1.85521 3.87916 2.32044 1.29413 1.55341
threshold=0.62278483333333345 4.0500000000000007 0.1491653333333334 0.73147633333333351 0.47671664032699074 -0.19334116666666665 -0.36402680000000004 4.4222222222222234 1.0527819988337892 0.47500000000000014 13.16666666666667
decision_type=2 2 2 2 2 2 2 2 2 2 2
left_child=1 9 -3 4 -2 -6 7 -5 -8 10 -1
right_child=3 2 -4 6 5 -7 8 -9 -10 -11 -12
leaf_value=0 -0.0071066691939925741 -0.031779967909893563 0 -0.013836783604877181 0.039267029483932674 0 0.0055656524088344332 0.0047945594917390482 -0.0016198843230668003 -0.0093065794866990063 0.028855049564391191
leaf_weight=7.47300533950329 12.692914173007013 10.268402747809889 6.9163716435432425 64.258765485137701 10.899510055780413 7.9345208927988997 191.49911594577134 42.996185563504696 253.75185554474592 9.8782254606485349 6.4812211468815804
leaf_count=32 47 57 29 267 38 35 734 170 1060 48 24
internal_value=0 -0.00680856 -0.0204632 0.000532794 0.0106071 0.0248223 0 -0.00593071 0.00136406 0.00145142 0.0125236
internal_weight=625.05 41.0172 17.1848 584.033 31.5269 18.834 552.506 107.255 445.251 23.8325 13.9542
internal_count=2541 190 86 2351 120 73 2231 437 1794 104 56
is_linear=0
shrinkage=0.05


Tree=437
num_leaves=12
num_cat=0
split_feature=74 29 58 23 56 108 88 35 42 56 126
split_gain=1.03686 4.50111 2.7326 1.93467 2.00637 3.97819 2.70713 1.76028 2.12187 1.21714 1.03436
threshold=1.0000000180025095e-35 1.4722222222222225 1.5500000000000003 0.65106720000000007 0.22500000000000003 0.21949506982748243 0.53705500000000017 0.77500000000000013 0.83333333333333337 0.36666666666666675 0.22981494153023177
decision_type=2 2 2 2 2 2 2 2 2 2 2
left_child=1 2 9 7 6 -6 -5 -2 -9 -1 -3
right_child=3 10 -4 4 5 -7 -8 8 -10 -11 -12
leaf_value=0 -0.00038704785041575367 0.0018772834894696746 -0.021750662871904754 -0.00056463052781749099 0.0097937710494972879 -0.0087366362850527304 0.01297169524035216 0 0.034465209568365567 0.020633726889133994 0.03616664790300974
leaf_weight=16.348249964416031 10.253321595489981 6.9080805927515057 12.144897475838659 345.69741693791002 31.977265223860741 162.63855705782771 39.800207637250423 7.1687484383583095 10.631475538015364 8.0982070937752706 11.238979049026964
leaf_count=66 49 27 49 1310 105 652 156 25 38 28 36
internal_value=0 0.00658379 -0.00240796 -0.000537641 -0.00124448 -0.00540181 0.000733489 0.0118978 0.0212779 0.00571364 0.0265048
internal_weight=662.905 54.7384 36.5914 608.167 580.113 194.616 385.498 28.0535 17.8002 24.4465 18.1471
internal_count=2541 206 143 2335 2223 757 1466 112 63 94 63
is_linear=0
shrinkage=0.05


Tree=438
num_leaves=12
num_cat=0
split_feature=6 89 32 10 123 112 111 62 20 100 94
split_gain=1.01194 3.02278 2.84818 3.08283 3.01417 2.0578 2.60831 3.6747 2.67426 1.90513 0.845182
threshold=5.166666666666667 -0.49910249999999984 11.472222222222223 1.3788963333333337 0.46021774137965782 0.45173688884176494 1.0485502254350643 0.36666666666666675 6.9000000000000012 0.19090909090909094 -0.16063976249999998
decision_type=2 2 2 2 2 2 2 2 2 2 2
left_child=1 9 4 -4 -3 -2 7 -7 -8 -1 -11
right_child=5 2 3 -5 -6 6 8 -9 -10 10 -12
leaf_value=0 0.022856731720893475 0.0062328706785664302 0.012525772663939545 -0.00046992245954410373 -0.013626014911041779 -0.00099450576363296754 -0.007054440955107516 0.024920980368033967 0.0015956629292423214 0.0053405382589206216 0.033815122385117434
leaf_weight=9.6929437071084958 7.0406984686851493 23.402398280799389 64.697058588266373 127.44117201864719 58.721790488809347 32.823407739400864 235.2076765820384 18.962847396731377 130.1751455552876 9.8768673241138458 12.520251579582691
leaf_count=38 22 79 220 412 239 115 816 66 456 36 42
internal_value=-2.18414e-05 0.00209331 0.000184827 0.00368932 -0.00735854 -0.00166826 -0.00225542 0.00784023 -0.00384025 0.0163949 0.0241601
internal_weight=730.562 306.352 274.262 192.138 82.1242 424.21 417.169 51.7863 365.383 32.0901 22.3971
internal_count=2541 1066 950 632 318 1475 1453 181 1272 116 78
is_linear=0
shrinkage=0.05


Tree=439
num_leaves=10
num_cat=0
split_feature=111 31 74 109 98 58 92 109 69
split_gain=0.852647 1.94473 1.12119 2.97814 3.94426 2.21489 3.9452 2.02456 1.04761
threshold=1.065878160176406 1.4041450571428575 0.35416666666666669 0.29631625585941662 -0.10000000000000002 2.2666666666666671 -0.7749999999999998 0.2645830198104151 1.3541666666666667
decision_type=2 2 2 2 2 2 2 2 2
left_child=2 8 5 4 -4 7 -7 -1 -2
right_child=1 -3 3 -5 -6 6 -8 -9 -10
leaf_value=-0.0032244827850259499 0.031728258709497845 -0.0095253575960108101 -0.017940946265224168 0.02502641344144629 0.00097771828794826075 -0.011394496735367281 0.018783175487519389 0.0036429480575813308 0.00070858522744601251
leaf_weight=271.841592323035 7.8589110225439134 5.8766490370035163 47.340878859162331 6.013041839003562 53.223880954086781 12.018498182296751 38.098677173256874 173.08949802070856 9.3034167289733869
leaf_count=1199 24 30 196 20 228 49 139 621 35
internal_value=0 0.00927145 -0.00032901 -0.00500804 -0.00752491 0.000585596 0.0104868 -0.000438575 0.0186308
internal_weight=624.665 23.039 601.626 106.578 100.565 495.048 50.1172 444.931 17.1623
internal_count=2541 89 2452 444 424 2008 188 1820 59
is_linear=0
shrinkage=0.05


Tree=440
num_leaves=14
num_cat=0
split_feature=72 76 17 9 16 3 117 35 35 106 2 30 82
split_gain=1.06043 3.02319 2.94364 2.69858 2.54483 3.49263 1.98574 4.82751 3.7929 1.64567 1.8066 1.36866 0.677467
threshold=1.9500000000000002 0.89444444444444449 1.6163387000000002 1.6270440000000004 1.1975640000000003 0.90660716666666674 51.25 0.95000000000000007 0.95000000000000007 2.7250000000000005 1.2692075 1.1279212000000003 -0.1102615
decision_type=2 2 2 2 2 2 2 2 2 2 2 2 2
left_child=1 9 4 -4 11 -6 7 -3 -8 10 -1 -2 -5
right_child=2 6 3 12 5 -7 8 -9 -10 -11 -12 -13 -14
leaf_value=0 -0.0037764736838773686 0.032468467231289072 -0.0071411560520289316 0 0.002421349931613422 -0.019917002665497459 -0.0086870877326867459 0 0.0016294858067411246 0 0.041363257662453093 0.019867267640444383 0.028368166429217676
leaf_weight=7.0118809193372753 8.6634296327829379 14.818936973810194 11.53260023891926 6.8434776961803481 20.050457797944546 53.278898280113935 117.14257528446615 36.034544117748737 347.41855422221124 10.092859070748089 8.7835760116577131 9.0575060695409757 11.440697103738781
leaf_count=24 28 50 39 25 81 186 515 122 1330 38 27 32 44
internal_value=0 0.00100893 -0.00415018 0.00846974 -0.0088732 -0.0131859 5.85201e-05 0.00942642 -0.00087759 0.0173653 0.0269763 0.0060532 0.0207687
internal_weight=662.17 541.303 120.867 29.8168 91.0503 73.3294 515.415 50.8535 464.561 25.8883 15.7955 17.7209 18.2842
internal_count=2541 2106 435 108 327 267 2017 172 1845 89 51 60 69
is_linear=0
shrinkage=0.05


Tree=441
num_leaves=9
num_cat=0
split_feature=107 34 128 32 24 111 117 115
split_gain=1.03482 1.37683 3.19862 1.86746 3.4255 3.11176 1.63205 1.34131
threshold=1.0000000180025095e-35 3.8166666666666669 0.82229619432703704 12.450000000000001 0.87556180000000017 1.059214809996109 77.950000000000003 1.818240438540748
decision_type=2 2 2 2 2 2 2 2
left_child=7 2 6 4 -3 -5 -2 -1
right_child=1 3 -4 5 -6 -7 -8 -9
leaf_value=0.018254816210191885 -0.0085396998268444501 0.028497861301661404 -0.031499642970554263 -0.0034366200633818896 0.0020718130103959619 0.0081210291687521877 0.013679810387904221 -0.0026032390363270306
leaf_weight=16.259492084383968 23.355242423713207 12.757000707089899 10.66033950820565 388.82594154030085 193.90978065878153 65.750045988708735 11.311786264181135 7.040840469300746
leaf_count=57 95 58 50 1314 669 232 39 27
internal_value=-1.97933e-05 -0.000436145 -0.00878228 7.28693e-05 0.00407317 -0.00164101 0 0.0100466
internal_weight=729.87 706.57 45.3274 661.243 206.667 454.576 34.667 23.3003
internal_count=2541 2457 184 2273 727 1546 134 84
is_linear=0
shrinkage=0.05


Tree=442
num_leaves=13
num_cat=0
split_feature=82 82 58 31 128 35 89 124 84 99 81 89
split_gain=0.844011 2.22037 3.04526 2.69526 2.37077 2.28013 1.93431 2.7045 1.95909 2.14058 1.67735 1.53485
threshold=0.30268200000000012 0.48901400000000023 1.5500000000000003 1.2017115000000003 0.84208930672183457 1.3875000000000002 0.36514024999999989 0.54871644903966132 -3.8333333333333326 0.10555555555555557 -0.12938966666666682 0.066350500000000104
decision_type=2 2 2 2 2 2 2 2 2 2 2 2
left_child=6 2 11 5 -5 -3 8 -8 -1 -10 -4 -2
right_child=1 3 10 4 -6 -7 7 -9 9 -11 -12 -13
leaf_value=0.024611502419162191 0 -0.0070492302237059271 -0.01346907048589392 -0.010841371695952728 0.012140125764014733 0.019975319224688346 -0.0030159184650159748 0.026417782379796324 -0.0091422547368322522 0.0010513128584354961 0.010569891993447152 -0.033729655194660146
leaf_weight=7.0847439095377913 7.9798552412539747 7.1655338127166024 12.185829456895592 45.605748400092125 12.144762471318243 25.592843733727932 9.0373574402183312 16.203543968498707 57.968709602952003 392.81351747736335 15.122676637023686 15.289446596056221
leaf_count=26 38 36 58 200 48 98 38 54 228 1583 59 75
internal_value=0 -0.00335311 -0.0117179 0.000851815 -0.005033 0.0125492 0.0010289 0.0142605 0.000161031 -0.000166199 0 -0.024607
internal_weight=624.195 141.087 50.5778 90.5089 57.7505 32.7584 483.108 25.2409 457.867 450.782 27.3085 23.2693
internal_count=2541 612 230 382 248 134 1929 92 1837 1811 117 113
is_linear=0
shrinkage=0.05


Tree=443
num_leaves=14
num_cat=0
split_feature=102 100 72 108 114 89 88 112 89 26 95 112 101
split_gain=1.04143 2.06391 3.09307 2.31441 2.39048 2.26259 1.71814 3.62022 3.56615 3.13791 2.85004 3.40354 2.47676
threshold=3.5000000000000004 1.0000000180025095e-35 1.4142857142857144 0.38140678025399721 2.2109196702299898 -0.3332039 0.16616740000000033 0.51096079293393559 -0.065665999999999877 4.9000000000000012 -0.063331809999999975 0.52872082242582907 3.1909090909090914
decision_type=2 2 2 2 2 2 2 2 2 2 2 2 2
left_child=1 2 -1 5 -5 -3 10 9 -9 -8 12 -12 -2
right_child=6 3 -4 4 -6 -7 7 8 -10 -11 11 -13 -14
leaf_value=0.026356343440317887 -7.1297508903669441e-05 -0.025114437968672215 -0.0084150271458886244 -0.027756563891489588 0.0019513211251635837 0.0049849486994869253 -0.006870160241668713 0.024605598703455207 0.00062150653595427941 0.014031413769123653 -0.0018059136485752067 -0.021435700655008008 0.01189539092831946
leaf_weight=10.43824188411236 238.94974938593805 6.7989347130060187 10.768812045454977 22.444438356906179 5.1739727221429339 28.675439789891243 67.076035257428885 35.868405546993017 34.593870282173157 22.903306987136602 97.346340116113424 30.694090772420168 49.783697463572025
leaf_count=43 881 22 42 116 34 92 271 128 142 77 372 130 191
internal_value=0 -0.00509016 0.00686428 -0.00993286 -0.0205703 0 0.000824933 0.00524645 0.0137036 -0.000904558 -0.000765979 -0.00702873 0.00185337
internal_weight=661.515 84.2998 21.2071 63.0928 27.6184 35.4744 577.215 160.442 70.4623 89.9793 416.774 128.04 288.733
internal_count=2541 349 85 264 150 114 2192 618 270 348 1574 502 1072
is_linear=0
shrinkage=0.05


Tree=444
num_leaves=9
num_cat=0
split_feature=25 25 9 23 90 100 89 95
split_gain=1.00014 1.3043 2.90322 2.17419 1.48831 2.9763 1.49822 0.875123
threshold=18.900000000000002 16.450000000000003 1.6827750000000001 2.4362637000000005 -1.3333333333333333 0.24038461538461542 0.2147646 -0.02340900000000001
decision_type=2 2 2 2 2 2 2 2
left_child=1 4 -3 -4 5 -1 -6 -2
right_child=7 2 3 -5 6 -7 -8 -9
leaf_value=-0.020039080553858744 -0.027659481388782284 0.037554055978423706 -0.008823604196934216 0.023766383565073195 -0.00092088009282482216 0.0039494825530794727 0.0047337890566341145 0
leaf_weight=25.937358245253563 5.107728149741888 6.4458008408546474 15.528100524097683 6.3448336496949187 495.95561081916094 18.9129538834095 150.34571165964007 4.9195110313594324
leaf_count=133 28 21 66 25 1654 78 514 22
internal_value=-1.30638e-05 0.000147113 0.0105169 0 -0.000220113 -0.00896731 0.000322573 -0.0150114
internal_weight=729.498 719.47 28.3187 21.8729 691.152 44.8503 646.301 10.0272
internal_count=2541 2491 112 91 2379 211 2168 50
is_linear=0
shrinkage=0.05


Tree=445
num_leaves=9
num_cat=0
split_feature=96 89 54 127 82 94 99 100
split_gain=0.852 1.53101 3.39749 2.55797 1.60361 3.37557 2.14236 0.75581
threshold=0.68129935000000008 0.56584630000000014 1.1000000000000003 0.34134886493679589 0.29574116666666672 -0.39439929999999995 0.67948717948717963 0.21111111111111114
decision_type=2 2 2 2 2 2 2 2
left_child=1 4 7 -4 6 -6 -1 -3
right_child=-2 2 3 -5 5 -7 -8 -9
leaf_value=0.0019056745233727913 -0.013533770190731717 0.006414995590659868 0.0092546810328464485 -0.022807674148041437 -0.020305779105384291 0 -0.010417337147819365 0.04030629027031999
leaf_weight=435.90599126555026 10.367124564945696 7.996950834989546 16.462772015482191 8.4189735502004606 28.541917242109776 71.869233032688498 36.691542863845825 7.5153954215347767
leaf_count=1710 45 33 65 38 126 320 179 25
internal_value=0 0.000279405 0.0096083 -0.000124122 -0.000306719 -0.00607443 0.000823389 0.0273092
internal_weight=623.77 613.403 40.3941 24.8817 573.009 100.411 472.598 15.5123
internal_count=2541 2496 161 103 2335 446 1889 58
is_linear=0
shrinkage=0.05


Tree=446
num_leaves=11
num_cat=0
split_feature=75 3 110 74 12 110 45 108 36 89
split_gain=1.03482 2.26757 1.58314 2.59465 2.98655 2.15182 3.96904 2.68878 1.12358 2.04656
threshold=0.61250000000000016 1.580899166666667 0.17203992484984981 0.41428571428571431 4.166666666666667 0.18900859967277184 1.1666666666666667 0.54938288775052524 1.8944444444444446 -0.25235200000000002
decision_type=2 2 2 2 2 2 2 2 2 2
left_child=1 8 3 4 -2 6 -4 -7 9 -1
right_child=2 -3 5 -5 -6 7 -8 -9 -10 -11
leaf_value=0 -0.019347929205609748 -0.0076267594926396265 -0.0096603270470168468 0.014634858589772821 0.0010312131535675059 0.0005660178942774631 0.033530638776985346 -0.017784514749262896 0 0.041895794954217851
leaf_weight=7.9815462864935425 41.0358198704198 9.6622393578290922 5.9260654896497753 8.9558283872902376 23.606719413772225 517.83729527890682 12.133050099015234 19.730701260268688 6.2451483123004428 7.8117246925830868
leaf_count=32 315 39 26 40 158 1722 52 99 33 25
internal_value=0 0.00873095 -0.000386833 -0.00726865 -0.0112417 0.000446326 0.016971 -4.64459e-05 0.0180927 0.0248263
internal_weight=660.926 31.7007 629.225 73.5984 64.6425 555.627 18.0591 537.568 22.0384 15.7933
internal_count=2541 129 2412 513 473 1899 78 1821 90 57
is_linear=0
shrinkage=0.05


Tree=447
num_leaves=10
num_cat=0
split_feature=83 89 126 125 92 80 87 22 91
split_gain=0.997866 1.50008 1.33895 3.01841 3.26782 2.82898 2.76749 3.4492 2.92828
threshold=2.1666666666666674 -0.25235200000000002 0.25601165702606632 0.45222823925294059 0.10000000000000005 -0.48476833333333341 -0.67192759999999985 1.3666666666666669 -1.0999999999999994
decision_type=2 2 2 2 2 2 2 2 2
left_child=2 -2 6 5 -5 -4 8 -8 -1
right_child=1 -3 3 4 -6 -7 7 -9 -10
leaf_value=-0.016319270647180029 0 0.028445871238687456 -0.0085215451954178383 0.02010310153133478 0 0.0026884829909341167 0.0018660735184321026 -0.0086373874362691231 0.011477460721106288
leaf_weight=9.1992873810231668 6.3845821097493172 6.6124710738658887 79.428787566721439 40.568969130516052 37.391738921403885 180.82154695317149 118.85639411583543 193.87429909035563 55.606760114431381
leaf_count=41 22 32 265 123 115 609 465 691 178
internal_value=-1.87844e-05 0.0131205 -0.000345109 0.0018541 0.0104544 -0.000560969 -0.00244702 -0.00449285 0.00658385
internal_weight=728.745 12.9971 715.748 338.211 77.9607 260.25 377.537 312.731 64.806
internal_count=2541 54 2487 1112 238 874 1375 1156 219
is_linear=0
shrinkage=0.05


Tree=448
num_leaves=11
num_cat=0
split_feature=112 10 95 38 26 126 74 85 31 89
split_gain=0.84159 2.24398 2.82498 2.35788 2.45842 2.12569 2.05955 1.86275 1.92706 0.0163139
threshold=0.51550480769230778 0.77013330000000002 -0.13461339999999986 1.1467632500000002 4.366666666666668 0.27740771863792146 0.5277777777777779 -1.6249999999999998 1.7068589000000001 0.16753860000000004
decision_type=2 2 2 2 2 2 2 2 2 2
left_child=6 2 -2 5 -5 -3 7 9 -9 -1
right_child=1 3 -4 4 -6 -7 -8 8 -10 -11
leaf_value=-0.028005140346959986 0.041885455652402377 -0.022909273229708673 0 -0.0013483321692171993 0.0090318515391504262 0.0053170640738863899 0.021156187887623971 -0.0031012270147135926 0.0072789717069283097 -0.001137409574960626
leaf_weight=6.4132650420069677 6.8367378711700439 17.348538003861908 6.9225768372416479 134.51642088405788 90.381185133010149 6.1231555938720694 8.3375442363321763 292.09409442357719 49.867388844490051 4.6464077904820442
leaf_count=34 24 77 31 539 344 21 33 1225 191 22
internal_value=0 0.00218252 0.0212842 0.000842697 0.0026234 -0.0135862 -0.00153211 -0.00226744 -0.00142491 -0.0218938
internal_weight=623.487 262.129 13.7593 248.369 224.898 23.4717 361.359 353.021 341.961 11.0597
internal_count=2541 1036 55 981 883 98 1505 1472 1416 56
is_linear=0
shrinkage=0.05


Tree=449
num_leaves=10
num_cat=0
split_feature=96 96 12 123 2 87 38 24 126
split_gain=1.01138 2.41925 2.39482 2.15334 2.47411 1.61809 1.57824 2.69393 2.4423
threshold=0.61371850000000028 0.31937280000000007 4.8333333333333348 0.60759476927417022 1.4346203333333336 -0.38172519999999993 1.5132706000000002 1.0883303000000002 0.1576825088071673
decision_type=2 2 2 2 2 2 2 2 2
left_child=1 6 -2 4 -3 -5 7 -1 -8
right_child=2 3 -4 5 -6 -7 8 -9 -10
leaf_value=-0.0030505510838583056 -0.0075247676252307889 -0.014859120990794623 0.023719961626093654 0 0.010077194015851942 -0.032794013084646016 -0.019602965277795287 0.0073502740379756265 -0.00041838785994819478
leaf_weight=89.472905609756708 6.8777018710970905 18.977429904043674 13.248261518776415 4.8510383591055897 17.449659287929535 13.166653847321866 16.99878572113812 168.69609349220991 310.52943697199225
leaf_count=308 28 67 47 20 68 65 128 597 1213
internal_value=0 -0.000287132 0.0108251 -0.010321 -0.00162787 -0.0242572 0.000576363 0.0035549 -0.0016229
internal_weight=660.268 640.142 20.126 54.4448 36.4271 18.0177 585.697 258.169 327.528
internal_count=2541 2466 75 220 135 85 2246 905 1341
is_linear=0
shrinkage=0.05


Tree=450
num_leaves=9
num_cat=0
split_feature=107 84 42 70 89 12 92 118
split_gain=0.970156 1.33866 1.54178 2.36134 1.5824 1.46845 1.29743 0.566815
threshold=1.0000000180025095e-35 -3.2499999999999996 1.0000000180025095e-35 2.2111111111111117 -0.19177970000000008 4.8333333333333348 -0.29999999999999993 70.700000000000003
decision_type=2 2 2 2 2 2 2 2
left_child=6 5 3 -3 -4 -2 -1 -8
right_child=1 2 4 -5 -6 -7 7 -9
leaf_value=-0.0037865856148357998 -0.02667418361423031 0.015345560805676412 -0.004004027544016373 -0.0099007426902294835 0.0010882027824631888 0 0.00028144022973712271 0.026308928804293322
leaf_weight=6.1799729019403484 9.0365118645131606 34.877737455070019 234.77750243246555 9.1906197778880578 409.49555826932192 7.5986251421272746 8.12242688983679 8.9097485691308957
leaf_count=23 48 117 796 42 1409 45 29 32
internal_value=-1.22965e-05 -0.000417948 0 0.00886807 -0.000693284 -0.0140273 0.00975108 0.0173735
internal_weight=728.189 704.977 688.341 44.0684 644.273 16.6351 23.2121 17.0322
internal_count=2541 2457 2364 159 2205 93 84 61
is_linear=0
shrinkage=0.05


Tree=451
num_leaves=12
num_cat=0
split_feature=90 122 15 63 89 22 17 39 15 98 88
split_gain=0.844023 2.98862 4.47424 3.99922 2.90963 4.19736 3.67089 2.80057 3.03691 4.31922 3.02208
threshold=0.19999999999999987 41.760000000000012 0.55000000000000016 0.77500000000000013 -0.40376386999999986 1.4500000000000002 1.0137284000000002 7.4500000000000011 0.90000000000000013 -0.68333333333333302 -0.30356809999999984
decision_type=2 2 2 2 2 2 2 2 2 2 2
left_child=7 4 -3 -4 5 -2 -6 -1 9 -9 -10
right_child=1 2 3 -5 6 -7 -8 8 10 -11 -12
leaf_value=0.029542249284179409 0.031684591232771842 -0.021534560870104726 -0.008397655806465119 0.020272371197410058 0.0065402486131708433 0 -0.010133458936390042 0.00444735587763854 -0.007430704994304399 -0.021517681019326412 0.0033879947534021862
leaf_weight=5.8937927708029738 13.832495503127573 7.7254410162568083 11.885493353009222 59.216325964778662 44.625001447275281 25.493017785251141 99.463956009596586 20.704515419900417 94.442036584019661 41.75359807908535 198.09585925191641
leaf_count=20 48 38 48 226 209 105 410 81 394 180 782
internal_value=0 0.00218834 0.0103301 0.0147364 -0.0010767 0.0104423 -0.00461543 -0.00153206 -0.00226996 -0.012188 0
internal_weight=623.132 262.242 78.8273 71.1018 183.414 39.3255 144.089 360.89 354.996 62.4581 292.538
internal_count=2541 1084 312 274 772 153 619 1457 1437 261 1176
is_linear=0
shrinkage=0.05


Tree=452
num_leaves=11
num_cat=0
split_feature=82 37 89 61 34 126 114 123 27 31
split_gain=0.996491 1.66588 1.40879 2.47451 3.01958 2.65358 1.94084 2.91419 2.52151 0.559388
threshold=1.0671378333333337 1.4319441000000002 -0.083164099999999977 0.63333333333333341 8.5500000000000025 0.24053129494838973 1.7973241261666149 0.59723014562430132 4.6750000000000007 1.3541630000000002
decision_type=2 2 2 2 2 2 2 2 2 2
left_child=2 -2 3 4 -1 -5 8 -8 -4 -3
right_child=1 9 6 5 -6 -7 7 -9 -10 -11
leaf_value=0.0023222593133755544 0.026382002421975179 -0.011023682224076591 -0.0047007749147527922 0.0060819251489922701 0.029746236349593381 -0.021539158790096897 -0.00152089497417666 -0.022177937455369091 0.0057137415756221815 0.0079175859946297063
leaf_weight=276.64606817625463 8.4738148450851458 6.2087995335459691 138.08947925642133 10.167403168976309 9.9262453727424127 20.576310493052006 56.172727633267641 28.203945672139525 98.127134781330824 7.3340147435665131
leaf_count=1025 30 27 528 39 47 68 225 182 345 25
internal_value=0 0.0102733 -0.000311647 0.00195706 0.00354617 -0.0109255 -0.00271174 -0.0091903 -0.000157837 0
internal_weight=659.926 22.0166 637.909 317.316 286.572 30.7437 320.593 84.3767 236.217 13.5428
internal_count=2541 82 2459 1179 1072 107 1280 407 873 52
is_linear=0
shrinkage=0.05


Tree=453
num_leaves=9
num_cat=0
split_feature=10 36 36 80 13 80 103 41
split_gain=0.995803 2.15202 1.50858 2.31098 1.59266 3.01005 2.30201 0.116574
threshold=0.64857566666666677 1.1458333333333337 0.61250000000000016 0.53341133333333335 3.8333333333333335 1.1780310000000003 6.5000000000000009 5.154761904761906
decision_type=2 2 2 2 2 2 2 2
left_child=1 7 3 -2 5 -4 -6 -1
right_child=2 -3 4 -5 6 -7 -8 -9
leaf_value=0 0.035849431635654017 0.0071647559912409627 -0.0050612699587437035 0 0.0058012760626936326 0.020832852422843065 -0.0012011817750518718 -0.027755025461500271
leaf_weight=3.8549334779381779 6.458896551281212 6.1019383370876303 213.56069923192263 7.2113561779260635 191.40654921159148 10.257286317646502 279.75278558954597 9.0716828331351262
leaf_count=16 25 21 712 30 671 42 971 53
internal_value=-1.05412e-05 -0.011064 0.00023098 0.0161125 -3.2271e-05 -0.00356479 0.0015439 -0.0231556
internal_weight=727.676 19.0286 708.648 13.6703 694.977 223.818 471.159 12.9266
internal_count=2541 90 2451 55 2396 754 1642 69
is_linear=0
shrinkage=0.05


Tree=454
num_leaves=8
num_cat=0
split_feature=14 95 128 117 100 4 40
split_gain=0.840508 1.78605 1.98593 1.8998 2.0733 1.50183 0.525769
threshold=3.2666666666666671 0.60674060000000019 0.82549670345866299 106.15000000000002 0.17424242424242428 11.583333333333334 4.5357142857142865
decision_type=2 2 2 2 2 2 2
left_child=1 3 -3 5 -5 -1 -2
right_child=6 2 -4 4 -6 -7 -8
leaf_value=-0.003613767690174035 -0.023859877701932177 0.024437377296050417 -0.003079409502948504 0.0018571387053351704 -0.023749329065612487 0.0020429786321078443 0
leaf_weight=161.33404105901718 4.9251398053020221 14.721630781888964 6.0313265547156325 8.2476437427103537 16.463506244122982 406.9307049755007 4.0451989024877548
leaf_count=650 35 47 29 39 89 1633 19
internal_value=0 0.000263087 0.0143678 -0.000169731 -0.0135184 0.000345632 -0.0143696
internal_weight=622.699 613.729 20.753 592.976 24.7111 568.265 8.97034
internal_count=2541 2487 76 2411 128 2283 54
is_linear=0
shrinkage=0.05


Tree=455
num_leaves=16
num_cat=0
split_feature=19 24 94 24 16 125 116 102 38 118 51 32 94 17 27
split_gain=1.00162 3.15533 2.91236 2.87912 2.85595 2.72494 2.84075 2.67762 6.82323 5.19664 2.29374 1.98655 1.85124 1.45873 0.265755
threshold=3.4500000000000006 1.8358770000000004 -0.57831450000000018 1.5505827000000003 1.0079118000000002 0.59446277209364007 -0.30211945606466112 6.5000000000000009 1.5132706000000002 75.800000000000011 1.4166666666666667 10.450000000000001 -0.76762499999999989 1.7415417000000004 4.6750000000000007
decision_type=2 2 2 2 2 2 2 2 2 2 2 2 2 2 2
left_child=1 3 5 10 13 6 -2 8 -4 -9 -1 -5 -7 -3 -6
right_child=2 4 7 11 14 12 -8 9 -10 -11 -12 -13 -14 -15 -16
leaf_value=0.0030464164949947662 -0.0032997501451917685 0.013553632148850886 0.0032061687989811179 0 -0.032067543153456335 -0.024219756141480503 0.020286967258201356 -0.0018642100221828888 -0.015824529764925641 0.012832522997777339 -0.014766600919268317 0.024073997302609975 0.007654294915173822 -0.014125328707611308 -0.00707442581595799
leaf_weight=35.964624807238579 12.202335774898527 9.0531760007143038 100.53708919510245 9.6343119293451327 15.619872868061067 7.6628126502037048 49.350671589374542 182.28157744929194 82.196438919752836 85.792758330702782 29.377617597579956 17.977898269891739 5.5886632390320283 8.0216264948248845 8.2930584996938688
leaf_count=116 41 30 369 32 55 44 167 730 398 316 98 59 29 27 30
internal_value=0 -0.00378229 0.00104368 0.000846027 -0.0152396 0.0101382 0.0148338 -0.000373842 -0.00512154 0.00268363 -0.00431044 0.0145201 -0.00767497 0 -0.0260387
internal_weight=659.555 133.942 525.612 92.9545 40.9877 74.8045 61.553 450.808 182.734 268.074 65.3422 27.6122 13.2515 17.0748 23.9129
internal_count=2541 447 2094 305 142 281 208 1813 767 1046 214 91 73 57 85
is_linear=0
shrinkage=0.05


Tree=456
num_leaves=12
num_cat=0
split_feature=75 91 84 72 20 102 20 89 89 108 95
split_gain=0.970544 3.05358 2.69895 1.87095 2.27661 2.23933 1.92051 5.68197 2.79403 1.49403 1.38554
threshold=2.2500000000000004 -1.0999999999999994 -0.33333333333333315 2.1333333333333337 6.4500000000000011 5.5000000000000009 6.9000000000000012 -0.27788619999999992 -0.55284719999999987 0.32916129229679975 0.15964494999999992
decision_type=2 2 2 2 2 2 2 2 2 2 2
left_child=3 9 -3 6 5 -5 8 -8 -1 10 -2
right_child=1 2 -4 4 -6 -7 7 -9 -10 -11 -12
leaf_value=0.0093796220155310632 -0.032037512737445553 0.019531565743488494 -0.010734664027407276 0 -0.003285726999129321 0.031194488431148699 -0.0082938832929239422 0.013112409904764886 -0.0028248781092279308 0 0
leaf_weight=49.846424832940102 15.333873819559818 13.742742195725443 11.93899295479059 6.5922711640596416 10.45249407738447 15.406164266169069 45.050106033682823 84.092743575572968 465.79130753129721 4.5977535545825949 4.2931407466530791
leaf_count=173 98 48 45 29 38 62 142 311 1556 15 24
internal_value=0 -0.00672164 0.00371239 0.000431672 0.0119771 0.0212308 -8.96149e-05 0.00525451 -0.00153242 -0.019474 -0.0253939
internal_weight=727.138 49.9065 25.6817 677.232 32.4509 21.9984 644.781 129.143 515.638 24.2248 19.627
internal_count=2541 230 93 2311 129 91 2182 453 1729 137 122
is_linear=0
shrinkage=0.05


Tree=457
num_leaves=15
num_cat=0
split_feature=20 13 38 101 2 92 101 88 45 96 69 101 115 18
split_gain=0.833539 3.71049 6.0221 3.81732 3.76907 2.40252 2.00936 4.06815 4.00254 4.20692 3.72214 3.44715 2.60046 1.92598
threshold=6.9000000000000012 3.8333333333333335 1.2466699000000003 2.2613636363636371 1.4475455000000002 1.1333333333333335 2.1742424242424243 0.076767700000000008 2.4166666666666674 -0.0679482 1.9500000000000002 2.0384615384615388 1.6057771870547779 15.100000000000001
decision_type=2 2 2 2 2 2 2 2 2 2 2 2 2 2
left_child=6 3 4 -2 -3 -4 7 11 10 -10 -8 -1 -9 -5
right_child=1 2 5 13 -6 -7 8 12 9 -11 -12 -13 -14 -15
leaf_value=0.0089324615491572952 -0.019153269549373672 -0.019606881521191152 -0.022497611271839087 0 0.0234063284904392 0.0011546391976924037 -0.00054465556205267904 -0.019377582491301781 0.034885996242623181 0 -0.019868227373651903 0.044768128359363342 0.0058696127386103861 0.026500175272596752
leaf_weight=52.296757120639086 6.6889727339148513 5.0807654559612301 50.986098246648908 6.8544625192880657 16.853170830756426 8.4991204254329187 353.39924927800894 16.853773541748524 14.614012043923141 16.851689204573631 26.439088359475136 8.4676374047994596 18.769987724721432 19.687881790101528
leaf_count=197 34 21 251 30 66 44 1388 67 56 71 131 28 69 88
internal_value=0 -0.00380441 -0.00982712 0.00934703 0.0108421 -0.0183284 0.000897745 0.00739308 -0.000517393 0.0161669 -0.00206962 0.0153797 -0.00491268 0.0187795
internal_weight=622.343 114.65 81.4192 33.2313 21.9339 59.4852 507.692 96.3882 411.304 31.4657 379.838 60.7644 35.6238 26.5423
internal_count=2541 534 382 152 87 295 2007 361 1646 127 1519 225 136 118
is_linear=0
shrinkage=0.05


Tree=458
num_leaves=15
num_cat=0
split_feature=87 81 81 123 81 99 31 85 111 88 23 74 82 88
split_gain=0.991508 2.67943 2.88657 2.72834 2.62646 5.47098 2.58824 2.37884 3.37188 2.76492 2.371 1.90377 1.82635 0.67791
threshold=0.65539760000000025 -0.076667166666666828 -0.4985766666666665 0.5463958678459423 0.85134316666666665 0.42261904761904767 1.2544626000000001 0.83333333333333359 1.055891114742413 0.47168590000000016 1.9151740000000002 0.41428571428571431 -0.49473900000000004 0.17149919999999999
decision_type=2 2 2 2 2 2 2 2 2 2 2 2 2 2
left_child=4 2 3 -2 7 6 -6 9 -9 -1 11 -3 -4 -12
right_child=1 10 12 -5 5 -7 -8 8 -10 -11 13 -13 -14 -15
leaf_value=0 -0.026268311604111222 -0.026681209190713789 -0.0025378344194603563 0.001840238554998899 -0.021272976563015574 0.041592224416712259 0.01375262042708467 0.023027524637411395 -0.0087253601560654502 -0.01813319542755977 -0.0079360586436095851 0 0.021158583316742405 0.011492444021043175
leaf_weight=470.25982935260981 11.488555043935778 25.975309079512957 7.0795229375362423 18.824001356959343 8.2143006771802956 10.957439273595808 11.164648093283175 24.011032029986382 9.1379373557865602 21.063496135175228 6.5139897763729087 4.4795822501182547 21.528611930087209 8.2487185895442945
leaf_count=1748 49 148 26 85 34 45 35 89 40 82 22 18 89 31
internal_value=0 -0.00440169 0.00191247 -0.00771487 0.000891483 0.0149544 0 0 0.0128111 -0.00083402 -0.0135746 -0.0214289 0.0137182 0
internal_weight=658.947 104.138 58.9207 30.3126 554.809 30.3364 19.3789 524.472 33.149 491.323 45.2176 30.4549 28.6081 14.7627
internal_count=2541 468 249 134 2073 114 69 1959 129 1830 219 166 115 53
is_linear=0
shrinkage=0.05


Tree=459
num_leaves=11
num_cat=0
split_feature=6 16 89 37 112 6 52 10 100 9
split_gain=0.97054 2.78589 2.71848 3.22983 1.95467 1.85822 4.1134 3.23421 1.6506 0.296607
threshold=5.166666666666667 2.3185910000000001 -0.49910249999999984 1.2313364500000001 0.45173688884176494 7.166666666666667 1.8333333333333337 2.2203838333333339 0.19090909090909094 1.2772330000000001
decision_type=2 2 2 2 2 2 2 2 2 2
left_child=1 2 8 -4 -2 7 -7 -6 -1 -3
right_child=4 9 3 -5 5 6 -8 -9 -10 -11
leaf_value=0 0.022282512944240253 0.0023942393721941031 0.0045016009599905902 -0.0065690272227637309 -0.0070827621862839495 0.0076454786904688243 -0.011147792124263497 0.0074952243750816584 0.022211560949826719 0.029101534704155798
leaf_weight=8.5729467570781726 7.033466473221778 6.5448783636093131 131.82780040055513 127.07777273654938 231.3050699532032 103.68297432735562 38.088589917868376 41.488613229244947 21.168929308652878 9.4217761456966382
leaf_count=34 22 24 418 485 807 368 138 140 74 31
internal_value=0 0.00207947 0.000739391 -0.00074415 -0.00161689 -0.00219532 0.00220352 -0.00466373 0.0148843 0.0218873
internal_weight=726.213 304.614 288.647 258.906 421.599 414.565 141.772 272.794 29.7419 15.9667
internal_count=2541 1066 1011 903 1475 1453 506 947 108 55
is_linear=0
shrinkage=0.05


Tree=460
num_leaves=11
num_cat=0
split_feature=6 111 95 113 10 95 26 74 68 65
split_gain=0.826669 2.36493 2.85139 1.46038 2.34881 2.79758 2.38542 1.91989 1.94936 0.697138
threshold=2.8333333333333335 1.0525757364232866 1.0000000180025095e-35 0.48387687675685759 0.77013330000000002 -0.13461339999999986 4.1000000000000005 0.5277777777777779 0.2678571428571429 0.22500000000000003
decision_type=2 2 2 2 2 2 2 2 2 2
left_child=1 9 -3 4 5 -2 -6 8 -5 -1
right_child=3 2 -4 7 6 -7 -8 -9 -10 -11
leaf_value=0.0031415638437767403 0.042906950687767363 -0.020656437669545703 0.011870415298964914 0 -0.0037248648747120854 0 0.0062406819191750153 0.019650235320190054 -0.0081150777988282709 0.032942502960856844
leaf_weight=8.536468483507635 6.6232020780444145 11.139315694570543 13.135255031287668 194.41943262703717 120.50164909474552 6.7569328770041448 113.8385260142386 7.7379033900797358 131.22640598937869 7.7208594530820838
leaf_count=32 22 48 46 825 491 30 440 31 549 27
internal_value=0 0.00684492 -0.00130422 -0.000455507 0.0023411 0.0221268 0.000909719 -0.00268384 -0.00342614 0.0212806
internal_weight=621.636 40.5319 24.2746 581.104 247.72 13.3801 234.34 333.384 325.646 16.2573
internal_count=2541 153 94 2388 983 52 931 1405 1374 59
is_linear=0
shrinkage=0.05


Tree=461
num_leaves=14
num_cat=0
split_feature=106 111 99 122 42 112 85 47 100 29 121 64 22
split_gain=0.985387 2.16716 2.52132 2.2459 1.87095 3.43642 2.48868 2.30802 3.11078 2.06065 1.7915 1.59726 1.12654
threshold=3.4750000000000005 1.0559496315847359 0.32051282051282054 47.270000000000017 2.1666666666666674 0.48516483516483522 -1.0000000180025095e-35 0.41666666666666669 0.22649572649572652 1.0500000000000003 49.600000000000009 2.1000000000000005 1.5500000000000003
decision_type=2 2 2 2 2 2 2 2 2 2 2 2 2
left_child=4 2 12 -3 7 6 -6 9 -9 -1 -7 -4 -2
right_child=1 3 11 -5 5 10 -8 8 -10 -11 -12 -13 -14
leaf_value=0.0051035765038360478 0.010253633598537405 -0.022733634336574614 0.029446205141730804 0.0093683859656061227 0 -0.0065714063255507245 -0.036423283607387676 0 0.024917283580837616 -0.0025855667777097526 0.011600880968338284 0 -0.014345059312750742
leaf_weight=113.33176781609654 7.4271122068166724 9.9538576528430003 18.839630473405126 7.4205929115414611 6.5810600072145489 47.160230939276516 13.707627635449169 34.195519082248211 20.765225693583488 347.2364453971386 17.177666464820504 6.0468254201114169 8.3805782794952375
leaf_count=454 27 44 72 28 27 219 71 133 75 1241 94 28 28
internal_value=0 0.00620413 0.01287 -0.00653808 -0.000561955 -0.00744532 -0.0249857 0.000483409 0.0101246 -0.000578219 -0.000851015 0.0225894 0
internal_weight=658.224 58.0686 40.6941 17.3745 600.156 84.6266 20.2887 515.529 54.9607 460.568 64.3379 24.8865 15.8077
internal_count=2541 227 155 72 2314 411 98 1903 208 1695 313 100 55
is_linear=0
shrinkage=0.05


Tree=462
num_leaves=15
num_cat=0
split_feature=39 24 95 10 87 40 111 101 38 36 3 17 27 45
split_gain=0.971496 2.33813 2.70905 2.56341 1.94714 1.85964 5.16765 3.33172 2.85156 2.47028 2.14818 2.06747 1.72451 1.1149
threshold=8.6125000000000025 1.8561782000000002 -0.16318440000000009 1.4811626666666668 -1.0603913999999999 3.6125000000000003 1.0560217817534541 1.6904761904761907 1.3807278000000001 2.183333333333334 1.1297866666666667 1.4229480000000003 3.7750000000000004 1.1666666666666667
decision_type=2 2 2 2 2 2 2 2 2 2 2 2 2 2
left_child=1 3 13 -1 -4 6 8 11 -2 -8 -9 -7 -5 -3
right_child=5 2 4 12 -6 7 9 10 -10 -11 -12 -13 -14 -15
leaf_value=0 0.01260575853160123 -0.023260283679425842 -0.0030819067684314003 -0.033990209860722168 0.022549235177339685 -0.028556611601280219 0.023064145551906039 0.0045257181590407118 -0.0045052621266578339 0 -0.0027946309747838398 0 -0.00096630312959002963 0
leaf_weight=13.89769473671913 30.162896379828453 8.4869720637798327 6.9556960016489056 15.089807510375978 17.472201369702816 16.219600863754753 43.002975795418024 161.17964732274413 106.92444940283895 15.994878161698578 261.31538633443415 10.494696348905562 9.7193622440099698 8.6345253661274892
leaf_count=49 98 26 21 47 62 55 148 555 349 55 976 39 31 30
internal_value=0 -0.00521185 0.00201757 -0.0140868 0.0134504 0.000585489 0.00468529 -0.0010995 -0.000314265 0.0169472 0 -0.0178936 -0.0235286 -0.011377
internal_weight=725.551 80.2563 41.5494 38.7069 24.4279 645.295 196.085 449.209 137.087 58.9979 422.495 26.7143 24.8092 17.1215
internal_count=2541 266 139 127 83 2275 650 1625 447 203 1531 94 78 56
is_linear=0
shrinkage=0.05


Tree=463
num_leaves=10
num_cat=0
split_feature=21 63 2 5 67 96 83 5 106
split_gain=0.814635 1.25048 1.94075 3.72005 2.86156 1.7927 2.56295 2.29316 0.591576
threshold=0.22500000000000003 1.1000000000000003 1.7329065000000001 6.166666666666667 0.41428571428571431 -0.36105016833333331 0.83333333333333359 4.8333333333333348 2.6583333333333337
decision_type=2 2 2 2 2 2 2 2 2
left_child=8 2 4 -4 -2 6 -3 -7 -1
right_child=1 5 3 -5 -6 7 -8 -9 -10
leaf_value=0 0.0036165492579494345 -0.01790871011021301 0.019356370634946822 -0.0034025844276099511 -0.014545597466415514 0.0032373576495842386 0.0079795464120295014 -0.0048078269990632725 -0.02172391324509074
leaf_weight=5.1929750517010671 110.82993211597204 32.763450980186462 42.82251987978816 24.473638560622931 25.899456702172756 213.61518276110291 9.5987822413444501 149.70762990042567 6.3431910201907158
leaf_count=24 399 145 155 118 106 843 38 680 33
internal_value=0 0.000286326 0.00353487 0.0104189 0 -0.00122915 -0.0108409 0 -0.0125882
internal_weight=621.247 609.711 204.026 67.2962 136.729 405.685 42.3622 363.323 11.5362
internal_count=2541 2484 778 273 505 1706 183 1523 57
is_linear=0
shrinkage=0.05


Tree=464
num_leaves=12
num_cat=0
split_feature=75 3 100 110 27 56 92 98 123 85 112
split_gain=0.989954 2.13262 2.40819 1.47335 3.48024 4.58461 3.41958 1.90271 3.80644 2.61286 0.794022
threshold=0.61250000000000016 1.580899166666667 0.19090909090909094 0.22482473162029359 3.7750000000000004 0.29166666666666669 0.59999999999999998 0.10000000000000016 0.6397043752561401 -1.5499999999999996 0.49936386768447838
decision_type=2 2 2 2 2 2 2 2 2 2 2
left_child=1 2 -1 4 6 -6 -2 9 -9 -5 -4
right_child=3 -3 10 7 5 -7 -8 8 -10 -11 -12
leaf_value=-0.0013239424278497197 0.013356335495593733 -0.0072971751750855775 0.042348166014292615 0.016708824963293133 -0.0022147293245624042 -0.02790989348918101 -0.021847854178464958 0.0099810600848528712 -0.0184666071299724 -0.0018699897943501159 0.0075541718509265932
leaf_weight=6.5319401398301187 34.118930259719491 9.5728479549288732 7.1436577439308158 18.66770014166832 59.104454588145018 27.132941147312522 6.8463464975357047 100.31548262387514 11.321955613791941 368.90163970738649 8.3143666200339776
leaf_count=33 179 39 24 59 353 170 62 342 43 1204 33
internal_value=0 0.00854065 0.0176277 -0.000398568 -0.00523131 -0.0110996 0.00590094 0.0007409 0.00651374 -0.000805746 0.0282677
internal_weight=657.972 31.5628 21.99 626.409 127.203 86.2374 40.9653 499.207 111.637 387.569 15.458
internal_count=2541 129 90 2412 764 523 241 1648 385 1263 57
is_linear=0
shrinkage=0.05


Tree=465
num_leaves=15
num_cat=0
split_feature=126 125 92 8 80 2 24 80 87 3 87 91 94 46
split_gain=0.946835 2.65857 3.80675 2.80782 2.70088 4.01346 3.89057 2.58766 2.49182 3.20635 3.00154 2.84319 4.58327 2.5475
threshold=0.25601165702606632 0.45222823925294059 0.10000000000000005 2.4166666666666674 -0.48476833333333341 1.2890038333333336 2.1192360000000003 -0.26976983333333315 -0.67192759999999985 1.1297866666666667 0.22828999999999991 -1.0999999999999994 -0.87561255000000005 1.8333333333333337
decision_type=2 2 2 2 2 2 2 2 2 2 2 2 2 2
left_child=8 4 3 -3 5 -2 -6 -4 11 10 -10 -1 -13 -11
right_child=1 2 7 -5 6 -7 -8 -9 9 13 -12 12 -14 -15
leaf_value=-0.015850042652132801 0 0.026490896046827528 0.022108543855270165 -0.00076246317465518767 0.00038402458769481643 -0.024262775127239209 0.0287752767309804 -0.008331840357260558 -0.0070696447137763132 -0.012012077228974976 0.0079271903222878828 -0.0033928297300139763 0.023667285030556567 0
leaf_weight=9.0918046273291093 53.940408140420914 33.630205035209656 7.796612635254859 8.1882906407117826 168.71875952929258 25.259812206029892 12.374751731753348 30.355070769786835 51.571420852094889 125.55316108092666 84.012398235499859 23.641791582107544 32.606277637183666 57.890052173286676
leaf_count=41 183 103 24 25 573 83 39 94 184 451 316 75 106 244
internal_value=0 0.00185792 0.00980132 0.0200936 -0.000419351 -0.00822457 0.00274605 -0.00042821 -0.00175659 -0.00368325 0.00184684 0.00681051 0.0115596 -0.00802951
internal_weight=724.631 340.264 79.9702 41.8185 260.294 79.2002 181.094 38.1517 384.367 319.027 135.584 65.3399 56.2481 183.443
internal_count=2541 1124 246 128 878 266 612 118 1417 1195 500 222 181 695
is_linear=0
shrinkage=0.05


Tree=466
num_leaves=7
num_cat=0
split_feature=45 28 123 11 23 91
split_gain=0.811897 1.22911 1.08346 3.13527 2.35533 0.968695
threshold=1.0000000180025095e-35 0.5277777777777779 0.49400895854651777 9.4166666666666696 1.0929227500000003 -1.3666666666666663
decision_type=2 2 2 2 2 2
left_child=5 -2 3 -3 -4 -1
right_child=1 2 4 -5 -6 -7
leaf_value=0 0.016547813638000092 0.014462005053094596 -0.0068981953042070929 -0.00076810585355216953 0.00095682361064904303 -0.023351435847564189
leaf_weight=6.0203710123896599 10.424145601689814 45.87716405838728 130.92280623875558 101.81195822358131 318.59305423498154 7.0617489218711835
leaf_count=29 40 166 583 379 1306 38
internal_value=0 0.000301952 0 0.00369205 -0.00123022 -0.0118404
internal_weight=620.711 607.629 597.205 147.689 449.516 13.0821
internal_count=2541 2474 2434 545 1889 67
is_linear=0
shrinkage=0.05


Tree=467
num_leaves=10
num_cat=0
split_feature=96 121 96 124 38 36 13 58 36
split_gain=0.938724 2.31447 2.30041 2.20038 1.4586 2.50853 2.42841 1.06629 0.886846
threshold=0.61371850000000028 37.775000000000006 0.31937280000000007 0.53548945028282924 1.5132706000000002 1.3875000000000002 5.166666666666667 1.6333333333333335 1.9500000000000002
decision_type=2 2 2 2 2 2 2 2 2
left_child=2 -2 4 7 5 -1 -6 -4 -5
right_child=1 -3 3 8 6 -7 -8 -9 -10
leaf_value=0 0.030788211268864631 0 -0.0059032544418349828 -0.023999191412601154 0.0010197107997699122 0.010946184692795216 -0.0082859062694413451 0.015473922215305986 -0.00034573886334447859
leaf_weight=180.97708727046847 7.5180787816643742 12.488581784069536 13.617646437138321 22.191136613488197 230.17535537295043 76.37603122740984 95.802217174321413 8.0074194669723493 10.257197409868239
leaf_count=635 26 49 59 88 962 270 379 26 47
internal_value=0 0.0104369 -0.000302929 -0.0101205 0.000537334 0.00340752 -0.0015792 0.000136504 -0.0182509
internal_weight=657.411 20.0067 637.404 54.0734 583.331 257.353 325.978 21.6251 32.4483
internal_count=2541 75 2466 220 2246 905 1341 85 135
is_linear=0
shrinkage=0.05


Tree=468
num_leaves=13
num_cat=0
split_feature=6 80 4 48 16 111 10 114 114 122 39 9
split_gain=0.969257 2.74337 2.17022 2.31246 2.19064 1.96248 1.93287 3.33585 2.37058 1.61125 2.11305 0.691074
threshold=5.166666666666667 0.41106616666666668 14.16666666666667 1.1666666666666667 1.9666431000000002 1.0655454422641377 1.5187381666666671 1.3333014098485532 1.6057771870547779 28.799999999999997 12.725000000000001 1.1095668333333335
decision_type=2 2 2 2 2 2 2 2 2 2 2 2
left_child=1 2 3 -1 -4 6 8 -8 -2 -3 -11 -7
right_child=5 9 4 -5 -6 11 7 -9 -10 10 -12 -13
leaf_value=0.0069767148384825093 0.0012979663985490731 -0.0061348585188109751 -0.021273843690582151 -0.0033655310187839177 0.0035005936075823553 0 -0.0085831787148094012 0.0054085324789381059 -0.0099629918025410883 0.023532965082520004 0.0019010777223090064 -0.028572165001731306
leaf_weight=102.00726944953203 74.009288195520639 7.1819526255130759 21.834299854934219 106.4629277549684 9.2535736784338933 5.6114787757396689 52.93577716499567 179.97880873456597 99.608493443578482 29.841713279485703 26.893255636096001 8.1226761154830438
leaf_count=333 256 23 70 402 32 20 173 621 372 102 104 33
internal_value=0 0.00208796 -0.000178324 0.00146552 -0.012462 -0.00161279 -0.000832112 0.00199171 -0.00489642 0.011224 0.0143557 -0.0197028
internal_weight=723.742 303.475 239.558 208.47 31.0879 420.267 406.532 232.915 173.618 63.9169 56.735 13.7342
internal_count=2541 1066 837 735 102 1475 1422 794 628 229 206 53
is_linear=0
shrinkage=0.05


Tree=469
num_leaves=9
num_cat=0
split_feature=69 33 80 115 24 32 51 109
split_gain=0.804207 1.06212 2.22347 3.11911 3.00733 1.78859 2.94396 1.8379
threshold=0.45000000000000007 3.4722222222222228 -0.57594499999999971 1.7435624538063561 1.9562928000000004 11.612500000000002 0.58333333333333337 0.2645830198104151
decision_type=2 2 2 2 2 2 2 2
left_child=-1 2 4 -4 -2 6 -3 -7
right_child=1 5 3 -5 -6 7 -8 -9
leaf_value=-0.016566515908918559 -0.017000214798222144 0.013154848296607622 0.0010096228706868789 0.033162723309372651 0.010859310397075278 -0.0013474200853412191 -0.010848499878192286 0.0053917369416490966
leaf_weight=6.2151997461915007 17.793828874826431 12.625979878008364 23.503613390028477 13.351781666278837 17.715564727783203 304.2681737113744 78.36060057580471 146.47386063635349
leaf_count=31 77 44 84 46 65 1348 325 521
internal_value=0 0.000221987 0.0059214 0.014547 -0.0018149 -0.000456729 -0.00686726 0.000738952
internal_weight=620.309 614.093 72.3648 36.8554 35.5094 541.729 90.9866 450.742
internal_count=2541 2510 272 130 142 2238 369 1869
is_linear=0
shrinkage=0.05


Tree=470
num_leaves=10
num_cat=0
split_feature=76 41 55 98 23 4 41 54 55
split_gain=0.942547 1.48338 2.85886 2.79711 1.32587 3.02318 2.79698 1.27156 1.84884
threshold=0.63333333333333341 6.6500000000000012 0.36666666666666675 -0.33333333333333331 1.5818569000000002 10.833333333333334 6.1055555555555561 0.90000000000000013 0.55000000000000016
decision_type=2 2 2 2 2 2 2 2 2
left_child=7 4 -3 -4 6 -6 -2 -1 -9
right_child=1 2 3 -5 5 -7 -8 8 -10
leaf_value=-0.0032186333159038068 -0.0021792602565761658 0.0056759004145841398 -0.032640325313043221 0 0.017061391896713161 0 0.016407276752021676 0.026270987357854304 0
leaf_weight=8.8376273363828677 414.91193585842848 13.117059506475924 15.401133418083189 8.2680464461445826 34.315290078520775 120.23976866062731 19.886783771216869 13.435084253549578 8.4591530337929708
leaf_count=31 1701 48 49 31 108 427 64 49 33
internal_value=0 -0.00038481 -0.010013 -0.020612 0.000147412 0.00418315 -0.00117872 0.00844584 0.0152731
internal_weight=656.872 626.14 36.7862 23.6692 589.354 154.555 434.799 30.7319 21.8942
internal_count=2541 2428 128 80 2300 535 1765 113 82
is_linear=0
shrinkage=0.05


Tree=471
num_leaves=14
num_cat=0
split_feature=121 23 113 52 93 93 118 8 25 82 70 126 98
split_gain=0.95536 2.3164 3.3864 4.28676 2.71377 2.43079 2.36697 2.12551 4.43937 2.76435 2.7342 2.07877 2.54502
threshold=39.975000000000001 1.3399288000000003 0.47814678959717133 0.83333333333333337 -1.0785714285714283 0.099999999999999936 74.550000000000026 1.8333333333333337 11.675000000000002 -0.66129766666666667 1.9500000000000002 0.30449795510536609 -0.89999999999999991
decision_type=2 2 2 2 2 2 2 2 2 2 2 2 2
left_child=1 4 5 -4 -1 -3 -6 11 10 -10 -9 12 -2
right_child=7 2 3 -5 6 -7 -8 8 9 -11 -12 -13 -14
leaf_value=0.018352096749265977 -0.0065704740731823323 -0.018255676546564428 -0.0040565248762575133 0.020152123004623334 0 0.0045339342578125516 -0.013197589992995288 0.0035585683777671732 7.5831172083337176e-05 -0.025888013244010844 -0.018699303525996993 -0.023498498992697823 0.004308979157855765
leaf_weight=13.784986704587935 67.746132796630263 16.394360259175301 21.078164074569941 61.044778440147638 104.93201703950763 29.675259329378605 45.619119890034199 76.127332456409931 9.0866411328315717 35.170804243534803 15.755557373166083 7.3982277810573569 219.27212998643517
leaf_count=44 312 65 87 211 350 116 151 255 31 123 57 24 715
internal_value=0 0.0021323 0.00721642 0.013363 -0.00155087 -0.00272928 -0.00381225 -0.00156265 -0.00674112 -0.0195686 0 0.000677374 0.00155356
internal_weight=723.086 292.529 128.193 82.1229 164.336 46.0696 150.551 430.557 136.14 44.2574 91.8829 294.416 287.018
internal_count=2541 1024 479 298 545 181 501 1517 466 154 312 1051 1027
is_linear=0
shrinkage=0.05


Tree=472
num_leaves=14
num_cat=0
split_feature=88 27 25 7 64 123 81 57 100 118 127 41 112
split_gain=0.810434 2.78703 2.04319 1.91838 2.09483 1.83046 1.34072 4.84452 1.73767 3.15303 2.11301 1.64215 1.01466
threshold=-0.5871698999999998 4.2666666666666675 10.900000000000002 2.1666666666666674 1.1000000000000003 0.50337179199829307 -0.74917983333333316 1.1000000000000003 0.080128205128205135 73.750000000000014 0.44415385819141107 4.0500000000000007 0.49552750048933258
decision_type=2 2 2 2 2 2 2 2 2 2 2 2 2
left_child=1 2 5 4 -3 -1 7 11 9 -8 -10 -2 -9
right_child=6 3 -4 -5 -6 -7 8 12 10 -11 -12 -13 -14
leaf_value=0.012799005956155929 0.0034825020266082787 0.021201933953414364 -0.034265267237071649 -0.017535299427026734 0 -0.016141882094715284 0.00021264000357216372 0 0.0037744987710235413 -0.017380314708862182 -0.0042967066554092451 -0.025659359957807101 0.034865460637758271
leaf_weight=6.7149592787027421 5.6599448025226611 15.218763664364813 10.422200923785566 8.3794923946261388 27.796488530933857 12.696299979463218 64.052351225167513 5.3456771820783642 302.04784565232694 36.170400109142065 105.20152634754777 7.1363004148006439 12.951889678835867
leaf_count=25 24 55 47 41 113 59 287 21 1173 170 446 31 49
internal_value=0 -0.00459146 -0.0166613 0.00164477 0.00683058 -0.00354413 0.00073639 0.0106561 1.0495e-05 -0.00575168 0.00156164 -0.00982724 0.0273389
internal_weight=619.794 81.2282 29.8335 51.3947 43.0153 19.4113 538.566 31.0938 507.472 100.223 407.249 12.7962 18.2976
internal_count=2541 340 131 209 168 84 2201 125 2076 457 1619 55 70
is_linear=0
shrinkage=0.05


Tree=473
num_leaves=16
num_cat=0
split_feature=19 24 94 87 102 16 24 125 116 37 111 32 94 4 3
split_gain=0.937291 2.95203 2.70022 2.87309 2.82204 2.66611 2.63583 2.45724 2.61573 2.4131 2.38531 1.84359 1.7446 1.35108 0.425435
threshold=3.4500000000000006 1.8358770000000004 -0.57831450000000018 -0.6474899999999999 6.5000000000000009 1.0079118000000002 1.5505827000000003 0.59446277209364007 -0.30211945606466112 1.4757385500000002 1.0512894964114479 10.450000000000001 -0.76762499999999989 8.8333333333333339 1.2681168333333337
decision_type=2 2 2 2 2 2 2 2 2 2 2 2 2 2 2
left_child=1 6 7 9 -5 13 10 8 -2 -4 -1 -8 -9 -3 -7
right_child=2 5 3 4 -6 14 11 12 -10 -11 -12 -13 -14 -15 -16
leaf_value=-0.019707070206463742 -0.0030970906169653137 -0.013721153511014937 -0.026395935440363311 -0.0043410775849263917 0.0039583337322359304 -0.0015779910549195402 0 -0.023616278576293899 0.019450132776983153 0.00068735860114089965 0.0007099285914289455 0.023093483510801285 0.0074661903625750821 0.012945214684403801 -0.029946889830106911
leaf_weight=17.219613239169121 12.145780265331267 8.0006923526525515 17.873116640374068 167.78356303367764 254.03904616646469 5.80228974670172 9.6126482039690035 7.454398337751627 49.352757461369038 8.5144457966089231 47.941043958067894 17.970723770558834 5.578206002712248 9.0438918918371183 17.795736007392406
leaf_count=54 41 27 73 717 996 23 32 44 167 27 160 59 29 30 62
internal_value=0 -0.00368045 0.000999158 -0.000366881 0.000536459 -0.0148187 0.000773206 0.00977222 0.0142188 -0.0161253 -0.00414613 0.013882 -0.00716526 0 -0.0253519
internal_weight=656.128 133.387 522.741 448.21 421.823 40.6426 92.744 74.5311 61.4985 26.3876 65.1607 27.5834 13.0326 17.0446 23.598
internal_count=2541 447 2094 1813 1713 142 305 281 208 100 214 91 73 57 85
is_linear=0
shrinkage=0.05


Tree=474
num_leaves=13
num_cat=0
split_feature=39 123 118 25 14 40 101 2 24 124 80 106
split_gain=0.941294 2.59854 1.92234 2.48432 1.80949 1.71527 3.09768 2.52909 2.33014 2.14275 1.96503 1.77489
threshold=8.6125000000000025 0.50337179199829307 74.550000000000026 9.1000000000000014 1.3666666666666669 3.6125000000000003 1.6904761904761907 0.9298160000000002 1.8831031000000003 0.59464101429321636 0.018211000000000203 3.4750000000000005
decision_type=2 2 2 2 2 2 2 2 2 2 2 2
left_child=1 4 3 -3 -1 7 9 8 -2 -7 -9 -8
right_child=5 2 -4 -5 -6 6 11 10 -10 -11 -12 -13
leaf_value=-0.031883193760825115 0.031422398679075508 0 -0.015544493874653821 0.030713658460868837 0 -0.026640950022588761 0.0010665161514820721 -0.0023963731777970326 0 0 0.008085201060847402 -0.010100829766572034
leaf_weight=11.937924638390543 14.681078165769579 38.481827616691589 13.562481366097925 6.9483513012528411 8.7819381058216077 18.130600750446323 382.5954729039222 94.703440953046083 9.5007034540176374 8.3472204953432065 76.419948287308216 38.214287988841534
leaf_count=37 47 131 43 27 28 65 1390 307 31 29 265 141
internal_value=0 -0.00513931 0 0.00526511 -0.0199311 0.000586546 -0.00103118 0.00453255 0.0195836 -0.0172969 0.00201376 0
internal_weight=722.305 79.7125 58.9927 45.4302 20.7199 642.593 447.288 195.305 24.1818 26.4778 171.123 420.81
internal_count=2541 266 201 158 65 2275 1625 650 78 94 572 1531
is_linear=0
shrinkage=0.05


Tree=475
num_leaves=10
num_cat=0
split_feature=84 22 99 47 60 112 95 97 111
split_gain=0.784731 3.69316 3.22315 2.19591 1.79936 1.70997 1.69148 3.3948 2.24648
threshold=1.8333333333333339 1.1000000000000003 0.59166666666666679 0.41666666666666669 1.0000000180025095e-35 0.49483173076923082 -0.36402680000000004 -1.0499999999999996 1.0527819988337892
decision_type=2 2 2 2 2 2 2 2 2
left_child=4 -2 3 -3 -1 -4 7 -6 -8
right_child=1 2 5 -5 6 -7 8 -9 -10
leaf_value=0.021782978686221172 0.032398304799480068 0.014195803099799217 0 -0.0060149481050174956 0.014655463346560305 -0.031239424334211598 0.0043513054130345273 -0.010412255186432311 -0.0028846032744954302
leaf_weight=7.6170008331537238 9.4617133624851686 33.320110213011503 4.9289772137999526 17.199019778519869 13.387893252074717 9.5009916685521585 191.05006007105112 93.349187538027763 239.32874337024987
leaf_count=25 36 137 27 77 53 64 737 385 1000
internal_value=0 0.00481487 0 0.00636143 -0.000625594 -0.019675 -0.00107618 -0.00669711 0.000214233
internal_weight=619.144 74.4108 64.9491 50.5191 544.733 14.43 537.116 106.737 430.379
internal_count=2541 341 305 214 2200 91 2175 438 1737
is_linear=0
shrinkage=0.05


Tree=476
num_leaves=12
num_cat=0
split_feature=75 103 41 110 27 2 92 98 123 85 112
split_gain=0.938807 2.01508 1.77274 1.31548 3.25592 4.46204 3.20969 1.7881 3.58892 2.3833 0.658549
threshold=0.61250000000000016 4.5000000000000009 4.3166666666666673 0.22482473162029359 3.7750000000000004 2.4210906666666667 0.59999999999999998 0.10000000000000016 0.6397043752561401 -1.5499999999999996 0.49936386768447838
decision_type=2 2 2 2 2 2 2 2 2 2 2
left_child=1 -1 10 4 6 -6 -2 9 -9 -5 -3
right_child=3 2 -4 7 5 -7 -8 8 -10 -11 -12
leaf_value=-0.011788038575877799 0.012911034385620022 0.012241568102587834 0.027792753237536175 0.015913544488903565 -0.017141234412394381 0.0083955141518637349 -0.021437697058114061 0.0096261014901000228 -0.018094708477895231 -0.0018603023701572266 -0.0090120115540009513
leaf_weight=6.2556060329079655 34.242881335318089 6.026598038151862 12.858693718910216 18.563991770148277 65.888127382844687 19.361289737746119 6.6775735653936854 100.39968691021204 11.200180776417254 367.58429674804211 6.3063402622938156
leaf_count=31 179 22 45 59 396 127 62 342 43 1204 31
internal_value=0 0.00831546 0.0154761 -0.000406757 -0.00499465 -0.0107317 0.00573545 0.00066362 0.00626399 -0.000837782 0
internal_weight=655.365 31.4472 25.1916 623.918 126.17 85.2494 40.9205 497.748 111.6 386.148 12.3329
internal_count=2541 129 98 2412 764 523 241 1648 385 1263 53
is_linear=0
shrinkage=0.05


Tree=477
num_leaves=14
num_cat=0
split_feature=6 80 56 114 109 51 25 38 111 8 80 89 97
split_gain=0.933723 2.51595 2.27365 3.51553 2.70263 2.12052 3.88988 2.3585 1.88114 1.8751 2.48177 2.02334 0.840837
threshold=5.166666666666667 0.41106616666666668 0.22500000000000003 1.5112992587863667 0.26325791700167356 1.4166666666666667 13.450000000000001 2.0157485000000004 1.0655454422641377 0.83333333333333337 1.3577698333333339 -0.20906910000000009 0.49999999999999989
decision_type=2 2 2 2 2 2 2 2 2 2 2 2 2
left_child=1 5 4 -4 -3 7 -7 -1 9 11 -11 -2 -10
right_child=8 2 3 -5 -6 6 -8 -9 12 10 -12 -13 -14
leaf_value=0.0065682473641246394 -0.020342810688501013 0.011564067908802076 0 0.036806801226576862 -0.015064424910104901 -0.013816965362862185 0.010132362947166218 -0.0072393657774683989 -0.030370645093230203 -0.00028530518439815047 0.018308604900087958 -0.0010589907530038853 0
leaf_weight=122.22359127551317 22.777484484016895 28.413693610578775 7.8941366374492672 15.128052316606043 12.293749794363974 58.646361470222473 20.470894109457731 37.49823235720396 7.2247187681496126 317.94286327064037 17.797548577189445 46.849658589810133 6.4072743356227875
leaf_count=413 83 111 28 51 39 211 88 125 32 1089 74 176 21
internal_value=0 0.00205583 0.0108143 0.0233171 0.00215499 -0.000108075 -0.00694708 0.00299063 -0.00158211 -0.000815056 0.000603316 -0.00827406 -0.01936
internal_weight=721.568 302.569 63.7296 23.0222 40.7074 238.839 79.1173 159.722 419 405.368 335.74 69.6271 13.632
internal_count=2541 1066 229 79 150 837 299 538 1475 1422 1163 259 53
is_linear=0
shrinkage=0.05


Tree=478
num_leaves=12
num_cat=0
split_feature=6 21 96 128 18 45 92 70 33 81 125
split_gain=0.791851 2.62283 2.89951 1.85415 1.35568 4.01714 2.6461 3.52395 2.00041 1.93764 0.554221
threshold=2.8333333333333335 1.5500000000000003 -0.072787375000000085 0.78270724755597276 12.700000000000001 2.4166666666666674 -0.20000000000000009 0.88750000000000007 3.4722222222222228 -0.23822150000000006 0.2656477919410189
decision_type=2 2 2 2 2 2 2 2 2 2 2
left_child=1 2 -1 -4 5 8 7 -6 -2 -8 -3
right_child=4 10 3 -5 6 -7 9 -9 -10 -11 -12
leaf_value=-0.00046602034507208152 0.0026303834071356252 0 0.0013222621498525228 0.042170232601257449 -0.020977369469229262 0.029523329474027849 -0.0074136107371871223 0.010432364944398718 -0.0079834164167214509 0.0016644164119560838 -0.019069053513162567
leaf_weight=10.919690676033499 52.314892791211605 5.9249106869101507 7.5297655165195492 9.7022299841046316 7.8733500763773909 7.3889715522527686 88.06932826153934 106.40746462345123 159.10086384415627 157.13839940167964 6.2775284200906754
leaf_count=45 204 26 27 31 38 26 406 405 644 665 24
internal_value=0 0.00672298 0.015678 0.0281151 -0.000436714 -0.0035952 0.00135166 0.00767148 -0.00512162 -0.00140985 -0.00977215
internal_weight=618.647 40.3541 28.1517 17.232 578.293 218.805 359.489 114.281 211.416 245.208 12.2024
internal_count=2541 153 103 58 2388 874 1514 443 848 1071 50
is_linear=0
shrinkage=0.05


Tree=479
num_leaves=14
num_cat=0
split_feature=88 107 23 99 112 96 95 57 95 20 68 31 125
split_gain=0.940763 2.92126 3.16489 3.23086 2.59551 4.16123 3.72504 3.2779 3.09503 2.64093 2.38084 1.34524 1.27954
threshold=0.17149919999999999 1.5000000000000002 1.9904238000000001 0.44949494949494956 0.49483173076923082 0.11366614999999992 -0.063331809999999975 1.9000000000000001 -0.13869450000000003 6.2250000000000005 0.23611111111111113 1.2056549000000003 0.34857392824125261
decision_type=2 2 2 2 2 2 2 2 2 2 2 2 2
left_child=4 2 3 -2 5 7 8 -1 -6 -8 -7 -4 -3
right_child=1 12 11 -5 6 10 9 -9 -10 -11 -12 -13 -14
leaf_value=0.012064057781241902 -0.002935227872964667 0 0 0.012633119261013202 -0.0031905384361062454 -0.016747322402094863 -0.018198593873419999 -0.011601776416878845 0.012759990269394495 0 0.0024931037479482086 0.03098475433716177 -0.03099885537837295
leaf_weight=107.36967328190804 95.773510977625847 5.4282184690237028 7.6984230056405094 47.8606540504843 179.71301504224539 30.331242851912975 61.849534416571259 13.98677848279476 35.337122414261103 22.778062310069799 24.848646614700556 14.763498872518538 7.141392283141613
leaf_count=361 362 17 28 217 698 119 243 69 135 114 92 49 37
internal_value=0 0.00310699 0.0051391 0.00195811 -0.00113755 0.00351046 -0.00404449 0.00885531 -0.000291185 -0.0128834 -0.00730281 0.0223986 -0.0184606
internal_weight=654.88 178.666 166.096 143.634 476.214 176.536 299.678 121.356 215.05 84.6276 55.1799 22.4619 12.5696
internal_count=2541 710 656 579 1831 641 1190 430 833 357 211 77 54
is_linear=0
shrinkage=0.05


Tree=480
num_leaves=14
num_cat=0
split_feature=126 125 92 8 55 80 2 24 34 87 19 3 34
split_gain=0.971479 2.47155 3.66784 2.55932 2.45673 2.45302 3.71443 3.62291 2.39449 3.13036 2.88089 2.62856 1.55035
threshold=0.25601165702606632 0.45222823925294059 0.10000000000000005 2.4166666666666674 0.36666666666666675 -0.48476833333333341 1.2890038333333336 2.1192360000000003 3.8660714285714293 -0.67192759999999985 4.366666666666668 1.1297866666666667 3.3500000000000001
decision_type=2 2 2 2 2 2 2 2 2 2 2 2 2
left_child=8 5 3 -3 -4 6 -2 -7 12 10 -10 -11 -1
right_child=1 2 4 -5 -6 7 -8 -9 9 11 -12 -13 -14
leaf_value=0 0 0.025786772378510094 0.020512647578592377 0 -0.0084960735448804722 0.00040843229761860448 -0.023309847137138347 0.027874262510089849 0.017239109494216288 0.0020969693459348886 -0.0045280672704101554 -0.0070193953880461415 -0.029118941566615084
leaf_weight=5.9566995315253761 53.662224508821964 33.472238436341286 8.3578074574470502 8.1285536438226682 29.660210661590099 168.05751397460699 24.980098575353622 12.328432530164717 40.165568266063929 132.62467946112156 18.701277703046799 173.03389107063413 11.832589283585547
leaf_count=30 183 103 25 25 93 573 83 39 133 492 63 645 54
internal_value=0 0.00188671 0.00955705 0.0196948 -0.000475114 -0.000306361 -0.00778771 0.00270456 -0.00178379 -0.00074128 0.00952863 -0.00290683 -0.0193086
internal_weight=720.962 338.647 79.6188 41.6008 38.018 259.028 78.6423 180.386 382.315 364.525 58.8668 305.659 17.7893
internal_count=2541 1124 246 128 118 878 266 612 1417 1333 196 1137 84
is_linear=0
shrinkage=0.05


Tree=481
num_leaves=16
num_cat=0
split_feature=90 87 13 116 126 89 41 122 17 4 11 97 127 99 114
split_gain=0.783153 2.81472 3.88954 6.14078 3.51816 3.31776 2.94158 2.66516 3.27942 3.099 2.96286 2.62421 2.67394 2.32995 1.61538
threshold=0.19999999999999987 0.034855300000000262 4.8333333333333348 0.54741931602459537 0.29237622842026029 -0.1092056 4.3166666666666673 47.270000000000017 0.92953420000000009 18.833333333333339 16.166666666666668 0.25833333333333347 0.39327054020422142 0.34848484848484856 1.5308124850895084
decision_type=2 2 2 2 2 2 2 2 2 2 2 2 2 2 2
left_child=1 5 3 -3 -4 13 -7 8 9 -2 -10 14 -13 -1 -9
right_child=7 2 4 -5 -6 6 -8 11 10 -11 -12 12 -14 -15 -16
leaf_value=-0.01648362270655369 0.018062040724832969 -0.02485589695317145 -0.0031085935737006111 0.0082148205116442906 0.029769014393341755 -0.00076763295025808552 0.013630832234798699 0.00085586152152335128 -0.0056238495963233798 -0.011343966415565516 0.02286214219482894 0.011039701050886272 -0.021494259036554407 0.00020999983265110835 0.03437480715016978
leaf_weight=29.671599090099335 36.98394874855876 48.841361716389656 77.092649128288031 16.225806124508381 8.073377311229704 55.093162432312965 74.562207708135247 8.9635028839111346 154.36593272909522 8.7680728584527952 8.1790667101740819 20.557527702301744 7.7824767902493468 48.271213926374912 14.595018692314623
leaf_count=126 159 219 334 61 28 212 284 35 629 64 27 86 34 193 50
internal_value=0 -0.00147232 -0.00674454 -0.0158527 0 0.00211739 0.0071709 0.00212552 -0.00018463 0.011235 -0.00375372 0.0121708 0 -0.00563993 0.0242117
internal_weight=618.027 357.831 150.233 65.0672 85.166 207.598 129.655 260.196 208.297 45.752 162.545 51.8985 28.34 77.9428 23.5585
internal_count=2541 1457 642 280 362 815 496 1084 879 223 656 205 120 319 85
is_linear=0
shrinkage=0.05


Tree=482
num_leaves=7
num_cat=0
split_feature=126 11 113 17 17 4
split_gain=0.895115 1.40888 1.19773 1.37289 2.16939 1.5445
threshold=0.1191326195839736 14.16666666666667 0.29879021278251067 2.3351204666666674 2.4314596000000006 10.833333333333334
decision_type=2 2 2 2 2 2
left_child=1 -1 -2 5 -5 -4
right_child=2 -3 3 4 -6 -7
leaf_value=-0.028975747273552323 0.023166261372528946 0 0.0050789216784541003 -0.031476406801167561 0 -0.00079460196706845313
leaf_weight=5.8075949829071742 4.6620329394936553 3.8852052837610245 142.54061656445265 7.7932449281215694 11.867885768413542 477.62568225711584
leaf_count=59 23 18 482 26 40 1893
internal_value=0 -0.0143224 0.000262156 0 -0.0126161 0.000480893
internal_weight=654.182 9.6928 644.489 639.827 19.6611 620.166
internal_count=2541 77 2464 2441 66 2375
is_linear=0
shrinkage=0.05


Tree=483
num_leaves=9
num_cat=0
split_feature=107 88 88 34 25 8 116 94
split_gain=0.933569 1.21689 2.21007 2.22699 1.55883 1.42535 1.20203 0.996898
threshold=1.0000000180025095e-35 0.91929340000000015 0.56981740000000025 4.6833333333333345 6.1000000000000005 1.4166666666666667 -0.063438296657225543 0.061722757142857139
decision_type=2 2 2 2 2 2 2 2
left_child=6 2 4 -4 -2 -3 -1 -8
right_child=1 5 3 -5 -6 -7 7 -9
leaf_value=-0.0037790424187069092 -0.019255939618847515 0.025178696982436001 0.0060244665894393298 -0.017317605596117995 0.00030341827522194133 0 0 0.029357363162415898
leaf_weight=5.676958434283736 9.3544766306877118 8.9193689376115817 9.7346022203564626 36.09776645898819 626.04011181928217 7.1202227994799605 9.3747020214796084 7.8534389659762374
leaf_count=22 30 33 33 126 2210 25 33 29
internal_value=0 -0.000388697 -0.000786987 -0.0112694 0 0.0126464 0.00965503 0.0167893
internal_weight=720.172 697.267 681.227 45.8324 635.395 16.0396 22.9051 17.2281
internal_count=2541 2457 2399 159 2240 58 84 62
is_linear=0
shrinkage=0.05


Tree=484
num_leaves=9
num_cat=0
split_feature=64 122 99 24 96 51 102 107
split_gain=0.792826 1.1476 2.38606 3.03532 1.86828 1.67605 3.15368 1.99914
threshold=0.3000000000000001 51.865000000000009 0.39230769230769241 1.2874060000000003 -0.25070742499999993 2.1666666666666674 7.5000000000000009 1.5000000000000002
decision_type=2 2 2 2 2 2 2 2
left_child=-1 5 4 -4 -3 7 -7 -2
right_child=1 2 3 -5 -6 6 -8 -9
leaf_value=0.012660641431783741 -0.0015922843460885604 -0.027252406656628699 -0.011342050163622927 0.025939186439193969 -0.0044570624916840038 0 0.019473489071647445 0.011023782015448642
leaf_weight=11.210100606083868 418.48371777869761 14.166394948959349 7.4195972084999111 10.505180910229681 43.182462148368359 48.948566596955061 30.880560144782066 32.500316981226206
leaf_count=43 1731 68 31 42 189 198 114 125
internal_value=0 -0.000202465 -0.00599559 0.00808144 -0.0113155 0.000534758 0.0072131 -0.000550102
internal_weight=617.297 606.087 75.2736 17.9248 57.3489 530.813 79.8291 450.984
internal_count=2541 2498 330 73 257 2168 312 1856
is_linear=0
shrinkage=0.05


Tree=485
num_leaves=11
num_cat=0
split_feature=82 96 99 85 101 85 2 37 96 95
split_gain=0.897245 1.6014 2.66337 2.32406 1.66044 5.05177 3.49217 1.42165 0.84799 0.391135
threshold=1.0671378333333337 0.1725047499999999 0.5634920634920636 0.83333333333333359 2.8090909090909095 1.1000000000000003 1.9053916666666668 1.4319441000000002 0.21316985000000002 -0.017312350000000084
decision_type=2 2 2 2 2 2 2 2 2 2
left_child=1 4 3 -3 6 -6 -1 -2 -4 -9
right_child=7 2 8 -5 5 -7 -8 9 -10 -11
leaf_value=-0.0038595630674217209 0.02458226364865174 -0.0055514213111036723 0 0.013721388561793162 0.0085960569671342454 -0.015648131763475237 0.008504363400939045 0.0076184561545326384 -0.033190807037760568 -0.008320164132520633
leaf_weight=262.7279302906245 8.4743135571479815 98.243068925105035 4.4217062816023818 16.674768093973398 146.21643980592489 23.045126013457775 70.696766782552004 6.3343329206109047 9.8102596383541805 6.9761033058166486
leaf_count=940 30 366 19 68 564 115 324 24 63 28
internal_value=0 -0.000337335 -0.00533661 -0.00222932 0.000855851 0.004929 -0.00107091 0.00976152 -0.0253507 0
internal_weight=653.621 631.836 129.15 114.918 502.686 169.262 333.425 21.7847 14.232 13.3104
internal_count=2541 2459 516 434 1943 679 1264 82 82 52
is_linear=0
shrinkage=0.05


Tree=486
num_leaves=9
num_cat=0
split_feature=10 36 36 80 121 51 87 34
split_gain=0.928843 1.96818 1.38034 2.0687 1.21125 2.79937 2.40682 0.142498
threshold=0.64857566666666677 1.1458333333333337 0.61250000000000016 0.53341133333333335 39.975000000000001 0.83333333333333337 -0.54905759999999992 5.354166666666667
decision_type=2 2 2 2 2 2 2 2
left_child=1 7 3 -2 5 -4 -6 -1
right_child=2 -3 4 -5 6 -7 -8 -9
leaf_value=-0.0030230410956085269 0.033925549628332267 0.0063714009295109579 -0.0058048008958636096 0 0.0050852787505111961 0.0055197333952763036 -0.0039233187324126317 -0.030593717874380446
leaf_weight=5.8758014217019099 6.5315774939954263 6.0495592653751364 69.433236740529537 7.1119736582040787 91.707032024860382 207.03041213750839 319.59452186897397 6.6967905350029469
leaf_count=35 25 21 230 30 316 726 1124 34
internal_value=0 -0.0107707 0.000255335 0.0154527 0 0.00248473 -0.00178596 -0.0225645
internal_weight=720.031 18.6222 701.409 13.6436 687.765 276.464 411.302 12.5726
internal_count=2541 90 2451 55 2396 956 1440 69
is_linear=0
shrinkage=0.05


Tree=487
num_leaves=13
num_cat=0
split_feature=81 119 99 92 116 88 2 124 112 9 88 30
split_gain=0.801708 2.25365 3.7285 2.16694 1.87483 1.75621 2.28551 1.63526 1.53896 0.822816 0.415937 0.402711
threshold=-0.74917983333333316 1.0000000180025095e-35 0.42261904761904767 -0.15476190476190474 -1.4431869426293946 -0.56875219999999971 1.8606050000000003 0.58722606772968167 0.5551215277777779 0.93022366666666689 -0.64628059999999998 1.2849883500000003
decision_type=2 2 2 2 2 2 2 2 2 2 2 2
left_child=1 2 3 -1 7 6 -6 11 -7 -4 -3 -2
right_child=4 10 9 -5 5 8 -8 -9 -10 -11 -12 -13
leaf_value=-0.0063585386345314729 -0.0017897209554463102 -0.024642091413672948 0 0.014735770170309696 -0.020621051474264518 -0.0001862260279039647 0.0016065756240854036 0 0.0081889122270024286 0.034686393788701475 0 -0.03199949638213926
leaf_weight=32.219220452010632 5.8091372027993229 4.7586932927370071 5.2737439796328571 17.785029102116823 21.976643100380898 421.19170511886477 15.522255053743718 5.9520960450172415 60.500071786344051 12.574329882860182 4.7498390246182662 8.7495289668440801
leaf_count=128 29 26 24 72 92 1729 69 22 239 46 24 41
internal_value=0 0.00476775 0.00848613 0.000305586 -0.00064223 0 -0.0103187 -0.0151083 0.000776884 0.0275203 -0.0152909 -0.0240487
internal_weight=617.062 77.3609 67.8523 50.0042 539.701 519.191 37.4989 20.5108 481.692 17.8481 9.50853 14.5587
internal_count=2541 320 270 200 2221 2129 161 92 1968 70 50 70
is_linear=0
shrinkage=0.05


Tree=488
num_leaves=14
num_cat=0
split_feature=72 76 16 75 114 65 87 0 13 76 13 33 32
split_gain=0.894992 2.78108 2.7579 2.70243 2.21054 1.97747 1.93008 1.86753 1.83799 4.19714 2.64928 1.26688 0.0884006
threshold=1.9500000000000002 0.89444444444444449 1.2072212000000002 2.2500000000000004 1.6057771870547779 0.22500000000000003 -0.30479109999999981 1.4166666666666667 6.416666666666667 1.267857142857143 5.166666666666667 3.7750000000000004 11.563492063492065
decision_type=2 2 2 2 2 2 2 2 2 2 2 2 2
left_child=1 4 6 5 -1 -4 -2 -5 10 -10 -3 -8 -6
right_child=2 8 3 7 12 -7 11 -9 9 -11 -12 -13 -14
leaf_value=-0.00061453453069295651 -0.0027424473094319387 0.00093621149856532807 0 -0.011232694563508137 0.0058544649768705681 -0.023508633138849117 5.2361025945965092e-05 0.0090302301031716381 -0.0083605739208370625 0.017969025319638923 -0.0080632982683618293 0.034587148485300777 0.031876308363632692
leaf_weight=7.3537659645080593 12.679423928260805 345.53191228397191 13.627448201179503 18.87364798784256 6.5405440777540234 31.988131690770388 8.4897207319736463 25.504270508885384 20.395633056759834 39.5756153203547 103.74917088262737 7.4212081283330908 11.651113197207449
leaf_count=27 43 1399 51 63 21 126 30 91 70 142 406 31 41
internal_value=0 0.000881509 -0.00390243 -0.00847219 0.0166614 -0.0168832 0.00859224 0 0 0.00820427 -0.00104423 0.0202096 0.0259184
internal_weight=653.382 534.798 118.584 89.9935 25.5454 45.6156 28.5904 44.3779 509.252 59.9712 449.281 15.9109 18.1917
internal_count=2541 2106 435 331 89 177 104 154 2017 212 1805 61 62
is_linear=0
shrinkage=0.05


Tree=489
num_leaves=13
num_cat=0
split_feature=15 66 77 62 90 32 39 28 40 95 46 124
split_gain=0.922117 1.85795 4.23194 2.37693 2.18588 2.07176 1.79457 1.71875 1.80969 2.60092 1.53774 0.993003
threshold=2.2250000000000005 0.76388888888888895 0.38750000000000007 1.0000000180025095e-35 -1.3333333333333333 11.366666666666669 13.950000000000001 1.3541666666666667 3.7250000000000005 -0.33199859999999998 1.8333333333333337 0.60030121683675253
decision_type=2 2 2 2 2 2 2 2 2 2 2 2
left_child=1 2 3 -1 6 -4 -3 8 9 -2 -6 -10
right_child=7 4 5 -5 10 -7 -8 -9 11 -11 -12 -13
leaf_value=-0.017351149096656502 -0.0073102376091675114 -0.021924805521010633 0 0.0069978619960137829 -0.0010748138313427201 0.044101590124542532 0.00038294398085953705 -0.022867151629893549 -0.026208695493259233 0.030075910072344555 0.0051548450925843568 0
leaf_weight=12.095208644866942 5.7647739797830582 19.895580898970369 6.3146016597747794 39.868055492639542 464.4647039398551 9.4819457754492742 8.5328192077577096 11.4462603777647 6.3440971393138152 7.9578340351581591 124.00329621881247 3.7327547371387482
leaf_count=45 23 83 27 143 1575 35 53 47 52 28 412 18
internal_value=0 0.000370127 0.00820502 0.000165626 -0.000421424 0.0300897 -0.0137446 -0.00781091 0 0.0115443 0.00015961 -0.0152087
internal_weight=719.902 684.656 67.7598 51.9633 616.896 15.7965 28.4284 35.2457 23.7995 13.7226 588.468 10.0769
internal_count=2541 2373 250 188 2123 62 136 168 121 51 1987 70
is_linear=0
shrinkage=0.05


Tree=490
num_leaves=15
num_cat=0
split_feature=109 16 34 23 103 24 58 99 9 8 125 62 81 111
split_gain=0.780715 3.30761 3.52299 2.97105 2.95572 2.95246 2.77182 2.65072 2.94011 2.90446 2.4446 2.20639 3.34806 2.47507
threshold=0.27139815317599131 1.6571591999999999 4.0500000000000007 1.0396676000000002 3.5000000000000004 2.2321590000000007 1.6333333333333335 0.26136363636363641 1.4422860000000004 1.1666666666666667 0.40609390412195173 1.0000000180025095e-35 0.72330533333333369 1.0540121203444384
decision_type=2 2 2 2 2 2 2 2 2 2 2 2 2 2
left_child=4 2 6 -3 7 -4 -2 9 -9 -1 -5 13 -13 -6
right_child=1 3 5 10 11 -7 -8 8 -10 -11 -12 12 -14 -15
leaf_value=0 0.024840418204076897 -0.0059638062331911559 -0.0075785541761162565 0.035759534853831682 -0.0045023068462902334 0.018122749182954073 -0.0021214592672266844 0.010473298020786266 -0.016349395295454813 0.039097952234561702 0.0042753758957142706 -0.0076984116483707205 0.009591346868059597 0.010402936042236412
leaf_weight=7.2365032359957722 20.051271647214893 9.049029663205145 108.93097034096718 16.565740510821342 50.075856570154428 10.56276962161064 11.522433698177336 29.60978140309453 13.991439320147036 11.143858719617127 16.413346067070961 228.84446053393185 28.595536444336176 54.219709016382694
leaf_count=30 66 36 410 53 217 38 42 119 67 39 56 1020 117 231
internal_value=0 0.00265564 -0.000507749 0.0149358 -0.00117155 -0.00476015 0.013703 0.00862966 0.000571383 0.0241494 0.0221487 -0.00300794 -0.00555478 0.00279677
internal_weight=616.813 193.096 151.067 42.0281 423.717 119.494 31.5737 61.9816 43.6012 18.3804 32.9791 361.736 257.44 104.296
internal_count=2541 701 556 145 1840 448 108 255 186 69 109 1585 1137 448
is_linear=0
shrinkage=0.05


Tree=491
num_leaves=6
num_cat=0
split_feature=113 17 17 31 13
split_gain=0.937492 1.41981 1.84693 1.59977 1.23306
threshold=0.29593249549776351 2.3351204666666674 2.4314596000000006 2.1978376000000011 5.166666666666667
decision_type=2 2 2 2 2
left_child=-1 3 -3 4 -2
right_child=1 2 -4 -5 -6
leaf_value=0.020133952246390092 0.0015684972510834252 -0.030542574297595073 0 0.021015506469913646 -0.0030490559144103532
leaf_weight=4.7404314633458844 394.06855918932706 7.7487451359629658 12.216759681701658 8.1042254716157895 226.12880419380963
leaf_count=24 1580 26 41 28 842
internal_value=0 -0.000160358 -0.0130014 0.000188249 -3.68071e-05
internal_weight=653.008 648.267 19.9655 628.302 620.197
internal_count=2541 2517 67 2450 2422
is_linear=0
shrinkage=0.05


Tree=492
num_leaves=9
num_cat=0
split_feature=83 89 84 124 40 84 39 29
split_gain=0.923883 1.30702 1.2051 2.53266 2.27534 1.97024 4.86682 1.83498
threshold=2.1666666666666674 -0.25235200000000002 1.4166666666666672 0.64339267889492047 4.0500000000000007 1.0000000000000002 9.8166666666666682 2.0500000000000003
decision_type=2 2 2 2 2 2 2 2
left_child=2 -2 5 4 -4 7 -7 -1
right_child=1 -3 3 -5 -6 6 -8 -9
leaf_value=0.00049329530931716318 0 0.027425156829164594 0.0023598828561552641 -0.030885304863310283 -0.012256008719278295 -0.0078209093527701491 0.023467620765081468 -0.010948447748669684
leaf_weight=506.21749348193407 6.2947161868214607 6.3347010947763902 71.966408591717482 8.0407632291316968 38.135930359363556 17.799884311854839 28.24302064627409 36.425145637243986
leaf_count=1762 22 32 252 24 125 59 94 171
internal_value=0 0.0128462 -0.000292433 -0.0049242 -0.00231731 0.000559099 0.0103997 -0.000201491
internal_weight=719.458 12.6294 706.829 118.143 110.102 588.686 46.0429 542.643
internal_count=2541 54 2487 401 377 2086 153 1933
is_linear=0
shrinkage=0.05


Tree=493
num_leaves=12
num_cat=0
split_feature=95 101 126 8 38 10 99 8 70 70 39
split_gain=0.804179 2.38296 2.23835 3.7991 2.82996 1.52554 2.75074 2.07044 3.95112 3.0722 2.02815
threshold=0.17027725999999996 3.8090909090909095 0.26415558781187015 0.83333333333333337 1.5132706000000002 0.80714483333333342 0.10555555555555557 1.1666666666666667 1.267857142857143 1.0500000000000003 14.225000000000001
decision_type=2 2 2 2 2 2 2 2 2 2 2
left_child=5 2 4 -4 -2 6 -1 8 -7 -9 -8
right_child=1 -3 3 -5 -6 7 10 9 -10 -11 -12
leaf_value=-0.0063749465732017511 -0.0083531667152404593 -0.025241302145840267 0.01675491131008789 -0.017195947941799083 0.011221813754430194 0.0062047687710732108 0.030589362912550152 -0.0082657483011295049 -0.012011729629719329 0.0045278328976892683 0
leaf_weight=11.143845863640307 25.459574948996305 10.625906623899935 8.2177508473396284 37.643297411501408 49.878408804535866 42.143517650663853 15.808166973292829 53.64945187792182 80.372884843498468 272.17498386278749 9.0781049802899343
leaf_count=48 125 55 29 154 215 170 57 242 329 1078 39
internal_value=0 -0.00341496 -0.000901306 -0.00981765 0.00392893 0.000975048 0.0107432 5.6613e-05 -0.00534126 0.00224944 0.0202902
internal_weight=616.196 131.825 121.199 45.861 75.338 484.371 36.0301 448.341 122.516 325.824 24.8863
internal_count=2541 578 523 183 340 1963 144 1819 499 1320 96
is_linear=0
shrinkage=0.05


Tree=494
num_leaves=10
num_cat=0
split_feature=108 2 37 72 111 81 37 37 100
split_gain=0.906545 1.95594 2.06676 1.75529 2.64558 2.98322 2.49713 3.4434 1.39098
threshold=0.16414313623249874 1.5925973333333336 1.5604289500000001 1.8166666666666669 1.0479365595644667 -0.52964166666666679 2.0608681500000001 1.5802302333333336 0.13392857142857145
decision_type=2 2 2 2 2 2 2 2 2
left_child=1 2 -1 6 -5 -6 7 -2 -4
right_child=3 -3 8 4 5 -7 -8 -9 -10
leaf_value=0.018978614889528126 -0.00060991518285049748 0.024887395218555965 0.0054997207982861547 -0.030733068953136579 -0.021303269779821294 0.00044687498366894273 -0.02447298044046348 0.010446609474477835 -0.012816033306246824
leaf_weight=11.287297472357748 397.94836537074298 10.238958477973936 13.53967075049877 9.6104055084288103 17.56775438785553 78.937860269099474 8.5481807067990285 83.01360297203064 22.046779558062553
leaf_count=41 1635 41 56 35 66 283 31 278 75
internal_value=0 0.00597976 0.000371638 -0.000561929 -0.00640354 -0.00317758 0.000612954 0.0012124 -0.00452091
internal_weight=652.739 57.1127 46.8737 595.626 106.116 96.5056 489.51 480.962 35.5865
internal_count=2541 213 172 2328 384 349 1944 1913 131
is_linear=0
shrinkage=0.05


Tree=495
num_leaves=9
num_cat=0
split_feature=90 9 23 17 100 91 15 92
split_gain=0.898025 0.977352 2.69542 2.50256 2.46929 2.26076 2.15043 2.06945
threshold=2.1000000000000005 0.84371016666666676 1.0110453200000002 1.4810321000000002 0.32051282051282054 1.6500000000000004 2.2250000000000005 -0.66111111111111109
decision_type=2 2 2 2 2 2 2 2
left_child=1 4 3 -3 5 -1 -4 -6
right_child=-2 2 6 -5 7 -7 -8 -9
leaf_value=0.004163375396484462 0.016726264439558627 0.00080380972512072123 0 0.020166971549199081 -0.030406171390038334 -0.015405251984898739 -0.015746160150892918 -0.0040788494174627153
leaf_weight=76.976785250008106 6.8955368474125853 47.67582893371582 475.69297467917204 30.840361595153809 13.188879907131193 17.120020870119333 21.583554403856397 28.976123195141554
leaf_count=250 36 163 1674 100 43 59 119 97
internal_value=0 -0.000225141 0.000602741 0.00919624 -0.00406664 0 -0.000669494 -0.0139858
internal_weight=718.95 712.055 575.793 78.5162 136.262 94.0968 497.277 42.165
internal_count=2541 2505 2056 263 449 309 1793 140
is_linear=0
shrinkage=0.05


Tree=496
num_leaves=7
num_cat=0
split_feature=14 85 78 81 20 40
split_gain=0.783408 2.18825 1.39601 3.13997 1.56253 0.459885
threshold=3.2666666666666671 2.1000000000000005 1.416666666666667 0.72330533333333369 6.9000000000000012 4.5357142857142865
decision_type=2 2 2 2 2 2
left_child=1 2 4 -4 -1 -2
right_child=5 -3 3 -5 -6 -7
leaf_value=0.0018574660663305338 -0.023118929470351171 0.02761809603216242 -0.020228528961543344 0.0055082121704503502 -0.00515026481106575 0
leaf_weight=465.95292186364532 4.7391416691243631 6.2255849242210379 24.901277711614966 16.89917453750968 93.005754493176937 3.987716019153595
leaf_count=1846 35 22 118 70 431 19
internal_value=0 0.000258887 0 -0.00876982 0.000595034 -0.0140415
internal_weight=615.712 606.985 600.759 41.8005 558.959 8.72686
internal_count=2541 2487 2465 188 2277 54
is_linear=0
shrinkage=0.05


Tree=497
num_leaves=12
num_cat=0
split_feature=75 3 38 110 98 85 6 88 31 106 110
split_gain=0.87439 1.91967 1.88119 1.27791 2.60093 3.00982 2.45892 2.45 2.21032 2.08483 0.615921
threshold=0.61250000000000016 1.580899166666667 1.8691789000000003 0.27163318339247378 0.29999999999999977 -1.5499999999999996 4.416666666666667 0.48984470000000013 1.0040590500000002 2.1250000000000004 0.18941552365884448
decision_type=2 2 2 2 2 2 2 2 2 2 2
left_child=1 2 10 7 5 -5 -6 9 -9 -2 -1
right_child=3 -3 -4 4 6 -7 -8 8 -10 -11 -12
leaf_value=0.039005212364508102 0.01899543022376745 -0.0069358702499059278 0 0.019125703902092644 -0.0014795174353586982 -0.0015437565009112338 0.01819579922433345 -0.0041999463899872903 0.020111252252498647 -0.0077829717074445748 0.0067130364126614956
leaf_weight=7.0218259096145692 5.6836244054138652 9.4442513361573202 6.5355511009693137 17.419177129864693 19.132166936993599 352.47937753796577 38.280593693256378 13.035606365650894 17.434113960713148 157.3055417528376 8.298940569162367
leaf_count=29 27 39 33 55 66 1144 123 81 72 844 28
internal_value=0 0.00803238 0.0167083 -0.000404965 0.00103091 -0.000386646 0.0108702 -0.00382263 0.00831861 -0.00643414 0.0260599
internal_weight=652.071 31.3006 21.8563 620.77 427.311 369.899 57.4128 193.459 30.4697 162.989 15.3208
internal_count=2541 129 90 2412 1388 1199 189 1024 153 871 57
is_linear=0
shrinkage=0.05


Tree=498
num_leaves=9
num_cat=0
split_feature=25 25 9 40 108 11 84 92
split_gain=0.896272 1.30717 2.57285 1.60834 1.37836 2.59672 1.34116 0.713655
threshold=18.900000000000002 16.450000000000003 1.8088106666666668 5.3875000000000011 0.17268812249831303 13.833333333333334 -1.8333333333333328 0.40000000000000002
decision_type=2 2 2 2 2 2 2 2
left_child=1 4 -3 -4 5 -1 -6 -2
right_child=7 2 3 -5 6 -7 -8 -9
leaf_value=-0.027250667007372484 -0.026070100887386871 0.030280867673349782 -0.019422283369086676 0.0098939792199143582 0.0065124364989014045 0.002634329063552928 -0.00057784341710537636 0
leaf_weight=12.296052213758232 4.8911082185804826 9.5725617185235041 6.2959769442677525 11.95951336994767 73.793177992105484 9.9461925663053972 584.65661071613431 4.8706170246005058
leaf_count=101 28 33 25 54 260 68 1950 22
internal_value=0 0.000171722 0.0106377 0 -0.000197776 -0.0121972 0.000149622 -0.0143619
internal_weight=718.282 708.52 27.8281 18.2555 680.692 22.2422 658.45 9.76173
internal_count=2541 2491 112 79 2379 169 2210 50
is_linear=0
shrinkage=0.05


Tree=499
num_leaves=8
num_cat=0
split_feature=63 63 112 112 117 27 51
split_gain=0.776362 1.15412 1.79344 2.17176 2.12893 1.67366 1.65659
threshold=0.26666666666666672 1.1000000000000003 0.47253865727148175 0.48701289939550957 57.399999999999999 2.5500000000000003 1.4166666666666667
decision_type=2 2 2 2 2 2 2
left_child=-1 2 4 -4 -2 -3 -7
right_child=1 5 3 -5 -6 6 -8
leaf_value=-0.014950440564600207 0.0096250651851871767 -0.02110506544772587 0.016487641908236005 0.0021657528231671104 -0.016245643094623216 -0.004829241828139345 0.0018033993296937029
leaf_weight=7.5269792005419722 8.9323406442999858 9.4716022014617902 35.873087577521801 139.16930038295686 21.532174967229366 147.70981630124152 245.23219442926347
leaf_count=39 33 42 133 543 84 645 1022
internal_value=0 0.000239715 0.00334648 0.00546188 -0.00700631 -0.00122729 -0.000568867
internal_weight=615.447 607.921 205.507 175.042 30.4645 402.414 392.942
internal_count=2541 2502 793 676 117 1709 1667
is_linear=0
shrinkage=0.05


Tree=500
num_leaves=9
num_cat=0
split_feature=101 9 10 10 74 29 24 78
split_gain=0.872305 1.02505 2.25961 2.63611 1.88362 2.96372 1.84779 0.551311
threshold=1.267857142857143 0.72577750000000008 1.3788963333333337 1.9995385000000003 1.0000000180025095e-35 1.4722222222222225 1.4723095000000002 -0.58333333333333315
decision_type=2 2 2 2 2 2 2 2
left_child=7 2 -2 -4 5 -3 -6 -1
right_child=1 4 3 -5 6 -7 -8 -9
leaf_value=-0.020534032780402875 -0.012696550300031785 0 0.020264136484245396 0 0.0019053387298132596 0.025818273346833894 -0.0039862043256250019 0
leaf_weight=7.3016180768609047 10.387528492137788 30.037201374769211 30.576671790331602 28.792683694511652 232.36963836103678 16.008690990507603 289.20789098739624 6.853503003716467
leaf_count=27 45 114 115 130 836 56 1192 26
internal_value=0 0.000303213 0.0060184 0.0102772 -0.000320559 0.00913793 -0.00126714 -0.0118331
internal_weight=651.535 637.38 69.7569 59.3694 567.623 46.0459 521.578 14.1551
internal_count=2541 2488 290 245 2198 170 2028 53
is_linear=0
shrinkage=0.05


Tree=501
num_leaves=15
num_cat=0
split_feature=31 17 82 114 8 92 28 127 124 128 86 99 111 127
split_gain=0.891529 1.82564 3.2472 2.57134 1.84455 1.71571 1.67513 1.63739 1.6073 2.16129 4.82874 2.50383 1.92013 1.11711
threshold=1.7137141000000002 1.9225505000000001 -0.2020993333333333 1.5112992587863667 1.8333333333333337 -0.74642857142857133 1.2928571428571431 0.53099718026091625 0.65078898827283316 0.82746887617214193 -0.22500000000000006 0.45804195804195807 1.0513073584982755 0.34458381797077847
decision_type=2 2 2 2 2 2 2 2 2 2 2 2 2 2
left_child=8 2 6 -4 7 -6 -2 -3 9 11 -11 -1 -10 -14
right_child=1 4 3 -5 5 -7 -8 -9 12 10 -12 -13 13 -15
leaf_value=0.001788301708928556 -0.0084965626212324171 0.016339589303284989 0 -0.033237376459936387 0.0007405920787628247 -0.022645484978180114 0.019936700723848469 -0.0053987913997854903 0.0082371365609245698 0.021258824738811178 0.00073560479240651448 -0.0066861788689721357 -0.0010206904291426796 -0.028343872258192113
leaf_weight=316.66614675149322 10.041469816118481 23.648987956345081 6.2433487772941616 18.011310718953609 12.006907701492311 11.0129067748785 7.6395843103528014 8.3925265893340093 6.4294346123933819 39.599193647503853 117.11257000640035 117.90266133844852 11.280154496431352 11.884620524942873
leaf_count=1053 46 87 30 71 44 42 26 59 22 141 455 386 35 44
internal_value=0 -0.00447572 -0.0123032 -0.0240224 0.000707096 -0.00884292 0.00152188 0.00914141 0.000653696 0.00130522 0.00634052 -0.000406185 -0.0103463 -0.0177007
internal_weight=717.872 96.997 41.9357 24.2547 55.0613 23.0198 17.6811 32.0415 620.875 591.281 156.712 434.569 29.5942 23.1648
internal_count=2541 405 173 101 232 86 72 146 2136 2035 596 1439 101 79
is_linear=0
shrinkage=0.05


Tree=502
num_leaves=14
num_cat=0
split_feature=109 93 17 37 24 103 106 126 19 45 81 82 78
split_gain=0.749612 2.85086 3.05564 4.30241 3.03401 2.73435 2.78811 2.63829 2.36798 2.47515 1.94426 1.93576 0.907653
threshold=0.27139815317599131 0.63333333333333341 1.8335973000000003 1.0182543500000003 1.2978595000000002 3.5000000000000004 3.1750000000000003 0.24201474881550822 3.1000000000000005 3.1666666666666674 -0.11164649999999997 0.19197683333333324 -1.0000000180025095e-35
decision_type=2 2 2 2 2 2 2 2 2 2 2 2 2
left_child=5 2 4 -4 -2 6 7 -1 11 -10 -3 -7 -8
right_child=1 10 3 -5 -6 8 12 -9 9 -11 -12 -13 -14
leaf_value=0 -0.015436223708497156 0.03540697204546675 -0.0082546966253476631 0.02725857001592534 0.0011076472190383086 0.019155300928827119 0 0.022443520591185886 -0.0052236492473483045 0.015135328294656109 0 -0.0059736287455009187 -0.020584918814828324
leaf_weight=17.207094117999077 34.509355172514915 9.6073412299156207 10.350524529814722 21.369803741574287 106.77184066176414 19.823552966117862 5.4407913684844971 31.866213098168373 319.46660129725933 13.577048633247612 10.100227430462835 7.6216074004769316 7.4650491587817651
leaf_count=81 134 32 40 73 387 77 22 112 1409 64 35 35 40
internal_value=0 0.00260859 0.000214461 0.0142442 -0.00266203 -0.00114574 0.00826963 0.014103 -0.00292125 -0.00420118 0.0201854 0.0104545 -0.00973492
internal_weight=615.177 192.709 173.002 31.7203 141.281 422.468 61.9791 49.0733 360.489 333.044 19.7076 27.4452 12.9058
internal_count=2541 701 634 113 521 1840 255 193 1585 1473 67 112 62
is_linear=0
shrinkage=0.05


Tree=503
num_leaves=10
num_cat=0
split_feature=126 9 124 128 88 123 87 26 88
split_gain=0.877484 1.35723 1.08384 2.128 3.30269 2.57816 1.7619 3.07811 2.34687
threshold=0.1191326195839736 1.4576930000000001 0.58722606772968167 0.74243387556622953 -0.048297699999999937 0.48314628003827614 -0.41668449999999996 4.1000000000000005 0.21062890000000015
decision_type=2 2 2 2 2 2 2 2 2
left_child=1 -1 3 4 -2 -5 7 -4 -8
right_child=2 -3 6 5 -6 -7 8 -9 -10
leaf_value=-0.028939411550298617 -0.011143608183396242 0 0.015712808321459222 0.026774439743858205 0.0044047820809343064 0.002889052868422926 -0.0092674762085326618 -0.0068278856979188665 0.0051934573377002829
leaf_weight=5.6215407485142332 68.44908382371068 3.9643943626433611 29.405573837459087 11.510786026716231 60.799188029021025 300.74352804198861 112.98809385672212 25.839169196784496 31.689935680478811
leaf_count=55 246 22 109 37 219 1206 432 88 127
internal_value=0 -0.0142592 0.000253593 0.00170625 -0.003468 0.00401183 -0.00269808 0.00434711 -0.00574286
internal_weight=651.011 9.58594 641.425 441.503 129.248 312.254 199.923 55.2447 144.678
internal_count=2541 77 2464 1708 465 1243 756 197 559
is_linear=0
shrinkage=0.05


Tree=504
num_leaves=14
num_cat=0
split_feature=81 124 58 4 113 81 37 37 72 75 2 10 80
split_gain=0.889547 2.57304 2.67989 2.31005 2.33829 2.18929 3.13512 3.90761 2.06724 2.02789 1.97574 1.7552 1.35499
threshold=-0.74917983333333316 0.55595585550446203 1.9000000000000001 16.416666666666668 0.4696803196803197 -0.30877000000000004 0.9705739000000001 1.4545956500000001 0.35416666666666669 1.6833333333333336 2.2297133333333341 2.0634788333333338 0.72868350000000026
decision_type=2 2 2 2 2 2 2 2 2 2 2 2 2
left_child=1 3 9 4 -1 6 11 -8 -7 -3 -10 -2 -5
right_child=5 2 -4 12 -6 8 7 -9 10 -11 -12 -13 -14
leaf_value=0 -0.015313832315995085 0 -0.017467052704938469 0.014509328758249529 -0.031735202974148398 0.01908117303798677 0.017057795346027874 0 -0.0031317255951992273 0.023985589375642498 0.0060268470681716299 0.0058573108880601299 -0.012011445768244472
leaf_weight=6.8608523458242443 22.839904502034187 22.571283884346485 10.21721029281616 8.1279117614030856 18.596035806462169 11.038740485906599 71.743068482726812 56.32915373519063 388.28307467699051 14.043418869376181 65.567253116518259 11.64728534594178 9.1601385921239835
leaf_count=32 74 73 38 28 65 42 241 215 1365 51 244 40 33
internal_value=0 -0.00468687 0.00253554 -0.0136199 -0.0229129 0.000610444 0.00563622 0.00939674 -0.00104794 0.00976245 -0.00168833 -0.00679122 0
internal_weight=717.025 89.5769 46.8319 42.7449 25.4569 627.448 162.559 128.072 464.889 36.6147 453.85 34.4872 17.2881
internal_count=2541 320 162 158 97 2221 570 456 1651 124 1609 114 61
is_linear=0
shrinkage=0.05


Tree=505
num_leaves=9
num_cat=0
split_feature=21 63 2 2 67 27 96 117
split_gain=0.758162 1.10747 1.64861 3.0928 2.45215 1.59017 1.61499 0.541839
threshold=0.22500000000000003 1.1000000000000003 1.7329065000000001 2.0458143333333334 0.41428571428571431 2.5500000000000003 -0.36105016833333331 73.750000000000014
decision_type=2 2 2 2 2 2 2 2
left_child=7 2 4 -4 -2 -3 -7 -1
right_child=1 5 3 -5 -6 6 -8 -9
leaf_value=-0.020868314687189263 0.0034184225638826098 -0.020625433463545104 0.020861056341581051 0 -0.013576989465430074 -0.0098426790347900146 0.00047546076232673877 0
leaf_weight=6.3463491648435575 109.81413421779871 9.3436152227222902 31.519175250083208 35.401767475530505 25.231939241290092 40.848257713019848 351.05637233704329 4.9585848674178123
leaf_count=36 399 42 110 163 106 180 1484 21
internal_value=0 0.000289864 0.00336504 0.00972208 0 -0.00113823 -0.000495056 -0.0122438
internal_weight=614.52 603.215 201.967 66.9209 135.046 401.248 391.905 11.3049
internal_count=2541 2484 778 273 505 1706 1664 57
is_linear=0
shrinkage=0.05


Tree=506
num_leaves=14
num_cat=0
split_feature=15 1 13 125 19 15 110 41 19 117 17 94 84
split_gain=0.858506 3.08056 3.73185 2.05924 2.52113 1.86322 2.22234 1.84216 1.71583 1.73086 1.22673 1.08489 1.01002
threshold=0.45000000000000007 0.58333333333333337 4.8333333333333348 0.41955477475485919 4.5500000000000007 0.90000000000000013 0.10871420364393718 4.8166666666666673 5.4500000000000011 70.700000000000003 0.8888039000000002 0.01090525000000009 -0.66666666666666674
decision_type=2 2 2 2 2 2 2 2 2 2 2 2 2
left_child=3 2 11 4 -1 6 -3 -7 10 -10 -5 -2 -4
right_child=1 5 12 8 -6 7 -8 -9 9 -11 -12 -13 -14
leaf_value=0.036860577756634143 -0.011246575715672029 0.031467014463929417 -0.0041528236046004035 -0.028047001864702381 0 -0.0033411783361846402 0.0037455139131950775 0.0028311457740754285 0.032312857569676869 -0.0025621456736404664 0 0.010194925309902098 -0.035512246540905838
leaf_weight=8.8987322300672549 8.4729154631495494 8.1790104471147043 8.2764416635036486 6.6717707291245478 7.5592365711927405 278.43889196496457 76.437058113515377 206.77431547641754 4.4169198311865312 3.8862295690923929 4.6154836267232895 13.567003909498451 14.354430571198462
leaf_count=27 32 59 28 42 26 1104 294 727 26 32 20 62 62
internal_value=0 -0.000419757 -0.0129584 0.00741648 0.0202327 0.000496579 0.00734532 -0.000607585 -0.00138183 0.0120945 -0.0155421 0 -0.0268206
internal_weight=650.548 614.5 44.6708 36.0484 16.458 569.829 84.6161 485.213 19.5904 8.30315 11.2873 22.0399 22.6309
internal_count=2541 2368 184 173 53 2184 353 1831 120 58 62 94 90
is_linear=0
shrinkage=0.05


Tree=507
num_leaves=16
num_cat=0
split_feature=126 125 51 80 121 126 38 80 110 28 28 79 106 126 32
split_gain=0.881882 2.29304 2.48133 3.61382 2.86256 2.28004 3.94411 2.93273 2.87394 2.54569 2.17183 2.01786 1.35385 1.13317 0.987182
threshold=0.25601165702606632 0.48016084606927534 0.83333333333333337 -0.032148833333333397 41.760000000000012 0.2230088529250388 1.0059170000000004 -0.54271300000000011 0.29300844319360103 1.7638888888888891 1.6833333333333336 0.33333333333333326 2.7928571428571431 0.28587746358425264 12.750000000000002
decision_type=2 2 2 2 2 2 2 2 2 2 2 2 2 2 2
left_child=5 2 3 -2 -4 7 12 9 -9 -1 -8 13 -7 -3 -13
right_child=1 11 4 -5 -6 6 10 8 -10 -11 -12 14 -14 -15 -16
leaf_value=0.018673058970528567 -0.019834126347641583 0.024132379456835603 0.0067015806039263286 0.0037762725416354732 -0.0047930610049732834 0 -0.012113678135237279 0.0028986700236653049 -0.013038315945382859 -0.0085572534817402682 -0.00039628725301320099 0.010130768507786079 0.031066335702073435 0 -0.011108492537022121
leaf_weight=38.328916221857071 33.49843131005764 24.271039351820946 145.7561594247818 24.527427479624748 80.303294666111469 5.700101573020218 108.87379458919168 97.47751010209322 37.617848502472043 7.5376156568527213 76.252514190971851 8.9489250183105487 7.7939665913581848 8.6459940522909147 10.7251840531826
leaf_count=144 113 77 494 78 275 23 385 365 188 30 252 26 30 26 35
internal_value=0 0.00181056 0 -0.00911207 0.002395 -0.00169836 -0.00545856 0.0021613 -0.00123485 0.0130441 -0.00758404 0.0112971 0.0187629 0.0187187 0
internal_weight=716.259 336.676 284.085 58.0259 226.059 379.582 198.62 180.962 135.095 45.8665 185.126 52.5911 13.4941 32.917 19.6741
internal_count=2541 1124 960 191 769 1417 690 727 553 174 637 164 53 103 61
is_linear=0
shrinkage=0.05


Tree=508
num_leaves=11
num_cat=0
split_feature=95 95 31 32 82 116 75 90 91 88
split_gain=0.756736 1.90584 2.58545 3.13488 1.52545 1.47357 1.53357 1.46088 4.62563 3.01781
threshold=0.60674060000000019 0.17027725999999996 1.3686724500000003 17.050000000000004 -0.11742815000000002 0.26347060221207802 1.4222222222222223 0.19999999999999987 0.40000000000000002 -0.32385379999999991
decision_type=2 2 2 2 2 2 2 2 2 2
left_child=1 7 3 -3 -4 6 -2 9 -9 -1
right_child=5 2 4 -5 -6 -7 -8 8 -10 -11
leaf_value=-0.0080484053607688087 0.027806726551976881 -0.020328967490162976 0.0099341634530317174 0.0069779422529920396 -0.0064040844381400815 -0.0068655809798735534 0 0.01660683049568127 -0.00024556141537138962 0.0024011840557842082
leaf_weight=104.39862390607595 10.653101384639745 42.963119354099035 25.557184681296349 10.075459418818353 28.376147173345089 6.1052861474454394 7.1869930177927008 54.227793827652931 134.03018522076309 190.51253903657198
leaf_count=444 39 213 99 51 117 31 28 195 572 752
internal_value=0 -0.000330172 -0.00639745 -0.0141832 0.000467769 0.00855897 0.0165757 0.00092027 0.00440669 -0.0011437
internal_weight=614.086 590.141 106.972 53.0386 53.9333 23.9454 17.8401 483.169 188.258 294.911
internal_count=2541 2443 480 264 216 98 67 1963 767 1196
is_linear=0
shrinkage=0.05


Tree=509
num_leaves=10
num_cat=0
split_feature=96 96 121 124 74 85 111 58 70
split_gain=0.883552 2.15952 2.09771 1.98645 1.57512 2.40166 2.19717 0.944286 0.868119
threshold=0.61371850000000028 0.31937280000000007 37.775000000000006 0.53548945028282924 0.38750000000000007 1.2250000000000003 1.0478295784023339 1.6333333333333335 1.1333333333333335
decision_type=2 2 2 2 2 2 2 2 2
left_child=1 4 -2 7 5 -1 -6 -3 -5
right_child=2 3 -4 8 6 -7 -8 -9 -10
leaf_value=0.00013697595740719973 0.029594780012182277 -0.0058782255097770521 0 0 -0.013495086783712838 -0.014376610845076548 0.0083471734442412873 0.014409222103911655 -0.022113900391959665
leaf_weight=434.13633799180388 7.4412980042398003 13.481749931350352 12.278082713484762 7.3742334246635464 10.469355300068854 29.097970612347126 103.2708092443645 7.9599659740924826 24.452793009579182
leaf_count=1686 26 59 49 37 41 147 372 26 98
internal_value=0 -0.000307901 0.0101844 -0.00989231 0.000506048 -0.000695992 0.00580082 0 -0.0176934
internal_weight=649.963 630.243 19.7194 53.2687 576.974 463.234 113.74 21.4417 31.827
internal_count=2541 2466 75 220 2246 1833 413 85 135
is_linear=0
shrinkage=0.05


Tree=510
num_leaves=14
num_cat=0
split_feature=6 16 25 112 9 41 20 24 19 81 56 31 9
split_gain=0.885869 2.47918 2.45397 2.8865 1.83261 2.56586 2.52184 3.04453 2.87996 2.30439 1.4868 0.827947 0.310769
threshold=5.166666666666667 2.3185910000000001 16.100000000000005 0.58396516559292955 1.5485805000000001 3.683333333333334 6.4500000000000011 0.99042330000000012 5.4500000000000011 -0.32230283333333326 0.22500000000000003 1.3231992000000001 1.2772330000000001
decision_type=2 2 2 2 2 2 2 2 2 2 2 2 2
left_child=1 2 3 -1 5 10 7 -6 -8 -7 -2 -4 -3
right_child=4 12 11 -5 6 9 8 -9 -10 -11 -12 -13 -14
leaf_value=0.0010928272249902731 -0.0016818212753278807 0.0015059511618288812 0 -0.018390551988840053 0.0067795001906984925 0.00973486697070549 0.01291262932161508 -0.019082626354424106 -0.0082492846254149082 -0.00036920993518854597 -0.020317176655980627 0.02835408755920292 0.028072070719832438
leaf_weight=249.99758834764361 41.150927923619747 6.3891117498278609 5.3559734225273123 19.480105888098478 10.750482842326162 82.41958437114954 26.063789073377848 50.800689499825239 38.49089777842164 147.61808947473764 18.190275743603706 9.3892784845083934 9.1967185139656049
leaf_count=869 141 24 22 77 49 279 104 199 129 514 60 43 31
internal_value=0 0.00202636 0.000743891 -0.000193522 -0.00153358 0.000504254 -0.00657041 -0.0137301 0 0.003061 -0.0084649 0.0199754 0.0209438
internal_weight=715.294 299.809 284.223 269.478 415.485 289.379 126.106 61.5512 64.5547 230.038 59.3412 14.7453 15.5858
internal_count=2541 1066 1011 946 1475 994 481 248 233 793 201 65 55
is_linear=0
shrinkage=0.05


Tree=511
num_leaves=11
num_cat=0
split_feature=3 17 87 65 87 17 118 45 101 16
split_gain=0.752824 1.33064 2.31641 3.87056 3.40504 1.95753 3.22197 2.06048 1.1137 0.314937
threshold=0.55103581666666679 1.1787130000000003 0.034855300000000262 0.36666666666666675 -0.68218659999999987 1.2448754000000004 56.550000000000004 0.83333333333333337 2.9583333333333335 1.7310371000000002
decision_type=2 2 2 2 2 2 2 2 2 2
left_child=8 2 4 -4 -2 6 -3 -7 9 -1
right_child=1 5 3 -5 -6 7 -8 -9 -10 -11
leaf_value=0 -0.0074804686759678031 0.010544114921034048 -0.0095162928080512275 0.0080942212065025342 0.015732019372738645 -0.0061710385394822499 -0.021880067073828606 0.002219890751882616 0 -0.024257134904823029
leaf_weight=3.6644248813390758 16.942177474498749 7.7540552020072928 60.828861732035875 61.370790965855122 63.960137609392405 100.96583492308855 25.301252093166113 256.37688348442316 8.2217911016195995 8.1385999470949155
leaf_count=15 71 28 288 245 237 428 112 1012 45 60
internal_value=0 0.000358526 0.00369521 -0.000272229 0.0102285 -0.00125462 -0.0127196 -2.20084e-05 -0.00926722 -0.0189341
internal_weight=613.525 593.5 203.102 122.2 80.9023 390.398 33.0553 357.343 20.0248 11.803
internal_count=2541 2421 841 533 308 1580 140 1440 120 75
is_linear=0
shrinkage=0.05


Tree=512
num_leaves=15
num_cat=0
split_feature=102 57 103 34 92 76 106 88 94 51 95 7 88 11
split_gain=0.872989 1.68046 2.53288 2.92723 2.38189 2.06191 1.61165 3.00008 2.57735 1.6204 2.83027 2.11881 1.20697 0.623244
threshold=3.5000000000000004 1.5500000000000003 3.5000000000000004 4.9500000000000011 -0.19999999999999998 1.0500000000000003 3.5250000000000004 0.076767700000000008 0.14617696249999992 2.5000000000000004 -0.069027299999999889 2.4166666666666674 0.44288940000000016 11.583333333333334
decision_type=2 2 2 2 2 2 2 2 2 2 2 2 2 2
left_child=1 2 4 -4 -1 -3 9 8 -8 11 -11 -2 -7 -9
right_child=6 5 3 -5 -6 12 7 13 -10 10 -12 -13 -14 -15
leaf_value=-0.0016592583195836606 0.00012243564460878326 0.00063560779534413685 0.003203130793730503 -0.027075681762973997 0.022469717473117878 -0.032907519235411305 -0.014485542872365859 0.037150104636720846 0.018632481919879484 0.0011375363015005003 -0.019725081022257448 0.016529371771302422 0 0.004841003735145055
leaf_weight=17.032870747148991 452.82127727009356 7.2958807647228268 11.565763935446741 13.780089672654865 16.016158819198608 12.168346663005652 13.729869689792396 8.5560927316546422 8.6569662131369096 29.834836378693581 26.388230282813311 19.93851076066494 4.4034503661096087 7.1571453660726538
leaf_count=64 1770 30 42 60 55 75 51 30 37 106 98 74 23 26
internal_value=0 -0.00476446 0 -0.0117639 0.00888211 -0.0156507 0.000717442 0.0105131 0 0 -0.00795412 0.000953361 -0.0252945 0.0265956
internal_weight=649.345 82.2626 58.3949 25.3459 33.049 23.8677 567.083 38.1001 22.3868 528.983 56.2231 472.76 16.5718 15.7132
internal_count=2541 349 221 102 119 128 2192 144 88 2048 204 1844 98 56
is_linear=0
shrinkage=0.05


Tree=513
num_leaves=10
num_cat=0
split_feature=51 111 57 96 114 95 63 37 13
split_gain=0.872481 2.31931 2.37907 3.40824 2.86344 2.18545 2.1554 2.67803 2.32915
threshold=1.4166666666666667 1.0448683261183263 0.7333333333333335 -0.13394245000000002 1.1477224202153975 -0.87494910000000004 1.1000000000000003 1.2982757976190478 5.8333333333333348
decision_type=2 2 2 2 2 2 2 2 2
left_child=5 -2 3 -3 -4 -1 7 -7 -8
right_child=1 2 4 -5 -6 6 8 -9 -10
leaf_value=-0.02157664204688621 0.023117947108136375 0.0024388331032414289 -0.014425201972316771 -0.029251135271827378 0.00068307362226106122 0.0018485673497978213 0.0090786905100537461 -0.010317153112256965 -0.0037485543904567302
leaf_weight=8.7795885652303678 7.3417305350303641 10.075645923614504 34.930342476814985 18.504331104457378 212.74068467132747 178.15181483328342 146.35713881254196 58.240103341639042 39.649990633130074
leaf_count=28 24 41 130 89 784 593 505 202 145
internal_value=0 -0.00218899 -0.00312285 -0.016684 -0.0012961 0.00137537 0.00202035 -0.000968925 0.00607159
internal_weight=714.771 283.593 276.251 28.58 247.671 431.179 422.399 236.392 186.007
internal_count=2541 1068 1044 130 914 1473 1445 795 650
is_linear=0
shrinkage=0.05


Tree=514
num_leaves=14
num_cat=0
split_feature=116 74 10 100 38 45 87 81 20 64 92 66 66
split_gain=0.739888 2.68458 1.98932 2.34125 1.82844 1.77834 3.03011 1.53674 2.10164 4.92815 3.30068 2.02248 2.88297
threshold=0.80787981341549409 0.2678571428571429 1.4407925000000001 0.24038461538461542 1.4472698500000003 0.83333333333333337 0.26370600000000038 -0.74917983333333316 5.9000000000000012 1.7750000000000001 -0.79999999999999993 1.8166666666666669 1.3166666666666669
decision_type=2 2 2 2 2 2 2 2 2 2 2 2 2
left_child=7 5 4 -4 -3 -2 -7 11 10 -10 -9 12 -1
right_child=1 2 3 -5 -6 6 -8 8 9 -11 -12 -13 -14
leaf_value=0.0092021626038446269 -0.0034737517740601217 -0.003849629828496163 0 -0.033914478832024836 0.025381780580031679 0.028491807738387054 0 -0.010659698821668576 -0.012810219240257851 0.0066439207494120179 0.002868741813056153 0.026323500249209687 -0.015424973160916469
leaf_weight=39.839167661964893 9.6777160577476007 9.4157504066824931 14.991994831711056 8.5712719336152059 6.9874355047941199 22.740820676088333 19.861923146992922 53.314157240092754 103.42879940010607 42.789536628872156 256.43953415006399 9.8675589263439161 15.191387630999087
leaf_count=155 39 42 62 40 26 74 91 223 463 200 1015 43 68
internal_value=0 0.00411642 -0.0047167 -0.0144877 0.00647229 0.0117692 0.0163788 -0.000718833 -0.00183221 -0.00677104 0.000352546 0.00625404 0.00135742
internal_weight=613.117 92.2469 39.9665 23.5633 16.4032 52.2805 42.6027 520.87 455.972 146.218 309.754 64.8981 55.0306
internal_count=2541 374 170 102 68 204 165 2167 1901 663 1238 266 223
is_linear=0
shrinkage=0.05


Tree=515
num_leaves=7
num_cat=0
split_feature=113 17 17 4 40 124
split_gain=0.836954 1.32368 1.72909 1.55253 2.84893 1.70216
threshold=0.29593249549776351 2.3351204666666674 2.4697120000000004 10.833333333333334 3.9500000000000006 0.58722606772968167
decision_type=2 2 2 2 2 2
left_child=-1 3 -3 4 -2 -5
right_child=1 2 -4 5 -6 -7
leaf_value=0.01902424747128759 -0.0021918124085545886 -0.026461293354464593 0 0.00082229491307056696 0.01135766987179878 -0.0054606448175315257
leaf_weight=4.7470226343721142 66.220176964998245 9.8831455335021037 9.9049777537584287 327.11455062404275 77.582382261753082 153.31047683022916
leaf_count=24 239 34 33 1353 255 603
internal_value=0 -0.000138715 -0.0125949 0.00019569 0.00480087 -0.001086
internal_weight=648.763 644.016 19.7881 624.228 143.803 480.425
internal_count=2541 2517 67 2450 494 1956
is_linear=0
shrinkage=0.05


Tree=516
num_leaves=15
num_cat=0
split_feature=2 24 87 30 11 125 89 127 52 26 81 24 114 3
split_gain=0.879693 3.30759 4.01228 3.10918 2.64108 2.41232 2.10064 2.18452 1.89724 2.32984 2.18576 1.52158 1.43337 0.695775
threshold=1.880425 2.1999367000000007 0.59031710000000037 2.0721295000000004 17.833333333333339 0.6929100999885045 -0.55284719999999987 0.50765657994983282 0.83333333333333337 6.1000000000000005 -0.6533500000000001 1.6511564000000003 1.7435624538063561 1.5078718333333334
decision_type=2 2 2 2 2 2 2 2 2 2 2 2 2 2
left_child=6 2 3 -2 -4 12 7 11 10 -10 -8 -1 -3 -9
right_child=1 5 4 -5 -6 -7 8 13 9 -11 -12 -13 -14 -15
leaf_value=0.028910502006088901 -0.018908538088391862 0.031187462979480426 0.0037618862955168379 0 -0.023881608507561543 -0.0060304721083017081 -0.028149372075848403 -0.016884041098790627 0.00061119439721317188 0.017812294499590112 -0.0027798725202551034 0.0035351794640977735 0 0.0018861641552671941
leaf_weight=16.635539375245571 63.197321124374866 13.246192678809171 98.266363680362701 25.360963393002748 8.282587528228758 8.1431686878204328 9.5430951118469221 5.7020339742302877 325.19096413627267 20.635362021625042 88.498515229672194 17.301184803247452 7.9881704188883296 6.0129408091306686
leaf_count=53 209 47 354 94 31 37 42 26 1106 80 348 56 30 28
internal_value=0 -0.00262289 -0.00517175 -0.013019 0.00094604 0.012272 0.00114936 0.0112455 0 0.00183014 -0.00601339 0.0178766 0.0214952 -0.00392685
internal_weight=714.004 224.485 195.107 88.5583 106.549 29.3775 489.52 45.6517 443.868 345.826 98.0416 33.9367 21.2344 11.715
internal_count=2541 802 688 303 385 114 1739 163 1576 1186 390 109 77 54
is_linear=0
shrinkage=0.05


Tree=517
num_leaves=6
num_cat=0
split_feature=64 62 122 99 114
split_gain=0.743749 1.01922 1.07897 2.26133 1.56161
threshold=0.3000000000000001 0.70000000000000007 51.865000000000009 0.39230769230769241 1.3333014098485532
decision_type=2 2 2 2 2
left_child=-1 2 4 -4 -2
right_child=1 -3 3 -5 -6
leaf_value=0.012266794086309584 0.0056363588607885847 -0.017431784426888402 -0.01084960580093712 0.0081999719921926739 -0.00063262301434092408
leaf_weight=11.145922735333441 128.05433034524322 7.4898128360509864 56.307459123432636 17.616896573454142 391.85904394462705
leaf_count=43 510 32 257 72 1627
internal_value=0 -0.000229498 0 -0.00559371 0.000823294
internal_weight=612.473 601.328 593.838 73.9244 519.913
internal_count=2541 2498 2466 329 2137
is_linear=0
shrinkage=0.05


Tree=518
num_leaves=8
num_cat=0
split_feature=27 39 37 37 66 74 57
split_gain=0.843321 1.15394 2.47166 1.92567 1.49183 1.16348 0.969093
threshold=8.7000000000000011 16.150000000000002 2.4397870500000001 2.0309290000000004 1.9500000000000002 0.15476190476190479 1.7750000000000001
decision_type=2 2 2 2 2 2 2
left_child=1 3 6 4 -1 -5 -3
right_child=-2 2 -4 5 -6 -7 -8
leaf_value=-0.00062413971165234058 -0.015642564612859771 0.027499648139215977 -0.0065686951397004095 0 0.0070960046176737962 -0.027311917610803968 0
leaf_weight=522.16098456084728 7.4740053564310065 13.522840246558191 10.998864665627478 6.8500838726758984 69.536053767427802 9.3468451350927335 8.2838743105530721
leaf_count=1943 25 54 38 26 389 35 31
internal_value=0 0.000232871 0.00925952 -0.000186552 0.000209211 -0.0167233 0.0193733
internal_weight=648.174 640.7 32.8056 607.894 591.697 16.1969 21.8067
internal_count=2541 2516 123 2393 2332 61 85
is_linear=0
shrinkage=0.05


Tree=519
num_leaves=9
num_cat=0
split_feature=79 37 86 37 23 87 66 82
split_gain=0.859324 1.70801 1.39817 2.78029 4.63275 1.82859 2.16353 1.7719
threshold=-2.2499999999999996 1.0441158950000002 -0.63333333333333319 1.1277020527777781 1.0165671000000003 -1.4375708999999997 0.76388888888888895 -0.060954499999999794
decision_type=2 2 2 2 2 2 2 2
left_child=1 -1 3 4 -2 -4 -7 -5
right_child=2 -3 5 7 -6 6 -8 -9
leaf_value=0 0.0052825810677517961 -0.030278993159003172 -0.02015286976487294 0.019803066800863838 -0.024670479507662442 0.010433295186099962 -0.0012016045800204538 0
leaf_weight=9.1472458243370038 59.819433331489563 5.9564151577651492 10.935018464922903 36.229137759655714 15.260021664202212 42.033882316201925 520.90510474890471 13.314575910568236
leaf_count=31 196 33 37 129 52 172 1834 57
internal_value=0 -0.0114406 0.000240801 0.00507154 -0.000392471 -0.00072827 -0.00022722 0.014185
internal_weight=713.601 15.1037 698.497 124.623 75.0795 573.874 562.939 49.5437
internal_count=2541 64 2477 434 248 2043 2006 186
is_linear=0
shrinkage=0.05


Tree=520
num_leaves=11
num_cat=0
split_feature=88 27 25 7 40 12 41 70 17 110
split_gain=0.734411 2.52938 2.11403 1.75473 1.73804 1.22682 1.55433 5.2242 2.23507 0.664013
threshold=-0.5871698999999998 4.2666666666666675 7.7000000000000002 2.1666666666666674 4.6833333333333345 8.1666666666666696 5.6833333333333345 1.6833333333333336 1.1787130000000003 0.36299663566982004
decision_type=2 2 2 2 2 2 2 2 2 2
left_child=1 2 -1 4 -3 6 8 -8 -2 -4
right_child=5 3 9 -5 -6 -7 7 -9 -10 -11
leaf_value=0.0056321667595299243 0.0067065402498757204 -8.7052653367492711e-05 -0.030040339909767073 -0.017103034709465652 0.018450436915128474 0.020053155633611802 -0.013108152787543688 0.011582388877548961 -0.0007723771166597373 -0.0038239544057444112
leaf_weight=5.0235045403242138 146.0309787131846 25.460514597594738 14.963986024260523 8.1328254230320436 17.130477748811245 7.1372475773096076 68.054534912109375 28.291511576622725 282.94015533477068 9.0620871782302839
leaf_count=21 631 106 75 41 62 27 291 122 1130 35
internal_value=0 -0.00443342 -0.0161105 0.00146959 0.00647408 0.000682394 0.000286612 -0.00529977 0.001667 -0.0226979
internal_weight=612.228 79.7734 29.0496 50.7238 42.591 532.454 525.317 96.346 428.971 24.0261
internal_count=2541 340 131 209 168 2201 2174 413 1761 110
is_linear=0
shrinkage=0.05


Tree=521
num_leaves=9
num_cat=0
split_feature=126 9 5 63 92 103 87 109
split_gain=0.843346 1.27165 1.03238 1.90922 1.481 2.69152 1.92703 1.12927
threshold=0.1191326195839736 1.4576930000000001 2.1666666666666674 1.4500000000000002 -0.98888888888888871 13.500000000000002 -0.6474899999999999 0.27202036807693891
decision_type=2 2 2 2 2 2 2 2
left_child=1 -1 3 7 5 -4 -6 -2
right_child=2 -3 4 -5 6 -7 -8 -9
leaf_value=-0.028450087584487922 0 0 0.012039182251067237 0.0026838258746789325 -0.0073578766413656474 -0.015515833568762696 0.0010961282058935008 -0.033668646609180827
leaf_weight=5.4851687112823111 7.4577793255448359 3.911089688539505 58.212078869342804 11.556764557957647 77.585921552032232 8.0976308956742269 467.94444057904184 7.6306318640708923
leaf_count=55 27 22 214 38 292 29 1839 25
internal_value=0 -0.0141107 0.000244838 -0.00907699 0.000746533 0.00775085 -2.59863e-05 -0.0207998
internal_weight=647.882 9.39626 638.485 26.6452 611.84 66.3097 545.53 15.0884
internal_count=2541 77 2464 90 2374 243 2131 52
is_linear=0
shrinkage=0.05


Tree=522
num_leaves=14
num_cat=0
split_feature=31 89 96 85 4 66 24 80 84 83 94 95 126
split_gain=0.862276 1.73703 2.06981 2.37118 1.81172 1.67643 1.43633 2.39346 3.7998 2.25892 2.20431 2.14909 1.79211
threshold=1.7137141000000002 0.35781230000000014 -0.045275649999999938 -0.22500000000000006 11.833333333333334 0.88194444444444453 2.1192360000000003 -0.90129999999999966 -0.99999999999999956 -0.58333333333333315 -0.53595544999999978 -0.29088695000000003 0.28630315370313902
decision_type=2 2 2 2 2 2 2 2 2 2 2 2 2
left_child=6 2 4 -4 -2 -3 7 8 -1 -9 12 -12 -8
right_child=1 5 3 -5 -6 -7 10 9 -10 -11 11 -13 -14
leaf_value=-0.0069349628290825043 0 0 -0.0023767475809899096 0.021219885740644359 -0.018953651427537434 -0.029628687249724457 0.0028523743580484377 0.0034578130421620938 0.022395091458018233 -0.0037768628498234323 0 0.021052878517905299 -0.021783188195702866
leaf_weight=14.305754616856573 24.227785624563694 5.5871627312153604 18.710802972316742 16.594452288001776 20.231981907039881 10.825616307556627 36.706330969929695 153.84779851138592 26.70414887368679 327.51670159399509 18.179420221596956 32.138189233839512 7.8530554026365271
leaf_count=50 102 29 79 65 81 49 118 573 82 1105 61 122 25
internal_value=0 -0.00439495 -0.000603985 0.00761611 -0.00825533 -0.0188546 0.000671342 -0.000269474 0.011052 -0.00135857 0.00632158 0.0134727 -0.000774708
internal_weight=713.429 96.1778 79.765 35.3053 44.4598 16.4128 617.251 522.374 41.0099 481.365 94.877 50.3176 44.5594
internal_count=2541 405 327 144 183 78 2136 1810 132 1678 326 183 143
is_linear=0
shrinkage=0.05


Tree=523
num_leaves=8
num_cat=0
split_feature=28 127 38 82 127 20 69
split_gain=0.717043 1.05233 1.30241 1.16001 1.07011 2.56669 1.47649
threshold=0.5277777777777779 0.69394085058983268 0.97893060000000032 0.18626986666666662 0.63467839483511967 5.366666666666668 0.95000000000000007
decision_type=2 2 2 2 2 2 2
left_child=-1 4 -3 -4 6 -6 -2
right_child=1 2 3 -5 5 -7 -8
leaf_value=0.011975403599699595 -0.0058261356368003543 0.0041473775881981194 -0.027524069789004041 0 -0.0036163478925744599 0.028821952563437767 0.00084808109958370119
leaf_weight=11.26524084061384 98.861796617507935 4.291940130293372 10.519557550549505 4.2256807759404174 8.5046252012252825 9.7583179920911771 464.49037329666317
leaf_count=47 398 28 63 26 38 36 1905
internal_value=0 -0.000236481 -0.011526 -0.0192373 6.63713e-05 0.011717 -0.000242818
internal_weight=611.918 600.652 19.0372 14.7452 581.615 18.2629 563.352
internal_count=2541 2494 117 89 2377 74 2303
is_linear=0
shrinkage=0.05


Tree=524
num_leaves=15
num_cat=0
split_feature=72 17 9 16 75 22 103 100 22 13 88 54 30 82
split_gain=0.85415 2.58734 2.43164 2.31875 2.34364 1.92722 2.40178 2.63255 2.32857 3.66316 2.83688 1.65706 1.13778 0.549366
threshold=1.9500000000000002 1.6163387000000002 1.6270440000000004 1.1975640000000003 2.2500000000000004 0.90000000000000013 7.5000000000000009 0.26136363636363641 1.2250000000000003 6.416666666666667 -0.72412699999999985 1.3666666666666669 1.1279212000000003 -0.1102615
decision_type=2 2 2 2 2 2 2 2 2 2 2 2 2 2
left_child=5 3 -3 12 -5 6 7 -1 10 -10 -7 -8 -2 -4
right_child=1 2 13 4 -6 8 11 -9 9 -11 -12 -13 -14 -15
leaf_value=0.0032608084176425967 -0.0025436032850074007 -0.0066052143444100516 0 -0.02180125747222247 -0.0018822287717743845 0.019311113309034511 -0.019827941700314239 0.032537154163076384 -1.037040376963087e-05 0.015448079627971498 -0.0096672113185625411 0.0065239309255733322 0.018759776691398243 0.027418427943684234
leaf_weight=23.406791049987078 8.4718135446310061 11.228863865137102 6.686406865715985 34.986291043460369 35.834056004881859 7.3344928957521907 8.4930805116891879 15.434920236468313 329.29160033445805 41.468168906867504 93.526988593861461 11.876756511628626 8.760267645120619 10.831667631864544
leaf_count=86 28 39 25 142 125 26 29 48 1373 146 354 44 32 44
internal_value=0 -0.00384078 0.00814967 -0.00836438 -0.0125852 0.000864694 0.00930237 0.0166743 -0.000106296 0.00162101 -0.00690019 -0.00253728 0.00597891 0.0201534
internal_weight=647.632 116.799 28.7469 88.0524 70.8203 530.833 59.2115 38.8417 471.621 370.76 100.861 20.3698 17.2321 17.5181
internal_count=2541 435 108 327 267 2106 207 134 1899 1519 380 73 60 69
is_linear=0
shrinkage=0.05


Tree=525
num_leaves=9
num_cat=0
split_feature=10 36 36 38 13 80 2 34
split_gain=0.860629 1.87899 1.17433 1.83917 1.24677 2.4286 2.22159 0.130921
threshold=0.64857566666666677 1.1458333333333337 0.61250000000000016 0.9481797500000001 3.8333333333333335 1.1780310000000003 1.1187603333333334 5.354166666666667
decision_type=2 2 2 2 2 2 2 2
left_child=1 7 3 -2 5 -4 -6 -1
right_child=2 -3 4 -5 6 -7 -8 -9
leaf_value=-0.0027369536724865915 0 0.0062253079641060209 -0.0045003402411937961 0.029982563192681819 0.0083775709372865045 0.019172291597742835 -0.00016101116199220618 -0.03004243948553947
leaf_weight=5.8017258942127246 6.2281152382493001 5.9936445355415335 209.21103588864207 7.4364753216505051 91.674749337136745 9.8034576848149282 370.25483695790172 6.5387763269245625
leaf_count=35 29 21 712 26 345 42 1297 34
internal_value=0 -0.0104252 0.000268799 0.0142697 0 -0.00313113 0.00143999 -0.0221205
internal_weight=712.943 18.3341 694.609 13.6646 680.944 219.014 461.93 12.3405
internal_count=2541 90 2451 55 2396 754 1642 69
is_linear=0
shrinkage=0.05


Tree=526
num_leaves=12
num_cat=0
split_feature=17 123 17 115 38 3 94 68 10 87 111
split_gain=0.720838 2.24885 1.64026 2.7125 2.06118 2.01072 3.55355 1.89828 1.36959 1.66376 1.13896
threshold=0.72008460000000019 0.6487733259148889 0.94063200000000013 2.5986327086940872 1.8460188000000002 0.98118216666666669 0.46910895000000002 0.2678571428571429 1.2353395000000003 0.085892099999999597 1.0544478951000691
decision_type=2 2 2 2 2 2 2 2 2 2 2
left_child=1 8 3 4 -2 6 -4 -7 -1 -10 -5
right_child=2 -3 5 10 -6 7 -8 -9 9 -11 -12
leaf_value=0 -0.0040039350980727714 0.015192648083359345 -0.016626469028051039 0.038802761749938096 0.016066686750075772 0.003306228636532467 0.0083708840293178349 -0.003315516397175955 0 -0.032474035595692251 0.0042885072643395082
leaf_weight=7.4576941169798436 41.018650114536285 5.91578753478825 44.775391019880772 7.9245944358408478 16.63186539709568 267.25819631665945 16.904264036566019 176.55849308148026 6.5158188864588764 11.62255411967635 8.9680411890149099
leaf_count=33 170 43 196 26 69 1086 72 707 29 75 35
internal_value=0 -0.00723543 0.000414961 0.00733478 0.00110904 -0.000519221 -0.0089536 0.000558038 -0.0146753 -0.0218677 0.0245379
internal_weight=611.551 31.5119 580.039 74.5432 57.6505 505.496 61.6797 443.817 25.5961 18.1384 16.8926
internal_count=2541 180 2361 300 239 2061 268 1793 137 104 61
is_linear=0
shrinkage=0.05


Tree=527
num_leaves=16
num_cat=0
split_feature=89 44 45 15 89 32 89 101 125 88 80 63 27 88 111
split_gain=0.847473 2.5474 3.39647 3.5266 2.64516 3.65269 2.41192 2.04139 2.81748 3.76549 2.23791 2.61888 1.95498 1.85395 1.65178
threshold=-0.083164099999999977 1.0000000180025095e-35 1.1666666666666667 0.63333333333333341 -0.30109985000000006 15.950000000000001 -0.14158190000000001 2.2928571428571431 0.2343760438881797 0.21062890000000015 -0.44730666666666685 2.3000000000000003 5.7083333333333348 -0.42525189999999985 1.0531783793620819
decision_type=2 2 2 2 2 2 2 2 2 2 2 2 2 2 2
left_child=1 4 3 -3 5 -1 -4 8 14 -10 13 -12 -6 -9 -2
right_child=7 2 6 -5 12 -7 -8 10 9 -11 11 -13 -14 -15 -16
leaf_value=-0.0045512917293606256 -0.0047538825138538424 0.031175898891850459 -0.011932345159788901 0.00041347777999516859 0.020286261783962492 0.020561180643285382 0.007899086728785051 0.022466631119177561 -0.022755958839778805 0.0063607421861637016 -0.0058267968130440639 0.00847126482079129 0 0.002380365682659152 0.023143153433814186
leaf_weight=61.595022313296795 7.607250362634657 10.466449275612829 81.723440261557698 70.084512362256646 43.626408610492945 17.599857356399298 14.918791983276604 15.756976932287214 40.113125255331397 11.430876275524495 152.17494960688055 37.358005166053772 11.144549973309038 63.626432306133211 7.7860692292451859
leaf_count=218 25 38 334 250 161 81 56 61 172 45 658 139 41 237 25
internal_value=0 0.00189026 -0.0018209 0.005357 0.00714651 0.000592891 -0.00830932 -0.00172583 -0.0094805 -0.015349 4.71586e-05 -0.00271648 0.0155455 0.00721924 0.00685764
internal_weight=647.013 311.159 177.193 80.551 133.966 79.1949 96.6422 335.854 66.9373 51.544 268.916 189.533 54.771 79.3834 15.3933
internal_count=2541 1179 678 288 501 299 390 1362 267 217 1095 797 202 298 50
is_linear=0
shrinkage=0.05


Tree=528
num_leaves=10
num_cat=0
split_feature=25 40 59 2 3 110 4 37 92
split_gain=0.841803 1.20587 2.89692 3.37149 2.54759 2.29562 2.69698 1.62724 0.673672
threshold=18.900000000000002 5.2250000000000005 0.22500000000000003 1.8507398333333336 1.3868733333333336 0.51806903052322451 10.16666666666667 1.55645996 0.40000000000000002
decision_type=2 2 2 2 2 2 2 2 2
left_child=1 5 3 -3 -4 7 -7 -1 -2
right_child=8 2 4 -5 -6 6 -8 -9 -10
leaf_value=0.0013473291838444618 -0.025520966030033621 0.021905300259102027 0.0024656255763903867 -0.0040037806685129899 -0.026578012585782237 0.0061657695006994192 -0.020883189933673486 -0.0061239760451116043 0
leaf_weight=501.62068834900856 4.7827334962785226 35.611801940947771 22.382924403995279 14.257835015654562 8.8625993691384775 9.5628837533295137 27.009766060858965 83.681247070431709 4.8481867648661137
leaf_count=1673 28 151 84 57 36 56 155 279 22
internal_value=0 0.000177891 0.00592374 0.0135818 -0.00479058 -0.000499612 -0.0125039 0.000185245 -0.0139952
internal_weight=712.621 702.99 81.1152 49.8696 31.2455 621.875 36.5726 585.302 9.63092
internal_count=2541 2491 328 208 120 2163 211 1952 50
is_linear=0
shrinkage=0.05


Tree=529
num_leaves=15
num_cat=0
split_feature=106 25 6 37 37 83 45 8 96 18 26 26 0 98
split_gain=0.725569 2.17159 3.76512 2.95579 3.84396 3.20395 2.065 2.59129 2.90376 2.58679 3.39974 2.44499 1.98544 1.40477
threshold=2.9750000000000005 15.300000000000002 5.5833333333333348 1.2635678000000001 1.1315926500000002 -1.1666666666666663 1.8333333333333337 1.4166666666666667 -0.10142859999999997 13.775000000000002 3.9000000000000004 3.6333333333333337 2.1666666666666674 0.049999999999999996
decision_type=2 2 2 2 2 2 2 2 2 2 2 2 2 2
left_child=1 3 -3 4 -1 -5 7 11 -9 10 -8 -2 -11 -4
right_child=6 2 13 5 -6 -7 9 8 -10 12 -12 -13 -14 -15
leaf_value=0.0024752984788959462 0 -0.029909500611959235 -0.0052537073078464148 0.019900799928224258 -0.014404799543245901 0.0030579980273675198 -0.0046439357407314849 -0.01074609836779083 0.0073525669271377967 0.0073495990515269191 0.028474472864788703 -0.018805650806699652 -0.011594606276401728 0.020355729312897725
leaf_weight=125.39721206389368 25.233155772089958 13.525442250072954 13.1006385833025 40.088786274194717 43.851267220452428 125.58213562890887 8.5973706990480441 35.458969846367836 55.402948416769505 24.377581559121609 18.743201702833176 48.341399900615215 26.766089852899313 6.6532789021730414
leaf_count=532 103 65 59 149 188 496 36 147 214 103 66 214 142 27
internal_value=0 0.00140532 -0.0102902 0.00274347 -0.00166347 0.00752853 -0.00210885 -0.00541947 0 0.00417927 0.0164996 -0.0123299 -0.0016382 0.00152778
internal_weight=611.119 368.199 33.2794 334.919 169.248 165.671 242.921 164.436 90.8619 78.4842 27.3406 73.5746 51.1437 19.7539
internal_count=2541 1516 151 1365 720 645 1025 678 361 347 102 317 245 86
is_linear=0
shrinkage=0.05


Tree=530
num_leaves=14
num_cat=0
split_feature=77 8 39 23 63 42 80 36 28 81 78 39 32
split_gain=0.840552 2.90439 2.84088 3.24749 2.60578 2.94706 2.55931 2.26849 1.94416 2.50787 2.06374 1.24162 0.733069
threshold=0.18333333333333338 2.1666666666666674 9.3166666666666682 1.3611509500000003 0.63333333333333341 1.0000000180025095e-35 -0.083494000000000054 1.4365079365079367 2.4500000000000006 0.90690450000000011 0.58333333333333348 8.2111111111111121 12.183333333333335
decision_type=2 2 2 2 2 2 2 2 2 2 2 2 2
left_child=4 8 11 -4 6 -6 12 -7 9 -2 -10 -3 -1
right_child=1 2 3 -5 5 7 -8 -9 10 -11 -12 -13 -14
leaf_value=0.014116785005162811 -0.00040377338941891298 0.0033421469414343578 0.026088685147537979 0.00030158760390242348 0.014582336320408389 0.0028744747188888566 0.037722294909774544 -0.012565940842532645 0.010546814420946701 0.019095285021523946 -0.020297957656490284 -0.020573933142200081 -0.008426452894908008
leaf_weight=4.7752030491828945 382.82062245160341 6.6103110201656801 31.56079563498497 26.093158796429634 12.795383200049399 25.027163650840521 5.7982046604156485 92.188439183868468 4.0588993728160885 16.125095777213573 22.075390949845314 7.8960287142544985 8.6017082482576352
leaf_count=19 1394 28 111 94 45 93 28 428 25 53 133 41 49
internal_value=0 0.00101769 0.0102521 0.0154745 -0.003249 -0.00606832 0.0127416 -0.00884981 -0.000452957 0.000305121 -0.0134526 -0.00693855 0
internal_weight=646.426 497.24 72.1603 57.654 149.186 130.011 19.1751 117.216 425.08 398.946 26.1343 14.5063 13.3769
internal_count=2541 1879 274 205 662 566 96 521 1605 1447 158 69 68
is_linear=0
shrinkage=0.05


Tree=531
num_leaves=10
num_cat=0
split_feature=107 92 34 123 32 56 111 88 118
split_gain=0.828283 1.14099 1.12036 2.79523 1.59557 3.27065 2.66401 1.32098 0.435143
threshold=1.0000000180025095e-35 -0.29999999999999993 3.8166666666666669 0.59262397819569679 12.450000000000001 1.0000000180025095e-35 1.059214809996109 -0.097229800000000019 70.700000000000003
decision_type=2 2 2 2 2 2 2 2 2
left_child=1 -1 3 7 5 -4 -6 -2 -3
right_child=2 8 4 -5 6 -7 -8 -9 -10
leaf_value=-0.0033023949944756279 -0.012517027066323454 0.0002017333806746857 -0.0064592091461652228 -0.029884416563680457 -0.0031960110460503271 0.0076843921325457287 0.0076453918734520109 0.0070410208873915902 0.024631867824200598
leaf_weight=5.9911603257060078 13.321650143712757 7.9345028325915363 51.435758365318179 10.057295124977825 379.38956813514233 150.92383658885956 63.780737496912479 20.352841850370169 8.6305177584290487
leaf_count=23 56 29 193 50 1314 534 232 78 32
internal_value=0 0.0091667 -0.000363726 -0.00803365 9.01639e-05 0.00382942 -0.00150946 0 0.0164543
internal_weight=711.818 22.5562 689.262 43.7318 645.53 202.36 443.17 33.6745 16.565
internal_count=2541 84 2457 184 2273 727 1546 134 61
is_linear=0
shrinkage=0.05


Tree=532
num_leaves=10
num_cat=0
split_feature=81 95 124 38 75 87 87 41 51
split_gain=0.717887 2.18163 1.88017 2.13606 1.93401 1.56139 4.10404 3.14189 1.06933
threshold=-0.033448333333333295 0.31895085000000006 0.40237470860277624 1.0059170000000004 2.1055555555555561 -0.43791569999999991 -0.011074200000000143 3.6125000000000003 2.1666666666666674
decision_type=2 2 2 2 2 2 2 2 2
left_child=1 5 -2 8 -5 7 -7 -1 -4
right_child=2 -3 3 4 -6 6 -8 -9 -10
leaf_value=0.0075806780030774918 0.020818630467704682 -0.025328889548004246 -0.027995255005746008 0.00026051981444294691 0.014284450041779084 0.011519869892505414 -0.0027917757076420689 -0.012740887001346214 0
leaf_weight=23.236487351357937 11.728094384074209 8.5194997787475568 8.0797108933329564 226.95874543860555 27.823144674301147 69.053650118410587 167.24598151631653 61.703705377876759 6.1934885978698722
leaf_count=89 49 52 42 900 100 270 735 273 31
internal_value=0 -0.00156908 0.00186527 0.000779917 0.00203732 -0.000707138 0.00121072 -0.00657634 -0.0170554
internal_weight=610.543 329.759 280.783 269.055 254.782 321.24 236.3 84.9402 14.2732
internal_count=2541 1419 1122 1073 1000 1367 1005 362 73
is_linear=0
shrinkage=0.05


Tree=533
num_leaves=9
num_cat=0
split_feature=27 89 101 69 35 44 10 45
split_gain=0.8182 1.05322 2.64486 3.35404 2.5135 2.41129 3.29363 3.09244
threshold=8.7000000000000011 -0.065665999999999877 2.2928571428571431 0.95000000000000007 0.89444444444444449 1.0000000180025095e-35 1.5187381666666671 1.1666666666666667
decision_type=2 2 2 2 2 2 2 2
left_child=1 5 3 -3 -4 6 -1 -7
right_child=-2 2 4 -5 -6 7 -8 -9
leaf_value=0.015553902066132426 -0.015429658943747341 0.0049171745112899278 0.018886170694745963 -0.018690822666411776 -0.00075708077477685274 0.0054586233966507592 0 -0.0074606430037673678
leaf_weight=64.213970046490431 7.426644191145896 17.932248972356319 16.311572695150971 43.117590490728617 244.42660679668188 84.213125754147768 71.000726714730263 96.829664727672935
leaf_count=233 25 60 79 188 982 301 276 397
internal_value=0 0.000248086 -0.00167404 -0.0109831 0.000348216 0.00236053 0.00744136 -0.00117953
internal_weight=645.472 638.046 321.788 61.0498 260.738 316.257 135.215 181.043
internal_count=2541 2516 1309 248 1061 1207 509 698
is_linear=0
shrinkage=0.05


Tree=534
num_leaves=8
num_cat=0
split_feature=124 123 24 81 91 100 100
split_gain=0.850631 1.61211 1.60358 1.92653 1.36819 3.30678 2.15633
threshold=0.41366538010012638 0.35495644062410892 1.8959384000000001 -0.0074575000000000049 -1.3666666666666663 0.17424242424242428 0.13392857142857145
decision_type=2 2 2 2 2 2 2
left_child=2 -2 3 -1 5 -3 -6
right_child=1 4 -4 -5 6 -7 -8
leaf_value=0.013103518455960512 -0.025658326724133318 -0.020586580326939205 0.02212989373068916 -0.013119837779608599 0.0059619924851992395 0 -0.00099826769075555795
leaf_weight=13.197046000510454 5.3149340748786917 25.957501854747534 11.240212462842463 12.819005195051432 146.38294201716781 67.432192943990231 429.11931177973747
leaf_count=48 18 138 46 47 511 294 1439
internal_value=0 -0.000457139 0.00720412 0 -0.000144251 -0.00578405 0.000692663
internal_weight=711.463 674.207 37.2563 26.0161 668.892 93.3897 575.502
internal_count=2541 2400 141 95 2382 432 1950
is_linear=0
shrinkage=0.05


Tree=535
num_leaves=15
num_cat=0
split_feature=23 41 95 90 96 89 41 60 41 23 102 12 116 28
split_gain=0.709028 3.17912 2.25646 1.72427 3.00192 2.31615 2.80583 2.38114 2.27681 2.01747 1.67704 1.64044 1.60959 0.966242
threshold=0.83238330000000005 3.4722222222222228 -0.16851609999999992 0.19999999999999987 -0.35366179999999986 -0.20104939999999996 4.5357142857142865 1.3666666666666669 4.1055555555555561 1.9660140000000002 6.5000000000000009 2.8333333333333335 0.94222476874116312 1.3166666666666669
decision_type=2 2 2 2 2 2 2 2 2 2 2 2 2 2
left_child=1 10 11 4 9 7 -7 -5 -6 -2 -1 -3 -4 -12
right_child=3 2 12 5 8 6 -8 -9 -10 -11 13 -13 -14 -15
leaf_value=0.026064061175435235 -0.021012050573894766 -0.011379362065131689 -0.02552717982467009 0.0047348039222044995 -0.0077205564875156745 0.0066757803930240977 -0.00825701857272855 0.025197344549409941 0.0027795522336325693 0.0013205207697956766 0.011777793498126951 0.014688874273007156 0 -0.012441520894202683
leaf_weight=8.4890679344534892 29.169018432497978 12.017029792070391 24.936101283878092 71.446560921147466 66.865164615213871 66.015984006226063 58.079547615721822 20.846515491604805 212.31608998216689 9.0867684185504896 6.8047153130173665 10.195309519767759 6.2321440652012816 7.6113475486636162
leaf_count=32 131 56 124 291 272 280 242 77 869 39 25 42 28 33
internal_value=0 -0.00446625 -0.0115351 0.000657094 -0.00157528 0.00415412 0 0.0101132 6.76932e-05 -0.0145353 0.00970954 0 -0.0200075 0
internal_weight=610.111 76.2857 53.3806 533.826 317.437 216.389 124.096 92.2931 279.181 38.2558 22.9051 22.2123 31.1682 14.4161
internal_count=2541 340 250 2201 1311 890 522 368 1141 170 90 98 152 58
is_linear=0
shrinkage=0.05


Tree=536
num_leaves=11
num_cat=0
split_feature=82 31 96 99 2 16 20 68 75 96
split_gain=0.837357 1.36372 1.20894 2.36151 2.31244 1.50267 3.13667 2.91507 1.08915 0.769493
threshold=1.0170083333333333 1.2017115000000003 0.1725047499999999 0.5634920634920636 1.9576100000000001 1.2313302000000002 4.9000000000000012 0.21111111111111114 1.8785714285714288 0.21316985000000002
decision_type=2 2 2 2 2 2 2 2 2 2
left_child=2 -2 5 4 -4 7 -7 -1 -3 -5
right_child=1 8 3 9 -6 6 -8 -9 -10 -11
leaf_value=0.01100609735686456 -0.0034655360493726674 0.03169043773186208 -0.0053072986519560788 0 0.01356517051715523 -0.0083886579922882159 0.0019161437544574296 -0.0029313456625347798 0 -0.032111192774854434
leaf_weight=85.561202116310596 7.4293096326291588 7.0277949571609524 94.566236332058907 4.3406621776521197 17.758983879350126 101.62477489188313 250.87995779886842 57.671091884374619 9.1339999437332136 8.9883296620100719
leaf_count=285 37 22 346 19 84 382 1070 202 33 61
internal_value=0 0.00908848 -0.000316021 -0.00473066 -0.00178892 0.00070957 -0.000928547 0.00506624 0.0176385 -0.0241768
internal_weight=644.982 23.5911 621.391 125.654 112.325 495.737 352.505 143.232 16.1618 13.329
internal_count=2541 92 2449 510 430 1939 1452 487 55 80
is_linear=0
shrinkage=0.05


Tree=537
num_leaves=13
num_cat=0
split_feature=88 100 22 99 23 13 95 82 110 75 63 1
split_gain=0.828972 2.15327 1.7613 2.05865 1.87425 1.7587 3.90681 2.89336 2.41385 2.80872 1.99158 1.29341
threshold=0.099312000000000081 0.5634920634920636 1.1000000000000003 0.48076923076923084 0.96741439000000018 5.8333333333333348 -0.025335750000000098 -0.2460593333333333 0.5705656927283641 1.8785714285714288 1.9000000000000001 1.8333333333333337
decision_type=2 2 2 2 2 2 2 2 2 2 2 2
left_child=5 2 4 -4 -2 8 7 -7 9 -1 -8 -10
right_child=1 -3 3 -5 -6 6 10 -9 11 -11 -12 -13
leaf_value=0.0018165046457209644 -0.03120941612370659 -0.023666190242821614 0.0053732868457737953 -0.005803052933436699 -0.0037189988957795116 0 0 -0.020632138564143448 -0.028169429009808778 0.015375296813856737 0.027177376653605409 0
leaf_weight=317.10365709662437 7.7165555208921424 10.6298930644989 111.85123076289892 61.475446835160255 48.046126391738653 34.210559386759996 16.010612413287166 36.506645565852523 8.2155033871531469 45.049843549728394 9.9641720652580243 3.9868358932435504
leaf_count=1064 27 39 380 217 187 130 56 155 67 149 34 36
internal_value=0 -0.00243372 -0.00113264 0.0011119 -0.00888684 0.00117042 -0.00461968 -0.0110347 0.00280747 0.00367852 0.0107535 -0.0175776
internal_weight=710.767 239.719 229.089 173.327 55.7627 471.048 96.692 70.7172 374.356 362.154 25.9748 12.2023
internal_count=2541 850 811 597 214 1691 375 285 1316 1213 90 103
is_linear=0
shrinkage=0.05


Tree=538
num_leaves=14
num_cat=0
split_feature=82 125 46 101 89 124 89 99 103 101 126 91 41
split_gain=0.751577 2.10708 2.65572 2.42662 1.55701 2.22838 1.74388 1.62983 1.51598 1.30233 1.28058 0.966664 0.366842
threshold=0.30268200000000012 0.54148398755265925 2.8333333333333335 1.7750000000000001 0.36514024999999989 0.54871644903966132 0.27505610000000008 0.67948717948717963 6.5000000000000009 3.1180555555555558 0.21440210010696548 0.68333333333333346 4.8730158730158744
decision_type=2 2 2 2 2 2 2 2 2 2 2 2 2
left_child=4 2 3 -2 6 -6 7 -1 10 -10 -3 -8 -7
right_child=1 8 -4 -5 5 12 11 -9 9 -11 -12 -13 -14
leaf_value=0.0018735753733527657 0.011065764176106916 0 0.018541635703792039 -0.012381420749204002 -0.0026044692099661954 0.033230321355586609 -0.025191505849062469 -0.0093553474979582163 -0.011826202776353224 0.015293086531389461 0.030405381925728947 0 0.0050464654701330297
leaf_weight=398.98362100683153 9.5656738802790624 6.9533676486462346 7.249681130051612 87.897472247481346 8.7825635019689816 8.5332739949226397 9.1756902337074262 33.292048312723637 12.143788540735843 5.0960309170186511 8.3397259786725026 5.9275636151432982 7.5762406326830378
leaf_count=1602 34 36 27 399 38 28 38 167 62 23 31 30 26
internal_value=0 -0.00322243 -0.00691304 -0.00948334 0.000967918 0.0129227 0.000163907 0.000873775 0.00701728 -0.000669633 0.0182607 -0.0158411 0.0239676
internal_weight=609.517 137.246 104.713 97.4631 472.271 24.8921 447.379 432.276 32.5329 17.2398 15.2931 15.1033 16.1095
internal_count=2541 612 460 433 1929 92 1837 1769 152 85 67 68 54
is_linear=0
shrinkage=0.05


Tree=539
num_leaves=16
num_cat=0
split_feature=19 24 16 24 112 8 3 99 106 102 112 110 4 3 24
split_gain=0.818998 2.64231 2.38331 2.36056 1.99175 1.86036 2.80804 2.79838 2.4248 3.39915 2.0562 1.7282 1.20636 0.317211 0.0258462
threshold=3.4500000000000006 1.8358770000000004 1.0079118000000002 1.5505827000000003 0.53557273883644652 2.1666666666666674 1.9120148333333333 0.43650793650793657 3.5250000000000004 6.5000000000000009 0.53557273883644652 0.36597976646751312 8.8333333333333339 1.2681168333333337 2.1999367000000007
decision_type=2 2 2 2 2 2 2 2 2 2 2 2 2 2 2
left_child=1 3 12 4 -1 8 7 -7 10 -10 -2 -5 -3 -4 -8
right_child=5 2 13 11 -6 6 14 -9 9 -11 -12 -13 -14 -15 -16
leaf_value=-0.007988270743605785 0.00028393275548751801 -0.013100159039174357 -0.0015109010190986118 0.024434366980632054 0.016116849308304228 -0.0046025218261139108 0.0079226664926397902 0.014091624737481327 -0.005283885256787811 0.027845461091895375 -0.0082870372630970621 0 0.012284448964913573 -0.028519088104659918 0.034921349262667732
leaf_weight=55.667638428509235 309.56175994500518 7.865688823163512 5.7155732586979893 14.516235344111921 8.1285519301891309 44.934001502580941 7.0346525162458411 32.014642205089331 9.6628982834517974 16.364552326500416 85.940032079815865 12.660761728882788 8.9028231203556043 17.309644632041454 8.0930229723453504
leaf_count=186 1218 27 23 50 28 195 28 164 44 59 356 41 30 62 30
internal_value=0 -0.00348459 -0.0141397 0.000735636 -0.00394395 0.000932559 0.0073597 0.00261477 -0.000367109 0.0139555 -0.00146859 0.0132453 0 -0.0242379 0.0267364
internal_weight=644.372 130.767 39.7937 90.9732 63.7962 513.606 92.0763 76.9486 421.529 26.0275 395.502 27.177 16.7685 23.0252 15.1277
internal_count=2541 447 142 305 214 2094 417 359 1677 103 1574 91 57 85 58
is_linear=0
shrinkage=0.05


Tree=540
num_leaves=9
num_cat=0
split_feature=88 88 32 123 118 24 25 9
split_gain=0.832921 2.03763 2.45648 2.62754 1.63395 1.46036 1.3709 1.33797
threshold=0.91929340000000015 0.56981740000000025 12.750000000000002 0.50834326865483026 59.45000000000001 1.3143745000000002 6.1000000000000005 1.5485805000000001
decision_type=2 2 2 2 2 2 2 2
left_child=1 6 3 -3 -4 -2 -1 -8
right_child=5 2 4 -5 -6 -7 7 -9
leaf_value=-0.017682667979596247 0.027939201556594379 -0.017016734610955674 0 0.02062775082742848 -0.026395204185668059 0 0.0022397890151529764 -0.0026980769267073187
leaf_weight=9.2053043916821462 6.2513450831174877 6.3888740390539196 8.5516146868467349 9.6838888935744745 20.827317133545876 9.986160106956957 449.09455838426948 190.24665742740035
leaf_count=30 24 24 30 32 74 36 1546 745
internal_value=0 -0.000323695 -0.010476 0.00261528 -0.0191343 0.010797 0.000325861 0.000690442
internal_weight=710.236 693.998 45.4517 16.0728 29.3789 16.2375 648.547 639.341
internal_count=2541 2481 160 56 104 60 2321 2291
is_linear=0
shrinkage=0.05


Tree=541
num_leaves=14
num_cat=0
split_feature=109 93 17 111 24 103 106 126 19 111 45 81 78
split_gain=0.710282 2.59245 2.84823 3.64194 2.72116 2.53635 2.50896 2.43101 2.21179 3.01698 2.22409 1.71826 0.838289
threshold=0.27139815317599131 0.63333333333333341 1.8335973000000003 1.0529896057199926 1.2978595000000002 3.5000000000000004 3.1750000000000003 0.24201474881550822 3.1000000000000005 1.0540970135308589 3.1666666666666674 -0.11164649999999997 -1.0000000180025095e-35
decision_type=2 2 2 2 2 2 2 2 2 2 2 2 2
left_child=5 2 4 -4 -2 6 7 -1 9 -7 -10 -3 -8
right_child=1 11 3 -5 -6 8 12 -9 10 -11 -12 -13 -14
leaf_value=0 -0.014791608129355573 0.033613323910878956 0.026856620807381638 -0.0047014009906073632 0.00098766998675125801 -0.0085091916616965458 0 0.021490881962867581 -0.0050834401023991983 0.02269621112731434 0.014158303583909099 0 -0.01990997920714152
leaf_weight=16.959335118532181 33.805603787302971 9.6338743716478366 19.847481682896618 11.741129189729689 105.95305535197258 9.568241976201536 5.3902771919965744 31.841153651475906 315.7396604437381 17.748047098517418 13.580721974372862 9.9429305344820005 7.1944259703159315
leaf_count=81 134 32 65 48 387 43 22 112 1409 69 64 35 40
internal_value=0 0.00254963 0.000236704 0.0138083 -0.00255186 -0.00112262 0.00797793 0.0135106 -0.00284676 0.0100854 -0.00409811 0.0193684 -0.00921119
internal_weight=608.946 190.924 171.347 31.5886 139.759 418.022 61.3852 48.8005 356.637 27.3163 329.32 19.5768 12.5847
internal_count=2541 701 634 113 521 1840 255 193 1585 112 1473 67 62
is_linear=0
shrinkage=0.05


Tree=542
num_leaves=10
num_cat=0
split_feature=126 11 21 21 92 88 96 2 86
split_gain=0.813076 1.22024 1.06581 2.68871 2.90184 2.58758 1.99852 3.25289 2.9668
threshold=0.1191326195839736 14.16666666666667 1.1000000000000003 1.3666666666666669 -0.98888888888888871 -0.14432009999999992 -0.25070742499999993 1.9834750000000001 -0.59999999999999964
decision_type=2 2 2 2 2 2 2 2 2
left_child=1 -1 6 5 -5 -4 8 -8 -2
right_child=2 -3 3 4 -6 -7 7 -9 -10
leaf_value=-0.027860945821329954 -0.010998833802935091 0 -0.019400930571350831 0.016598247217144896 -0.00049833037003829412 -0.0010204106469495261 0.002527530065433803 0.021929733695463676 0.0071804137032867787
leaf_weight=5.4949804637581092 49.891602512449026 3.7544883489608765 34.980579469352961 25.87421378493309 276.95395642146468 54.900539821013808 128.07838635891676 27.517014622688293 36.385945238173008
leaf_count=59 198 18 145 88 1047 217 482 141 146
internal_value=0 -0.0139375 0.000256099 -0.00126374 0.000847689 -0.00885881 0.00292465 0.00639623 -0.00276476
internal_weight=643.832 9.24947 634.582 392.709 302.828 89.8811 241.873 155.595 86.2775
internal_count=2541 77 2464 1497 1135 362 967 623 344
is_linear=0
shrinkage=0.05


Tree=543
num_leaves=10
num_cat=0
split_feature=83 89 126 123 46 75 125 90 34
split_gain=0.829308 1.20205 1.03663 2.37341 2.82898 2.60986 2.36918 3.40655 2.21681
threshold=2.1666666666666674 -0.25235200000000002 0.25601165702606632 0.598233653208468 1.8333333333333337 1.5277777777777779 0.45222823925294059 0.90000000000000036 7.8166666666666673
decision_type=2 2 2 2 2 2 2 2 2
left_child=2 -2 3 5 -5 -1 8 -8 -4
right_child=1 -3 6 4 -6 -7 7 -9 -10
leaf_value=-0.011745711251615302 0 0.026508443759068495 -0.0017291678965524551 -0.0021795991211275411 0.010662103572790391 0.0010629643324757553 0.015006232732006908 -0.0092053039985843833 0.019912529370910235
leaf_weight=99.905472956597805 6.1824337095022202 6.138140030205248 242.80673369392753 156.25315690040588 56.671038443222642 54.40313745290041 60.601444326341152 15.549559369683264 11.297256246209143
leaf_count=335 22 32 838 588 230 222 190 48 36
internal_value=0 0.0122865 -0.000298961 -0.00218386 0.00103843 -0.00693017 0.00164631 0.00935907 -0.000496712
internal_weight=709.808 12.3206 697.488 367.233 212.924 154.309 330.255 76.151 254.104
internal_count=2541 54 2487 1375 818 557 1112 238 874
is_linear=0
shrinkage=0.05


Tree=544
num_leaves=12
num_cat=0
split_feature=78 81 32 68 87 82 18 126 81 30 23
split_gain=0.700489 2.84796 2.57974 1.99182 1.51788 2.26395 2.25329 1.61996 1.27009 1.26029 0.910312
threshold=1.416666666666667 0.72330533333333369 18.725000000000005 0.23611111111111113 1.2386535000000001 -0.10721999999999997 19.300000000000001 0.25601165702606632 0.040764166666666719 1.5743420500000003 1.6763755000000005
decision_type=2 2 2 2 2 2 2 2 2 2 2
left_child=4 2 9 10 6 -6 7 -1 -8 -2 -3
right_child=1 3 -4 -5 5 -7 8 -9 -10 -11 -12
leaf_value=0.00342629634344774 0 -0.013859521995132559 0.0048908049641057331 0.024330277517475921 0.030401063789352631 -0.0021197070744759599 -0.027786849422745976 -0.0020609903369193899 0 -0.03012388067405344 0.0076453994561540136
leaf_weight=269.90978294238448 3.9722533822059694 9.3301131166517752 6.6388017088174811 8.6307775527238828 9.3890708610415441 5.5853924155235282 10.114720726385711 257.14217124134302 3.8027221728116265 18.047221455723047 5.7920369356870642
leaf_count=1144 17 51 35 32 33 30 72 995 22 89 21
internal_value=0 -0.00542876 -0.0162866 0.0057802 0.000563927 0.0157676 2.25028e-05 0.000655596 -0.0190376 -0.0247787 -0.00255813
internal_weight=608.355 52.4112 28.6583 23.7529 555.944 14.9745 540.969 527.052 13.9174 22.0195 15.1222
internal_count=2541 245 141 104 2296 63 2233 2139 94 106 72
is_linear=0
shrinkage=0.05


Tree=545
num_leaves=15
num_cat=0
split_feature=87 81 81 57 102 36 60 3 81 84 87 82 117 96
split_gain=0.822988 2.36266 2.46383 2.07359 3.02853 2.34755 2.04712 1.97829 1.73066 1.72653 1.89516 1.69137 3.84897 2.62056
threshold=0.65539760000000025 -0.076667166666666828 -0.4985766666666665 1.5500000000000003 3.5000000000000004 1.5857142857142861 2.1000000000000005 0.91028083333333343 0.36844133333333329 -1.5833333333333328 1.3441087 -0.46950816666666634 53.899999999999999 -0.43468355000000003
decision_type=2 2 2 2 2 2 2 2 2 2 2 2 2 2
left_child=3 2 7 11 8 -6 -4 -2 -5 -3 -11 12 -1 -13
right_child=1 9 6 4 5 -7 -8 -9 -10 10 -12 13 -14 -15
leaf_value=0.032698017827872503 0.0065464977999415072 0.0050058562157096372 0.02267199120315588 -0.026532429497959628 0.014296670615087076 0.00086033458323957603 -0.0011964591484433522 -0.017480081717120729 0.00033226366008551149 -0.023087630117723107 0 0.018605121092486954 0 -0.0039925002097858315
leaf_weight=10.010244846343992 10.660431969910862 6.5130726993083945 18.275241715833548 9.5428118053823692 74.138185748830438 72.643659893423319 9.8381660953164083 18.627043392509222 6.1524695437401524 29.542867760173976 7.3782628588378421 11.801558904349802 66.59037809073925 291.81682802923024
leaf_count=33 50 25 78 55 272 344 37 84 29 152 42 42 235 1063
internal_value=0 -0.00409185 0.00183719 0.000805105 0.00556796 0.00803606 0.0128477 -0.00715634 -0.0136176 -0.0129177 -0.0174466 -0.00110829 0.00526278 -0.0028918
internal_weight=643.531 100.835 57.4009 542.696 162.477 146.782 28.1134 29.2875 15.6953 43.4342 36.9211 380.219 76.6006 303.618
internal_count=2541 468 249 2073 700 616 115 134 84 219 194 1373 268 1105
is_linear=0
shrinkage=0.05


Tree=546
num_leaves=14
num_cat=0
split_feature=31 17 128 101 96 115 5 111 45 111 46 103 101
split_gain=0.825215 1.63777 2.26555 2.11381 2.01274 1.74186 1.73028 1.51855 2.1111 1.71956 1.71958 1.48193 0.434204
threshold=1.7137141000000002 1.9225505000000001 0.71724029120964861 2.1547619047619051 0.015359449999999832 1.818240438540748 3.5833333333333335 1.0651131126937581 1.5833333333333337 1.0608621397530291 2.1666666666666674 7.5000000000000009 2.7888888888888892
decision_type=2 2 2 2 2 2 2 2 2 2 2 2 2
left_child=7 2 -2 -4 5 -3 -6 9 12 10 -1 -11 -9
right_child=1 4 3 -5 6 -7 -8 8 -10 11 -12 -13 -14
leaf_value=-0.00050892358801383586 0.0092368286376792209 0 3.2979012220880528e-05 -0.024183951394020534 0.0246247555122786 -0.02878002136881171 0 -0.0013167731538560406 0.0051453086005535309 0.020283823770498415 0.0076087134414199002 0 -0.030542671831111506
leaf_weight=489.791906978935 6.7572018243372431 24.713620208203796 7.4700084179639807 26.700567699968815 11.968512497842314 6.0770016908645621 11.828437810763715 6.1193101331591633 7.1614843755960456 20.153727499768141 73.210095923393965 8.3234664946794492 9.0087889395654184
leaf_count=1684 26 101 29 118 46 34 51 24 25 75 261 30 37
internal_value=0 -0.00435856 -0.011877 -0.0176178 0.000491293 -0.00688538 0.011945 0.000611032 -0.0117253 0.00117931 0.000469622 0.013022 -0.0226356
internal_weight=709.284 95.5154 40.9278 34.1706 54.5876 30.7906 23.797 613.769 22.2896 591.479 563.002 28.4772 15.1281
internal_count=2541 405 173 147 232 135 97 2136 86 2050 1945 105 61
is_linear=0
shrinkage=0.05


Tree=547
num_leaves=16
num_cat=0
split_feature=123 11 24 24 3 128 102 31 103 28 128 16 111 91 111
split_gain=0.720725 3.08365 2.56126 2.70252 2.09834 2.0615 2.9348 2.48065 2.16919 6.32527 2.42521 2.0094 3.63044 2.74139 1.26667
threshold=0.49400895854651777 9.4166666666666696 1.6978787000000002 2.2243590000000002 1.0982853333333338 0.8041307643463973 11.500000000000002 1.0334542000000002 13.500000000000002 1.8875000000000002 0.82437198721542115 1.6817744000000003 1.0534526828745985 -1.8999999999999992 1.0514172505826835
decision_type=2 2 2 2 2 2 2 2 2 2 2 2 2 2 2
left_child=1 2 4 -4 -1 6 7 -2 10 -10 -7 13 -13 -3 -8
right_child=5 11 3 -5 -6 8 14 -9 9 -11 -12 12 -14 -15 -16
leaf_value=0.017711924424664172 0.011002377753979831 0.01369901217882806 0.032586850700956474 0 -0.013769118812524669 0.006768959385696903 0 -0.005813313395231892 0.02407021083735577 -0.018475490125840769 -0.0036125074874572361 0.022785723354103699 -0.0082562510663109507 -0.011215210050938647 -0.029785641673264602
leaf_weight=8.2473709136247653 24.952759560197592 10.992208205163477 19.758798822760586 7.7937560230493537 11.367965236306189 80.824686590582132 7.5482984110713032 111.1656768321991 30.117396637797356 10.008059084415434 176.7415590044111 18.666441641747952 14.290197968482969 59.851493984460831 15.674587927758692
leaf_count=29 106 41 70 32 44 322 32 456 111 63 808 66 61 231 69
internal_value=0 0.00301291 0.0135811 0.0231391 0 -0.000960206 -0.00559559 -0.00230831 0.00136394 0.0120515 -0.000147833 -0.00139605 0.00800652 -0.00651666 -0.0219087
internal_weight=608.001 150.968 47.1679 27.5526 19.6153 457.033 159.341 136.118 297.692 40.1255 257.566 103.8 32.9566 70.8437 23.2229
internal_count=2541 574 175 102 73 1967 663 562 1304 174 1130 399 127 272 101
is_linear=0
shrinkage=0.05


Tree=548
num_leaves=13
num_cat=0
split_feature=32 89 82 125 116 1 32 1 70 124 5 27
split_gain=0.817142 2.38639 3.82921 2.02283 1.81408 4.23288 2.51707 2.18582 2.02381 1.99455 1.75231 0.7888
threshold=11.472222222222223 -0.41926109999999994 -0.48071199999999997 0.25307063190707568 -1.4583081280180015 0.83333333333333337 13.535714285714286 0.58333333333333337 1.6125000000000003 0.55605485163108692 3.5833333333333335 4.6750000000000007
decision_type=2 2 2 2 2 2 2 2 2 2 2 2
left_child=1 3 -3 -1 5 -2 -7 9 -9 -6 -4 -5
right_child=4 2 10 11 7 6 -8 8 -10 -11 -12 -13
leaf_value=0.0052107989397841619 0.037816426880032665 0.029227567380309599 -0.0036277142675960068 -0.00041869220934060547 -0.00045476618421834235 0.015003856666319884 -0.025115792127662892 0.0019288274767936316 -0.0054779138780046395 -0.021817253705061601 0.0084206853587932354 -0.029376375883909664
leaf_weight=9.4418390542268771 8.8452388942241686 15.355749428272246 51.3206847012043 7.9625399187207249 28.824086309410632 5.9637949317693693 6.6570231541991234 279.63528977520764 134.66524149477482 23.73724583350122 60.973763272166252 9.6597643792629224
leaf_count=32 29 48 177 29 138 21 29 1185 500 114 202 37
internal_value=0 0.00319565 0.00629689 -0.00935313 -0.000961817 0.0126628 -0.00277725 -0.00172087 -0.000365676 -0.011263 0.00248959 -0.0197021
internal_weight=643.042 154.714 127.65 27.0641 488.328 21.4661 12.6208 466.862 414.301 52.5613 112.294 17.6223
internal_count=2541 525 427 98 2016 79 50 1937 1685 252 379 66
is_linear=0
shrinkage=0.05


Tree=549
num_leaves=8
num_cat=0
split_feature=109 98 32 122 14 35 82
split_gain=0.817114 1.49341 1.87047 1.32562 1.12948 1.22684 0.828021
threshold=0.13538306018511889 2.0166666666666671 15.950000000000001 49.600000000000009 3.2666666666666671 0.68333333333333346 -0.43774333333333321
decision_type=2 2 2 2 2 2 2
left_child=3 4 -3 6 5 -2 -1
right_child=1 2 -4 -5 -6 -7 -8
leaf_value=0 0.0074235226840515083 0 -0.02914549757914699 -0.0069430087222735297 0.017439058343615595 -0.00084105022909721633 0.024701948336969665
leaf_weight=3.8197720348835 47.094982519745827 11.971682369709017 8.9971749782562238 3.9213821142911902 8.2245400249958021 613.89778072200716 10.647489933297038
leaf_count=18 156 41 30 22 29 2166 79
internal_value=0 -0.000345492 -0.0131796 0.0100551 1.10646e-06 -0.000166355 0.0180461
internal_weight=708.575 690.186 20.9689 18.3886 669.217 660.993 14.4673
internal_count=2541 2422 71 119 2351 2322 97
is_linear=0
shrinkage=0.05


Tree=550
num_leaves=15
num_cat=0
split_feature=88 27 25 88 24 82 116 76 93 54 17 27 116 61
split_gain=0.712578 2.3204 2.02128 1.69143 2.15223 1.38819 1.26509 1.97964 2.02666 1.99773 1.50862 2.44976 2.38711 0.953197
threshold=-0.5871698999999998 4.2666666666666675 7.7000000000000002 -0.76143249999999951 1.5855549000000002 -0.10535500000000007 0.80787981341549409 1.4722222222222225 0.70000000000000007 0.90000000000000013 1.1843720000000004 5.5500000000000007 0.093795029126869781 0.45000000000000007
decision_type=2 2 2 2 2 2 2 2 2 2 2 2 2 2
left_child=1 2 -1 4 -3 -5 10 8 -8 -9 11 -2 -12 -4
right_child=6 3 13 5 -6 -7 7 9 -10 -11 12 -13 -14 -15
leaf_value=0.0054243306774433408 0.0076153105968157046 -0.0022789831833882014 -0.028576314140328376 0 0.022706594218887106 -0.021112078874900506 -0.0055659212753261288 0 0.019402285686941481 0.023767834204488657 -0.00011968146478595385 -0.0059021075033501725 -0.01207173444705178 0
leaf_weight=5.0099234245717552 113.88878846913576 11.394183605909349 16.769430963322524 14.21691230684519 15.220159120857714 9.6120213195681554 36.289095934480429 8.9664855599403399 9.390428423881529 22.610654279589653 242.84268164634705 42.471834741532803 51.872133441269398 6.7581957429647437
leaf_count=21 484 49 83 57 58 45 151 33 35 93 1010 184 211 27
internal_value=0 -0.00437083 -0.0156682 0.0012289 0.0105039 -0.00712233 0.000692005 0.00658607 0 0.0160037 -0.000219219 0.00361169 -0.00242613 -0.0222362
internal_weight=607.313 78.9808 28.5376 50.4433 26.6143 23.8289 528.332 77.2567 45.6795 31.5771 451.075 156.361 294.715 23.5276
internal_count=2541 340 131 209 107 102 2201 312 186 126 1889 668 1221 110
is_linear=0
shrinkage=0.05


Tree=551
num_leaves=11
num_cat=0
split_feature=95 24 80 128 58 123 23 95 72 19
split_gain=0.823257 3.26488 2.92363 2.33483 3.75681 2.88486 1.98098 3.97909 1.98156 0.764487
threshold=-0.028362499999999954 2.6667970000000003 -1.397441783333333 0.71082488137869115 1.3666666666666669 0.59499958458831204 1.5306644000000003 0.15964494999999992 1.7250000000000003 3.7750000000000004
decision_type=2 2 2 2 2 2 2 2 2 2
left_child=2 6 9 4 -4 -5 7 -2 -8 -1
right_child=1 -3 3 5 -6 -7 8 -9 -10 -11
leaf_value=-0.03079138223508697 -0.014721543806464649 0.029421020663173199 0.0055591717691191485 0.0083806907312831726 -0.020542606280730905 -0.0011746755162203332 0.010654988744273215 8.2303724911386779e-05 -0.0033631877878433948 -0.00038891887480117684
leaf_weight=7.095263332128523 77.6129115447402 6.7219696063548318 23.854926023632288 182.27008821815252 25.28434295207262 124.1093631722033 41.339991167187691 91.937800438143313 54.317920200526714 7.7960640043020248
leaf_count=25 327 31 83 671 92 530 143 405 201 33
internal_value=0 -0.0020422 0.00157375 0.00262873 -0.00701598 0.00435607 -0.00313501 -0.00644767 0.00222525 -0.0190472
internal_weight=642.341 271.931 370.41 355.519 49.1393 306.379 265.209 169.551 95.6579 14.8913
internal_count=2541 1107 1434 1376 175 1201 1076 732 344 58
is_linear=0
shrinkage=0.05


Tree=552
num_leaves=10
num_cat=0
split_feature=25 40 59 80 78 51 16 100 92
split_gain=0.810694 1.15476 2.54092 4.53497 1.88101 1.71034 2.44646 1.67522 0.62719
threshold=18.900000000000002 5.2250000000000005 0.22500000000000003 0.55203283333333375 -0.33333333333333309 1.4166666666666667 2.0371928000000006 0.13392857142857145 0.40000000000000002
decision_type=2 2 2 2 2 2 2 2 2
left_child=1 5 3 -3 -4 7 -7 -1 -2
right_child=8 2 4 -5 -6 6 -8 -9 -10
leaf_value=0.0072578825098333979 -0.025075547953292705 0.023053521478402967 -0.022303685901570097 -0.0072493894922798664 0.0021057008122555079 -0.0074348247712571038 0.0038903217799821951 -0.00026883797755735349 0
leaf_weight=92.15549573674798 4.6872214414179307 34.797513820230961 9.4008040465414542 15.067693911492823 21.418691772967577 159.50521934777498 60.680715320631862 305.61534821242094 4.8159651271998882
leaf_count=331 28 136 40 72 80 584 216 1032 22
internal_value=0 0.000163398 0.0058029 0.0129514 -0.00423543 -0.00050034 -0.00408421 0.00136339 -0.013827
internal_weight=708.145 698.641 80.6847 49.8652 30.8195 617.957 220.186 397.771 9.50319
internal_count=2541 2491 328 208 120 2163 800 1363 50
is_linear=0
shrinkage=0.05


Tree=553
num_leaves=11
num_cat=0
split_feature=3 5 17 15 27 17 118 45 26 89
split_gain=0.718696 1.60779 1.0738 2.32599 1.93084 1.75999 2.90593 1.75132 1.26357 0.692862
threshold=0.55103581666666679 4.8333333333333348 1.1787130000000003 1.5500000000000003 5.5500000000000007 1.2448754000000004 56.550000000000004 0.83333333333333337 3.6333333333333337 -0.34958539999999977
decision_type=2 2 2 2 2 2 2 2 2 2
left_child=1 -1 3 4 -2 6 -4 -7 -5 -3
right_child=2 9 5 8 -6 7 -8 -9 -10 -11
leaf_value=0.0047752073270487146 0.0047997512073092909 0 0.0097269873717837369 0.033953330319763615 -0.0063505545080805347 -0.0056702170699206725 -0.021054184635808486 0.0021283273670994769 0 -0.026468792845770722
leaf_weight=6.9164569899439838 135.35764442943037 3.3491936847567567 7.7214443534612647 8.4114054515957815 50.837292294949293 99.227091357111931 24.520618230104446 254.16963477060199 6.9135833978652945 9.4175832271575892
leaf_count=28 567 18 28 29 218 428 112 1012 27 74
internal_value=0 -0.00913882 0.000343298 0.00335582 0.00147059 -0.00110622 -0.0121076 0 0.021705 -0.0201081
internal_weight=606.842 19.6832 587.159 201.52 186.195 385.639 32.2421 353.397 15.325 12.7668
internal_count=2541 120 2421 841 785 1580 140 1440 56 92
is_linear=0
shrinkage=0.05


Tree=554
num_leaves=10
num_cat=0
split_feature=96 121 96 123 2 74 85 23 123
split_gain=0.821844 1.91122 1.9 1.89995 2.07121 1.41984 2.17715 2.08002 1.15851
threshold=0.61371850000000028 37.775000000000006 0.31937280000000007 0.60759476927417022 1.4346203333333336 0.38750000000000007 1.2250000000000003 0.92524799999999996 0.64369517438361856
decision_type=2 2 2 2 2 2 2 2 2
left_child=2 -2 5 4 -4 6 -1 -7 -5
right_child=1 -3 3 8 -6 7 -8 -9 -10
leaf_value=0.00010769267936842588 0.028594750573987904 0 -0.013567389082248173 -0.032223204051710322 0.009674162475838164 0.020071403720692521 -0.013854276862304629 0.0016951867784089593 0
leaf_weight=429.359315097332 7.2904494814574745 11.971355024725197 18.223694294691086 10.83429427072406 16.929865837097168 19.831861637532711 28.432368671521544 92.752571567893028 6.2047687899321309
leaf_count=1686 26 49 67 49 68 72 147 341 36
internal_value=0 0.00993696 -0.000293996 -0.00938029 -0.00103334 0.000464904 -0.000678778 0.00552059 -0.0228173
internal_weight=641.831 19.2618 622.569 52.1926 35.1536 570.376 457.792 112.584 17.0391
internal_count=2541 75 2466 220 135 2246 1833 413 85
is_linear=0
shrinkage=0.05


Tree=555
num_leaves=15
num_cat=0
split_feature=121 69 54 9 70 85 0 34 27 53 12 63 96 116
split_gain=0.821032 2.49313 2.52498 2.98984 2.0279 1.98711 2.14981 1.89403 2.83258 2.73416 2.06732 1.96528 2.33381 1.25071
threshold=37.775000000000006 0.81666666666666676 1.9000000000000001 1.2576868333333335 1.9500000000000002 -0.47499999999999992 0.83333333333333337 6.3166666666666673 3.3666666666666671 1.0000000180025095e-35 3.8333333333333335 0.70833333333333337 -0.33090459999999983 -0.38543735767481463
decision_type=2 2 2 2 2 2 2 2 2 2 2 2 2 2
left_child=1 5 4 -4 -3 6 -1 8 10 -10 -2 -9 -13 -7
right_child=7 2 3 -5 -6 13 -8 11 9 -11 -12 12 -14 -15
leaf_value=0.016763711690230786 0 -0.0051402501221937845 -0.0016747183027057144 0.019462522384861587 0.010968851241617294 0.00090558957141865203 -0.013551392530678561 0.021573368327433208 6.6436229774489622e-06 -0.010007088497659633 0.020835803740391026 -0.013504044518799972 0.0044454163761726345 0.040924756154888095
leaf_weight=11.902023859322073 37.17083777487278 147.93644354119897 26.181869514286518 31.518684040755033 20.008179895579815 6.0375912822782984 8.8033229783177358 12.703794434666632 103.53497610241175 155.19289434328675 16.063542127609253 20.461171925067902 101.86200029030442 8.2648222818970662
leaf_count=38 119 520 102 110 79 26 33 48 357 595 53 64 370 27
internal_value=0 0.00218308 9.87742e-06 0.00915449 -0.00287156 0.0144128 0.0015405 -0.00134098 -0.003559 -0.00582279 0.00642599 0.00340439 0.00095239 0.0284618
internal_weight=707.642 260.653 225.645 57.7006 167.945 35.0078 20.7053 446.989 311.962 258.728 53.2344 135.027 122.323 14.3024
internal_count=2541 935 811 212 599 124 71 1606 1124 952 172 482 434 53
is_linear=0
shrinkage=0.05


Tree=556
num_leaves=16
num_cat=0
split_feature=82 32 91 108 34 30 71 58 79 69 123 29 60 28 114
split_gain=0.691373 1.98198 2.56389 2.78015 2.30436 1.88287 1.81985 1.77555 1.37551 3.31869 2.13076 2.63503 2.55339 2.05195 1.31529
threshold=0.30268200000000012 12.750000000000002 -1.8999999999999992 0.47074930339062548 5.5277777777777786 1.4912595500000003 0.13392857142857145 1.9000000000000001 0.83333333333333337 1.3541666666666667 0.49544961793652481 1.4365079365079367 0.70000000000000007 1.2928571428571431 2.5986327086940872
decision_type=2 2 2 2 2 2 2 2 2 2 2 2 2 2 2
left_child=8 2 7 -4 5 -3 -6 -2 10 13 12 -12 -1 -10 -11
right_child=1 4 3 -5 6 -7 -8 -9 9 14 11 -13 -14 -15 -16
leaf_value=-0.007704928163564587 0.024909928243074711 -0.0045939170919698539 -0.023187977794215577 0.00281073789721003 0.012077346289092517 0.020800003800655106 -0.0092772767412892011 -0.0074087811898956302 9.8448552116919705e-05 -0.0074131249752885722 -0.0059661113954422862 0.0035122455383122912 0.0098458789218399123 0.033964019489449486 0.015488619331776199
leaf_weight=22.927303910255432 6.5698411688208562 6.1950439512729671 33.910428531467915 9.7600527629256231 10.431905053555964 21.227916225790977 42.472712382674217 5.5506110787391663 10.835517831146719 26.216998662799597 188.95300127379596 111.78047743439674 89.00230011716485 13.946338839828966 6.6132338345050803
leaf_count=89 26 27 151 43 47 81 210 27 42 118 831 448 325 50 26
internal_value=0 -0.00310082 -0.0103754 -0.0163253 0.0014023 0.0133444 -0.003993 0.00686197 0.000932754 0.00810342 0 -0.0022774 0.00577168 0.0216743 -0.00100042
internal_weight=606.394 136.119 55.7909 43.6705 80.3276 27.423 52.9046 12.1205 470.275 57.6121 412.663 300.733 111.93 24.7819 32.8302
internal_count=2541 612 247 194 365 108 257 53 1929 236 1693 1279 414 92 144
is_linear=0
shrinkage=0.05


Tree=557
num_leaves=10
num_cat=0
split_feature=101 72 17 9 3 13 8 13 2
split_gain=0.78435 0.973359 2.44965 2.16319 2.07588 1.7232 2.75095 2.05413 0.639593
threshold=1.267857142857143 1.9500000000000002 1.6163387000000002 1.6270440000000004 0.90660716666666674 6.5833333333333348 1.8333333333333337 5.166666666666667 1.0826323333333334
decision_type=2 2 2 2 2 2 2 2 2
left_child=8 5 4 -4 -3 7 -7 -2 -1
right_child=1 2 3 -5 -6 6 -8 -9 -10
leaf_value=0 0.0020679098678133704 0.002880145089092268 -0.0057955275988219078 0.019542213455254771 -0.013026035845833828 0.0010960442558023533 0.025530600768002943 -0.0058686330349283847 -0.020260289264832247
leaf_weight=6.299922510981558 346.69200589507818 22.989963825792074 10.938366472721102 17.014708265662193 63.048302214592695 44.350397050380707 17.391061965376139 105.07414629682899 7.5420873016119003
leaf_count=21 1422 95 38 68 230 157 62 416 32
internal_value=0 0.00029178 -0.00375979 0.0080426 -0.00821709 0.00129391 0.0090728 0.00010267 -0.0113363
internal_weight=641.341 627.499 113.991 27.9531 86.0383 513.508 61.7415 451.766 13.842
internal_count=2541 2488 431 106 325 2057 219 1838 53
is_linear=0
shrinkage=0.05


Tree=558
num_leaves=12
num_cat=0
split_feature=6 89 32 10 123 113 111 62 3 100 112
split_gain=0.793237 2.18205 2.31579 2.5284 2.50875 1.74745 1.99089 3.13699 2.18322 1.58393 0.686175
threshold=5.166666666666667 -0.49910249999999984 11.472222222222223 1.8452683333333335 0.46021774137965782 0.54719874636700927 1.0485502254350643 0.36666666666666675 1.1358081666666668 0.19090909090909094 0.50958113133685667
decision_type=2 2 2 2 2 2 2 2 2 2 2
left_child=1 9 4 -4 -3 6 7 -2 -8 -1 -11
right_child=5 2 3 -5 -6 -7 8 -9 -10 10 -12
leaf_value=0 -0.0013215218808990507 0.0057021483417545992 0.0077496662394135746 -0.0041418196384703353 -0.012587668006206655 0.020263170569479631 0.0005066952627346971 0.022926384134994624 -0.0071147535079313859 0.0056206372393210434 0.031937787964088443
leaf_weight=9.2094383016228694 31.823012605309486 22.840601727366447 123.49841853044927 62.959316410124302 56.114393927156925 7.6615047156810752 162.4886960349977 18.395132567733526 190.02833619900048 11.147900491952898 10.606934390962122
leaf_count=38 115 79 424 208 239 24 578 66 692 41 37
internal_value=0 0.00193159 0.000251185 0.00346699 -0.00666618 -0.0014572 -0.00204341 0.00685858 -0.0034688 0.0143125 0.021489
internal_weight=706.774 296.377 265.413 186.458 78.955 410.397 402.735 50.2181 352.517 30.9643 21.7548
internal_count=2541 1066 950 632 318 1475 1451 181 1270 116 78
is_linear=0
shrinkage=0.05


Tree=559
num_leaves=12
num_cat=0
split_feature=6 21 3 44 112 10 95 26 74 99 127
split_gain=0.682796 2.32101 2.48955 2.45615 1.18682 2.08383 2.27346 1.99773 1.75923 1.7243 0.454735
threshold=2.8333333333333335 1.5500000000000003 1.1297866666666667 1.0000000180025095e-35 0.51612312324314247 0.77013330000000002 -0.13461339999999986 4.1000000000000005 0.5277777777777779 0.087121212121212141 0.46216172554498597
decision_type=2 2 2 2 2 2 2 2 2 2 2
left_child=1 2 -1 -4 8 6 -6 -7 9 -2 -3
right_child=4 10 3 -5 5 7 -8 -9 -10 -11 -12
leaf_value=-0.0090237301702770153 -0.012142843837142701 -0.017979969965276229 0 0.033319959242072414 0.039441903610637791 -0.0035665414440260129 0 0.0056662621492205804 0.019025803631337511 -0.001443363240594059 0
leaf_weight=5.2479392141103771 46.568844806402922 6.0016603767871839 7.2514058127999332 15.333980113267897 6.6188904568552971 117.10579396598041 6.5538254678249341 111.51454605162144 7.6232091784477225 270.15352501347661 5.8223427981138229
leaf_count=20 205 24 31 52 22 491 30 440 31 1169 26
internal_value=0 0.00627895 0.0147568 0.0225507 -0.000428361 0.00210875 0.0208628 0.000724273 -0.00247408 -0.00320718 -0.00937311
internal_weight=605.796 39.6573 27.8333 22.5854 566.139 241.793 13.1727 228.62 324.346 316.722 11.824
internal_count=2541 153 103 83 2388 983 52 931 1405 1374 50
is_linear=0
shrinkage=0.05


Tree=560
num_leaves=14
num_cat=0
split_feature=106 69 101 4 67 16 12 124 41 88 93 14 113
split_gain=0.786323 2.3105 2.76146 2.3248 2.05371 2.96113 1.63142 2.11232 2.0729 1.95074 1.92414 0.823712 0.370939
threshold=2.5250000000000004 1.8166666666666669 2.9583333333333335 13.833333333333334 0.5277777777777779 1.3349305000000002 1.8333333333333337 0.41366538010012638 3.683333333333334 0.17149919999999999 -0.2392857142857143 1.3666666666666669 0.49680955177138386
decision_type=2 2 2 2 2 2 2 2 2 2 2 2 2
left_child=1 4 3 -3 5 -1 8 10 -2 -9 -8 -10 -4
right_child=6 2 12 -5 -6 -7 7 9 11 -11 -12 -13 -14
leaf_value=-0.00035481381762532865 0.031461513311073851 0.044954616327457335 0 0 0.012277034834841296 -0.016872368143003927 0 -0.00079954038109034163 0.011751247962806095 0.006500728628516062 -0.025620099604544196 -0.011483143177073095 -0.015144754982644396
leaf_weight=68.575786225497723 8.8231794610619563 6.5129199773073214 4.9411235116422159 5.6016106531023979 11.240903532132505 52.356916792690754 8.3540541622787732 320.82200932689011 7.1524661704897863 122.66251541860402 13.572737351059912 6.0792689099907875 4.2511078640818596
leaf_count=233 35 21 27 35 47 201 35 1265 24 498 62 35 23
internal_value=0 -0.0030893 0.0110919 0.0267311 -0.00581693 -0.00799575 0.00100308 0.000249582 0.0140344 0.00111722 -0.0144014 0 -0.00521382
internal_weight=640.947 153.48 21.3068 12.1145 132.174 120.933 487.466 465.411 22.0549 443.485 21.9268 13.2317 9.19223
internal_count=2541 587 106 56 481 434 1954 1860 94 1763 97 59 50
is_linear=0
shrinkage=0.05


Tree=561
num_leaves=10
num_cat=0
split_feature=10 36 24 28 21 108 24 88 124
split_gain=0.795639 1.77902 1.11992 3.01876 1.47521 1.29837 2.14329 1.85523 0.0972849
threshold=0.64857566666666677 1.1458333333333337 0.89422990000000013 1.2928571428571431 1.5500000000000003 0.35421441107277646 1.8159258000000003 0.47168590000000016 0.56139945610327846
decision_type=2 2 2 2 2 2 2 2 2
left_child=1 8 3 -2 -5 6 -4 -7 -1
right_child=2 -3 5 4 -6 7 -8 -9 -10
leaf_value=-0.028934852943732103 0.029559829553374235 0.0059301832339471198 -0.0068248512792675664 -0.019291322428921936 0.0084916495891756063 0.0025619276926657068 0.0050816173632797649 -0.0063956102775283357 -0.0020677944758974347
leaf_weight=6.602840546518566 10.860653407871725 5.9329060241580001 142.54401330277324 7.0123106390237835 9.0845840759575349 408.86811085604131 45.689671326428652 64.167233362793922 5.4504279606044292
leaf_count=42 44 21 616 23 38 1336 177 217 27
internal_value=0 -0.0101238 0.000250319 0.0100748 -0.00110741 -8.92979e-05 -0.00365901 0.00123043 -0.0217053
internal_weight=706.213 17.9862 688.227 26.9575 16.0969 661.269 188.234 473.035 12.0533
internal_count=2541 90 2451 105 61 2346 793 1553 69
is_linear=0
shrinkage=0.05


Tree=562
num_leaves=16
num_cat=0
split_feature=109 16 34 115 82 3 58 103 106 126 86 111 19 45 8
split_gain=0.674292 2.76335 3.0372 3.61248 2.71415 2.72633 2.47228 2.33379 2.27312 2.19058 2.17766 2.02805 3.42898 1.87419 0.755003
threshold=0.27139815317599131 1.6571591999999999 4.0500000000000007 1.7973241261666149 -0.13162199999999999 1.0034413333333336 1.6333333333333335 3.5000000000000004 3.1750000000000003 0.24201474881550822 0.20000000000000015 1.0568450058475547 4.9000000000000012 3.1666666666666674 1.5833333333333337
decision_type=2 2 2 2 2 2 2 2 2 2 2 2 2 2 2
left_child=7 2 6 -4 5 -3 -2 8 9 -1 -6 13 -13 -9 -10
right_child=1 4 3 -5 10 -7 -8 11 14 -11 -12 12 -14 -15 -16
leaf_value=0 0.023286945250986332 0 -0.0099298272641498778 0.0093392550566223243 -0.015020966194683264 0.040466836296612352 -0.0021418163925535343 -0.0064510017240387244 -0.021031554165897089 0.020430395195082267 0.015307387517566285 0.010805122720616138 -0.006541962092575908 0.01325136808317875 0
leaf_weight=16.873878521844745 20.015447854995731 7.7119075059890774 86.60495038330555 30.425588339567184 10.005325034260752 12.220132663846014 11.3327539563179 234.6483157929033 5.6023744717240316 31.89531596750021 11.636886641383169 60.198295649141073 49.245344517752528 10.252714533358811 6.7891304232180119
leaf_count=81 66 27 337 111 39 38 42 1038 31 112 41 242 262 43 31
internal_value=0 0.00247129 -0.000424688 -0.00445995 0.0137487 0.02662 0.0127664 -0.00111685 0.00761457 0.0128782 0 -0.00278181 0.00255834 -0.0053723 -0.0087824
internal_weight=605.458 189.953 148.379 117.031 41.5743 19.932 31.3482 415.505 61.1607 48.7692 21.6422 354.345 109.444 244.901 12.3915
internal_count=2541 701 556 448 145 65 108 1840 255 193 80 1585 504 1081 62
is_linear=0
shrinkage=0.05


Tree=563
num_leaves=11
num_cat=0
split_feature=95 24 80 40 80 39 106 95 100 19
split_gain=0.794076 3.02454 2.79301 2.19059 3.04007 2.3841 1.94549 2.5993 1.82001 0.706228
threshold=-0.028362499999999954 2.6667970000000003 -1.397441783333333 5.0500000000000007 1.0806161666666669 15.65 2.5750000000000006 0.15579935000000003 0.32051282051282054 3.7750000000000004
decision_type=2 2 2 2 2 2 2 2 2 2
left_child=2 6 9 4 -4 -5 7 -2 -8 -1
right_child=1 -3 3 5 -6 -7 8 -9 -10 -11
leaf_value=-0.030152413872985086 -0.018988128617932101 0.028127365051847014 0.0062472321116441186 -0.011501905887036271 -0.012279575348068483 0.0069490232647286257 -0.0032375972386214525 0 0.0078935385502771887 -0.0004213130842816931
leaf_weight=7.0061901658773404 37.559159144759178 6.7643441101536146 261.9018958248198 48.482902023941278 21.631263449788094 22.771830409765244 138.41976599115878 39.623261578381062 48.578984098508954 7.7850882038474083
leaf_count=25 150 31 1007 168 117 84 582 160 184 33
internal_value=0 -0.00203159 0.00152584 0.00255925 0.00461987 -0.00489873 -0.00309552 -0.00973161 -5.3359e-05 -0.018688
internal_weight=640.525 270.946 369.579 354.788 283.533 71.2547 264.181 77.1824 186.999 14.7913
internal_count=2541 1107 1434 1376 1124 252 1076 310 766 58
is_linear=0
shrinkage=0.05


Tree=564
num_leaves=10
num_cat=0
split_feature=107 115 84 45 109 25 2 37 87
split_gain=0.790741 1.13702 1.08966 1.4338 1.35542 1.18565 0.93329 0.798338 0.435388
threshold=1.0000000180025095e-35 1.818240438540748 -3.2499999999999996 1.0000000180025095e-35 0.2467439541261531 18.900000000000002 1.453055666666667 1.2869096500000003 -0.50746639999999965
decision_type=2 2 2 2 2 2 2 2 2
left_child=1 7 4 8 6 -5 -2 -1 -4
right_child=2 -3 3 5 -6 -7 -8 -9 -10
leaf_value=0.028456333426089438 -0.011394839140322403 -0.0024185841143097215 0.02389061474604472 -4.9652604149341609e-05 -0.025717926287075928 -0.018635161796833246 0.019912850437188375 0 0
leaf_weight=7.2647929936647442 4.1914550960063925 6.7106789462268344 7.0251082926988602 645.12877604924142 8.3592504262924177 7.7974478714168063 3.184273038059473 8.293260879814623 7.4029762968420965
leaf_count=27 37 27 23 2274 37 40 19 30 27
internal_value=0 0.00903444 -0.000336873 0 -0.0129391 -0.000376226 0 0.0168419 0.0150445
internal_weight=705.358 22.2687 683.089 667.354 15.735 652.926 7.37573 15.5581 14.4281
internal_count=2541 84 2457 2364 93 2314 56 57 50
is_linear=0
shrinkage=0.05


Tree=565
num_leaves=16
num_cat=0
split_feature=88 4 110 88 83 33 10 106 81 57 100 95 127 85 100
split_gain=0.671049 1.96797 4.1225 2.56428 2.11131 1.50431 1.21552 1.0679 1.05585 3.99769 1.38862 1.99214 1.74267 1.11821 0.687575
threshold=-0.5871698999999998 14.833333333333334 0.24274572959515942 -0.79502300000000015 1.0000000180025095e-35 3.683333333333334 1.493112666666667 2.7250000000000005 -0.74917983333333316 1.1000000000000003 0.080128205128205135 -0.20122384999999979 0.44415385819141107 -0.79999999999999993 0.24038461538461542
decision_type=2 2 2 2 2 2 2 2 2 2 2 2 2 2 2
left_child=1 3 6 7 -4 -5 -3 -1 9 13 11 -10 -12 -2 -11
right_child=8 2 4 5 -6 -7 -8 -9 10 14 12 -13 -14 -15 -16
leaf_value=-0.0098597298824745772 0 0 0.0011030422938442044 0 0.035005567812988241 -0.028668740754925117 -0.026318245516490701 0.014613183707382857 0.0062326418587507282 0.034555613128796382 0.0034427630424073291 -0.0094754927812551321 -0.0039629540833948131 -0.022859895843576856 0.0044437313919123752
leaf_weight=5.7496291846036902 5.7732543423771858 5.8911928012967101 15.348304063081743 6.2695558667182949 8.7124550789594633 18.723726190626621 9.087388448417185 8.6015445068478567 22.848263263702393 10.110910411924126 296.43550094403327 73.96740241535008 102.52517457678914 6.5359760001301783 8.0657029002904874
leaf_count=23 23 29 61 27 28 82 58 32 101 39 1173 356 446 32 31
internal_value=0 -0.00426112 0.00266866 -0.0122722 0.0162813 -0.0218855 -0.0157193 0.00154774 0.000669368 0.00955711 4.06428e-06 -0.00523143 0.00140947 -0.00926547 0.0247296
internal_weight=604.646 78.3838 39.0393 39.3445 24.0608 24.9933 14.9786 14.3512 526.262 30.4858 495.776 96.8157 398.961 12.3092 18.1766
internal_count=2541 340 176 164 89 109 87 55 2201 125 2076 457 1619 55 70
is_linear=0
shrinkage=0.05


Tree=566
num_leaves=10
num_cat=0
split_feature=108 2 40 27 41 18 37 76 39
split_gain=0.807884 1.76851 2.13562 1.46662 1.40046 3.35101 1.21318 1.93422 1.87744
threshold=0.16414313623249874 1.5925973333333336 4.2928571428571436 4.5500000000000007 6.8500000000000005 15.900000000000002 2.0608681500000001 1.0500000000000003 14.225000000000001
decision_type=2 2 2 2 2 2 2 2 2
left_child=1 2 -1 -4 6 -6 8 -8 -2
right_child=4 -3 3 -5 5 -7 7 -9 -10
leaf_value=0.025491996224867131 -0.00050536717661920315 0.024071816792031728 -0.021425987998224198 0.00032660583981878547 -0.032255116987313252 0.0047372505189922668 0 -0.029613582835955599 0.0097448077882634071
leaf_weight=6.573304869234561 503.27939261589199 9.8119613081216794 7.89687456190586 31.276985079050064 10.375065624713899 8.6470234394073469 6.6446693092584592 7.9134831205010414 47.614570483565331
leaf_count=27 2044 41 25 120 35 31 24 30 164
internal_value=0 0.00571508 0.000277582 -0.00323799 -0.000542598 -0.0135452 0 -0.0138427 0.000306025
internal_weight=640.033 55.5591 45.7472 39.1739 584.474 19.0221 565.452 14.5582 550.894
internal_count=2541 213 172 145 2328 66 2262 54 2208
is_linear=0
shrinkage=0.05


Tree=567
num_leaves=9
num_cat=0
split_feature=79 35 86 81 37 87 66 3
split_gain=0.772021 1.59637 1.21498 2.71664 2.4557 1.58924 1.86582 1.24352
threshold=-2.2499999999999996 0.81666666666666676 -0.63333333333333319 -0.63291199999999992 1.2247668500000002 -1.4375708999999997 0.76388888888888895 1.720854166666667
decision_type=2 2 2 2 2 2 2 2
left_child=1 -1 3 7 -5 -4 -7 -2
right_child=2 -3 5 4 -6 6 -8 -9
leaf_value=0 -0.021025536102367175 -0.027139928372181613 -0.018947490827203636 0.0025297114758083619 0.020565262750800825 0.009718939746977422 -0.0011252501046314551 0
leaf_weight=7.7455215379595739 10.986927486956121 6.9921992383897305 10.736125044524668 70.719121783971786 29.94900469481945 41.723628152161837 514.41022163070738 11.59416067227721
leaf_count=30 38 34 37 238 115 172 1834 43
internal_value=0 -0.0109759 0.000222147 0.00475365 0.00853663 -0.000681683 -0.000205942 -0.00963764
internal_weight=704.857 14.7377 690.119 123.249 100.668 566.87 556.134 22.5811
internal_count=2541 64 2477 434 353 2043 2006 81
is_linear=0
shrinkage=0.05


Tree=568
num_leaves=15
num_cat=0
split_feature=116 74 41 27 39 82 106 81 66 66 81 32 74 87
split_gain=0.66027 2.36541 1.89352 2.84331 1.80212 2.25415 2.1804 1.3144 1.70324 2.6686 1.59789 3.49945 2.35851 1.08441
threshold=0.80787981341549409 0.2678571428571429 4.6833333333333345 3.9000000000000004 11.612500000000002 -0.4587598333333332 2.5750000000000006 -0.74917983333333316 1.8166666666666669 1.3166666666666669 -0.22213133333333321 14.414285714285716 1.0000000180025095e-35 0.59031710000000037
decision_type=2 2 2 2 2 2 2 2 2 2 2 2 2 2
left_child=7 4 3 -3 6 -6 -2 8 9 -1 11 -9 -12 -4
right_child=1 2 13 -5 5 -7 -8 10 -10 -11 12 -13 -14 -15
leaf_value=0.0087697552828718082 -0.019635494998468877 -0.012973168436563799 -0.025287000331563093 0.020769490916874203 -0.0016801029574708528 0.027250260644674069 0.010857451204200758 -0.00036689760732095864 0.024143399028200382 -0.015173913905280943 -0.01398377634785391 -0.018070992990432792 0.0016136944551659903 0
leaf_weight=39.335263378918171 7.4661948233842876 9.5824210084974784 11.359239537268879 12.076659018173812 5.0725344493985203 21.470091037452221 17.550650484859943 97.315073892474174 9.9404275082051736 14.821355327963827 25.381032072007656 42.018543142825365 284.37863088585436 6.211482845246791
leaf_count=155 32 44 51 45 21 77 74 413 43 68 112 209 1167 30
internal_value=0 0.00393386 -0.00437989 0.00372072 0.0111738 0.0200458 0 -0.000669119 0.00580361 0.00115414 -0.00171487 -0.0061529 0.00013389 -0.0167204
internal_weight=603.98 90.7893 39.2298 21.6591 51.5595 26.5426 25.0168 513.19 64.097 54.1566 449.093 139.334 309.76 17.5707
internal_count=2541 374 170 89 204 98 106 2167 266 223 1901 622 1279 81
is_linear=0
shrinkage=0.05


Tree=569
num_leaves=10
num_cat=0
split_feature=96 26 96 123 87 74 85 23 7
split_gain=0.792488 1.85821 1.81919 1.78343 1.4368 1.30933 2.0729 1.90238 1.29349
threshold=0.61371850000000028 4.7333333333333343 0.31937280000000007 0.60759476927417022 -0.38172519999999993 0.38750000000000007 1.2250000000000003 0.92524799999999996 2.4166666666666674
decision_type=2 2 2 2 2 2 2 2 2
left_child=2 -2 5 8 -5 6 -1 -7 -4
right_child=1 -3 3 4 -6 7 -8 -9 -10
leaf_value=9.3917959730371078e-05 -0.0056950827212877871 0.021700881494212291 -0.0073804989167313394 0 -0.030816407405551582 0.019202277463815032 -0.013583020869343716 0.0015945256406838843 0.014214837137744754
leaf_weight=427.85533589497209 6.757804378867152 12.407917059957979 27.519158519804478 4.6491757854819324 12.176032534800468 19.857808943837881 28.178754651919007 92.425177462399006 7.5272560045123091
leaf_count=1686 28 47 108 20 65 72 147 341 27
internal_value=0 0.00975826 -0.000313282 -0.00923057 -0.0223708 0.000427579 -0.000669662 0.00529194 -0.00108949
internal_weight=639.354 19.1657 620.189 51.8716 16.8252 568.317 456.034 112.283 35.0464
internal_count=2541 75 2466 220 85 2246 1833 413 135
is_linear=0
shrinkage=0.05


Tree=570
num_leaves=10
num_cat=0
split_feature=17 2 24 32 125 89 125 24 17
split_gain=0.768293 1.08028 3.11675 3.4132 2.2577 2.11628 2.25841 1.57786 0.952074
threshold=0.53722790000000009 1.8686476666666667 2.1999367000000007 14.707142857142857 0.6929100999885045 -0.55284719999999987 0.33380937957184759 2.6089670000000003 0.44823970000000007
decision_type=2 2 2 2 2 2 2 2 2
left_child=8 5 3 -3 -4 6 -2 -7 -1
right_child=1 2 4 -5 -6 7 -8 -9 -10
leaf_value=0 0 -0.015616431647401655 0.020008728614556312 -0.00069814615590118798 -0.0069732245330513315 0.0005017439899884156 0.020876977656325336 -0.015254805289746327 0.02302717811722144
leaf_weight=7.1384134255349618 18.82485569268465 59.829244293272495 21.328324928879741 125.22189880162477 7.8334249500185242 416.71028101444244 25.137898281216621 15.499158561229704 7.0160159766674042
leaf_count=30 79 208 77 448 36 1500 80 53 30
internal_value=0 -0.000270048 -0.00326604 -0.00584816 0.0111122 0.000976976 0.0113048 0 0.0111093
internal_weight=704.54 690.385 214.213 185.051 29.1617 476.172 43.9628 432.209 14.1544
internal_count=2541 2481 769 656 113 1712 159 1553 60
is_linear=0
shrinkage=0.05


Tree=571
num_leaves=5
num_cat=0
split_feature=64 62 74 74
split_gain=0.678742 0.930002 2.89548 1.37326
threshold=0.3000000000000001 0.70000000000000007 0.5277777777777779 0.35416666666666669
decision_type=2 2 2 2
left_child=-1 2 3 -2
right_child=1 -3 -4 -5
leaf_value=0.011779870372516283 0.00051100493434177172 -0.016831318822820584 0.027398869482349205 -0.006177595135747789
leaf_weight=11.014299310743807 488.23043812066317 7.3118581175804129 8.4950588345527631 88.516723766922951
leaf_count=43 2047 32 31 388
internal_value=0 -0.000223644 0 -0.000437906
internal_weight=603.568 592.554 585.242 576.747
internal_count=2541 2498 2466 2435
is_linear=0
shrinkage=0.05


Tree=572
num_leaves=14
num_cat=0
split_feature=77 8 39 26 63 42 39 82 28 0 78 10 39
split_gain=0.778695 2.56344 2.51933 2.96092 2.34215 2.68433 2.16304 1.86432 1.74598 2.34368 1.87393 1.33609 1.12869
threshold=0.18333333333333338 2.1666666666666674 9.3166666666666682 4.4500000000000011 0.63333333333333341 1.0000000180025095e-35 9.1625000000000014 -0.50795649999999992 2.4500000000000006 1.5833333333333337 0.58333333333333348 1.7029450000000002 8.2111111111111121
decision_type=2 2 2 2 2 2 2 2 2 2 2 2 2
left_child=4 8 12 -4 7 -6 -7 -1 9 -2 -10 -9 -3
right_child=1 2 3 -5 5 6 -8 11 10 -11 -12 -13 -14
leaf_value=0.031678312687678969 -0.0026137921549936188 0.0029964910380820974 0.023157878662004781 0 0.013858356471232406 0.0047104335289821402 -0.011793229312880136 0.018870283624584667 0.0096536918719322823 0.0052602771248914833 -0.019594479854638046 -0.012081224250462399 -0.019762618519810014
leaf_weight=6.5111576579511192 242.70016094855964 6.5505330190062505 36.016532443463802 21.362451706081629 12.649018928408621 19.498927598819137 96.087721797637641 4.7698623165488225 4.0231600329279926 151.8286239169538 21.449564412236214 7.8085501231253147 7.7156505603343248
leaf_count=26 863 28 127 78 45 97 424 21 25 584 133 49 41
internal_value=0 0.00097115 0.00967566 0.014603 -0.00316106 -0.00587505 -0.00856375 0.0119665 -0.000414384 0.000295653 -0.0128961 0 -0.00652547
internal_weight=638.972 491.647 71.6452 57.379 147.325 128.236 115.587 19.0896 420.002 394.529 25.4727 12.5784 14.2662
internal_count=2541 1879 274 205 662 566 521 96 1605 1447 158 70 69
is_linear=0
shrinkage=0.05


Tree=573
num_leaves=15
num_cat=0
split_feature=121 69 117 123 82 34 27 13 13 89 10 57 42 22
split_gain=0.78413 2.24878 2.8895 3.32492 1.92892 1.72686 2.61865 2.66073 2.53986 5.29797 3.4807 2.18323 1.5397 1.26888
threshold=37.775000000000006 0.81666666666666676 65.050000000000011 0.52648670617751014 0.31829500000000005 6.3166666666666673 3.3666666666666671 3.5833333333333335 5.166666666666667 -0.27788619999999992 1.4987195000000002 1.3666666666666669 1.4166666666666667 2.1000000000000005
decision_type=2 2 2 2 2 2 2 2 2 2 2 2 2 2
left_child=1 4 12 -4 13 6 11 -8 9 -7 -10 -2 -3 -1
right_child=5 2 3 -5 -6 8 7 -9 10 -11 -12 -13 -14 -15
leaf_value=0.026779424507735773 0.016246745409380505 -0.022418441623962289 0.010948712544472662 -0.0022350164038714439 -0.0030118382071211104 -0.020785070185797474 -0.018719863411438796 -0.0033133139760586545 0 0.0060224909877986442 0.026010283439545846 -0.0025124600643966367 0 0
leaf_weight=19.545173447579149 26.795569181442261 18.635677773505453 73.249759595841169 122.48943417705595 7.7065641805529586 25.219059534370899 34.277074489742517 222.95927258394659 27.877909772098064 58.159109391272068 22.99055664613843 26.28350991755724 10.148624673485754 7.6606208309531203
leaf_count=71 86 62 250 466 27 81 124 828 100 219 82 86 33 26
internal_value=0 0.00214391 5.99502e-05 0.00247505 0.0137788 -0.00130884 -0.00343507 -0.00562442 0.00322538 -0.00164355 0.0120478 0.00615837 -0.0142162 0.020246
internal_weight=703.998 259.436 224.523 195.739 34.9124 444.562 310.315 257.236 134.247 83.3782 50.8685 53.0791 28.7843 27.2058
internal_count=2541 935 811 716 124 1606 1124 952 482 300 182 172 95 97
is_linear=0
shrinkage=0.05


Tree=574
num_leaves=13
num_cat=0
split_feature=82 5 3 46 100 81 31 73 3 6 5 61
split_gain=0.66133 1.9253 2.46992 2.21598 2.26333 2.07997 1.41209 2.00642 1.63422 2.71318 2.09821 0.830811
threshold=0.29574116666666672 6.166666666666667 1.4311165000000003 2.8333333333333335 0.36931818181818188 0.33137699999999998 0.78535846000000009 0.43650793650793657 1.2450350000000003 7.166666666666667 3.1666666666666674 1.0000000180025095e-35
decision_type=2 2 2 2 2 2 2 2 2 2 2 2
left_child=6 3 5 4 -2 -3 7 11 9 -8 -10 -1
right_child=1 2 -4 -5 -6 -7 8 -9 10 -11 -12 -13
leaf_value=0 -0.012345837939178858 -0.017145119944339343 0.028440711293819899 0.018066857703052053 0.0037772202282919855 0.015952497599971669 0.0086743949234391621 0.003427303555833042 0.0072121984257123616 -0.0047651445723198068 -0.0034594931114504332 -0.028388728178907002
leaf_weight=4.4608622323721674 81.587677802890539 9.8557958807796293 8.9110111966729146 6.6359131857752791 23.306781589984894 6.915224887430667 144.13292422145605 9.8695640824735147 57.992767073214054 44.699190579354763 193.98939334601164 10.960773207247255
leaf_count=27 375 60 39 25 91 32 559 42 229 201 787 74
internal_value=0 -0.00302307 0.00832095 -0.0061303 -0.0082894 -0.000554629 0.000913994 -0.0100851 0.00167962 0.00522133 -0.000787 -0.0214596
internal_weight=603.318 137.212 25.682 111.53 104.894 16.771 466.105 25.2912 440.814 188.832 251.982 15.4216
internal_count=2541 622 131 491 466 92 1919 143 1776 760 1016 101
is_linear=0
shrinkage=0.05


Tree=575
num_leaves=7
num_cat=0
split_feature=113 17 17 30 122 30
split_gain=0.77496 1.23469 1.56291 1.2971 2.6534 2.32202
threshold=0.29593249549776351 2.3351204666666674 2.4314596000000006 0.99947725000000021 47.915000000000013 1.1205669000000003
decision_type=2 2 2 2 2 2
left_child=-1 3 -3 4 -2 -5
right_child=1 2 -4 5 -6 -7
leaf_value=0.018309305220816984 0.00048325832113663316 -0.028630369356376917 0 -0.011636259485012637 0.029211384543947356 0.00039618305559948122
leaf_weight=4.7417227812111369 40.45602411031723 7.5234072133898762 11.826283469796179 42.045854687690735 10.4626148045063 521.3117961389944
leaf_count=24 132 26 41 142 38 2138
internal_value=0 -0.000140895 -0.0123013 0.000180262 0.00779822 -0.000432282
internal_weight=638.368 633.626 19.3497 614.276 50.9186 563.358
internal_count=2541 2517 67 2450 170 2280
is_linear=0
shrinkage=0.05


Tree=576
num_leaves=13
num_cat=0
split_feature=31 89 96 111 25 111 91 111 60 80 100 44
split_gain=0.768023 1.517 1.91517 2.95547 2.18098 1.38043 2.05263 1.63713 3.34782 3.14119 1.18286 0.117686
threshold=1.7137141000000002 0.35781230000000014 -0.045275649999999938 1.0542254932668704 11.900000000000002 1.0651131126937581 0.68333333333333346 1.0569348522134903 1.2250000000000003 -0.99117233333333343 0.24038461538461542 1.0000000180025095e-35
decision_type=2 2 2 2 2 2 2 2 2 2 2 2
left_child=5 2 3 -2 -4 7 11 9 -9 -1 -3 -7
right_child=1 10 4 -5 -6 6 -8 8 -10 -11 -12 -13
leaf_value=0.011271507843130388 -0.020919219240545843 -0.027894525248393427 0 0.0031331698383159738 0.023817009612464333 -0.004467296836764242 0.0027036409018985287 -0.0026408312138414495 0.013043738340112524 -0.0017192794519799077 0 -0.032108535130988748
leaf_weight=51.370368745177984 22.010198405012488 9.8122944273054582 22.922663167119026 21.689431894570589 11.985199853777884 6.2193364351987857 8.9030731171369535 53.344956520944834 74.597331110388041 407.63798989728093 6.1253021433949462 6.8575472459197044
leaf_count=164 96 50 87 87 57 26 29 190 275 1421 28 31
internal_value=0 -0.00420887 -0.000604795 -0.0080597 0.00729978 0.00061075 -0.0112172 0.00115705 0.00614659 -0.000135367 -0.0179477 -0.0237656
internal_weight=703.476 94.5451 78.6075 43.6996 34.9079 608.931 21.98 586.951 127.942 459.008 15.9376 13.0769
internal_count=2541 405 327 183 144 2136 86 2050 465 1585 78 57
is_linear=0
shrinkage=0.05


Tree=577
num_leaves=7
num_cat=0
split_feature=14 85 95 95 126 4
split_gain=0.657023 1.87481 1.56542 1.77322 1.05536 0.377733
threshold=3.2666666666666671 2.1000000000000005 0.60674060000000019 0.17027725999999996 0.19919390947487953 18.500000000000004
decision_type=2 2 2 2 2 2
left_child=1 2 3 -1 -4 -2
right_child=5 -3 4 -5 -6 -7
leaf_value=0.00060661850846844461 -0.022198231384812212 0.025646990529323933 0 -0.0066754112419352106 0.020853708141069877 0
leaf_weight=469.3193885833025 4.190328720957039 6.1701959520578376 6.4561492651701 98.939407674595714 13.621395021677015 4.1093988232314587
leaf_count=1937 25 22 29 453 46 29
internal_value=0 0.000221796 -3.07605e-06 -0.00058292 0.0132852 -0.013171
internal_weight=602.806 594.507 588.336 568.259 20.0775 8.29973
internal_count=2541 2487 2465 2390 75 54
is_linear=0
shrinkage=0.05


Tree=578
num_leaves=12
num_cat=0
split_feature=108 93 93 72 37 37 7 16 97 31 36
split_gain=0.764416 1.64165 2.42223 1.39061 2.05825 3.00819 1.9818 1.97465 1.91828 1.09555 0.916888
threshold=0.16414313623249874 0.92777777777777792 -0.10555555555555561 1.8166666666666669 2.0608681500000001 1.5802302333333336 2.1666666666666674 1.2895643000000006 -0.81666666666666665 1.3599511500000003 0.95000000000000007
decision_type=2 2 2 2 2 2 2 2 2 2 2
left_child=1 2 -1 4 5 -2 7 -5 -8 -4 -3
right_child=3 10 9 6 -6 -7 8 -9 -10 -11 -12
leaf_value=-0.0044892993569486967 -0.00063020088369370082 -0.017673879988671808 0.0026640047552028206 0.0024777196757949575 -0.022802312751806299 0.0097796760308825822 0.018998965189802597 -0.014843450743719112 -0.0048517255171278174 0.028321909885208014 0.0015961842216869701
leaf_weight=11.47415605932474 390.32883658632636 8.170976407825945 12.186842963099481 16.230429127812386 8.0872470736503583 81.832221832126379 12.427832797169687 57.118638440966606 16.752395361661911 16.107176423072815 7.2909379303455344
leaf_count=43 1635 28 42 51 31 278 43 228 62 75 25
internal_value=0 0.00559815 0.0113725 -0.000504914 0.000532462 0.00108516 -0.00580516 -0.0103564 0.00394249 0.0194455 -0.00600494
internal_weight=638.008 55.2301 39.7682 582.778 480.248 472.161 102.529 73.3491 29.1802 28.294 15.4619
internal_count=2541 213 160 2328 1944 1913 384 279 105 117 53
is_linear=0
shrinkage=0.05


Tree=579
num_leaves=14
num_cat=0
split_feature=51 9 114 22 17 87 121 112 8 33 100 98 3
split_gain=0.782014 2.4904 2.59908 2.65871 2.34805 1.79039 3.11305 3.10804 2.56216 1.95757 1.94365 1.69629 1.02225
threshold=1.4166666666666667 0.77628516666666669 1.0557264277852518 2.1000000000000005 1.4437225000000002 -0.6474899999999999 24.57 0.6174976093600586 1.8333333333333337 4.366666666666668 0.30384615384615393 -0.33333333333333331 1.4541740000000003
decision_type=2 2 2 2 2 2 2 2 2 2 2 2 2
left_child=5 12 4 -4 -3 8 11 -8 9 -1 -10 -7 -2
right_child=1 2 3 -5 -6 6 7 -9 10 -11 -12 -13 -14
leaf_value=0.02453985796036607 -0.026493729774603649 -0.022523444087437425 0.0036471152961943944 -0.01099845088797461 0.0044608298075488355 0 -0.0034305598090722763 0.018351851498898019 0.0057796280920280017 0 -0.014724797079969435 0.021921809160614314 0
leaf_weight=26.324772100895643 13.173457190394403 22.610771343111995 192.06132395938039 35.110552210360765 7.6611592881381503 8.3293076232075709 281.65218233689666 15.890895172953604 46.257024049758911 10.493164256215094 14.130276568233965 21.504248254001141 7.6867664828896514
leaf_count=88 45 77 755 130 35 28 984 62 155 36 47 73 26
internal_value=0 -0.002106 -0.000527013 0.00112615 -0.0141712 0.00129731 -0.000333313 -0.00204217 0.00724568 0.0174844 5.5023e-06 0.0146017 -0.01839
internal_weight=702.886 278.304 257.444 227.172 30.2719 424.582 327.377 297.543 97.2052 36.8179 60.3873 29.8336 20.8602
internal_count=2541 1068 997 885 112 1473 1147 1046 326 124 202 101 71
is_linear=0
shrinkage=0.05


Tree=580
num_leaves=14
num_cat=0
split_feature=78 81 6 68 80 112 125 126 103 126 32 6 6
split_gain=0.66294 2.64468 2.44231 1.79136 1.51386 1.93692 2.86739 1.4442 2.73833 2.3271 1.19591 0.751228 0.567766
threshold=1.416666666666667 0.72330533333333369 7.8333333333333348 0.23611111111111113 1.0663678333333335 0.49806520720358843 0.49091035516179055 0.26415558781187015 9.5000000000000018 0.28133711936144074 16.450000000000003 6.416666666666667 4.8333333333333348
decision_type=2 2 2 2 2 2 2 2 2 2 2 2 2
left_child=4 2 12 11 7 10 -7 8 -1 -9 -6 -3 -2
right_child=1 3 -4 -5 5 6 -8 9 -10 -11 -12 -13 -14
leaf_value=-0.0002191568319556209 0 -0.014110290968274687 0.0022740702346520764 0.023022523591114945 -0.018736962331686861 0.030163269811893878 0 -0.0098612537788946592 0.011216038148571975 0.00074958151271355741 0.0087416252752260792 0.0048289620237387696 -0.03040496132490126
leaf_weight=254.82158191874623 5.1176926568150582 7.9886016286909598 7.900813238695263 8.6302659139037114 6.5979154258966428 16.385873645544056 8.7975234277546388 83.46090329438448 62.49431299045682 113.20279979705811 4.9319871943444014 6.8696748875081539 15.085329469293354
leaf_count=1094 21 42 42 32 33 59 50 343 262 427 28 30 78
internal_value=0 -0.00534137 -0.015936 0.00542636 0.000533252 0.0102189 0.0181754 -7.99964e-05 0.00190405 -0.00352764 -0.0032328 -0.00244853 -0.025187
internal_weight=602.285 51.5924 28.1038 23.4885 550.693 36.7133 25.1834 513.98 317.316 196.664 11.5299 14.8583 20.203
internal_count=2541 245 141 104 2296 170 109 2126 1356 770 61 72 99
is_linear=0
shrinkage=0.05


Tree=581
num_leaves=13
num_cat=0
split_feature=89 60 124 117 126 108 25 9 5 87 98 9
split_gain=0.752453 1.94555 2.51546 2.14562 2.14425 1.82648 2.91659 2.06733 2.89628 2.12721 0.905287 0.645752
threshold=-0.083164099999999977 2.3000000000000003 0.65078898827283316 72.950000000000003 0.24053129494838973 0.6322172575871875 8.2250000000000014 0.89069683333333349 4.416666666666667 0.22323150000000017 2.4500000000000006 2.0043150000000005
decision_type=2 2 2 2 2 2 2 2 2 2 2 2
left_child=1 2 3 -1 -3 7 -7 8 -2 -9 -8 -6
right_child=5 4 -4 -5 11 6 10 9 -10 -11 -12 -13
leaf_value=0.0056695343906907718 -9.3811170420442529e-05 0.0053979305535833107 0.023415935313594854 -0.0033434193195633929 -0.0044294128626260112 0.009348627392755186 -0.027336803155316981 -0.0061464595324750518 0.020057540269883462 0.0035324806935790702 0 -0.030809903098016386
leaf_weight=158.90581221878529 39.168586149811745 9.7166014537215251 14.106999810785053 104.67937596142292 10.818348269909622 6.6940830107778337 18.121111948974434 155.98128564655781 25.838775981217623 81.177715726196766 3.1810184800997368 8.8567456603050214
leaf_count=614 145 39 46 412 37 49 179 554 95 309 31 31
internal_value=0 0.00181385 0.00325451 0.00190208 -0.00981144 -0.00161852 -0.0136555 -0.000296987 0.00734087 -0.00262257 -0.0232214 -0.0196388
internal_weight=637.246 307.084 277.692 263.585 29.3917 330.163 27.9962 302.166 65.0074 237.159 21.3021 19.6751
internal_count=2541 1179 1072 1026 107 1362 259 1103 240 863 210 68
is_linear=0
shrinkage=0.05


Tree=582
num_leaves=11
num_cat=0
split_feature=6 16 25 37 113 111 93 17 66 9
split_gain=0.750997 2.13657 1.98885 2.6729 1.61904 1.76641 2.55821 2.20213 1.14913 0.310249
threshold=5.166666666666667 2.3185910000000001 16.100000000000005 1.2313364500000001 0.54719874636700927 1.0485502254350643 0.18035714285714291 1.2494737000000002 0.95000000000000007 1.2772330000000001
decision_type=2 2 2 2 2 2 2 2 2 2
left_child=1 2 3 -1 5 6 -2 -7 -4 -3
right_child=4 9 8 -5 -6 7 -8 -9 -10 -11
leaf_value=0.0044825550484047681 -0.001401551821064652 0.00058030692586265873 0.034586871852639395 -0.0055070989148236068 0.019440938875045916 0.00022137699860100878 0.020103475380172105 -0.0074499676150322838 0.00016240885628884913 0.02667260555150441
leaf_weight=136.53928654640913 30.089852146804333 6.2589300721883765 5.6531297750771037 128.47625882551074 7.6595477461814871 180.54495919123292 19.791032481938601 169.49911773018539 8.951730899512766 8.8755415305495244
leaf_count=450 107 24 25 496 24 648 74 622 40 31
internal_value=0 0.00186923 0.000660023 -0.000174844 -0.00143734 -0.00200942 0.00637564 -0.00336147 0.0180538 0.0196857
internal_weight=702.339 294.755 279.62 265.016 407.585 399.925 49.8809 350.044 14.6049 15.1345
internal_count=2541 1066 1011 946 1475 1451 181 1270 65 55
is_linear=0
shrinkage=0.05


Tree=583
num_leaves=13
num_cat=0
split_feature=88 27 25 7 64 116 3 128 91 10 38 61
split_gain=0.648968 2.09528 1.9475 1.473 1.58575 1.14607 1.96948 2.62352 2.36718 1.24372 1.45803 0.914408
threshold=-0.5871698999999998 4.2666666666666675 7.7000000000000002 2.1666666666666674 1.1000000000000003 0.80787981341549409 1.3584050000000001 0.82391126724873287 -0.20000000000000001 0.58979000000000015 1.0369494944444446 0.45000000000000007
decision_type=2 2 2 2 2 2 2 2 2 2 2 2
left_child=1 2 -1 4 -3 9 8 -8 -7 -2 -11 -4
right_child=5 3 11 -5 -6 6 7 -9 -10 10 -12 -13
leaf_value=0.0055603144271189611 0.015299206920984366 0.01830710964049723 -0.028036122239304996 -0.016238861754820352 0 -0.018657027340454456 0.025379632317269914 -0.0044131979601097241 0.0063462806473904695 -0.011789657743925942 0 0
leaf_weight=4.9553761705756214 11.278002381324766 15.054129883646963 16.242089694365863 7.8101201280951491 26.977665148675442 11.61324994266033 21.349907726049427 6.8170816749334326 36.925595033913851 27.0688446611166 409.05326354131103 6.6592373251914969
leaf_count=21 46 55 83 41 113 50 72 29 161 131 1712 27
internal_value=0 -0.00421889 -0.0151028 0.00105809 0.00573673 0.00064971 0.00628132 0.0165507 0 -0.000216164 -0.000765854 -0.0217114
internal_weight=601.805 77.6986 27.8567 49.8419 42.0318 524.106 76.7058 28.167 48.5388 447.4 436.122 22.9013
internal_count=2541 340 131 209 168 2201 312 101 211 1889 1843 110
is_linear=0
shrinkage=0.05


Tree=584
num_leaves=14
num_cat=0
split_feature=102 100 76 108 65 89 106 88 94 95 82 80 11
split_gain=0.756918 1.84229 2.41709 1.89694 2.17592 1.82034 1.27706 2.65431 2.25124 1.48897 2.46569 2.21683 0.443957
threshold=3.5000000000000004 1.0000000180025095e-35 1.3541666666666667 0.38140678025399721 0.55000000000000016 -0.3332039 3.5250000000000004 0.076767700000000008 0.14617696249999992 -0.028362499999999954 -0.58688149999999983 -1.397441783333333 11.583333333333334
decision_type=2 2 2 2 2 2 2 2 2 2 2 2 2
left_child=1 2 -1 5 -5 -3 9 8 -8 11 -11 -2 -9
right_child=6 3 -4 4 -6 -7 7 12 -10 10 -12 -13 -14
leaf_value=-0.0063265717680393357 -0.017025484941826801 -0.023129316905432899 0.024542040797738755 -0.026662283660316539 0.0018594139528176326 0.004391080371988639 -0.014115562907660124 0.033988721919191715 0.016909397397096067 0.0087273531016700736 -0.0055034544271921554 0.0033834780502589239 0.0041228971809939173
leaf_weight=10.281947735697033 12.329943254590033 6.4742118418216696 10.010126715525983 20.591582999564711 5.0572233796119681 27.649187326431274 13.50809007510543 8.5852505788207036 8.5736713074147683 33.213741883635521 185.58707127440721 287.91738784313202 6.942447140812873
leaf_count=45 48 22 40 126 24 92 51 30 37 131 756 1113 26
internal_value=0 -0.00447368 0.00699016 -0.00923927 -0.0193036 0 0.000695678 0.00947 0 0 -0.00308588 0.00232565 0.0247183
internal_weight=636.722 80.0643 20.2921 59.7722 25.6488 34.1234 556.658 37.6095 22.0818 519.048 218.801 300.247 15.5277
internal_count=2541 349 85 264 150 114 2192 144 88 2048 887 1161 56
is_linear=0
shrinkage=0.05


Tree=585
num_leaves=10
num_cat=0
split_feature=107 115 34 123 32 56 111 115 37
split_gain=0.769956 1.09068 1.04549 2.49412 1.48093 2.99696 2.44212 1.27515 0.727811
threshold=1.0000000180025095e-35 1.818240438540748 3.8166666666666669 0.59262397819569679 12.450000000000001 1.0000000180025095e-35 1.059214809996109 1.3333014098485532 1.2869096500000003
decision_type=2 2 2 2 2 2 2 2 2
left_child=1 8 3 7 5 -4 -6 -2 -1
right_child=2 -3 4 -5 6 -7 -8 -9 -10
leaf_value=0.02786813626772949 -0.017461038115367662 -0.0021495881251741909 -0.0061814795977853491 -0.028877991590092918 -0.0030769175628421182 0.0074389097236716994 0.0073762414096754996 0.0044614991101322747 0
leaf_weight=7.1885721907019642 7.7281031608581534 6.6616073437035075 50.574163325130939 9.6944512054324132 374.05418648198247 149.24772702530026 62.793623657897115 25.465124484151602 8.2328386604785901
leaf_count=27 32 27 193 50 1314 534 232 102 30
internal_value=0 0.00894921 -0.000334639 -0.00781909 0.000102594 0.00372905 -0.00144674 0 0.0166273
internal_weight=701.64 22.083 679.557 42.8877 636.67 199.822 436.848 33.1932 15.4214
internal_count=2541 84 2457 184 2273 727 1546 134 57
is_linear=0
shrinkage=0.05


Tree=586
num_leaves=9
num_cat=0
split_feature=21 63 2 5 67 27 96 106
split_gain=0.643236 0.992562 1.41695 2.90371 2.15961 1.41257 1.39858 0.642385
threshold=0.22500000000000003 1.1000000000000003 1.7329065000000001 6.166666666666667 0.41428571428571431 2.5500000000000003 -0.36105016833333331 2.6157894736842109
decision_type=2 2 2 2 2 2 2 2
left_child=7 2 4 -4 -2 -3 -7 -1
right_child=1 5 3 -5 -6 6 -8 -9
leaf_value=0 0.0032467416861330224 -0.019850048439413962 0.017068709074008575 -0.00318182883273899 -0.012917183290824884 -0.0093554041315686964 0.00038187509128967249 -0.021048604200439903
leaf_weight=4.6850761547684652 107.76781136542559 8.9855676516890508 42.118428289890289 23.489718601107597 24.486282054334879 39.530984066426754 344.13210269808769 6.1835071966052055
leaf_count=22 399 42 155 118 106 180 1484 35
internal_value=0 0.000230568 0.003178 0.00912882 0 -0.00113197 -0.000513141 -0.0115257
internal_weight=601.379 590.511 197.862 65.6081 132.254 392.649 383.663 10.8686
internal_count=2541 2484 778 273 505 1706 1664 57
is_linear=0
shrinkage=0.05


Tree=587
num_leaves=15
num_cat=0
split_feature=16 16 109 75 125 16 123 118 10 92 82 96 10 17
split_gain=0.757116 2.6237 2.33292 2.06492 2.02439 1.9653 2.58479 2.41063 2.57739 2.55433 1.92135 1.85155 1.64294 1.20904
threshold=1.2313302000000002 1.4879449 0.2106082538988884 2.0500000000000003 0.10239268741575246 1.0917054000000002 0.58248501566405542 70.700000000000003 1.0997766666666668 -0.91666666666666663 0.015342833333333418 0.19917034999999997 2.5572516666666671 1.2603043000000003
decision_type=2 2 2 2 2 2 2 2 2 2 2 2 2 2
left_child=5 2 10 -4 -3 7 11 8 -1 -9 -2 -7 -6 -8
right_child=1 4 3 -5 12 6 13 9 -10 -11 -12 -13 -14 -15
leaf_value=-0.0083003177367301523 -0.0060269920283495841 0.023434508641252422 -0.0067301924940339451 -0.029629033835426189 -0.00053295308140254699 0.021424340022910583 0.010042176441068577 0.0061941677331411645 0.01546246343979576 -0.012687818522552794 0.024524651121052825 0 0.013510911944590571 -0.01330757452786463
leaf_weight=13.260190807282923 6.2225176729261866 8.9579631984233838 96.618489608168602 12.545315653085707 293.94520859606564 36.174259409308434 6.0622483938932445 21.87952896207571 33.554595082998276 53.622214548289776 8.7658462747931463 9.8516222834587079 21.190211922861636 13.447653286159037
leaf_count=49 29 32 343 41 1306 122 23 78 112 181 37 34 103 51
internal_value=0 -0.00108265 -0.00728994 -0.0100607 0.00115652 0.00268967 0.00966897 -0.000692381 0.00765318 -0.00655302 0.00913001 0.0162607 0.00029297 -0.00347846
internal_weight=636.098 448.246 124.152 109.164 324.093 187.852 65.5358 122.317 46.8148 75.5017 14.9884 46.0259 315.135 19.5099
internal_count=2541 1891 450 384 1441 650 230 420 161 259 66 156 1409 74
is_linear=0
shrinkage=0.05


Tree=588
num_leaves=11
num_cat=0
split_feature=51 9 114 9 17 95 88 96 96 11
split_gain=0.766627 2.3202 2.3911 2.50505 2.23563 1.83455 1.67514 3.55495 2.23001 1.54344
threshold=1.4166666666666667 0.77628516666666669 1.0557264277852518 1.5485805000000001 1.4437225000000002 -0.87494910000000004 0.47168590000000016 -0.030077879999999998 -0.037637400000000036 7.416666666666667
decision_type=2 2 2 2 2 2 2 2 2 2
left_child=5 9 4 -4 -3 -1 8 -8 -7 -2
right_child=1 2 3 -5 -6 6 7 -9 -10 -11
leaf_value=-0.019958641550085806 0 -0.02184498498340802 0.0064548586756074501 -0.0039124958072016131 0.004427997058751746 0 0.0030464549605036364 -0.0227432080921567 0.0077598489779035417 -0.026808295116817239
leaf_weight=8.5113576576113683 6.7695789486169842 22.507381737232212 113.23452244699001 113.57864821888506 7.6645801141858092 211.46530339494348 30.62552086263895 19.469493001699448 153.47714774310589 13.983464173972605
leaf_count=28 22 77 408 477 35 733 107 70 535 49
internal_value=0 -0.00205845 -0.000527443 0.00104945 -0.0136389 0.00131621 0.00191961 -0.00624711 0.00319128 -0.0178227
internal_weight=701.287 277.738 256.985 226.813 30.172 423.549 415.037 50.095 364.942 20.753
internal_count=2541 1068 997 885 112 1473 1445 177 1268 71
is_linear=0
shrinkage=0.05


Tree=589
num_leaves=7
num_cat=0
split_feature=64 97 97 96 125 109
split_gain=0.631361 0.872959 1.4148 1.86007 1.40229 1.30904
threshold=0.3000000000000001 -1.5499999999999996 -1.2499999999999996 0.037364299999999913 0.10239268741575246 0.23725953425582186
decision_type=2 2 2 2 2 2
left_child=-1 5 3 -3 -4 -2
right_child=1 2 4 -5 -6 -7
leaf_value=0.011345191190950335 0 0 -0.017171594672505522 -0.028605191592367782 0.00019339629671310046 0.030380153434433552
leaf_weight=10.990111745893953 9.1029924079775792 8.8431310802698153 10.833229251205919 9.2836444005370122 547.21757716313004 4.6976390704512587
leaf_count=43 48 43 68 46 2277 16
internal_value=0 -0.000243758 -0.000633263 -0.0140292 -8.4379e-05 0.0115839
internal_weight=600.968 589.978 576.178 18.1268 558.051 13.8006
internal_count=2541 2498 2434 89 2345 64
is_linear=0
shrinkage=0.05


Tree=590
num_leaves=10
num_cat=0
split_feature=96 12 96 123 2 87 38 36 124
split_gain=0.759408 1.77092 1.66536 1.74355 1.82646 1.37882 1.25334 2.18922 1.95112
threshold=0.61371850000000028 4.8333333333333348 0.31937280000000007 0.60759476927417022 1.4346203333333336 -0.38172519999999993 1.5132706000000002 1.3875000000000002 0.64460146693118847
decision_type=2 2 2 2 2 2 2 2 2
left_child=2 -2 6 4 -4 -5 7 -1 -8
right_child=1 -3 3 5 -6 -7 8 -9 -10
leaf_value=0 -0.005660000733423696 0.021194385617078877 -0.012775830368614639 0 0.0091895065199798301 -0.030246054243239114 -0.0028921508819354899 0.010283184316880085 0.010760502004056861
leaf_weight=174.73597250878811 6.5254121311008957 12.442330524325369 17.893022269010544 4.6282839253544834 16.80909476056695 11.995917352847753 289.66229594685137 74.162843830883503 26.724514918401837
leaf_count=635 28 47 67 20 68 65 1239 270 102
internal_value=0 0.00963094 -0.000274132 -0.00885674 -0.000776348 -0.021886 0.000431113 0.00314705 -0.00155113
internal_weight=635.58 18.9677 616.612 51.3263 34.7021 16.6242 565.286 248.899 316.387
internal_count=2541 75 2466 220 135 85 2246 905 1341
is_linear=0
shrinkage=0.05


Tree=591
num_leaves=11
num_cat=0
split_feature=128 111 31 10 76 72 75 10 46 70
split_gain=0.776046 2.0928 1.08588 1.43767 2.20277 1.99392 1.26493 3.33391 2.04607 0.708808
threshold=0.88484027790099928 1.0568450058475547 1.7137141000000002 1.932026666666667 1.8819444444444446 0.63333333333333341 0.72500000000000009 2.048106666666667 1.8333333333333337 1.3541666666666667
decision_type=2 2 2 2 2 2 2 2 2 2
left_child=2 9 6 4 -4 -5 7 -1 -8 -2
right_child=1 -3 3 5 -6 -7 8 -9 -10 -11
leaf_value=-0.01553140665052093 0.034130525271036126 -0.008412261769352735 -0.0049150798512685306 0.00059389235885628458 0.02114850598545422 -0.021520633602948896 -0.00045362454652690746 0.010720110464660898 0.0066615508038903376 0.0035007099516753768
leaf_weight=36.431153684854507 6.0205956809222725 6.9966530147939912 46.134502468630672 10.324459284543989 8.7666792646050435 23.367670822888613 409.98433605208993 14.794774845242499 128.858074888587 9.1764831207692605
leaf_count=116 29 37 225 33 29 94 1424 50 462 42
internal_value=0 0.00896672 -0.000332834 -0.00550043 0 -0.0134809 0.000366433 -0.00693213 0.00116446 0.0200803
internal_weight=700.855 22.1937 678.662 88.5933 54.9012 33.6921 590.068 51.2259 538.842 15.1971
internal_count=2541 108 2433 381 254 127 2052 166 1886 71
is_linear=0
shrinkage=0.05


Tree=592
num_leaves=12
num_cat=0
split_feature=17 128 17 115 34 3 30 68 72 10 87
split_gain=0.637563 2.06895 1.39239 2.37377 2.00089 1.81293 2.79325 1.79741 1.49567 1.27407 1.53536
threshold=0.72008460000000019 0.85614106757225172 0.94063200000000013 2.5986327086940872 5.4222222222222234 0.98118216666666669 1.7011247999999999 0.2678571428571429 1.5857142857142861 1.2353395000000003 0.085892099999999597
decision_type=2 2 2 2 2 2 2 2 2 2 2
left_child=1 9 3 4 -2 6 -4 -7 -5 -1 -11
right_child=2 -3 5 8 -6 7 -8 -9 -10 10 -12
leaf_value=0 0.012978932155637491 0.014506154851801978 -0.017828637718453461 0.035941432205823708 -0.0056850250377454966 0.0032347253384404336 0.0023509508066239929 -0.0032623378219511418 0 0 -0.03187249468945965
leaf_weight=7.2702744230628076 22.142039254307747 5.8353901654481879 34.735933765769005 9.1251322738826293 34.439544677734375 263.1501753591001 25.296359308063984 173.41683736070991 7.6439253091812125 6.4415004178881672 11.07794054597616
leaf_count=33 77 43 158 31 162 1086 110 707 30 29 75
internal_value=0 -0.00691419 0.000379056 0.00680932 0.000848956 -0.000482024 -0.00860694 0.000538081 0.0229271 -0.0142622 -0.0213367
internal_weight=600.575 30.6251 569.95 73.3506 56.5816 496.599 60.0323 436.567 16.7691 24.7897 17.5194
internal_count=2541 180 2361 300 239 2061 268 1793 61 137 104
is_linear=0
shrinkage=0.05


Tree=593
num_leaves=14
num_cat=0
split_feature=32 89 82 94 125 11 70 58 48 112 100 91 101
split_gain=0.760538 2.12165 3.45793 2.18459 1.81944 1.73717 2.94643 3.55073 2.58217 2.57645 3.23471 2.53218 1.23554
threshold=11.472222222222223 -0.41926109999999994 -0.48071199999999997 -0.66227704999999992 0.25307063190707568 10.16666666666667 1.6125000000000003 1.9000000000000001 2.1666666666666674 0.47382127192982465 0.26136363636363641 -0.40000000000000024 2.7888888888888892
decision_type=2 2 2 2 2 2 2 2 2 2 2 2 2
left_child=1 4 -3 -4 -1 9 7 -7 -8 10 -2 -11 -6
right_child=5 2 3 -5 12 6 8 -9 -10 11 -12 -13 -14
leaf_value=0.0049018592172994924 -0.002556153716363971 0.028008659028021677 -0.0070202720718041947 0.0075021204719946015 0 0.0021333272232842665 -0.011734605600391397 0.027716820733015214 0.0057331667461906063 -0.021763437781159856 0.031501380761602832 -0.0038941483035067346 -0.028163544984804043
leaf_weight=9.2744850665330905 17.696989204734567 15.133067950606344 35.524376451969147 75.293547481298447 6.2412452250719097 229.73984378948808 67.694301128387451 14.09413370490074 25.502278715372086 29.342852078378201 8.5515735037624818 89.954993138089776 11.007302410900591
leaf_count=32 73 48 123 256 24 945 251 48 91 114 29 465 42
internal_value=0 0.00309823 0.00604814 0.00237844 -0.00880426 -0.000940936 0.000906564 0.0039235 -0.00641381 -0.00553723 0.00745343 -0.00884934 -0.0187787
internal_weight=635.051 152.474 125.951 110.818 26.523 482.577 337.031 243.834 93.1966 145.546 26.2486 119.298 17.2485
internal_count=2541 525 427 379 98 2016 1335 993 342 681 102 579 66
is_linear=0
shrinkage=0.05


Tree=594
num_leaves=13
num_cat=0
split_feature=15 39 46 4 125 56 103 30 103 30 8 17
split_gain=0.764359 1.53358 1.50559 2.49982 2.22241 1.71879 1.41015 2.79902 2.74855 0.727382 0.990402 0.296215
threshold=2.2250000000000005 11.725000000000001 2.4166666666666674 12.833333333333334 0.43636039230746854 1.0000000180025095e-35 6.5000000000000009 1.5827496000000003 3.5000000000000004 1.3568630000000004 1.8333333333333337 2.1686340000000004
decision_type=2 2 2 2 2 2 2 2 2 2 2 2
left_child=2 9 6 5 -5 -4 8 -8 -1 10 -2 -3
right_child=1 11 3 4 -6 -7 7 -9 -10 -11 -12 -13
leaf_value=-0.0047818665606619544 0.018158672112894868 -0.028588213019360056 0 -0.015370297464918914 0.014759943308504796 0.029508682091421285 -0.006881911665870391 0.0017165372344295526 0.0061327917206143358 -0.011333417026578434 -0.0022204561657998205 0
leaf_weight=79.998774141073227 8.4635682329535502 6.8371103368699533 8.4391369484365004 13.452564865350725 8.9552008584141713 15.457536857575176 175.67621195688844 188.90926201269031 175.7585478592664 7.8460158929228774 6.6522152535617343 3.7357505559921265
leaf_count=296 34 45 31 54 30 54 630 663 615 34 25 30
internal_value=0 -0.0072808 0.000346614 0.00897594 -0.00107665 0.0200751 -0.000230446 -0.00229737 0.00251871 0 0.00650632 -0.0221241
internal_weight=700.182 33.5347 666.647 46.3044 22.4078 23.8967 620.343 364.585 255.757 22.9618 15.1158 10.5729
internal_count=2541 168 2373 169 84 85 2204 1293 911 93 59 75
is_linear=0
shrinkage=0.05


Tree=595
num_leaves=7
num_cat=0
split_feature=14 85 95 78 123 40
split_gain=0.636178 1.74065 1.41723 1.93144 0.986756 0.377914
threshold=3.2666666666666671 2.1000000000000005 0.60674060000000019 1.416666666666667 0.598233653208468 4.5357142857142865
decision_type=2 2 2 2 2 2
left_child=1 2 3 -1 -4 -2
right_child=5 -3 4 -5 -6 -7
leaf_value=0.00010426576933100945 -0.021642346037257981 0.024699057469456234 0.01960531652662471 -0.01169375188384935 0 0
leaf_weight=529.92096872068942 4.3604395091533643 6.173240289092063 14.157673947513105 35.614014036953449 5.9067577719688407 3.8511195778846741
leaf_count=2218 35 22 46 172 29 19
internal_value=0 0.000203084 -1.15749e-05 -0.000569776 0.0126283 -0.0130385
internal_weight=599.984 591.773 585.599 565.535 20.0644 8.21156
internal_count=2541 2487 2465 2390 75 54
is_linear=0
shrinkage=0.05


Tree=596
num_leaves=12
num_cat=0
split_feature=56 106 116 30 33 10 10 30 37 2 80
split_gain=0.743926 2.14945 1.93633 2.48966 1.86589 2.93698 2.35781 1.60047 3.17321 1.99535 1.28481
threshold=0.22500000000000003 3.5250000000000004 -1.4431869426293946 1.6563005500000003 6.1055555555555561 2.3756550000000005 1.5228370000000002 1.9122481000000005 1.3507993750000002 1.5882768333333337 0.1735634999999999
decision_type=2 2 2 2 2 2 2 2 2 2 2
left_child=4 2 -2 -4 7 6 -6 9 -9 -1 -3
right_child=1 10 3 -5 5 -7 -8 8 -10 -11 -12
leaf_value=-0.0010430774514930444 0.015440390139312235 0 -0.00096316581667412024 -0.013802034832562614 0.014041587845210821 0.04307602903457558 -0.0092557473808722833 0.0046185365876668721 -0.021025029365628858 0.007345410436199966 0.028636186280808225
leaf_weight=238.70681983232498 9.8834325447678548 7.5641615167260152 127.7726019769907 59.327851405367255 25.54434372112155 5.434459467418491 15.134268704801796 17.915147587656975 23.937431709840894 96.019079726189375 7.1100935377180576
leaf_count=840 36 29 466 301 128 31 106 113 105 359 27
internal_value=0 -0.00238165 -0.00398331 -0.0053518 0.001242 0.0106247 0.00416017 0 -0.00902979 0.00122902 0.0148113
internal_weight=634.35 211.658 196.984 187.1 422.692 46.1131 40.6786 376.578 41.8526 334.726 14.6743
internal_count=2541 859 803 767 1682 265 234 1417 218 1199 56
is_linear=0
shrinkage=0.05


Tree=597
num_leaves=15
num_cat=0
split_feature=13 13 89 54 114 94 9 20 46 118 38 82 96 90
split_gain=0.75987 2.70728 2.69668 3.08414 3.78441 1.92884 2.45451 2.25436 1.90118 1.79133 3.00902 1.90156 1.06438 0.738908
threshold=6.166666666666667 5.166666666666667 -0.53454349999999995 1.4500000000000002 2.2109196702299898 -0.40401763333333324 0.95204766666666674 6.4500000000000011 1.4166666666666667 74.550000000000026 1.3715625499999999 -0.45047233333333331 -0.56281938333333315 -1.0000000180025095e-35
decision_type=2 2 2 2 2 2 2 2 2 2 2 2 2 2
left_child=1 9 12 4 -4 6 -3 -7 -5 11 -11 -1 -2 -14
right_child=2 5 3 8 -6 7 -8 -9 -10 10 -12 -13 13 -15
leaf_value=-0.0067489676729338968 0 0 -0.022458906654644933 0.0070003449263283356 0.0086259571995486398 -0.0016144607196027132 0.028925065043390957 0.014230851033145312 -0.018045936558244945 0.0092859127616130854 -0.0093317171418152729 0.002918815240847538 0.029751174707035297 0.00041924564652436985
leaf_weight=60.122091300785542 6.5265696495771435 7.0869441442191627 42.501997649669647 36.542054995894432 9.3947630412876588 60.336881924420595 18.851526156067848 31.100357189774513 8.1040236204862577 23.375259131193161 113.57827921956778 266.52861738577485 7.198464311659337 8.1872770488262141
leaf_count=207 23 23 195 125 36 222 63 117 30 85 400 962 27 26
internal_value=0 0.000712099 -0.00366501 -0.00757437 -0.0158298 0.00750946 0.0197171 0.00332971 0.00106289 -0.000913702 -0.00574734 0.000971631 0.0109557 0.0181722
internal_weight=699.435 580.98 118.455 96.5428 51.8968 117.376 25.9385 91.4372 44.6461 463.604 136.954 326.651 21.9123 15.3857
internal_count=2541 2079 462 386 231 425 86 339 155 1654 485 1169 76 53
is_linear=0
shrinkage=0.05


Tree=598
num_leaves=7
num_cat=0
split_feature=23 23 28 51 97 54
split_gain=0.628119 1.22286 2.68737 1.91317 1.19027 1.55752
threshold=2.7658713000000001 2.1035774000000003 1.2928571428571431 2.1666666666666674 -1.5499999999999996 0.22500000000000003
decision_type=2 2 2 2 2 2
left_child=1 4 -3 -4 -1 -6
right_child=-2 2 3 -5 5 -7
leaf_value=0.015526244983545798 0.013405422506203073 -0.031242201912249273 -0.011226175329787161 0.014350619899460477 -0.010516861990130095 0.00064435127380080282
leaf_weight=11.572522118687628 7.6142215877771369 8.9815445840358716 17.063105754554275 11.170964278280733 32.283072449266911 510.92402150295675
leaf_count=49 27 50 71 50 139 2155
internal_value=0 -0.000193821 -0.00889595 0 0.000314926 0
internal_weight=599.609 591.995 37.2156 28.2341 554.78 543.207
internal_count=2541 2514 171 121 2343 2294
is_linear=0
shrinkage=0.05


Tree=599
num_leaves=15
num_cat=0
split_feature=4 23 60 64 117 3 4 0 35 70 92 6 11 38
split_gain=0.755946 2.23799 2.388 2.37313 1.92886 3.28552 1.70208 1.45861 3.59038 2.40729 2.79128 2.24124 2.02578 1.21295
threshold=10.833333333333334 1.5785147000000002 2.1000000000000005 1.7750000000000001 72.950000000000003 1.9684465000000004 10.16666666666667 1.5833333333333337 0.95000000000000007 0.76388888888888895 -0.099999999999999908 4.8333333333333348 9.4166666666666696 1.2311002
decision_type=2 2 2 2 2 2 2 2 2 2 2 2 2 2
left_child=1 4 3 -3 5 -1 -6 9 12 -2 -11 -10 -9 -4
right_child=7 2 13 -5 6 -7 -8 8 11 10 -12 -13 -14 -15
leaf_value=0.011648999984867077 0.017897718884997738 0.029958129347802231 0.010215865664684732 0 -0.016798403309400144 -0.010470976985853642 0.002876240623892393 0 -0.0032382675609408406 -0.00014343771359898847 -0.011421170898340225 0.0084955609333450446 -0.020520353922734529 -0.016601971497094838
leaf_weight=49.806788399815559 10.517940709367393 20.097553580999378 5.9812841787934286 8.4100390151143056 26.482502080500126 22.198092103004456 11.612966656684874 19.376298269256949 50.177033074200153 148.63222667947412 95.640142876654863 134.44770743139088 22.978344863280654 7.448560431599617
leaf_count=174 44 65 26 28 98 77 41 112 199 546 365 613 128 25
internal_value=0 0.00309738 0.01282 0.0209913 -0.000238007 0.00409482 -0.00960173 -0.000934568 0.00183297 -0.00359303 -0.00479143 0.00503693 -0.0107739 -0.00131276
internal_weight=633.807 152.038 41.9374 28.5076 110.1 72.0049 38.0955 481.77 226.979 254.79 244.272 184.625 42.3546 13.4298
internal_count=2541 534 144 93 390 251 139 2007 1052 955 911 812 240 51
is_linear=0
shrinkage=0.05


end of trees

feature_importances:
Column_89=161
Column_82=153
Column_95=152
Column_81=149
Column_96=138
Column_9=130
Column_111=128
Column_2=125
Column_108=122
Column_88=112
Column_17=108
Column_10=105
Column_110=105
Column_31=104
Column_87=104
Column_109=103
Column_16=96
Column_127=92
Column_125=90
Column_123=88
Column_126=86
Column_3=85
Column_37=82
Column_100=82
Column_112=82
Column_74=78
Column_32=77
Column_124=77
Column_24=73
Column_25=72
Column_41=72
Column_63=70
Column_38=68
Column_103=68
Column_106=68
Column_80=67
Column_27=65
Column_40=64
Column_30=63
Column_39=63
Column_114=62
Column_116=62
Column_23=61
Column_84=60
Column_90=59
Column_94=59
Column_121=59
Column_19=58
Column_72=57
Column_92=57
Column_34=55
Column_4=54
Column_93=54
Column_101=53
Column_6=52
Column_45=52
Column_13=50
Column_128=50
Column_75=48
Column_102=48
Column_51=46
Column_98=46
Column_113=46
Column_20=44
Column_5=43
Column_85=43
Column_8=42
Column_15=40
Column_11=39
Column_117=39
Column_22=38
Column_70=37
Column_26=36
Column_91=36
Column_28=35
Column_35=35
Column_76=35
Column_99=35
Column_118=35
Column_33=34
Column_18=33
Column_97=33
Column_29=32
Column_36=32
Column_68=31
Column_21=30
Column_66=30
Column_12=29
Column_69=28
Column_115=28
Column_83=26
Column_14=25
Column_58=25
Column_42=24
Column_60=24
Column_64=24
Column_54=23
Column_77=23
Column_86=23
Column_57=22
Column_56=20
Column_52=19
Column_122=19
Column_1=18
Column_65=18
Column_107=18
Column_0=17
Column_7=17
Column_46=17
Column_78=16
Column_62=15
Column_67=12
Column_73=12
Column_79=12
Column_44=10
Column_47=10
Column_71=10
Column_61=8
Column_48=6
Column_55=5
Column_50=3
Column_59=3
Column_119=3
Column_120=2
Column_49=1
Column_53=1

parameters:
[boosting: gbdt]
[objective: multiclass]
[metric: multi_logloss]
[tree_learner: serial]
[device_type: cpu]
[data_sample_strategy: bagging]
[data: ]
[valid: ]
[num_iterations: 200]
[learning_rate: 0.05]
[num_leaves: 16]
[num_threads: -1]
[seed: 0]
[deterministic: 0]
[force_col_wise: 0]
[force_row_wise: 0]
[histogram_pool_size: -1]
[max_depth: 4]
[min_data_in_leaf: 25]
[min_sum_hessian_in_leaf: 0.001]
[bagging_fraction: 0.8]
[pos_bagging_fraction: 1]
[neg_bagging_fraction: 1]
[bagging_freq: 0]
[bagging_seed: 3]
[bagging_by_query: 0]
[feature_fraction: 0.8]
[feature_fraction_bynode: 1]
[feature_fraction_seed: 2]
[extra_trees: 0]
[extra_seed: 6]
[early_stopping_round: 0]
[early_stopping_min_delta: 0]
[first_metric_only: 0]
[max_delta_step: 0]
[lambda_l1: 1]
[lambda_l2: 1]
[linear_lambda: 0]
[min_gain_to_split: 0]
[drop_rate: 0.1]
[max_drop: 50]
[skip_drop: 0.5]
[xgboost_dart_mode: 0]
[uniform_drop: 0]
[drop_seed: 4]
[top_rate: 0.2]
[other_rate: 0.1]
[min_data_per_group: 100]
[max_cat_threshold: 32]
[cat_l2: 10]
[cat_smooth: 10]
[max_cat_to_onehot: 4]
[top_k: 20]
[monotone_constraints: ]
[monotone_constraints_method: basic]
[monotone_penalty: 0]
[feature_contri: ]
[forcedsplits_filename: ]
[refit_decay_rate: 0.9]
[cegb_tradeoff: 1]
[cegb_penalty_split: 0]
[cegb_penalty_feature_lazy: ]
[cegb_penalty_feature_coupled: ]
[path_smooth: 0]
[interaction_constraints: ]
[verbosity: -1]
[saved_feature_importance_type: 0]
[use_quantized_grad: 0]
[num_grad_quant_bins: 4]
[quant_train_renew_leaf: 0]
[stochastic_rounding: 1]
[linear_tree: 0]
[max_bin: 255]
[max_bin_by_feature: ]
[min_data_in_bin: 3]
[bin_construct_sample_cnt: 200000]
[data_random_seed: 1]
[is_enable_sparse: 1]
[enable_bundle: 1]
[use_missing: 1]
[zero_as_missing: 0]
[feature_pre_filter: 1]
[pre_partition: 0]
[two_round: 0]
[header: 0]
[label_column: ]
[weight_column: ]
[group_column: ]
[ignore_column: ]
[categorical_feature: ]
[forcedbins_filename: ]
[precise_float_parser: 0]
[parser_config_file: ]
[objective_seed: 5]
[num_class: 3]
[is_unbalance: 0]
[scale_pos_weight: 1]
[sigmoid: 1]
[boost_from_average: 1]
[reg_sqrt: 0]
[alpha: 0.9]
[fair_c: 1]
[poisson_max_delta_step: 0.7]
[tweedie_variance_power: 1.5]
[lambdarank_truncation_level: 30]
[lambdarank_norm: 1]
[label_gain: ]
[lambdarank_position_bias_regularization: 0]
[eval_at: ]
[multi_error_top_k: 1]
[auc_mu_weights: ]
[num_machines: 1]
[local_listen_port: 12400]
[time_out: 120]
[machine_list_filename: ]
[machines: ]
[gpu_platform_id: -1]
[gpu_device_id: -1]
[gpu_use_dp: 0]
[num_gpu: 1]

end of parameters

pandas_categorical:null
