tree
version=v4
num_class=1
num_tree_per_iteration=1
label_index=0
max_feature_idx=88
objective=binary sigmoid:1
feature_names=Column_0 Column_1 Column_2 Column_3 Column_4 Column_5 Column_6 Column_7 Column_8 Column_9 Column_10 Column_11 Column_12 Column_13 Column_14 Column_15 Column_16 Column_17 Column_18 Column_19 Column_20 Column_21 Column_22 Column_23 Column_24 Column_25 Column_26 Column_27 Column_28 Column_29 Column_30 Column_31 Column_32 Column_33 Column_34 Column_35 Column_36 Column_37 Column_38 Column_39 Column_40 Column_41 Column_42 Column_43 Column_44 Column_45 Column_46 Column_47 Column_48 Column_49 Column_50 Column_51 Column_52 Column_53 Column_54 Column_55 Column_56 Column_57 Column_58 Column_59 Column_60 Column_61 Column_62 Column_63 Column_64 Column_65 Column_66 Column_67 Column_68 Column_69 Column_70 Column_71 Column_72 Column_73 Column_74 Column_75 Column_76 Column_77 Column_78 Column_79 Column_80 Column_81 Column_82 Column_83 Column_84 Column_85 Column_86 Column_87 Column_88
feature_infos=[0:7.333333333333333] [0:5] [1:40] [0:16] [0:20] [2:25] [0:7] [0.2381194999999999:4.8582000000000001] [0.1121249:3.8755500000000001] [0:3] [0:7.666666666666667] [0:4] [2:36] [0:17] [0:19] [2:25] [0:7] [0.413213:4.704745] [0.043508150000000002:3.5244650000000002] [0:3] [-1.8436954999999999:4.5014750000000001] [-7.6666666666666661:8.3333333333333321] [-3.333333333333333:6] [-3:5] [0.20000000000000001:6.2000000000000002] [0:4] [5:30] [0.5:13] [0:13.5] [3.5:20] [0:5] [0.30527466666666658:4.1555600000000004] [0.23021659999999999:3.2735933333333329] [0:5] [0:6.2000000000000002] [0:3.7999999999999998] [4.5:32.5] [1:13] [0:13.5] [3.5:24.5] [0:5] [0.40201500000000001:3.9884400000000002] [0.12893076666666661:3.0683590000000001] [0:5] [-1.6455336666666671:3.4760313333333333] [-6.2000000000000002:6] [-2.3999999999999999:5.2000000000000002] [-3:5.6000000000000005] [0.40000000000000002:4.5999999999999996] [0:4] [6.5999999999999996:25.800000000000001] [1.8:10.6] [1:11.199999999999999] [5.2000000000000002:20.199999999999999] [0:4.5999999999999996] [0.52484120000000001:3.8391730000000002] [0.2212531999999999:2.6855060000000002] [0:10] [0:5] [0:2.7999999999999998] [7.5999999999999996:32.5] [1.8:13] [2:11.4] [4.4000000000000004:19.199999999999999] [0.10000000000000001:4.4000000000000004] [0.5533262000000001:3.8827260000000008] [0.2390661999999999:2.7050314000000002] [0:10] [-1.2753768000000001:2.9347992000000005] [-5.5:4.5999999999999996] [-1.3999999999999999:4] [-3:4.2000000000000002] [0:5] [0:6] [0:3] [0:6] [0:6] [0:3] [-7:7.3333333333333339] [-3:3] [0:5] [0:6] [0:3] [0:6] [0:6] [0:3] [-6.2000000000000002:6] [-3:3] [0:1]
tree_sizes=2299 1795 2403 2023 2405 1929 1614 2635 1806 1793 1810 2191 1811 1468 1595 1277 2119 1881 1294 1180 2126 1076 2116 2545 1408 1690 1919 2400 1585 1739 1576 1933 1189 1697 1593 1816 1181 2018 2095 1502 1994 1676 1500 1459 2003 1612 1485 1696 1291 2554 1270 1389 1667 1921 1601 1392 1595 1500 1783 1677 1495 1679 1482 1287 1506 1593 1607 1442 1990 1902 1374 1671 1465 1391 1083 1676 1375 1573 1600 1282 1295 1476 1700 1692 2275 1721 2407 1569 989 1583 1611 1575 1271 1058 1585 2318 2202 1606 1400 2062 1806 1797 1566 1072 1667 1688 1822 1574 2647 1613 1813 2139 1383 1982 1699 1587 1488 1606 1808 1892 2206 1464 1160 1789 2306 1998 1507 1895 1814 1716 1556 967 1997 1086 1790 1590 1391 2298 1291 1487 1885 1770 1605 2280 1441 969 1403 1128 1507 1279 1449 1588 2195 1998 1706 2117 1772 1686 1088 1594 1588 1919 1466 1575 1055 2307 1999 2284 1476 2077 1874 1973 2075 1711 1077 1098 1261 1111 2312 2109 1784 1598 2286 1568 1775 1724 1794 1480 1498 2012 1314 1796 1190 1296 976 1286 1800 2298 1764 1469 1175 1463 967 1349 1590 1277 1361 1818 1788 1586 2615 1771 2016 1560 1880 1883 1899 1463 1277 1280

Tree=0
num_leaves=21
num_cat=0
split_feature=60 86 88 11 23 14 26 63 78 22 34 52 42 39 14 68 75 60 53 76
split_gain=16.8604 13.7069 9.71472 7.41495 7.27611 9.49049 10.968 10.4103 7.31234 7.22007 8.53805 7.7913 7.77816 6.1728 6.57762 5.65788 3.95006 3.72576 3.30535 4.33265
threshold=15.225000000000001 2.3250000000000006 1.0000000180025095e-35 1.1666666666666667 2.166666666666667 4.5000000000000009 15.675000000000002 12.828571428571431 -1.0833333333333328 0.83333333333333337 1.1000000000000003 6.5357142857142865 1.0437495333333338 11.900000000000002 5.8333333333333348 0.76943189000000001 1.1666666666666667 17.050000000000004 13.316666666666668 2.8333333333333335
decision_type=2 2 2 2 2 2 2 2 2 2 2 2 2 2 2 2 2 2 2 2
left_child=1 4 13 18 5 6 -1 -7 -6 11 -11 12 -4 14 -2 -12 -10 -16 19 -3
right_child=2 3 9 -5 8 7 -8 -9 16 10 15 -13 -14 -15 17 -17 -18 -19 -20 -21
leaf_value=0.086425160206653528 0.075052610558651978 0.032334768529788727 0.092447392389797073 0.11527625046908896 0.1666537866385534 0.093891397599379617 0.031708266210836486 0.12326448661206606 0.13605274187405975 0.042323997919828216 0.057741977024686753 0.086903797496525492 0.15466497405862839 0.17051878109982863 0.097055601142229428 0.10598415102150174 0.085131080015646773 0.15635917385692938 0.096911461171298466 0.079773599515649551
leaf_weight=47.887473106384277 5.2376923710107866 17.458974570035942 5.7365202158689526 4.9882784485816947 6.2353480607271221 355.41483946144581 11.473040431737898 32.423809915781021 5.2376923710107794 5.9859341382980338 5.9859341382980338 8.7294872850179654 18.706044182181358 9.7271429747343046 4.9882784485816947 75.073590651154518 9.9765568971633893 8.4800733625888807 4.9882784485816947 9.4777290523052198
leaf_count=192 21 70 23 20 25 1425 46 130 21 24 24 35 75 39 20 301 40 34 20 38
internal_value=0.0969115 0.0925571 0.111686 0.06339 0.094941 0.0935156 0.0749757 0.0964422 0.122921 0.105125 0.0972262 0.124798 0.139264 0.137937 0.118218 0.101897 0.101758 0.136976 0.0543536 0.0474985
internal_weight=654.213 505.562 148.651 36.9133 468.649 447.199 59.3605 387.839 21.4496 120.218 87.0455 33.1721 24.4426 28.4332 18.706 81.0595 15.2142 13.4684 31.925 26.9367
internal_count=2623 2027 596 148 1879 1793 238 1555 86 482 349 133 98 114 75 325 61 54 128 108
is_linear=0
shrinkage=1


Tree=1
num_leaves=16
num_cat=0
split_feature=62 37 49 78 22 36 45 78 75 38 66 37 77 22 16
split_gain=15.5686 12.6935 12.0022 10.7986 7.36467 7.20728 7.06242 5.86099 5.56842 6.6594 5.20445 4.71402 4.25539 2.61811 2.0563
threshold=7.2500000000000009 6.4500000000000011 2.1500000000000008 3.1666666666666674 -1.1666666666666663 18.300000000000001 2.9000000000000008 3.5833333333333339 2.166666666666667 8.9000000000000021 1.0853965000000001 4.4500000000000011 1.0000000180025095e-35 1.4166666666666672 1.5000000000000002
decision_type=2 2 2 2 2 2 2 2 2 2 2 2 2 2 2
left_child=2 11 3 4 -1 10 -6 -5 9 -7 -3 -2 -9 -13 -12
right_child=1 5 -4 7 6 8 -8 12 -10 -11 14 13 -14 -15 -16
leaf_value=-0.044031804431666266 0.00023315145034048663 0.012812210044960783 -0.066750570638083345 -0.065097261912113305 -0.00023339270097889848 0.06363048254009139 0.047852268971038267 -0.038282883624539368 -0.0080413342346194513 0 -0.06084235905022789 0.071213790226901844 0.011982645487777527 0.022025627152581165 -0.0091116678003335585
leaf_weight=8.9788071513175947 4.9877858310937908 6.4789039790630367 6.7331679016351691 9.2352768182754534 538.6823146790266 9.9626593291759544 7.2362388521432868 7.4864442944526655 8.4721814244985563 6.2279364317655554 5.7339483946561796 15.445307925343515 7.4864638149738312 5.9817996472120276 4.9872715473175049
leaf_count=36 20 26 27 37 2160 40 29 30 34 25 23 62 30 24 20
internal_value=0 0.0225023 -0.00264287 -0.00179743 -0.000311513 0.00455797 0.000401442 -0.03415 0.022174 0.0392502 -0.0192016 0.0493991 -0.0119593 0.0594375 -0.0404846
internal_weight=654.117 68.2778 585.839 579.106 554.897 41.8629 545.919 24.2082 24.6628 16.1906 17.2001 26.4149 14.9729 21.4271 10.7212
internal_count=2623 274 2349 2322 2225 168 2189 97 99 65 69 106 60 86 43
is_linear=0
shrinkage=0.05


Tree=2
num_leaves=22
num_cat=0
split_feature=60 86 88 8 22 8 84 81 48 22 34 42 41 35 16 83 7 12 83 30 7
split_gain=14.4214 11.8757 8.97069 8.86953 8.93708 8.97748 7.99039 11.2265 8.33293 6.43713 7.73233 6.4181 6.24628 5.70666 5.36531 5.35554 4.86375 3.26789 3.18326 7.99704 1.91613
threshold=15.225000000000001 2.3250000000000006 1.0000000180025095e-35 1.1469450000000003 0.50000000000000022 1.5341250000000002 2.2250000000000005 1.5500000000000003 1.7750000000000001 0.83333333333333337 1.1000000000000003 1.0437495333333338 1.4399816333333335 1.1000000000000003 2.166666666666667 3.1000000000000005 1.4628381666666668 15.500000000000002 0.77500000000000013 1.6750000000000003 1.8276400000000004
decision_type=2 2 2 2 2 2 2 2 2 2 2 2 2 2 2 2 2 2 2 2 2
left_child=1 3 16 6 12 -6 8 -8 -1 11 -11 -4 -5 18 -13 -12 -2 -18 20 -20 -3
right_child=2 13 9 4 5 -7 7 -9 -10 10 15 14 -14 -15 -16 -17 17 -19 19 -21 -22
leaf_value=-0.025288874084926773 -0.0012460719743502971 -0.036054014716852024 -0.010974168261381118 0 0.019819885491758595 -0.016769084016424043 0.053054478995232704 -0.0026088758522293093 -0.0041084403356119485 -0.052313991691069088 0.0085131314470641272 0.051026094690521141 0.054086523160167294 0.012776904062106159 0 -0.036898754129183475 0.011803757206191416 0.060213489972559112 -0.06261951252566525 0.012376028250471929 -0.081415487229058614
leaf_weight=56.365685850381851 4.9748559147119549 12.738526389002805 7.7266490757465354 8.4842337369918841 34.16996368765831 31.684455424547195 12.971468999981878 25.194518148899078 282.84196589887142 5.9954897165298453 74.506645053625107 19.125082597136501 16.957573145627975 5.2348818928003302 6.2211023867130271 6.4827324002981177 6.4689639955759075 16.894758880138397 5.2468144744634611 7.9920620769262314 5.7472964525222769
leaf_count=226 20 51 31 34 137 127 52 101 1134 24 299 77 68 21 25 26 26 68 21 32 23
internal_value=0 -0.00403141 0.0136709 -0.00180744 0.0120537 0.00184541 -0.00523846 0.0161043 -0.0077336 0.00736334 0 0.0259622 0.0369685 -0.0311648 0.0381838 0.00436728 0.0389352 0.0483855 -0.0392771 -0.0167237 -0.0532465
internal_weight=654.026 505.629 148.396 468.67 91.2962 65.8544 377.374 38.166 339.208 120.058 86.9849 33.0728 25.4418 36.9596 25.3462 80.9894 28.3386 23.3637 31.7247 13.2389 18.4858
internal_count=2623 2027 596 1879 366 264 1513 153 1360 482 349 133 102 148 102 325 114 94 127 53 74
is_linear=0
shrinkage=0.05


Tree=3
num_leaves=18
num_cat=0
split_feature=62 37 86 49 76 39 36 75 82 66 83 37 1 75 22 76 0
split_gain=13.3829 11.7536 11.0737 9.79007 8.62097 11.2476 6.41153 4.99667 4.74069 4.73464 4.57857 4.20555 3.18644 2.98859 2.27441 1.95464 1.58899
threshold=7.2500000000000009 6.4500000000000011 2.6250000000000004 2.1500000000000008 1.0000000180025095e-35 12.300000000000002 18.300000000000001 2.166666666666667 0.90000000000000013 1.0853965000000001 1.5500000000000003 4.4500000000000011 0.50000000000000011 0.83333333333333337 1.4166666666666672 1.1666666666666667 1.8333333333333337
decision_type=2 2 2 2 2 2 2 2 2 2 2 2 2 2 2 2 2
left_child=2 11 3 4 8 -6 9 10 -1 -3 -8 -2 -4 16 -13 -11 -14
right_child=1 6 12 -5 5 -7 7 -9 -10 15 -12 14 13 -15 -16 -17 -18
leaf_value=0.0035095703564209588 0.00011068094032599798 0.011690799582178182 -0.069649326703955308 -0.060778164209020803 -0.0023838185124799537 0.016120631157366002 0.004383566921530805 -0.00817301563474109 -0.045621533993834312 -0.0083989645468179729 0.061313947075218839 0.067490429723629092 -0.0061781282646065118 2.3847912440011629e-05 0.02091396096102216 -0.058839957594960329 -0.048889983428912813
leaf_weight=5.7332653552293804 4.9844639152288464 6.4666460454463985 5.2461421638727215 6.2462834715843192 431.44584029912949 100.65435081720352 7.6871505230665269 8.467015400528906 15.217440426349638 4.9893783628940565 8.42103563249111 15.33366532623768 4.9927125424146679 7.4834101498126975 5.971296399831771 5.7412842959165573 8.7430865317583066
leaf_count=23 20 26 21 25 1730 404 31 34 61 20 34 62 20 30 24 23 35
internal_value=0 0.02089 -0.00245635 -0.000900706 -0.000124986 0.00108147 0.00361201 0.0203223 -0.0312427 -0.0187541 0.0366008 0.0468307 -0.0337787 -0.0223599 0.0563615 -0.0390308 -0.0358834
internal_weight=653.824 68.0619 585.763 559.297 553.051 532.1 41.7725 24.5752 20.9507 17.1973 16.1082 26.2894 26.4654 21.2192 21.305 10.7307 13.7358
internal_count=2623 274 2349 2243 2218 2134 168 99 84 69 65 106 106 85 86 43 55
is_linear=0
shrinkage=0.05


Tree=4
num_leaves=22
num_cat=0
split_feature=60 15 86 7 39 29 54 86 23 39 76 72 78 11 7 3 60 53 83 63 46
split_gain=12.2044 10.1328 10.0332 7.74462 8.30242 8.30947 7.85387 7.53805 6.51327 8.81764 9.70159 7.3647 6.63007 6.01083 5.23289 3.74505 3.05939 2.8771 4.29593 1.96742 1.04405
threshold=15.225000000000001 13.16666666666667 2.3250000000000006 1.3648700000000002 8.4500000000000011 10.450000000000001 1.7071428571428573 0.19999999999999987 2.166666666666667 10.450000000000001 1.0000000180025095e-35 0.58333333333333337 -1.0833333333333328 1.1666666666666667 2.0656275000000006 6.5000000000000009 17.950000000000003 13.316666666666668 0.77500000000000013 12.828571428571431 1.1000000000000001
decision_type=2 2 2 2 2 2 2 2 2 2 2 2 2 2 2 2 2 2 2 2 2
left_child=2 3 8 7 6 -6 -5 -2 9 11 -11 -1 -10 17 16 -14 20 18 -4 -18 -3
right_child=1 14 13 4 5 -7 -8 -9 12 10 -12 -13 15 -15 -16 -17 19 -19 -20 -21 -22
leaf_value=0.024913400659514612 -0.055663088625948182 0.068322182077545021 -0.061088726280821196 0.082284563285801596 -0.030368341000041217 0.010405889796290136 0.014858040103020352 0.01604887774150001 0.066625193201620386 -0.041275789492755677 0.00071198148965402695 -0.033390686689878914 0.022981727507115225 0.017798665450245506 -0.0047698794128734866 -0.027125274584336764 0.038779498796081169 0 -0.016385851764413713 0 0.025437677899282769
leaf_weight=5.4848018735647193 8.9541586041450483 12.654366120696073 15.229359418153768 6.4483322799205807 14.916655257344244 63.561873465776443 15.655065849423407 4.9676411002874366 6.2026029378175762 13.735061272978781 392.08752636611462 35.929522439837456 10.217499122023581 4.9825943857431403 5.2319505959749213 4.9862641543149939 5.4535946696996671 4.9944888800382605 11.738491058349608 5.2070880234241486 4.9683775603771201
leaf_count=22 36 51 61 26 60 256 63 20 25 55 1572 144 41 20 21 20 22 20 47 21 20
internal_value=0 0.0125871 -0.00371391 0.00518868 0.0102414 0.00219607 0.0370198 -0.0286717 -0.00166538 -0.00301595 -0.00069661 -0.0248675 0.0248354 -0.0286625 0.0366805 0.00461611 0.0451663 -0.036838 -0.0431932 0.0190136 0.0586466
internal_weight=653.607 148.019 505.588 114.504 100.582 78.4785 22.1034 13.9218 468.643 447.237 405.823 41.4143 21.4064 36.9449 33.5154 15.2038 28.2834 31.9623 26.9679 10.6607 17.6227
internal_count=2623 596 2027 461 405 316 89 56 1879 1793 1627 166 86 148 135 61 114 128 108 43 71
is_linear=0
shrinkage=0.05


Tree=5
num_leaves=17
num_cat=0
split_feature=62 37 49 86 76 39 36 16 75 38 66 82 1 78 75 60
split_gain=11.7872 10.7366 9.81382 8.87076 7.08721 9.61308 5.75831 4.67519 4.4502 5.93139 4.34047 4.27159 3.25924 2.77607 2.72166 1.85019
threshold=7.2500000000000009 6.4500000000000011 2.1500000000000008 2.6250000000000004 1.0000000180025095e-35 12.300000000000002 18.300000000000001 1.8333333333333337 2.166666666666667 8.9000000000000021 1.0853965000000001 0.90000000000000013 0.50000000000000011 -3.3306690738754691e-16 0.83333333333333337 16.550000000000004
decision_type=2 2 2 2 2 2 2 2 2 2 2 2 2 2 2 2
left_child=2 7 3 4 11 -6 10 -2 9 -8 -3 -1 -5 -9 -14 -12
right_child=1 6 -4 12 5 -7 8 13 -10 -11 15 -13 14 -15 -16 -17
leaf_value=0.0044876221140255539 0.066198674610974298 0.011023584167909523 -0.06022650448363906 -0.065456033831058483 -0.0022343234913362029 0.014884658929215769 0.057781229897843622 0.038383745711469436 -0.0077092699549427936 -0.00027541924184335025 -0.056702659666449856 -0.04201380274204608 -0.031467006576591419 -0.0038943240735205015 0.0033841056756924361 -0.0076209175822933295
leaf_weight=5.7360633909702328 13.046461671590807 6.4567190706729916 6.7433433085679999 5.2311270534992245 431.42175297439098 100.47143283486366 9.8248966336250358 7.6353644728660583 8.4674603193998319 6.1998763531446448 5.7414432913064939 15.241531953215597 13.462265312671663 5.4461625069379789 7.2327804118394843 4.9909828156232834
leaf_count=23 53 26 27 21 1730 404 40 31 34 25 23 61 54 22 29 20
internal_value=0 0.0196519 -0.00229517 -0.00152568 -0.000127408 0.000963334 0.0031185 0.0445346 0.0190302 0.0344779 -0.0180373 -0.0283261 -0.029831 0.0194462 -0.0183148 -0.0374588
internal_weight=653.35 67.8094 585.54 578.797 552.871 531.893 41.6814 26.128 24.4922 16.0248 17.1891 20.9776 25.9262 13.0815 20.695 10.7324
internal_count=2623 274 2349 2322 2218 2134 168 106 99 65 69 84 104 53 83 43
is_linear=0
shrinkage=0.05


Tree=6
num_leaves=14
num_cat=0
split_feature=62 3 49 78 55 76 39 61 87 78 82 34 24
split_gain=10.6843 9.0225 8.93912 7.50534 7.26616 6.78337 8.35015 6.39655 6.36793 5.76294 4.04562 3.6986 3.14821
threshold=7.2500000000000009 8.1666666666666696 2.1500000000000008 3.1666666666666674 1.7610200000000003 1.0000000180025095e-35 12.300000000000002 7.3375000000000012 -0.22500000000000001 3.5833333333333339 0.90000000000000013 1.2666666666666668 2.5000000000000004
decision_type=2 2 2 2 2 2 2 2 2 2 2 2 2
left_child=2 4 3 5 -2 10 -7 11 -9 -5 -1 -6 -11
right_child=1 -3 -4 9 7 6 -8 8 -10 12 -12 -13 -14
leaf_value=0.0042819443625670729 0.061543761515333265 -0.035193896342672268 -0.057539624132743689 -0.058872223888894896 -0.00019258506387300392 -0.0020874530204033413 0.013929199674898064 0.021024804534156224 -0.030749392963513242 0.0075778336081525587 -0.04078022165487187 0.040792993425159629 -0.038169340509554624
leaf_weight=5.7350518852472332 11.030369877815245 6.2032662481069556 6.7289907336235038 9.211896017193796 5.6863494366407421 433.94758406281471 99.37167152762413 11.628714501857759 10.894137322902678 9.9632216542959195 15.487316548824309 22.135945975780487 4.9781341701745978
leaf_count=23 45 25 27 37 23 1740 400 47 44 40 62 90 20
internal_value=0 0.0187363 -0.00219064 -0.00145477 0.0248315 -0.000209038 0.000860298 0.0157702 -0.00305605 -0.0284575 -0.0276336 0.0316781 -0.0067875
internal_weight=653.003 67.5788 585.424 578.695 61.3755 554.542 533.319 50.3451 22.5229 24.1533 21.2224 27.8223 14.9414
internal_count=2623 274 2349 2322 249 2225 2140 204 91 97 85 113 60
is_linear=0
shrinkage=0.05


Tree=7
num_leaves=24
num_cat=0
split_feature=60 15 86 39 86 52 4 70 14 26 44 69 28 11 14 7 23 1 49 52 60 75 40
split_gain=9.74417 9.12941 8.12509 7.10503 9.45057 8.92795 13.28 8.3764 6.50065 9.80872 9.13828 8.9607 7.48778 5.26993 5.13382 4.56775 4.45105 3.12208 5.31229 2.98262 2.85531 1.8183 1.11562
threshold=15.225000000000001 13.16666666666667 2.3250000000000006 9.1000000000000014 -0.45000000000000012 6.6500000000000012 6.5000000000000009 0.85000000000000031 4.5000000000000009 18.700000000000006 0.61150066666666669 0.19999999999999998 6.6750000000000007 1.1666666666666667 7.416666666666667 2.0656275000000006 0.66666666666666696 0.50000000000000011 1.3166666666666669 7.5277777777777786 17.950000000000003 1.5833333333333337 1.4500000000000002
decision_type=2 2 2 2 2 2 2 2 2 2 2 2 2 2 2 2 2 2 2 2 2 2 2
left_child=2 3 8 4 7 6 -5 -2 10 12 21 -12 -10 17 -6 20 -11 -4 -19 -7 22 -1 -3
right_child=1 15 13 5 14 19 -8 -9 9 16 11 -13 -14 -15 -16 -17 -18 18 -20 -21 -22 -23 -24
leaf_value=0.04564002248813992 -0.056148585545558495 0.02237320850614731 -0.064462081424236872 -0.0049683789820004765 0.067920693252166597 -0.068283105300433855 0.067064619400570943 0.016234315142363266 0.00095215489390376739 -0.0019026776142437194 -0.010276486073027656 -0.055831598737017797 -0.022115949246491576 0.017530087472182838 0.011455287949632393 -0.0042497494160841894 0.038332991406942712 -0.0052058982326187745 -0.056280720111814425 -0.010225774974263829 0.016928964465932839 0 0.064875809509107915
leaf_weight=4.9828616678714734 4.9504772573709515 4.9301693737506929 6.9486984759569195 57.419681653380394 11.104133874177935 5.9776348769664747 6.6602630019187918 14.125457391142843 334.60772241652012 7.970424190163615 37.886182188987732 15.963766381144522 38.638743713498116 4.9780545085668555 8.3975819051265699 5.2280832380056372 23.427250429987907 17.181246891617779 7.7138471603393546 5.4661279618740082 10.597620710730551 4.9702618271112442 12.542469650506971
leaf_count=20 20 20 28 232 45 24 27 57 1342 32 152 64 155 20 34 21 94 69 31 22 43 20 51
internal_value=0 0.0112695 -0.00332064 0.00423725 0.0216616 -0.0044182 0.00259265 -0.00222734 -0.00147356 0.000813465 -0.0162604 -0.0246306 -0.00139537 -0.0258148 0.0457503 0.0342076 0.0274655 -0.03353 -0.0228126 -0.0442341 0.0421943 0.0256459 0.0552301
internal_weight=652.669 147.4 505.269 114.101 38.5777 75.5237 64.0799 19.0759 468.447 404.644 63.8031 53.8499 373.246 36.8218 19.5017 33.2983 31.3977 31.8438 24.8951 11.4438 28.0703 9.95312 17.4726
internal_count=2623 596 2027 461 156 305 259 77 1879 1623 256 216 1497 148 79 135 126 128 100 46 114 40 71
is_linear=0
shrinkage=0.05


Tree=8
num_leaves=16
num_cat=0
split_feature=49 60 88 8 22 75 8 14 15 64 39 14 76 3 41
split_gain=9.40472 9.26998 8.85828 8.41043 10.0625 7.51446 7.41968 7.09094 6.58563 6.69187 5.56 5.96624 5.34084 4.56653 3.92574
threshold=2.1500000000000008 15.225000000000001 1.0000000180025095e-35 1.2437735000000003 0.33333333333333343 1.1666666666666667 1.5341250000000002 4.5000000000000009 13.16666666666667 1.2500000000000002 11.900000000000002 5.8333333333333348 2.166666666666667 6.8333333333333348 1.4399816333333335
decision_type=2 2 2 2 2 2 2 2 2 2 2 2 2 2 2
left_child=1 3 10 5 14 12 -6 -7 9 -4 11 -3 -1 -10 -5
right_child=-2 2 8 4 6 7 -8 -9 13 -11 -12 -13 -14 -15 -16
leaf_value=-0.019184057481541839 -0.054114707521607866 -0.022457053233091544 0.017380138524009332 0.0055473625026516591 0.020952054418537688 -0.019155719078689591 -0.014188730683289028 0.0036482414627045678 0.037221916163571706 -0.010806387325685812 0.068982594948745299 0.036860981074586976 0.00051630041638912254 -0.011552118608959844 0.05406159427058585
leaf_weight=120.89921861886978 7.4365499317646018 5.2223534882068696 31.832092553377151 7.4828620553016689 25.896909922361374 40.142814561724663 34.184049665927887 210.91078175604343 21.642322778701786 59.476407006382942 9.2336161583662015 13.0342431217432 44.57677860558033 4.9619459807872763 15.384091943502424
leaf_count=485 30 21 129 30 104 161 137 846 88 240 38 53 179 20 62
internal_value=0 0.000647289 0.0117662 -0.00254806 0.0118511 -0.00548623 0.000593369 0 0.00548835 -0.000666518 0.0372212 0.0184137 -0.0137409 0.0271574 0.0397143
internal_weight=652.317 644.88 145.403 499.478 82.9479 416.53 60.081 251.054 117.913 91.3085 27.4902 18.2566 165.476 26.6043 22.867
internal_count=2623 2593 589 2004 333 1671 241 1007 477 369 112 74 664 108 92
is_linear=0
shrinkage=0.05


Tree=9
num_leaves=16
num_cat=0
split_feature=62 37 49 86 8 54 63 85 34 61 16 65 1 78 73
split_gain=8.90912 9.6513 7.41441 7.08106 6.75173 7.82646 7.78358 5.12958 9.56413 4.47333 4.34424 3.92666 2.74375 2.40587 2.20567
threshold=7.2500000000000009 6.4500000000000011 2.1500000000000008 2.6250000000000004 1.1469450000000003 0.8500000000000002 12.828571428571431 1.9000000000000001 2.3000000000000003 7.6500000000000012 1.8333333333333337 2.1395302000000007 0.50000000000000011 -3.3306690738754691e-16 0.41666666666666669
decision_type=2 2 2 2 2 2 2 2 2 2 2 2 2 2 2
left_child=2 10 3 4 5 -1 -6 8 -3 -10 -2 -9 -5 -12 -14
right_child=1 7 -4 12 6 -7 -8 11 9 -11 13 -13 14 -15 -16
leaf_value=-0.042830248152733522 0.06190823661250764 -0.053569446690235459 -0.052636979086415209 -0.05963873873061426 0.0059335834082411207 -0.0016808829049508257 0.048734954686712767 0 0.033393991078695257 -0.017610687519909716 0.034657707495619861 0.047384553417647746 0.0073905880260090292 -0.0047572234429116393 -0.026031285816694824
leaf_weight=11.46221838891506 12.825566500425341 8.6699621379375476 6.6654440611600867 5.1626226454973247 96.338311120867729 432.66921573877335 11.84898981451988 9.1455115526914614 8.80060927569866 6.9063893705606452 7.5333516448736191 7.8916430920362464 5.4679255336523083 5.4263021796941739 15.171975404024122
leaf_count=46 53 35 27 21 387 1737 48 37 36 28 31 32 22 22 61
internal_value=0 0.0171633 -0.00199519 -0.00132313 -7.05943e-05 -0.00284607 0.011054 0.00147348 -0.0125046 0.0095732 0.0409046 0.0226854 -0.026673 0.0167333 -0.0160292
internal_weight=651.986 67.1993 584.787 578.121 552.319 444.131 108.187 41.4141 24.377 15.707 25.7852 17.0372 25.8025 12.9597 20.6399
internal_count=2623 274 2349 2322 2218 1783 435 168 99 64 106 69 104 53 83
is_linear=0
shrinkage=0.05


Tree=10
num_leaves=16
num_cat=0
split_feature=62 37 49 71 86 59 37 36 83 75 38 16 81 84 13
split_gain=8.11094 8.83824 6.78419 6.69474 7.14323 7.54101 6.83111 4.76621 4.28086 4.12543 5.15781 4.01304 3.48823 2.78802 1.6641
threshold=7.2500000000000009 6.4500000000000011 2.1500000000000008 -0.29999999999999988 2.6250000000000004 1.7250000000000003 4.6333333333333337 18.100000000000005 2.1000000000000005 2.166666666666667 8.9000000000000021 1.8333333333333337 1.3666666666666669 1.9000000000000001 4.166666666666667
decision_type=2 2 2 2 2 2 2 2 2 2 2 2 2 2 2
left_child=2 11 3 6 5 -5 -1 8 12 10 -9 -2 -3 -6 -13
right_child=1 7 -4 4 13 -7 -8 9 -10 -11 -12 14 -14 -15 -16
leaf_value=-0.001028397904287682 0.059593523436352762 -0.0019518543133999551 -0.05049356534272581 0.00053971734872073512 -0.058307670987202735 -0.026244785216562011 0.073602731862128123 0.051643787301981769 0.01331783071750482 -0.0095702230562804309 -0.0020822844559174962 -0.0019603258552574926 -0.063645898501777487 -0.015975278926153146 0.030191644787658706
leaf_weight=4.9724176824092847 12.68063721060753 5.2027572542428988 6.6232536882162085 515.19274646043777 5.9176315814256695 27.128246620297432 5.4710068106651306 10.151359871029859 5.4293666779994956 8.926008075475691 6.162561208009719 5.1528656184673292 5.4870737195014954 19.335361585021019 7.7665011286735535
leaf_count=20 53 21 27 2069 24 109 22 42 22 36 25 21 22 78 32
internal_value=0 0.0164063 -0.00190324 -0.0012601 -0.00204699 -0.000776995 0.0373608 0.00138027 -0.0188467 0.0153844 0.0304036 0.0392329 -0.0372824 -0.0278054 0.0159097
internal_weight=651.6 66.9591 584.641 578.017 567.574 542.321 10.4434 41.3591 16.1192 25.2399 16.3139 25.6 10.6898 25.253 12.9194
internal_count=2623 274 2349 2322 2280 2178 42 168 65 103 67 106 43 102 53
is_linear=0
shrinkage=0.05


Tree=11
num_leaves=20
num_cat=0
split_feature=78 62 37 78 6 28 3 8 16 1 77 85 34 55 65 16 78 0 37
split_gain=7.75143 7.4339 7.50551 7.17383 5.71695 7.67016 7.58996 7.78791 5.98256 5.80033 4.33954 4.10405 8.12729 3.80636 3.6232 3.44866 2.12489 1.30917 0.112545
threshold=3.1666666666666674 7.2500000000000009 6.4500000000000011 3.5833333333333339 2.416666666666667 6.5500000000000007 10.16666666666667 1.0589200000000003 2.5000000000000004 0.83333333333333337 1.0000000180025095e-35 1.9000000000000001 2.3000000000000003 2.0680305000000003 2.1395302000000007 1.8333333333333337 -3.3306690738754691e-16 2.166666666666667 5.5500000000000007
decision_type=2 2 2 2 2 2 2 2 2 2 2 2 2 2 2 2 2 2 2
left_child=1 4 15 17 6 8 7 -1 -6 -7 -5 12 -4 -8 -13 18 -17 -2 -3
right_child=3 2 11 10 5 9 13 -9 -10 -11 -12 14 -14 -15 -16 16 -18 -19 -20
leaf_value=-0.012745529202834971 -0.027928037104368222 0.034213250637772537 -0.052873501159351938 -0.031083373850308651 0.0029228993278103887 0 0.068313191203622045 0.0033367347482144843 -0.05014235254684507 -0.059186984511630139 0.017863386706834513 0 0.0091127546803456277 0.0041510549863303615 0.045290268445763074 0.032446236138005922 -0.0054202933868643969 -0.080332971588395724 0.071096758550485292
leaf_weight=92.885866895318031 5.189170256257059 5.962955906987192 7.2034766674041775 7.9044115543365505 44.058873698115349 6.9757612496614483 5.7261538654565793 386.76367305219173 5.4613679796457282 12.957761257886885 8.8977201730012876 9.1273800730705279 15.14144706726074 5.2176574021577835 7.8396640419960013 7.4641255587339401 4.9191011786460859 4.9371565878391266 6.558136522769928
leaf_count=373 21 25 29 32 177 28 23 1554 22 52 36 37 62 21 32 31 20 20 28
internal_value=0 0.00112483 0.0171847 -0.0260325 -0.000685718 -0.0140862 0.00117291 0.00016025 -0.00287236 -0.039969 -0.00395109 0.00276724 -0.0104957 0.0414253 0.0214657 0.0384565 0.0158371 -0.0584087 0.0574398
internal_weight=651.192 624.263 64.2163 26.9285 560.047 69.4538 490.593 479.65 49.5202 19.9335 16.8021 39.312 22.3449 10.9438 16.967 24.9043 12.3832 10.1263 12.5211
internal_count=2623 2514 264 109 2250 279 1971 1927 199 80 68 160 91 44 69 104 51 41 53
is_linear=0
shrinkage=0.05


Tree=12
num_leaves=16
num_cat=0
split_feature=49 60 88 8 22 55 59 23 8 15 14 39 14 81 41
split_gain=7.33577 7.27281 8.27263 6.92357 9.03139 7.14525 9.69559 7.96413 6.56409 6.1074 6.46878 5.13372 5.39455 4.1421 3.55532
threshold=2.1500000000000008 15.225000000000001 1.0000000180025095e-35 1.2437735000000003 0.33333333333333343 1.81002555 1.7250000000000003 1.8333333333333337 1.5341250000000002 13.16666666666667 4.166666666666667 11.900000000000002 5.8333333333333348 1.1000000000000003 1.4399816333333335
decision_type=2 2 2 2 2 2 2 2 2 2 2 2 2 2 2
left_child=1 3 11 5 14 7 -7 -1 -6 10 -4 12 -3 -11 -5
right_child=-2 2 9 4 8 6 -8 -9 -10 13 -12 -13 -14 -15 -16
leaf_value=-0.028568796352067063 -0.048195768933817773 -0.021624762745005667 0.024075469354518837 0.0046833679634258243 0.019373116166485183 -0.00012397056770098227 -0.038409987909767074 0.017804425254317711 -0.01372385479952974 -0.0026539419023964934 -0.0085792360121265832 0.065991625155935679 0.034791473780998929 0.037855328387608897 0.051017072086432358
leaf_weight=52.113601535558701 7.3055513054132453 5.2231894284486833 18.534923881292343 7.4728744775056866 25.826702773571014 337.05529893934727 16.966622218489647 10.180007815361021 34.174509674310684 7.655071988701823 72.280373379588127 9.0736449956893903 12.903366610407828 18.771203503012657 15.268902048468588
leaf_count=209 30 21 75 30 104 1353 68 41 137 31 294 38 53 77 62
internal_value=0 0.000568913 0.01046 -0.00225141 0.0108236 -0.00491991 -0.00208094 -0.0205109 0.000151441 0.00438884 -0.00154547 0.0351745 0.0170488 0.0253609 0.0372959
internal_weight=650.806 643.5 144.442 499.059 82.743 416.316 354.022 62.2936 60.0012 117.242 90.8153 27.2002 18.1266 26.4263 22.7418
internal_count=2623 2593 589 2004 333 1671 1421 250 241 477 369 112 74 108 92
is_linear=0
shrinkage=0.05


Tree=13
num_leaves=13
num_cat=0
split_feature=49 86 8 15 56 20 60 15 16 81 73 83
split_gain=6.71131 6.79534 7.18244 7.13301 7.02119 5.90467 6.09976 5.47371 4.69635 4.44335 3.24752 3.98441
threshold=2.1500000000000008 2.4666666666666672 1.1469450000000003 12.833333333333334 0.87694400000000006 0.18788325000000003 15.225000000000001 11.833333333333334 2.8333333333333335 1.3666666666666669 1.0000000180025095e-35 1.1000000000000003
decision_type=2 2 2 2 2 2 2 2 2 2 2 2
left_child=1 2 5 4 -4 7 -7 -1 -5 10 -3 -12
right_child=-2 9 3 8 -6 6 -8 -9 -10 -11 11 -13
leaf_value=-0.047684045453114318 -0.046244668582842534 0 0.06139104350124034 0.058921502047991042 0.0035910486669178628 -0.0027883003132624182 0.010847163086108797 0.0083278663866785865 0.0025011881560113771 0.015019892618963929 -0.048179995966601823 0
leaf_weight=11.963420122861864 7.2554566115140906 5.9441930502653149 5.1846977025270453 12.19514997303486 95.128799825906754 366.74797494709492 105.00202998518944 5.4595686495304099 6.6207036077976218 5.9514244943857184 17.97827580571175 4.9463511705398551
leaf_count=48 30 24 21 50 384 1471 429 22 27 24 73 20
internal_value=0 0.000547176 0.00182153 0.0128165 0.00711608 -0.000815393 0.000202012 -0.0289949 0.0409419 -0.0207183 -0.0290673 -0.0374954
internal_weight=650.378 643.123 608.302 119.129 100.313 489.173 471.75 17.423 18.8159 34.8202 28.8688 22.9246
internal_count=2623 2593 2452 482 405 1970 1900 70 77 141 117 93
is_linear=0
shrinkage=0.05


Tree=14
num_leaves=14
num_cat=0
split_feature=78 22 78 62 22 20 76 50 78 45 77 82 0
split_gain=6.63054 7.15414 6.6877 6.29755 7.32983 9.94274 7.17917 8.58021 5.244 4.15612 3.87615 2.59978 1.19036
threshold=3.1666666666666674 -1.1666666666666663 3.5833333333333339 6.0500000000000007 0.83333333333333337 0.69511616666666709 1.0000000180025095e-35 17.950000000000003 -0.33333333333333359 0.60000000000000053 1.0000000180025095e-35 1.1000000000000003 2.166666666666667
decision_type=2 2 2 2 2 2 2 2 2 2 2 2 2
left_child=1 9 12 6 8 -6 11 -8 -5 -1 -4 -3 -2
right_child=2 3 10 4 5 -7 7 -9 -10 -11 -12 -13 -14
leaf_value=-0.0013165978318079232 -0.026095765173549182 0 -0.028682099802775796 0.0075960774121713584 -0.06130604135669844 0.007772129677080789 -0.0018191693877165585 0.021561683794208808 0.046812926184532394 -0.068575840216411887 0.017740407801243658 -0.043714246662967776 -0.076589691018476902
leaf_weight=5.1948017477989179 5.162741571664812 4.9940622299909618 7.8522474914789226 17.552276790142059 4.9795021414756766 91.391505748033524 417.91799761354923 42.76126404106617 20.727167695760727 5.2320430278778076 8.8841629028320295 12.44424846768379 4.8846984058618546
leaf_count=21 21 20 32 72 20 373 1679 172 86 21 36 50 20
internal_value=0 0.0010553 -0.0241266 0.00180796 0.011351 0.00364677 -0.000836444 0.000317908 0.0298053 -0.0389479 -0.00278951 -0.0318842 -0.0554813
internal_weight=649.979 623.195 26.7839 612.768 134.65 96.371 478.118 460.679 38.2794 10.4268 16.7364 17.4383 10.0474
internal_count=2623 2514 109 2472 551 393 1921 1851 158 42 68 70 41
is_linear=0
shrinkage=0.05


Tree=15
num_leaves=11
num_cat=0
split_feature=49 71 60 15 64 83 37 59 48 7
split_gain=6.17469 6.64344 6.13591 7.25128 7.06294 6.31027 6.00048 5.40861 4.63955 3.36914
threshold=2.1500000000000008 -0.29999999999999988 15.225000000000001 13.16666666666667 1.2500000000000002 2.9000000000000004 4.6333333333333337 1.7250000000000003 1.8166666666666669 2.0656275000000006
decision_type=2 2 2 2 2 2 2 2 2 2
left_child=1 6 5 4 -4 7 -1 -3 -7 -5
right_child=-2 2 3 9 -6 8 -8 -9 -10 -11
leaf_value=0 -0.044528900733308729 -0.0027770851007553558 0.019928065343911679 0.036846693436681718 -0.0063526745605525098 -0.010132930085627701 0.070553525222003491 -0.028271806876336347 0.040306110458838258 -0.0034941108276258129
leaf_weight=5.2161043584346753 7.1979502737522116 447.94994439184666 38.45412714779377 26.869857102632526 72.291873529553413 5.447116523981097 5.8827530592679977 21.667715981602669 13.678521975874899 4.9289004057645789
leaf_count=21 30 1800 158 112 294 22 24 87 55 20
internal_value=0 0.000518814 -0.000130596 0.0089369 0.00259656 -0.00283271 0.0380251 -0.00403538 0.0247747 0.0298624
internal_weight=649.585 642.387 631.288 142.545 110.746 488.743 11.0989 469.618 19.1256 31.7988
internal_count=2623 2593 2548 584 452 1964 45 1887 77 132
is_linear=0
shrinkage=0.05


Tree=16
num_leaves=19
num_cat=0
split_feature=78 51 83 8 22 75 23 59 78 78 50 4 51 29 77 36 22 0
split_gain=6.01469 7.07795 9.95169 7.78236 7.16336 6.52581 9.52648 6.439 6.38719 6.19205 5.01348 8.11553 4.21486 4.7645 3.5132 2.71134 1.56183 1.08429
threshold=3.1666666666666674 4.5500000000000007 1.3666666666666669 1.1469450000000003 0.33333333333333343 1.1666666666666667 2.166666666666667 1.7250000000000003 1.6666666666666667 3.5833333333333339 10.700000000000001 4.166666666666667 3.2500000000000004 12.550000000000002 1.0000000180025095e-35 15.225000000000001 0.83333333333333337 2.166666666666667
decision_type=2 2 2 2 2 2 2 2 2 2 2 2 2 2 2 2 2 2
left_child=1 2 12 5 15 6 -3 -7 -6 17 16 -12 -1 -14 -11 -5 -4 -2
right_child=9 3 10 4 8 7 -8 -9 -10 14 11 -13 13 -15 -16 -17 -18 -19
leaf_value=0.048681946715531957 -0.024882092120710644 -0.010939079095479899 -0.026148104601356848 0.05060037673214729 0.014867335055516493 0.0063547437842175333 0.042713759967118542 -0.024182848967211096 -0.020909578848028854 -0.027245702381563049 0.015020134246637727 -0.037300059936798746 -0.028274433613838097 0.024160828419308087 0.017000772067058408 0.0098178379015364439 -0.079936635133024153 -0.073776967420922199
leaf_weight=5.1807803809642818 5.1475829035043734 154.15680070221424 4.9533764570951444 16.635221168398861 58.776675552129745 282.72676731646061 8.0976954549550992 17.622254550457001 14.875769495964049 7.8213401734828976 10.872276082634928 18.735159784555435 7.908336907625201 8.3895881325006467 8.8761658817529661 7.9350930303335181 5.6861595660448074 4.8310079276561737
leaf_count=21 21 620 20 68 238 1141 33 71 60 32 44 76 32 34 36 33 23 20
internal_value=0 0.000989493 -0.0149483 0.00279992 0.015545 2.59612e-05 -0.00798481 0.00444271 0.00721197 -0.0230404 -0.0296649 -0.0173266 0.011538 0 -0.00246075 0.0388852 -0.0594366 -0.0533306
internal_weight=649.228 622.552 61.7257 560.826 98.2228 462.604 162.254 300.349 73.6524 26.6761 40.247 29.6074 21.4787 16.2979 16.6975 24.5703 10.6395 9.97859
internal_count=2623 2514 250 2264 399 1865 653 1212 298 109 163 120 87 66 68 101 43 41
is_linear=0
shrinkage=0.05


Tree=17
num_leaves=17
num_cat=0
split_feature=5 60 62 30 55 51 27 52 61 87 58 26 28 5 73 87
split_gain=5.62914 6.87972 5.81357 6.00535 5.8796 5.77473 9.22171 5.78796 4.03452 4.76975 4.12802 3.93166 7.16243 2.6186 1.84301 1.44295
threshold=16.500000000000004 14.450000000000001 7.2500000000000009 0.90000000000000013 1.7433864000000006 6.0500000000000007 9.3000000000000025 6.5357142857142865 7.3375000000000012 -0.22500000000000001 1.8500000000000003 19.450000000000003 6.4500000000000011 17.833333333333339 1.1666666666666667 0.19999999999999982
decision_type=2 2 2 2 2 2 2 2 2 2 2 2 2 2 2 2
left_child=2 -2 3 11 -4 7 -7 -5 10 -10 -6 12 -1 14 -3 -15
right_child=1 13 4 5 8 6 -8 -9 9 -11 -12 -13 -14 15 -16 -17
leaf_value=-0.0034280787799836504 0.022522968278098549 -0.0211532903493994 0.050952051677944976 -0.00049823203010137206 0 0.016580207157587804 -0.033061180494934742 -0.026462688646671687 0.012622720778584812 -0.032106681111391443 0.035400406941477273 0.0058119068102661627 -0.065352394140511513 -0.030893448803562398 -0.074922352856232527 0
leaf_weight=10.658392056822782 5.9338770061731365 5.2155479639768618 9.562065511941908 408.48526161909103 13.30573256313801 90.121390923857689 9.6768293827772123 22.312646627426147 11.930944994091989 10.309780284762381 17.62822537124157 6.9446241259574881 9.431340426206587 5.9372630566358549 5.4619215428829193 5.9280744791030884
leaf_count=43 24 21 41 1645 55 364 39 90 49 42 74 28 38 24 22 24
internal_value=0 -0.0215612 0.00098474 -0.000600955 0.0153677 0.000534009 0.0113767 -0.00193011 0.00808801 -0.00726247 0.0198599 -0.0233897 -0.0345944 -0.0344871 -0.0530159 -0.014322
internal_weight=648.844 28.4767 620.367 557.63 62.7367 530.596 99.7982 430.798 53.1747 22.2407 30.934 27.0344 20.0897 22.5428 10.6775 11.8653
internal_count=2623 115 2508 2247 261 2138 403 1735 220 91 129 109 81 91 43 48
is_linear=0
shrinkage=0.05


Tree=18
num_leaves=11
num_cat=0
split_feature=78 22 45 78 5 60 62 45 77 0
split_gain=5.52403 6.43953 6.032 5.80397 5.5043 6.48581 6.13407 3.69414 3.19707 1.01145
threshold=3.1666666666666674 -1.1666666666666663 2.9000000000000008 3.5833333333333339 16.500000000000004 14.450000000000001 6.0500000000000007 0.60000000000000053 1.0000000180025095e-35 2.166666666666667
decision_type=2 2 2 2 2 2 2 2 2 2
left_child=1 7 4 9 6 -6 -3 -1 -5 -2
right_child=3 2 -4 8 5 -7 -8 -9 -10 -11
leaf_value=-0.0012285717061499626 -0.023851600778953045 -0.00057398597948537925 0.045072656815116525 -0.025944875037536765 0.023797720454371896 -0.033636211208196903 0.011812707560247611 -0.0650925090319628 0.016318952533971198 -0.071562876920060484
leaf_weight=5.1750267744064313 5.1327488273382205 450.66219264268875 7.4213664531707755 7.7902775555849102 5.4301486164331463 21.325047433376312 126.77320395410061 5.2124419063329697 8.8625471591949445 4.7766783535480499
leaf_count=21 21 1812 30 32 22 86 522 21 36 20
internal_value=0 0.000931278 0.00164762 -0.022144 0.00103605 -0.0208396 0.00211006 -0.0370894 -0.00217476 -0.0515844
internal_weight=648.562 621.999 611.612 26.5623 604.191 26.7552 577.435 10.3875 16.6528 9.90943
internal_count=2623 2514 2472 109 2442 108 2334 42 68 41
is_linear=0
shrinkage=0.05


Tree=19
num_leaves=10
num_cat=0
split_feature=49 71 5 27 2 51 60 37 25
split_gain=5.55807 5.874 5.77145 5.88108 7.21532 6.76072 5.63177 5.56957 3.95224
threshold=2.1500000000000008 -0.29999999999999988 16.500000000000004 9.1000000000000014 18.833333333333339 6.8166666666666673 14.450000000000001 4.6333333333333337 0.77500000000000013
decision_type=2 2 2 2 2 2 2 2 2
left_child=1 7 3 5 -5 -3 -4 -1 -8
right_child=-2 2 6 4 -6 -7 8 -9 -10
leaf_value=0 -0.042499559104993506 -0.00018377871892124448 0.017784712425051474 -0.072716894384359729 -0.0010040639624280844 0.016585051389385087 -0.0021149866292099 0.06750385837085969 -0.050432487019918329
leaf_weight=5.2055009156465513 7.1162728667259207 520.14264456927776 5.6716459840536144 5.4484026581048957 10.398961856961249 67.068011552095413 7.7086894363164928 5.8059395104646683 13.649240851402281
leaf_count=21 30 2103 23 22 42 272 31 24 55
internal_value=-7.98552e-07 0.00046473 -0.000142309 0.000839096 -0.0286586 0.00170141 -0.0225642 0.0358694 -0.0345844
internal_weight=648.215 641.099 630.088 603.058 15.8474 587.211 27.0296 11.0114 21.3579
internal_count=2623 2593 2548 2439 64 2375 109 45 86
is_linear=0
shrinkage=0.05


Tree=20
num_leaves=19
num_cat=0
split_feature=78 51 83 8 44 8 87 75 10 23 78 4 30 13 84 55 77 0
split_gain=5.11461 5.97333 8.9187 7.15723 6.58652 6.5773 6.56186 5.68031 9.39302 8.529 5.39589 4.71769 6.88141 4.03435 3.27766 2.99014 2.91579 0.933103
threshold=3.1666666666666674 4.5500000000000007 1.3666666666666669 1.1469450000000003 0.76717136666666697 1.4150545833333334 -0.65833333333333321 1.1666666666666667 3.8333333333333335 2.166666666666667 3.5833333333333339 4.8333333333333348 1.3 5.8333333333333348 1.5500000000000003 1.4602497000000003 1.0000000180025095e-35 2.166666666666667
decision_type=2 2 2 2 2 2 2 2 2 2 2 2 2 2 2 2 2 2
left_child=1 2 13 7 6 -6 -5 9 -9 -3 17 12 -4 -1 -15 -13 -12 -2
right_child=10 3 11 4 5 -7 -8 8 -10 -11 16 15 -14 14 -16 -17 -18 -19
leaf_value=-0.024299205010838112 -0.022919741841278339 -0.010382008634655368 0.037577286147383412 -0.001281277691092889 0.02636872754523267 -0.004048086524660972 0.053358670983308487 0.0057290491955106666 -0.043092260272842971 0.040510969689251192 -0.024876568171531301 -0.018505370480601902 -0.026910861255122504 0.049163747618803537 0.0017200644646309703 -0.062158640578307882 0.015509975919391357 -0.069402824333696628
leaf_weight=4.9476051628589657 5.1190239042043704 154.12743632495403 5.1390012651681927 6.6403960585594204 27.080884352326393 46.78920504450798 17.367863148450851 290.29607811570168 9.6102109253406507 8.0432013273239118 7.7605179697275188 9.8525279164314288 13.828687116503714 6.8780085295438793 9.593930780887602 11.371698319911955 8.8558919876813871 4.7121205627918243
leaf_count=20 21 620 21 27 111 190 71 1173 39 33 32 40 56 28 39 46 36 20
internal_value=-8.06301e-06 0.0008772 -0.0137734 0.00254465 0.0147908 0.00686892 0.037508 -8.51061e-06 0.00401228 -0.00758742 -0.0213714 -0.0277255 -0.00763824 0.0113013 0.0238684 -0.0439374 -0.00206724 -0.0498998
internal_weight=648.014 621.567 61.6115 559.955 97.8783 73.8701 24.0083 462.077 299.906 162.171 26.4476 40.1919 18.9677 21.4195 16.4719 21.2242 16.6164 9.83114
internal_count=2623 2514 250 2264 399 301 98 1865 1212 653 109 163 77 87 67 86 68 41
is_linear=0
shrinkage=0.05


Tree=21
num_leaves=9
num_cat=0
split_feature=49 71 86 22 76 37 29 51
split_gain=5.03775 5.21055 5.56351 9.30279 5.42086 5.14369 4.54411 5.36576
threshold=2.1500000000000008 -0.29999999999999988 2.3250000000000006 -1.1666666666666663 2.416666666666667 4.6333333333333337 13.450000000000001 5.8166666666666673
decision_type=2 2 2 2 2 2 2 2
left_child=1 5 3 -3 -5 -1 7 -4
right_child=-2 2 6 4 -6 -7 -8 -9
leaf_value=0 -0.04067142180632341 -0.049570738572709265 -0.059871552274133391 0.00037065144334038122 0.017767327948838087 0.064638189243071173 0.023132423766979521 -0.012403790331131571
leaf_weight=5.1982073187828046 7.0437312871217719 8.3955377191305143 8.0473112165927869 530.9182975590229 48.77491757273674 5.7202487885951996 4.9415245503187171 28.54133403301239
leaf_count=21 30 34 33 2147 197 24 20 117
internal_value=-1.42137e-05 0.000425252 -0.000142182 0.0010729 0.00189153 0.0339095 -0.0177512 -0.0241843
internal_weight=647.581 640.537 629.619 588.089 579.693 10.9185 41.5302 36.5886
internal_count=2623 2593 2548 2378 2344 45 170 150
is_linear=0
shrinkage=0.05


Tree=22
num_leaves=19
num_cat=0
split_feature=62 37 28 66 50 55 50 44 44 18 51 85 32 14 37 82 36 46
split_gain=4.70508 7.14516 4.73599 8.40872 6.33469 7.05236 5.94213 4.85698 10.1622 8.58097 4.67888 4.07835 7.55154 4.92197 3.61193 3.11169 2.9535 2.86226
threshold=7.2500000000000009 6.3000000000000016 6.9000000000000012 0.74991540000000001 17.844444444444449 2.1965811000000008 19.350000000000005 1.0842458666666668 0.8169293166666669 0.75733908333333344 7.9500000000000011 1.9000000000000001 1.2367850000000005 8.8333333333333339 4.4500000000000011 1.7750000000000001 18.300000000000001 1.4000000000000004
decision_type=2 2 2 2 2 2 2 2 2 2 2 2 2 2 2 2 2 2
left_child=2 14 6 -4 5 -5 7 8 -1 -9 -6 12 13 -3 -2 16 -13 -16
right_child=1 11 3 4 10 -7 -8 9 -10 -11 -12 15 -14 -15 17 -17 -18 -19
leaf_value=-0.0003423603874062271 0 -0.0028881529563636035 0.035151762337248496 -0.019070570719379187 0.015267937391231681 -0.073078869248300482 0.040880065496574157 -0.0098901558255779527 -0.040882609197828011 0.037019447244870815 -0.025818536639517192 0.0018009532942679972 0.038220251730857885 -0.054557339342728307 0.056332751417702068 -0.0068765199209457383 0.057996885662268405 0.0044908903027065569
leaf_weight=434.71642895042896 4.8704101592302349 11.802013888955122 7.6525981277227393 41.056912779808044 19.198381245136265 7.4340017437934867 8.3886549323797208 15.852990508079527 15.58777394890785 21.769735246896744 10.159118577837942 5.3324649184942263 5.0200572460889807 8.5477983802556974 13.497001647949221 5.8425875902175894 5.7809190899133682 4.7547174245119086
leaf_count=1754 20 49 31 166 78 30 34 64 63 88 41 22 21 35 59 24 24 20
internal_value=-1.49643e-05 0.0126033 -0.00148692 -0.0123277 -0.0175086 -0.0285221 0.000340846 -0.000346073 -0.00184495 0.016727 1.84479e-05 0 -0.0122991 -0.0265784 0.034636 0.0189713 0.0344239 0.0446406
internal_weight=647.265 65.448 581.817 85.501 77.8484 48.4909 496.316 487.927 450.304 37.6227 29.3575 42.3258 25.3699 20.3498 23.1221 16.956 11.1134 18.2517
internal_count=2623 274 2349 346 315 196 2003 1969 1817 152 119 175 105 84 99 70 46 79
is_linear=0
shrinkage=0.05


Tree=23
num_leaves=23
num_cat=0
split_feature=15 38 44 61 44 8 2 17 31 66 66 69 63 80 4 20 8 15 34 15 61 80
split_gain=4.65749 9.37836 8.78993 6.68492 6.67945 6.63384 6.73829 6.70632 6.05755 5.68608 7.15792 5.66798 5.09602 6.0256 5.01171 4.83193 4.61734 4.28286 3.82989 2.83497 2.1508 1.47842
threshold=12.41666666666667 5.5500000000000007 1.0842458666666668 4.2250000000000005 0.82368583333333345 1.0542392500000004 13.833333333333334 1.3958779166666668 1.8151436666666665 0.60896178000000012 0.90528445000000013 0.19999999999999998 14.050000000000002 1.1000000000000003 7.8333333333333348 1.2766805000000003 1.3016175000000003 13.833333333333334 1.2666666666666668 16.500000000000004 5.7250000000000005 1.5500000000000003
decision_type=2 2 2 2 2 2 2 2 2 2 2 2 2 2 2 2 2 2 2 2 2 2
left_child=2 3 4 19 5 7 -7 -1 20 -4 11 -11 17 -14 -12 18 21 -10 -5 -2 -3 -6
right_child=1 8 9 15 16 6 -8 -9 12 10 14 -13 13 -15 -16 -17 -18 -19 -20 -21 -22 -23
leaf_value=-0.057793952742398139 -0.011429465265951635 0.076223001628328388 0.060764372678301343 0.042924813603182545 0.0031358527678917204 -0.014411992372222741 0.0030186086013584729 -0.010270902985041498 0.0047421500576968409 0.00675399652187696 0.040762873597171227 -0.052496124277450575 0.030029761428707176 -0.031539334913215214 -0.011821569789405809 -0.035684817730261782 -0.073214425741635336 0.044757852485024244 0.0030082325953272961 -0.060415517501061028 0.021038224452999823 -0.029279828286899148
leaf_weight=8.166221082210539 9.4348192960023862 6.4709552675485593 6.6326064616441718 7.3894721567630759 4.9755395501852053 66.794374376535416 314.28474907577038 78.540489301085472 14.627921417355539 9.6103843897581083 17.747800126671795 5.7227374613285056 5.633576273918151 10.017931595444677 4.8924324959516516 5.6638132333755484 5.1788179278373709 15.166537672281263 33.143630459904671 5.6998721063137046 5.1408436596393585 5.9342418313026428
leaf_count=33 38 27 27 30 20 271 1269 319 60 39 72 23 23 41 20 23 21 63 135 23 22 24
internal_value=-1.07826e-05 0.00889239 -0.00205904 -0.00433776 -0.00406566 -0.00289846 0 -0.0153391 0.023462 0.0189578 0.0103111 -0.0147402 0.0141558 -0.00758683 0.0283094 0.00470925 -0.0353854 0.0263395 0.011329 -0.0328192 0.0557325 -0.0128156
internal_weight=646.87 118.389 528.48 61.3316 483.874 467.786 381.079 86.7067 57.0578 44.606 37.9734 15.3331 45.446 15.6515 22.6402 46.1969 16.0886 29.7945 40.5331 15.1347 11.6118 10.9098
internal_count=2623 485 2138 249 1957 1892 1540 352 236 181 154 62 187 64 92 188 65 123 165 61 49 44
is_linear=0
shrinkage=0.05


Tree=24
num_leaves=12
num_cat=0
split_feature=49 27 68 8 44 41 2 23 52 66 48
split_gain=4.47279 4.67794 5.70564 6.19727 7.81603 6.58663 5.4968 5.04519 4.15423 2.9256 1.1049
threshold=2.1500000000000008 9.1000000000000014 1.3765403500000006 1.0589200000000003 0.30655246666666675 2.4749493333333334 18.833333333333339 0.66666666666666696 6.1214285714285728 0.73972284500000007 2.7500000000000004
decision_type=2 2 2 2 2 2 2 2 2 2 2
left_child=1 2 3 5 -5 -1 -3 9 -9 -4 -8
right_child=-2 6 7 4 -6 -7 10 8 -10 -11 -12
leaf_value=-0.013332609156733519 -0.038572106128869424 -0.063283575861688673 0.022791139330409733 0.031205912800834401 0.0012752506177839996 0.026070979241512773 0.012137260923431061 0.062282635657428913 0.0014416081050216073 -0.028894234338835312 -0.018463287404834907
leaf_weight=115.28575000166893 6.9462416619062415 5.6737775355577496 4.9087854027748126 22.595375224947929 450.49210985004902 10.832722485065458 5.1906285434961301 9.3065973669290525 5.1822482347488394 4.9025101810693741 5.1747626960277557
leaf_count=468 30 23 20 93 1824 44 21 38 21 20 21
internal_value=-7.58824e-06 0.000402015 0.00113575 0.000121008 0.00278901 -0.00966108 -0.0257815 0.0246427 0.0429634 -0.000759266 -0.000985342
internal_weight=646.492 639.545 623.506 599.206 473.087 126.118 16.0392 24.3001 14.4888 9.8113 10.3654
internal_count=2623 2593 2528 2429 1917 512 65 99 59 40 42
is_linear=0
shrinkage=0.05


Tree=25
num_leaves=15
num_cat=0
split_feature=30 78 76 70 82 5 54 78 73 78 8 61 77 26
split_gain=4.38167 5.15684 5.29439 5.40855 8.46741 7.57414 5.08394 4.15631 4.0553 5.81083 3.88776 3.02067 2.54855 1.48681
threshold=0.90000000000000013 3.1666666666666674 2.8333333333333335 1.2 0.77500000000000013 10.500000000000002 1.4500000000000002 3.5833333333333339 2.5833333333333335 0.99999999999999978 0.73030450000000002 6.3166666666666673 1.0000000180025095e-35 18.100000000000005
decision_type=2 2 2 2 2 2 2 2 2 2 2 2 2 2
left_child=6 2 3 5 -5 -2 10 -3 9 -4 -1 13 -9 -12
right_child=1 7 8 4 -6 -7 -8 12 -10 -11 11 -13 -14 -15
leaf_value=-0.062798266851361681 0.014799865209127155 -0.046644248218559135 0.0740919983764423 0.053880971004108436 0.0058709696742393095 -0.0041852876048484268 0.023148664240529401 -0.025760052981410292 -0.0052702161167809108 0.015061709270619394 -0.038070519064137331 0.013132712379611639 0.014965273843964358 0
leaf_weight=5.9360961318016114 59.755753383040428 9.4556528925895709 5.9291063994169262 10.008411556482313 92.876076936721802 396.1171227991581 5.1700521558523169 6.4714202880859357 8.6920456141233426 17.793527394533157 9.6366802752017993 5.5571231395006171 7.6255869418382645 5.1689388602972022
leaf_count=24 243 40 24 41 378 1604 21 27 35 72 39 23 31 21
internal_value=-1.41373e-06 0.000897734 0.00185857 0.000663794 0.0110211 -0.00162845 -0.018087 -0.0217172 0.0213714 0.0320724 -0.027407 -0.0146338 -0.00225954 -0.0267776
internal_weight=646.194 614.725 591.172 558.757 102.884 455.873 31.4689 23.5527 32.4147 23.7226 26.2988 20.3627 14.097 14.8056
internal_count=2623 2495 2397 2266 419 1847 128 98 131 96 107 83 58 60
is_linear=0
shrinkage=0.05


Tree=26
num_leaves=17
num_cat=0
split_feature=87 87 58 39 44 88 13 44 68 38 86 10 86 81 83 59
split_gain=4.34637 5.33056 15.1554 5.17319 13.7023 9.93299 7.91199 6.93525 4.94342 4.68194 4.30162 4.90006 2.97248 3.09548 1.23253 0.776057
threshold=-1.7749999999999997 -1.3666666666666665 1.8500000000000003 12.100000000000001 1.4179315333333335 1.0000000180025095e-35 4.8333333333333348 1.3618380999999999 1.2101784999999998 5.3000000000000016 -2.9749999999999996 1.8333333333333337 -2.8499999999999996 1.9000000000000001 1.9000000000000001 0.95000000000000007
decision_type=2 2 2 2 2 2 2 2 2 2 2 2 2 2 2 2
left_child=9 2 14 6 5 -5 8 -8 -3 -1 11 -11 -4 -14 -2 -12
right_child=1 3 12 4 -6 -7 7 -9 -10 10 15 -13 13 -15 -16 -17
leaf_value=-0.016303758691332906 -0.088573676665494122 -0.028339223633656159 -0.027141925776168908 0.038271058562544862 -0.055147210977901165 0.0040954967226227799 -0.0014269503878872995 0.027815461769137108 0.019095424058655736 0.041158966544364642 0.069380867196372112 -0.021466752223888552 -0.003974638016252593 0.03452235927483608 -0.037422626922069283 0.028703102664359693
leaf_weight=6.4466394782066372 5.2375592291355115 39.386005103588104 5.4303933829069129 31.099505573511124 6.9019753634929648 71.708671927452087 404.64971223473549 20.843112111091614 5.360727220773696 4.9033800214529073 4.8985837250947917 6.5893699675798416 9.8436474949121529 8.5516597181558591 6.410803034901619 7.6330984085798264
leaf_count=26 21 160 22 128 28 294 1638 85 22 20 20 27 40 35 26 31
internal_value=0 -0.000953712 -0.0196366 0.000161932 0.00995261 0.0148108 -0.00207734 0 -0.0219557 0.0182415 0.0286741 0.00376993 0.00248339 0.0130388 -0.0651789 0.0485742
internal_weight=645.895 615.424 35.4741 579.95 109.71 102.808 470.24 425.493 44.7467 30.4711 24.0244 11.4927 23.8257 18.3953 11.6484 12.5317
internal_count=2623 2499 144 2355 450 422 1905 1723 182 124 98 47 97 75 47 51
is_linear=0
shrinkage=0.05


Tree=27
num_leaves=22
num_cat=0
split_feature=51 83 21 86 73 86 83 78 40 36 45 34 50 69 45 51 3 48 16 46 22
split_gain=4.12742 7.21198 6.43747 6.20191 7.28241 6.3662 5.93628 6.35805 5.9982 5.99391 5.84592 5.3188 5.05269 6.71058 5.82828 4.06067 5.12267 3.67716 3.29151 2.49729 1.32435
threshold=4.5500000000000007 1.3666666666666669 -0.33333333333333376 -0.39999999999999991 0.58333333333333337 -0.92499999999999993 2.5500000000000003 -1.0000000180025095e-35 2.6750000000000003 12.450000000000001 -1.2999999999999996 2.3000000000000003 10.700000000000001 -1.083333333333333 -3.3306690738754691e-16 3.2500000000000004 4.166666666666667 2.5500000000000003 2.166666666666667 1.2 0.83333333333333337
decision_type=2 2 2 2 2 2 2 2 2 2 2 2 2 2 2 2 2 2 2 2 2
left_child=1 15 3 5 -5 10 8 11 9 -4 -2 -8 20 -14 -15 -1 -17 -6 -10 -7 -3
right_child=2 12 6 4 17 19 7 -9 18 -11 -12 -13 13 14 -16 16 -18 -19 -20 -21 -22
leaf_value=0.046733881158600672 -0.0065146433198987608 -0.023362460289701667 -0.022963744384535103 -0.016719092535148149 0.041566823556607069 -0.0055037742178045421 0.039219657202990026 -0.01990346944471412 -0.011999603469490578 -0.0023676237092834234 0.037721093899419453 0 -0.046225896266257699 0.048917228136225246 -0.011271480111766397 -0.026092809923731405 0.027210434333610672 0 0.024919452885684569 -0.051935005347168307 -0.073675709275833251
leaf_weight=5.1338661015033749 14.858741506934164 4.934703662991522 39.132725924253464 7.2865532040595999 32.706189900636673 8.3690489977598173 23.926723331212997 8.6245986223220807 6.3510756045579901 376.333097204566 12.929259434342386 12.288954526185988 9.6067164987325651 4.7983488887548473 15.494419455528261 9.5242301821708697 7.5991565287113181 6.7824993133544913 27.614831939339638 5.7081015408039084 5.6239745616912842
leaf_count=21 61 20 158 30 135 34 98 35 26 1523 53 50 39 20 63 39 31 28 113 23 23
internal_value=0 -0.0121701 0.00127989 0.0136655 0.0260785 0 -0.000902321 0.0162654 -0.00268689 -0.00439294 0.0134866 0.0257135 -0.0248167 -0.012773 0.00259224 0.00976013 -0.000918028 0.0347111 0.0172169 -0.0271817 -0.0545414
internal_weight=645.628 62.7154 582.912 88.6404 46.7752 41.8652 494.272 44.8403 449.432 415.466 27.788 36.2157 40.4582 29.8995 20.2928 22.2573 17.1234 39.4887 33.9659 14.0772 10.5587
internal_count=2623 256 2367 364 193 171 2003 183 1820 1681 114 148 165 122 83 91 70 163 139 57 43
is_linear=0
shrinkage=0.05


Tree=28
num_leaves=14
num_cat=0
split_feature=87 69 2 22 11 26 72 53 87 45 51 51 80
split_gain=4.19485 8.01068 6.7982 5.51544 5.28738 4.98347 6.71556 4.89374 5.18905 4.79641 4.75083 4.35186 3.75253
threshold=1.4833333333333336 -1.0000000180025095e-35 13.500000000000002 -1.1666666666666663 1.8333333333333337 13.450000000000001 0.58333333333333337 15.612500000000002 -0.22500000000000001 0.60000000000000053 7.4500000000000011 4.5500000000000007 2.1000000000000005
decision_type=2 2 2 2 2 2 2 2 2 2 2 2 2
left_child=3 -2 -3 9 7 -6 -7 11 -9 -1 12 -5 -4
right_child=1 2 10 4 5 6 -8 8 -10 -11 -12 -13 -14
leaf_value=0 0.040456121619418584 -0.059294347844525877 -0.017580861715253939 -0.012686464134026278 0.058586910946006189 0.060772254337814205 0.00064672045798182688 0 -0.061811767093561724 -0.067675258805500349 -0.050770444513361539 0.0025619458542298548 0.023458624059567404
leaf_weight=5.3334770500659925 4.8284170478582373 9.6951657533645612 11.537843793630605 50.971779853105545 6.3081386238336554 5.111672267317771 32.357903510332108 5.932059034705162 5.95172271132469 4.8931700885295868 5.0117021054029456 487.49122346937656 9.788091838359831
leaf_count=22 20 40 47 208 26 21 132 24 24 20 21 1978 40
internal_value=-8.07202e-06 -0.015451 -0.024078 0.00100663 0.00168692 0.0183196 0.0101998 0.000303051 -0.0307077 -0.0344215 -0.00931985 0.00106169 0.000215744
internal_weight=645.212 40.8612 36.0328 604.351 594.124 43.7777 37.4696 550.347 11.8838 10.2266 26.3376 538.463 21.3259
internal_count=2623 168 148 2455 2413 179 153 2234 48 42 108 2186 87
is_linear=0
shrinkage=0.05


Tree=29
num_leaves=16
num_cat=0
split_feature=76 39 20 63 60 50 51 52 63 86 6 59 82 8 73
split_gain=4.15646 5.30518 9.64696 7.3335 6.22391 5.93223 6.00535 5.90583 5.64087 5.3025 5.0935 5.07594 4.77061 3.52237 3.32249
threshold=1.0000000180025095e-35 12.450000000000001 1.2766805000000003 14.15 13.316666666666668 19.450000000000003 7.6500000000000012 6.5357142857142865 12.828571428571431 0.17499999999999979 1.5000000000000002 0.81666666666666676 0.90000000000000013 1.1177878333333335 0.83333333333333337
decision_type=2 2 2 2 2 2 2 2 2 2 2 2 2 2 2
left_child=12 4 3 9 8 7 -7 -6 11 -3 -5 -2 -1 -4 -14
right_child=1 2 13 10 5 6 -8 -9 -10 -11 -12 -13 14 -15 -16
leaf_value=0.013094155947562148 0 0.01524800813740243 -0.058248826234277351 0.035886153459383834 0.0013212228347417312 0.054178304029332061 0 -0.015299970201917135 0.026177459309111525 0.048278613774534379 -0.010126420410310743 -0.039180348120296915 0 0 -0.049035103811717787
leaf_weight=6.3935513794422176 11.885661736130713 44.069587990641594 5.68514636158943 6.8353395760059348 385.35811634361744 9.5470437705516833 10.304307430982588 61.307692438364029 4.9429770559072486 19.127818733453751 31.963047906756401 25.28280933201313 5.6892190873622921 4.8719660043716431 11.601585969328879
leaf_count=26 48 182 23 28 1563 39 42 250 20 79 131 102 23 20 47
internal_value=-8.02704e-06 0.000744342 0.0105678 0.0154807 -0.00138861 0.000229017 0.0266717 -0.00091879 -0.019688 0.0259383 -0.00103051 -0.0267178 -0.0203819 -0.0331894 -0.0341856
internal_weight=644.866 621.182 112.553 101.996 508.629 466.517 19.8514 446.666 42.1114 63.1974 38.7984 37.1685 23.6844 10.5571 17.2908
internal_count=2623 2527 463 420 2064 1894 81 1813 170 261 159 150 96 43 70
is_linear=0
shrinkage=0.05


Tree=30
num_leaves=14
num_cat=0
split_feature=86 54 76 66 25 5 73 86 53 50 77 47 87
split_gain=3.94553 4.57063 6.0041 4.63033 4.16968 5.59711 3.86998 4.19027 3.0684 2.72367 1.77159 0.853076 0.435511
threshold=2.9000000000000008 0.8500000000000002 2.8333333333333335 1.0224944500000002 1.0000000180025095e-35 16.166666666666668 2.5833333333333335 1.8250000000000004 11.535714285714286 15.707142857142857 1.1666666666666667 1.7000000000000004 1.6333333333333335
decision_type=2 2 2 2 2 2 2 2 2 2 2 2 2
left_child=1 3 4 -1 11 -6 7 -4 9 12 -5 -3 -2
right_child=8 2 6 10 5 -7 -8 -9 -10 -11 -12 -13 -14
leaf_value=0.01493574867237526 -0.021413686058271705 0.0088666159130996874 0.04563277406027251 -0.06119502175606098 0.00082784620875058054 -0.021877453772494782 -0.005096097090121543 0 0.0072642920699805616 -0.058327405069176941 -0.017885229804124922 0.047817023758269267 0
leaf_weight=4.8331997692585018 4.8731368184089678 4.9541756957769376 16.918908357620243 5.4004042595624915 532.62202262878418 28.0657879114151 8.1819701343774778 8.1248525381088239 5.5465607047080985 6.069469526410102 9.106169790029524 4.8003979921340942 5.0215156525373459
leaf_count=20 20 20 69 22 2165 114 33 33 23 26 37 20 21
internal_value=-2.05393e-06 0.000693633 0.00150739 -0.0228444 0.000250823 -0.000282621 0.0220161 0.0317789 -0.0208449 -0.0320536 -0.037176 0.0318696 -0.0115015
internal_weight=644.519 623.008 603.668 19.3398 570.442 560.688 33.2257 25.0438 21.5107 15.9641 14.5066 9.75457 9.89465
internal_count=2623 2533 2454 79 2319 2279 135 102 90 67 59 40 41
is_linear=0
shrinkage=0.05


Tree=31
num_leaves=17
num_cat=0
split_feature=62 37 53 81 45 77 17 17 37 16 88 83 81 75 78 37
split_gain=3.91048 6.40824 4.23927 4.72005 6.76998 6.92912 6.43048 8.97736 6.65348 3.7852 3.72948 6.67665 4.53753 4.13862 1.83033 0.243036
threshold=7.2500000000000009 6.4500000000000011 16.450000000000003 1.3666666666666669 -2.6999999999999997 1.0000000180025095e-35 1.9897425000000002 2.7500575000000005 7.5500000000000007 1.8333333333333337 1.0000000180025095e-35 1.4500000000000002 1.3666666666666669 2.166666666666667 -0.33333333333333343 5.5500000000000007
decision_type=2 2 2 2 2 2 2 2 2 2 2 2 2 2 2 2
left_child=2 9 3 4 -1 -6 8 -8 -5 15 -3 12 -12 -13 -11 -2
right_child=1 10 -4 6 5 -7 7 -9 -10 14 11 13 -14 -15 -16 -17
leaf_value=-0.060386552638365058 0.028837089790639495 0.032860767278371859 -0.039640447649183785 -0.0017039474263027402 -0.033215999895070486 -0.0020352013889789215 0.030500589657429536 -0.013027142792909265 0.039693298673447931 0.027603023524908468 0 0.031297657943290633 -0.066974852800951987 -0.0099491250434458403 -0.0074498982823836867 0.065567316752762783
leaf_weight=5.1806778460741034 5.7210215479135531 6.3838030248880377 6.6661397665739051 258.29837067425251 19.145254254341125 224.04633437097073 41.380251660943031 15.255022466182707 9.5810199826955778 6.4624906182289124 5.2808241844177228 9.9697642624378222 5.8967570811510086 12.872672274708746 5.9936788827180845 6.1419937014579773
leaf_count=21 25 27 27 1043 79 910 168 62 39 28 22 42 24 53 25 28
internal_value=-1.41319e-06 0.0115669 -0.00134529 -0.000821907 -0.00603752 -0.00465561 0.00309617 0.0183272 -5.89832e-05 0.0315765 -0.000104485 -0.00740095 -0.0385451 0.00726714 0.00917004 0.0517587
internal_weight=644.276 64.723 579.553 572.887 248.372 243.192 324.515 56.6353 267.879 24.3192 40.4038 34.02 11.1776 22.8424 12.4562 11.863
internal_count=2623 274 2349 2322 1010 989 1312 230 1082 106 168 141 46 95 53 53
is_linear=0
shrinkage=0.05


Tree=32
num_leaves=10
num_cat=0
split_feature=49 27 3 51 51 42 45 41 69
split_gain=3.82463 4.17302 4.84174 4.75097 6.06255 5.88629 6.1915 5.27679 4.00431
threshold=2.1500000000000008 9.1000000000000014 10.500000000000002 6.8166666666666673 7.8500000000000005 0.38596638333333338 -0.19999999999999959 1.8221903666666668 1.2
decision_type=2 2 2 2 2 2 2 2 2
left_child=1 3 -3 5 7 -1 -7 -5 -6
right_child=-2 2 -4 4 8 6 -8 -9 -10
leaf_value=-0.049030831114566825 -0.036038319735574476 -0.048293468297701564 0.0033174329208352617 -0.0093563405842238476 -0.019575631822916009 0.010713271729551492 -0.0025633481898529966 0.031562632397410216 0.027942544439620989
leaf_weight=5.6661245673894873 6.7949900180101386 8.8617659211158735 7.0982923358678809 8.5385514646768552 17.170670419931415 109.35273914039135 436.63170436024666 38.5120649933815 5.1440322697162619
leaf_count=23 30 36 29 35 70 451 1770 158 21
internal_value=-3.45111e-06 0.000369701 -0.024417 0.00106607 0.0133621 -0.000445474 5.73877e-05 0.0235908 -0.00715354
internal_weight=643.771 636.976 15.9601 621.016 69.3653 551.651 545.984 47.0506 22.3147
internal_count=2623 2593 65 2528 284 2244 2221 193 91
is_linear=0
shrinkage=0.05


Tree=33
num_leaves=15
num_cat=0
split_feature=76 39 44 63 44 12 74 45 20 72 86 82 38 73
split_gain=3.76757 4.67839 9.33084 7.40792 7.32059 7.3742 8.51896 6.40305 4.899 8.15724 4.75202 4.23668 3.59137 2.9961
threshold=1.0000000180025095e-35 12.450000000000001 1.387765066666667 14.15 1.0842458666666668 10.16666666666667 0.83333333333333337 2.100000000000001 2.536477833333334 1.5833333333333337 0.17499999999999979 0.90000000000000013 4.6750000000000007 0.83333333333333337
decision_type=2 2 2 2 2 2 2 2 2 2 2 2 2 2
left_child=11 4 3 10 5 6 -2 -7 9 -6 -3 -1 -5 -13
right_child=1 2 -4 12 8 7 -8 -9 -10 -11 -12 13 -14 -15
leaf_value=0.011993702754115765 0.019619375740096298 0.014415264891830199 -0.041090956238653352 -0.024393843167167042 -0.0067315642425478149 -0.00075163772834355451 -0.051347274048673522 -0.039796146978932932 -0.023297127256677305 0.041046720207242621 0.045330506707811906 0 0.007184972671101241 -0.046643865214631181
leaf_weight=6.3717013895511654 4.9057246744632748 45.137352764606476 7.5966897308826438 12.561284124851225 12.224678620696066 434.77327808737755 15.029802575707434 10.320532932877539 5.1771893650293341 25.299707248806953 19.697366535663605 5.6840336918830898 27.182811230421066 11.543898209929464
leaf_count=26 20 187 31 51 50 1766 61 42 21 104 82 23 112 47
internal_value=-8.70189e-06 0.000705909 0.00994907 0.0140725 -0.00129482 -0.00316659 -0.0326077 -0.00175672 0.0183112 0.0249402 0.0244653 -0.0194424 -0.0023535 -0.0324895
internal_weight=643.506 619.906 112.176 104.579 507.731 465.029 19.9355 445.094 42.7016 37.5244 64.8347 23.5996 39.7441 17.2279
internal_count=2623 2527 463 432 2064 1889 81 1808 175 154 269 96 163 70
is_linear=0
shrinkage=0.05


Tree=34
num_leaves=14
num_cat=0
split_feature=30 6 25 5 49 54 77 1 8 40 5 61 27
split_gain=3.61256 4.58635 5.85658 6.14354 5.59107 4.31565 3.73277 3.71953 3.55462 2.77539 2.45859 1.84287 2.57615
threshold=0.90000000000000013 0.83333333333333337 1.0000000180025095e-35 16.500000000000004 0.41428571428571431 1.4500000000000002 2.166666666666667 1.5000000000000002 0.73030450000000002 1.7000000000000004 11.500000000000002 5.8285714285714292 6.1000000000000005
decision_type=2 2 2 2 2 2 2 2 2 2 2 2 2
left_child=5 7 -3 4 -4 8 -5 11 -1 -10 -11 -2 -13
right_child=1 2 3 6 -6 -7 -8 -9 9 10 -12 12 -14
leaf_value=-0.0590465245492156 0.059654074348226116 0.038027969509784709 -0.024772218917933332 -0.035251875701687384 0.0013984245844753849 0.021446246178530654 0.0048135663388922433 -0.01239860405822266 0.015626888637985219 -0.037332655407693094 0.00084404843482222859 0.042125414506359558 0
leaf_weight=5.8933656811714235 5.0747894793748918 9.4108022898435575 20.692187443375587 19.43059499561787 531.9843617528677 5.1281238496303549 6.6044185012578955 4.8644453585147849 4.9666884690523174 10.394192740321158 4.8431456089019767 6.0025584697723371 7.7936230897903442
leaf_count=24 21 39 85 79 2167 21 27 20 21 42 20 25 32
internal_value=-1.45844e-05 0.000798862 -3.71102e-05 -0.000731566 0.000351898 -0.0165033 -0.024247 0.0221178 -0.0251633 -0.012885 -0.0239684 0.0323962 0.0188852
internal_weight=643.083 611.858 588.122 578.712 552.677 31.2255 26.035 23.7354 26.0974 20.204 15.2373 18.871 13.7962
internal_count=2623 2495 2397 2358 2252 128 106 98 107 83 62 78 57
is_linear=0
shrinkage=0.05


Tree=35
num_leaves=16
num_cat=0
split_feature=87 87 58 30 25 59 26 74 26 66 82 86 81 78 83
split_gain=3.61966 5.08659 13.4333 4.20541 5.16732 4.54218 4.39934 5.39133 4.89208 3.94338 3.13384 2.58582 2.67986 1.41075 0.891901
threshold=-1.7749999999999997 -1.3666666666666665 1.8500000000000003 0.90000000000000013 1.0000000180025095e-35 1.7250000000000003 17.700000000000006 1.8333333333333337 13.675000000000002 1.0089083000000003 0.45000000000000007 -2.8499999999999996 1.9000000000000001 -3.5833333333333326 1.9000000000000001
decision_type=2 2 2 2 2 2 2 2 2 2 2 2 2 2 2
left_child=9 2 14 6 -5 -6 8 -8 -3 -1 13 -4 -13 -11 -2
right_child=1 3 11 4 5 -7 7 -9 -10 10 -12 12 -14 -15 -16
leaf_value=0.043809415170250561 -0.083526272537909604 0 -0.025939549553998562 0.037127701308410282 0.0016211566462945297 -0.019811868349789888 0.03557845839529921 -0.02796001625272684 -0.052350997371460574 0.040448974920818552 -0.016960843958269207 -0.0040290189909137977 0.031824476196293659 0.0022553782830456062 -0.036164454625891553
leaf_weight=8.9720038771629351 5.2192278504371625 6.1085034608841005 5.4198497086763373 9.3774082958698255 512.73824203014374 25.402314051985741 6.3674471378326398 5.8075705170631409 11.454718708992003 4.8909312486648577 9.0594588071107847 9.8157948553562218 8.4655766487121564 7.3609608262777328 6.3941232860088348
leaf_count=37 21 25 22 39 2090 104 26 24 47 20 37 40 35 30 26
internal_value=-5.68558e-06 -0.000884517 -0.0191772 0.000206926 0.00125104 0.00054557 -0.0178926 0.0033904 -0.0337156 0.0166848 0.00337671 0.00166124 0.0116478 0.0204509 -0.0620826
internal_weight=642.854 612.571 35.3146 577.256 547.518 538.141 29.7382 12.175 17.5632 30.2834 21.3114 23.7012 18.2814 12.2519 11.6134
internal_count=2623 2499 144 2355 2233 2194 122 50 72 124 87 97 75 50 47
is_linear=0
shrinkage=0.05


Tree=36
num_leaves=10
num_cat=0
split_feature=49 71 36 59 42 87 87 61 86
split_gain=3.49248 4.27417 4.31806 4.00233 4.20518 4.57042 4.5054 3.71761 3.86526
threshold=2.1500000000000008 -0.29999999999999988 14.900000000000002 1.8166666666666669 1.759727266666667 -0.65833333333333321 -1.7749999999999997 4.4500000000000011 -0.20000000000000015
decision_type=2 2 2 2 2 2 2 2 2
left_child=1 2 -1 4 6 -6 -3 -5 -9
right_child=-2 3 -4 7 5 -7 -8 8 -10
leaf_value=0 -0.0346290958948259 0.018943812457108217 0.06068615260686834 -0.054336091682181842 -0.013366613653795423 0.034988437374862007 -0.0013213773170767038 -0.037830706468086346 0.016704425877096949
leaf_weight=5.321132540702818 6.7173099964857093 28.305658757686615 5.3489885628223419 5.9155539721250561 5.6445713639259365 16.607875064015388 556.69327038526535 4.9264404326677331 7.1077688187360737
leaf_count=22 30 116 23 24 23 68 2268 20 29
internal_value=-6.84679e-06 0.000346536 0.031016 -0.000161302 0.000495058 0.0215997 -0.000282791 -0.023133 -0.0042446
internal_weight=642.589 635.871 10.6701 625.201 607.251 22.2524 584.999 17.9498 12.0342
internal_count=2623 2593 45 2548 2475 91 2384 73 49
is_linear=0
shrinkage=0.05


Tree=37
num_leaves=18
num_cat=0
split_feature=62 3 37 85 34 37 28 25 22 52 8 6 50 81 40 8 70
split_gain=3.46773 6.10034 7.00514 5.79426 6.71172 3.99028 3.82266 6.87326 6.68507 5.51695 5.75042 5.32485 4.94404 4.85731 7.21644 5.98133 3.15469
threshold=7.2500000000000009 8.1666666666666696 6.3000000000000016 1.9000000000000001 2.3000000000000003 4.6333333333333337 6.9000000000000012 0.67500000000000016 2.166666666666667 8.4500000000000011 0.59542341666666676 2.166666666666667 19.350000000000005 1.3666666666666669 1.4500000000000002 1.1245630000000002 1.1166666666666669
decision_type=2 2 2 2 2 2 2 2 2 2 2 2 2 2 2 2 2
left_child=6 2 5 4 -4 -2 12 9 11 10 -8 -9 13 14 -1 -15 -5
right_child=1 -3 3 16 -6 -7 7 8 -10 -11 -12 -13 -14 15 -16 -17 -18
leaf_value=-0.031138212339372556 0 -0.033880169818867101 -0.046849024460486999 0.0058075584751887269 0.0071088624223542233 0.052791501797166067 -0.044440991249147174 -0.0024220218680311464 -0.067664836275642556 0.052775800994411405 0.011311896232598423 -0.039037447638491152 0.037585778055197125 0.00055528970162684141 -0.002469218032599807 0.020158649468060969 0.055985456783833265
leaf_weight=25.063218548893929 5.4509487003088024 6.0258571207523337 8.4511972516775149 9.723675996065138 14.249571964144705 14.820987209677694 5.5984049439430299 34.692830696702003 6.6418599337339392 5.1149311214685431 18.12495057284832 14.483150407671927 8.273489907383917 236.23485818505287 177.11930049955845 46.815727025270462 5.4647817164659491
leaf_count=102 23 25 35 41 60 67 23 142 27 21 74 59 34 954 721 192 23
internal_value=-7.41607e-06 0.0109321 0.0162504 0.00270423 -0.0124781 0.0396907 -0.00127351 -0.0110667 -0.0213679 0.00804399 -0.00145874 -0.0139935 0.000365303 -0.000255894 -0.00621452 0.00391562 0.0266639
internal_weight=642.35 64.187 58.1612 37.8892 22.7008 20.2719 578.163 84.6561 55.8178 28.8383 23.7234 49.176 493.507 485.233 202.183 283.051 15.1885
internal_count=2623 274 249 159 95 90 2349 346 228 118 97 201 2003 1969 823 1146 64
is_linear=0
shrinkage=0.05


Tree=38
num_leaves=19
num_cat=0
split_feature=76 15 44 44 38 85 22 86 64 60 31 40 81 82 81 73 40 25
split_gain=3.39372 4.47823 6.21691 7.35371 6.20155 10.6305 6.93608 7.24577 5.45148 5.40827 5.00554 5.33356 4.91842 3.70848 3.38426 2.65951 1.41842 0.913092
threshold=1.0000000180025095e-35 12.41666666666667 1.0842458666666668 0.82368583333333345 5.3000000000000016 1.9000000000000001 0.83333333333333337 -1.6666666666666663 2.9500000000000006 14.050000000000002 2.0516193333333339 1.9000000000000001 1.3666666666666669 0.90000000000000013 1.7750000000000001 0.83333333333333337 1.4500000000000002 1.1000000000000003
decision_type=2 2 2 2 2 2 2 2 2 2 2 2 2 2 2 2 2 2
left_child=13 2 3 8 5 14 16 -8 -2 -7 17 -12 -5 -1 -3 -15 -6 -4
right_child=1 4 10 12 6 9 7 -9 -10 -11 11 -13 -14 15 -16 -17 -18 -19
leaf_value=0.010799555830599859 -0.0024735080445838563 0 0.065128832119053015 -0.062401361127723591 0.013383800539949156 -0.057010716790909188 0.047415022130961909 -0.00049070990391222695 0.045980285114932073 0 0.017913617632339132 -0.028003640182529262 -0.00037245302223016966 0 0.034204660338484967 -0.044179020176144952 0.056933153589371593 0.019858890455277112
leaf_weight=6.3344076722860363 445.10774996876717 20.964010372757912 5.0592081695795041 8.0827889293432218 4.5706691741943386 10.368844002485273 9.2506018131971341 36.317669719457626 5.3425182253122321 5.5738606452941886 25.207929953932762 7.6339231431484214 6.4296218603849402 5.6710246205329922 11.248096391558645 11.451219275593756 12.39793887734413 4.8115487694740295
leaf_count=26 1810 86 21 33 20 42 39 151 22 23 104 31 26 23 46 47 53 20
internal_value=-2.07988e-06 0.000673772 -0.00127209 -0.00300074 0.00978867 -0.00324787 0.0201698 0.0091008 -0.00179304 -0.0364163 0.0167842 0.00623068 -0.0375129 -0.0185047 0.0127096 -0.0307634 0.0473527 0.0474938
internal_weight=641.824 618.367 507.675 464.963 110.692 48.1548 62.5369 45.5683 450.45 15.9427 42.7126 32.8419 14.5124 23.4567 32.2121 17.1222 16.9686 9.87076
internal_count=2623 2527 2067 1891 460 197 263 190 1832 65 176 135 59 96 132 70 73 41
is_linear=0
shrinkage=0.05


Tree=39
num_leaves=13
num_cat=0
split_feature=15 15 8 31 30 44 2 44 66 66 60 72
split_gain=3.22745 5.06516 6.29814 5.90312 7.77888 5.57062 5.85905 8.60228 4.95478 6.34117 4.3653 1.59505
threshold=19.166666666666668 12.41666666666667 0.57883700000000016 1.7946678333333332 1.1000000000000003 1.0842458666666668 16.500000000000004 0.82368583333333345 0.60896178000000012 0.90528445000000013 14.950000000000001 1.5833333333333337
decision_type=2 2 2 2 2 2 2 2 2 2 2 2
left_child=1 5 -3 11 -5 6 7 -1 -7 -10 -8 -4
right_child=-2 2 3 4 -6 8 10 -9 9 -11 -12 -13
leaf_value=-0.0042132253358033323 -0.032036298990619085 -0.028857793122524511 0.021316153433437839 -0.035307586082168309 0.013416681426570466 0.054585161726724785 -0.019443309826199889 -0.045051560709619132 -0.016575259019704185 0.024349299267728646 0.01454470093356363 0.060971331503971042
leaf_weight=393.78296959400177 7.2796914130449286 8.6199136525392515 9.4184377938509005 8.4830814749002439 75.539744809269905 6.4614695459604254 10.048690631985663 13.020486280322073 15.116816759109495 22.252238422632217 64.201289251446724 7.1104955375194541
leaf_count=1599 30 36 40 35 313 27 41 53 62 92 264 31
internal_value=0 0.00036415 0.0101694 0.0138887 0.00802186 -0.00163542 -0.00323819 -0.00563541 0.0152297 0.00713375 0.00951117 0.0411326
internal_weight=641.335 634.056 109.172 100.552 84.0228 524.884 481.053 406.803 43.8305 37.3691 74.25 16.5289
internal_count=2623 2593 455 419 348 2138 1957 1652 181 154 305 71
is_linear=0
shrinkage=0.05


Tree=40
num_leaves=18
num_cat=0
split_feature=8 64 45 56 50 31 75 78 1 72 22 86 45 32 69 79 79
split_gain=3.23679 7.09349 7.10862 6.44668 5.05815 7.14273 6.94975 5.39423 5.22904 4.88888 6.27227 5.50069 4.7336 3.63425 1.6532 1.50127 2.974
threshold=1.0589200000000003 2.0500000000000003 2.100000000000001 0.87694400000000006 11.225000000000001 1.5484799000000002 1.1666666666666667 0.50000000000000022 1.1666666666666667 2.166666666666667 0.83333333333333337 -0.92499999999999993 -0.40000000000000019 1.4832088333333335 0.099999999999999964 -0.33333333333333331 0.83333333333333348
decision_type=2 2 2 2 2 2 2 2 2 2 2 2 2 2 2 2 2
left_child=1 2 9 14 6 7 -5 -6 -7 11 -11 -1 -3 -8 -2 -14 -17
right_child=3 12 -4 4 5 8 13 -9 -10 10 -12 -13 15 -15 -16 16 -18
leaf_value=0.010906703577829892 0.01204086436135238 0.0042141722854999644 0.041031986472350346 0.01485109803662657 0.035731180710202613 0.0029061570544193062 -0.072506543670686638 0 -0.011006859846476542 0.046998822882697633 -0.0014156982045452321 -0.019167976979231349 -0.071559859295953557 -0.013114151558494498 0.063150321268369475 0 -0.055747384168662734
leaf_weight=18.511769935488701 4.8369781374931318 5.1220999062061336 8.3858692049980146 6.5501562803983715 25.675871297717094 343.78754408657551 6.1051115542650205 15.536186784505842 83.453383177518845 8.2385778427124006 24.640765398740768 62.71443048119545 5.3472381234169015 6.7299651950597763 4.7003841549158096 5.7682573646306956 4.8631802797317505
leaf_count=76 20 21 35 27 107 1399 25 64 343 34 101 257 22 28 20 24 20
internal_value=0 -0.00662726 -0.00174501 0.00188196 0.00101224 0.00210755 -0.0235867 0.0218606 0.000120378 -0.00527222 0.0104889 -0.0119831 -0.0331152 -0.0448988 0.0416113 -0.0463634 -0.0287995
internal_weight=640.968 143.592 122.491 497.376 487.838 468.453 19.3852 41.2121 427.241 114.106 32.8793 81.2262 21.1008 12.8351 9.53736 15.9787 10.6314
internal_count=2623 590 503 2033 1993 1913 80 171 1742 468 135 333 87 53 40 66 44
is_linear=0
shrinkage=0.05


Tree=41
num_leaves=15
num_cat=0
split_feature=87 69 2 22 44 15 8 56 63 51 45 80 68 56
split_gain=3.13934 6.7378 6.19285 4.79987 5.10876 12.5854 5.37727 4.38553 4.48122 4.29867 4.28049 3.41587 2.27742 1.73095
threshold=1.4833333333333336 -1.0000000180025095e-35 13.500000000000002 -1.1666666666666663 0.30655246666666675 11.16666666666667 1.0465195000000003 1.7940920000000002 8.7500000000000018 7.4500000000000011 0.60000000000000053 2.1000000000000005 0.16267975000000015 1.8918293500000003
decision_type=2 2 2 2 2 2 2 2 2 2 2 2 2 2
left_child=3 -2 -3 10 5 12 -7 8 -6 11 -1 -4 -5 -9
right_child=1 2 9 4 7 6 -8 13 -10 -11 -12 -13 -14 -15
leaf_value=0 0.038217662926335556 -0.05529507895432783 -0.015280546900111429 -0.047763954947608558 0.020792510353131611 0.0092358143468626135 0.059689248213647822 -0.051041893311742303 -6.667843294014306e-06 -0.047285829453837483 -0.064121917110463153 0.023779201578695296 0 -0.0042177042536732058
leaf_weight=5.2673416137695295 4.7343211621046057 9.5155915766954404 11.485178336501127 4.9350133985280991 26.629023253917694 10.775347083806993 13.906675830483435 5.1493519395589811 518.67431107163429 4.921686738729476 4.8024193495512009 9.7573907673358899 4.8300336301326734 5.200264111161232
leaf_count=22 20 40 47 20 111 44 59 21 2116 21 20 40 20 22
internal_value=0 -0.0134273 -0.0214044 0.000886322 0.00152373 0.0200788 0.0392765 0.000311467 0.00098134 -0.00733553 -0.0324067 0.00164527 -0.0255592 -0.0310975
internal_weight=640.584 40.4142 35.6798 600.17 590.1 34.4471 24.682 555.653 545.303 26.1643 10.0698 21.2426 9.76505 10.3496
internal_count=2623 168 148 2455 2413 143 103 2270 2227 108 42 87 40 43
is_linear=0
shrinkage=0.05


Tree=42
num_leaves=13
num_cat=0
split_feature=49 8 56 7 56 22 21 3 75 5 51 55
split_gain=3.06394 3.88985 7.09372 5.22173 9.43994 5.60777 4.46446 6.01606 4.89132 3.45758 4.50531 2.37608
threshold=2.1500000000000008 1.7847025000000001 1.4852526500000003 1.4016932500000003 1.5852250000000003 0.33333333333333343 -0.33333333333333376 7.166666666666667 1.1666666666666667 9.8333333333333339 5.1833333333333345 1.9588838000000004
decision_type=2 2 2 2 2 2 2 2 2 2 2 2
left_child=1 3 11 4 5 -1 7 -5 -8 -4 -11 -3
right_child=-2 2 9 6 -6 -7 8 -9 -10 10 -12 -13
leaf_value=-1.5497366504078437e-05 -0.032718050205858412 0.063272655373992168 0.02994758458209771 0.019973657573944543 0.043372611011822958 -0.03267734722936174 -0.0071153352118554078 -0.020908524827144226 0.0033312722263042112 -0.052083975157436319 0.0036375614448553918 0.011712182410293287
leaf_weight=23.120190560817719 6.5915011912584296 7.608228266239168 5.2981216758489635 54.952352941036224 5.7652122229337683 35.543087214231491 180.32846228778362 9.749227359890936 292.12030497193336 4.8863674253225318 8.782539486885069 5.361921951174736
leaf_count=97 30 32 22 229 24 145 734 40 1192 20 36 22
internal_value=0 0.000328951 0.0172194 -0.000539775 -0.0139603 -0.0203362 0.00103493 0.013317 -0.000606529 -0.00118857 -0.0156524 0.0450392
internal_weight=640.108 633.516 31.9372 601.579 64.4285 58.6633 537.15 64.7016 472.449 18.967 13.6689 12.9702
internal_count=2623 2593 132 2461 266 242 2195 269 1926 78 56 54
is_linear=0
shrinkage=0.05


Tree=43
num_leaves=13
num_cat=0
split_feature=86 76 87 45 48 80 86 72 53 50 67 87
split_gain=3.06208 3.6556 3.43844 3.68174 4.69135 3.32761 4.7054 3.1393 2.82503 2.39503 2.3613 0.390449
threshold=2.9000000000000008 2.8333333333333335 1.6333333333333335 2.9000000000000008 3.0500000000000003 1.6333333333333335 0.19999999999999998 1.1666666666666667 11.535714285714286 15.707142857142857 7.5000000000000009 1.6333333333333335
decision_type=2 2 2 2 2 2 2 2 2 2 2 2
left_child=1 2 3 4 -1 6 -3 -8 9 11 -4 -2
right_child=8 5 10 -5 -6 -7 7 -9 -10 -11 -12 -13
leaf_value=0.00072920318057144082 -0.019472297417700606 0.035354835523921532 -0.04174608594847587 0.033674827296897039 -0.0220692469919016 0.043474525591129791 0.0073195139973270401 -0.033893795846083312 0.0084799546439469405 -0.054522747159064702 0 0
leaf_weight=540.52358965575695 4.8232854455709475 8.81473156809807 7.8242181539535505 7.6355858445167533 23.025855422019958 8.3083658814430219 10.546279191970827 6.7901099324226371 5.4966229051351538 5.8904948681592932 5.0513398349285126 4.9831958711147308
leaf_count=2213 20 36 32 32 94 34 43 28 23 26 21 21
internal_value=0 0.000615609 -0.000282178 0.000261127 -0.000176725 0.0163339 0.00611924 -0.00791842 -0.018495 -0.0294545 -0.0253621 -0.0100564
internal_weight=639.714 618.52 584.061 571.185 563.549 34.4595 26.1511 17.3364 21.1936 15.697 12.8756 9.80648
internal_count=2623 2533 2392 2339 2307 141 107 71 90 67 53 41
is_linear=0
shrinkage=0.05


Tree=44
num_leaves=18
num_cat=0
split_feature=76 51 83 44 39 87 18 59 42 60 44 82 51 66 73 87 10
split_gain=2.99435 4.03437 7.34741 6.07566 5.94033 5.69726 5.53358 5.37917 7.25306 4.37364 3.8314 3.39799 3.37983 3.36167 2.35703 2.25778 0.335913
threshold=1.0000000180025095e-35 4.5500000000000007 1.3666666666666669 0.76717136666666697 11.450000000000001 0.19999999999999998 1.9654091666666667 1.8166666666666669 1.7909186666666668 13.316666666666668 0.52368193333333368 0.90000000000000013 3.2500000000000004 1.0371379500000002 0.83333333333333337 0.92500000000000004 1.8333333333333337
decision_type=2 2 2 2 2 2 2 2 2 2 2 2 2 2 2 2 2
left_child=11 2 12 4 10 13 -6 8 -5 -9 -3 -1 -2 -4 -13 -14 -16
right_child=1 3 5 7 6 -7 -8 9 -10 -11 -12 14 15 -15 16 -17 -18
leaf_value=0.010533058828695556 0.04437452307134343 -0.02169654504195705 -0.003193371944386052 0.00025648673596013501 0.039311383921570832 0.0069259811287256451 -0.012247804372840459 -0.060727133049869333 0.042329225375033697 -0.00085419751034855227 0.025681782847008477 0 0.011996781984950383 -0.046071227573956743 -0.018347863630704172 -0.025639204054830514 -0.053070655762967017
leaf_weight=6.3210591226816204 5.0496772825717953 11.564678668975832 7.5371710658073452 481.64271937310696 28.568096458911896 9.1254479736089689 5.2553682774305335 5.9275351166725141 10.001320287585257 7.5242603123188019 5.8658589571714392 5.6534764766693142 11.407314971089365 21.210745990276337 4.7819621264934522 5.4794586300849906 6.5738023072481155
leaf_count=26 21 48 31 1970 119 38 22 24 41 31 24 23 47 88 20 23 27
internal_value=0 0.000642983 -0.0115808 0.0020112 0.0183356 -0.0249976 0.0305102 0.00028876 0.00120529 -0.0302599 -0.00408662 -0.0174194 0.0105099 -0.035931 -0.0292391 0 -0.0419479
internal_weight=639.49 616.16 59.8098 556.35 51.254 37.8734 33.8235 505.096 491.644 13.4518 17.4305 23.3303 21.9365 28.7479 17.0092 16.8868 11.3558
internal_count=2623 2527 248 2279 213 157 141 2066 2011 55 72 96 91 119 70 70 47
is_linear=0
shrinkage=0.05


Tree=45
num_leaves=14
num_cat=0
split_feature=15 15 20 16 32 51 44 2 42 66 66 60 79
split_gain=2.93197 4.34904 6.03424 5.45596 5.15606 5.08131 4.98792 5.28825 8.00137 4.54552 5.63523 4.14208 1.72456
threshold=19.166666666666668 12.41666666666667 1.1334057500000003 2.8333333333333335 1.0883272000000002 4.7500000000000009 1.0842458666666668 16.500000000000004 0.98908546666666675 0.60896178000000012 0.90528445000000013 14.950000000000001 -0.58333333333333315
decision_type=2 2 2 2 2 2 2 2 2 2 2 2 2
left_child=1 6 4 -4 5 -3 7 8 -1 -8 -11 -9 -6
right_child=-2 2 3 -5 12 -7 9 11 -10 10 -12 -13 -14
leaf_value=-0.022284498808924445 -0.030568740189644644 -0.033306506864180491 0.0034401568513071725 -0.059293825675305847 0.0067313927038558782 0.012081108341732497 0.052408881469723757 -0.01911419369942725 -0.0023155691647020202 -0.015555693023222662 0.023042725841238287 0.01403003240276833 0.050890221068237262
leaf_weight=59.090511098504066 7.2649743258953086 6.0001795142889014 7.1235928386449796 5.1429588198661804 4.6808153241872779 74.416013017296791 6.3903331756591788 10.021477624773977 346.67615789175034 15.119849085807799 22.109871953725815 63.933660194277763 11.113478764891623
leaf_count=240 30 25 30 21 20 310 27 41 1412 62 92 264 49
internal_value=0 0.000342015 0.00946154 -0.022196 0.0138502 0.00820071 -0.00150776 -0.00302768 -0.00530896 0.0144862 0.006706 0.00910477 0.0399457
internal_weight=639.084 631.819 108.477 12.2666 96.2105 80.4162 523.342 479.722 405.767 43.6201 37.2297 73.9551 15.7943
internal_count=2623 2593 455 51 404 335 2138 1957 1652 181 154 305 69
is_linear=0
shrinkage=0.05


Tree=46
num_leaves=13
num_cat=0
split_feature=54 66 50 47 25 4 5 0 78 2 52 54
split_gain=2.98388 6.04589 3.88789 4.19772 3.4744 5.01572 5.26168 3.72693 2.26772 2.12916 1.97073 1.09808
threshold=0.95000000000000007 0.92639485000000021 19.450000000000003 0.90000000000000036 1.0000000180025095e-35 8.8333333333333339 16.166666666666668 2.8333333333333335 -0.33333333333333331 18.833333333333339 7.1500000000000012 1.7071428571428573
decision_type=2 2 2 2 2 2 2 2 2 2 2 2
left_child=1 -1 4 -4 11 6 -6 -7 -3 -5 -10 -2
right_child=2 8 3 9 5 7 -8 -9 10 -11 -12 -13
leaf_value=0.028373978964736826 0.0060172902966169426 0 -0.011741491423377735 0.0030698266960961745 0.001649802843327827 -0.010663882586003953 -0.020426430841373459 -0.058004212910420433 -0.019007577282884842 0.048592708751617662 -0.066204974684070481 0.045800329208928355
leaf_weight=4.6895770430564907 5.45546707510948 4.9252171069383683 5.4974177479743984 5.1292799562215796 523.70833733677864 28.225837498903275 27.899930208921432 5.058162882924079 7.9731423407792992 10.046107500791548 5.3595877587795258 4.7372992634773254
leaf_count=20 23 20 23 21 2146 117 115 21 33 42 22 20
internal_value=0 -0.0175374 0.000634535 0.0216942 -7.26829e-05 -0.000630337 0.000470435 -0.0193502 -0.0311046 0.0353895 -0.0414949 0.0281224
internal_weight=638.705 22.9475 615.758 20.6728 595.085 584.892 551.608 33.284 18.2579 15.1754 13.3327 10.1928
internal_count=2623 95 2528 86 2442 2399 2261 138 75 63 55 43
is_linear=0
shrinkage=0.05


Tree=47
num_leaves=15
num_cat=0
split_feature=27 2 68 47 8 44 56 64 52 41 85 70 70 47
split_gain=2.84744 5.47622 4.00072 5.12082 4.32032 6.0476 5.78658 5.45517 5.33249 7.34924 3.83054 2.15394 1.48339 0.704292
threshold=9.1000000000000014 18.833333333333339 1.3765403500000006 1.0750000000000004 1.0589200000000003 0.30655246666666675 1.0168860000000002 1.7388888888888892 5.5500000000000007 2.4145810000000005 2.1000000000000005 1.8166666666666671 1.3500000000000003 1.9000000000000006
decision_type=2 2 2 2 2 2 2 2 2 2 2 2 2 2
left_child=2 -2 4 11 8 7 -7 -6 10 -10 -1 -4 -3 -5
right_child=1 12 3 13 5 6 -8 -9 9 -11 -12 -13 -14 -15
leaf_value=0.015778600216440425 -0.058308641459355708 0.020491318185858448 0.014402941493462721 0.053083523840268099 -0.013391181313863732 0.030796091294321423 -0.00044246287275234979 0.040821827374195457 -0.02061390474208363 0.025949007574832279 -0.019507917815366399 -0.02798545412185361 -0.015522949855617 0.016888435050285238
leaf_weight=29.173396989703178 5.572823464870452 4.8490143567323667 5.6850062757730502 7.6142929494380933 5.1980655193328884 14.81236784160137 437.04663598537445 17.068796068429947 77.450145989656448 8.6266607046127302 9.4324125945568067 4.8940319716930389 5.5692330896854401 5.4625841677188873
leaf_count=121 23 20 24 32 22 62 1786 73 319 36 39 20 23 23
internal_value=0 -0.0205385 0.000510184 0.0204737 -0.000253185 0.00188327 0.000559208 0.0270519 -0.00855219 -0.0155357 0.00637869 -0.0033281 0 0.0409839
internal_weight=638.455 15.9911 622.464 23.6559 598.808 474.126 451.859 22.2669 124.683 86.0768 38.6058 10.579 10.4182 13.0769
internal_count=2623 66 2557 99 2458 1943 1848 95 515 355 160 44 43 55
is_linear=0
shrinkage=0.05


Tree=48
num_leaves=11
num_cat=0
split_feature=53 86 54 76 62 73 66 84 53 77
split_gain=2.81229 2.89424 3.42068 4.81612 3.82601 3.55102 3.42203 2.6598 2.76623 1.59511
threshold=16.550000000000004 2.9000000000000008 0.8500000000000002 2.8333333333333335 4.9500000000000011 2.5833333333333335 1.0224944500000002 2.1000000000000005 11.450000000000001 1.1666666666666667
decision_type=2 2 2 2 2 2 2 2 2 2
left_child=1 2 6 4 -4 -5 -1 -3 -9 -8
right_child=-2 7 3 5 -6 -7 9 8 -10 -11
leaf_value=0.012903842342212766 -0.032581253404524883 -0.044626582502833294 -0.010569226274978758 0.029636477554580622 0.0021224013755739356 -0.0057555463813478936 -0.054560022879109937 -0.03115178916612012 0.010847006985751632 -0.013798861679764249
leaf_weight=4.7109912484884289 6.065276935696601 6.0821653902530697 66.788811564445496 24.747822418808937 492.23915706574917 8.1439793854951841 5.3112621158361426 5.6900230944156638 9.2996514737606031 8.9847929179668409
leaf_count=20 25 26 273 102 2021 33 22 25 39 37
internal_value=0 0.000311672 0.000985245 0.00170167 0.000553323 0.0201698 -0.019516 -0.0176282 -0.00397254 -0.0319641
internal_weight=638.064 631.999 610.927 591.92 559.028 32.8918 19.007 21.0718 14.9897 14.2961
internal_count=2623 2598 2508 2429 2294 135 79 90 64 59
is_linear=0
shrinkage=0.05


Tree=49
num_leaves=24
num_cat=0
split_feature=64 47 62 38 18 39 44 41 68 48 7 7 7 59 42 87 78 58 70 39 61 15 8
split_gain=2.80461 6.19829 6.69285 4.84937 4.58616 7.49012 4.38104 7.02348 8.05178 6.05592 5.38396 13.0272 5.66632 5.14803 5.63872 4.86371 3.11533 2.94023 2.79233 1.79888 1.64658 1.12618 0.419608
threshold=1.2500000000000002 2.1000000000000005 6.3375000000000012 6.9000000000000012 0.82728850000000009 10.450000000000001 0.30655246666666675 1.4399816333333335 0.098980199999999671 1.2750000000000001 1.4240416666666669 1.1410950000000002 1.0188662500000003 1.7250000000000003 1.7494585 -0.16666666666666649 -0.33333333333333331 1.7250000000000003 1.1166666666666669 9.9000000000000021 5.5500000000000007 10.41666666666667 1.0465195000000003
decision_type=2 2 2 2 2 2 2 2 2 2 2 2 2 2 2 2 2 2 2 2 2 2 2
left_child=1 2 4 21 20 -6 7 9 16 -2 11 12 -8 14 -12 -13 -9 -15 -5 -3 -1 -4 -10
right_child=6 19 3 18 5 -7 10 8 22 -11 13 15 -14 17 -16 -17 -18 -19 -20 -21 -22 -23 -24
leaf_value=0.043250903110361609 -0.049987422113750984 0 0.071719813522191866 0 -0.054620775070312912 0.0097471501842242951 -0.012428834730408171 -0.028560723361137186 0.030184631148736055 0.01324109864770682 -0.00045382066902066018 -0.010137718419980988 0.032214109930377967 -0.037589626113571098 0.033369857181437756 -0.062114130171631345 0.025906903202844639 0 0.037893714925964328 -0.044868196796438678 0 0.024192371547858846 0.071822827814640625
leaf_weight=4.8862517476081866 5.5119940787553778 4.755284056067465 7.3396371603012103 11.589271366596224 7.3280334025621441 9.2275735139846784 17.146114796400074 4.7606916129589081 4.8349779844284075 8.8991000056266767 449.98896925151348 8.4756419211626071 11.0794111341238 13.900423794984819 12.148074775934218 14.90869118273258 4.7104718983173353 7.5582275241613379 6.7316086143255225 5.002436026930809 4.8676430732011795 4.6949201971292496 7.4698326289653778
leaf_count=20 23 20 31 50 30 38 71 20 20 37 1840 35 46 57 50 61 20 31 29 21 20 20 33
internal_value=0 0.00964786 0.0162768 0.0321182 -0.00132643 -0.0180443 -0.00116958 0.0154583 0.0333628 -0.0101314 -0.00235389 -0.0176433 0.00448033 -0.000654005 0.000416359 -0.0449286 0 -0.0243286 0.0134471 -0.0253273 0.0241075 0.0568775 0.0592317
internal_weight=637.815 66.4227 56.6649 30.3554 26.3095 16.5556 571.393 36.1871 21.776 14.4111 535.206 51.6099 28.2255 483.596 462.137 23.3843 9.47116 21.4587 18.3209 9.75772 9.75389 12.0346 12.3048
internal_count=2623 279 238 130 108 68 2344 153 93 60 2191 213 117 1978 1890 96 40 88 79 41 40 51 53
is_linear=0
shrinkage=0.05


Tree=50
num_leaves=11
num_cat=0
split_feature=49 52 8 7 56 75 56 31 56 24
split_gain=2.72571 3.55108 3.68241 5.47537 7.58905 4.69717 4.54798 3.80798 2.35996 1.59735
threshold=2.1500000000000008 3.4500000000000006 1.7557045000000002 1.4751222500000003 1.5852250000000003 1.1666666666666667 1.4852526500000003 1.5484799000000002 1.3322635 1.4500000000000002
decision_type=2 2 2 2 2 2 2 2 2 2
left_child=1 9 3 4 -3 -5 8 -8 -4 -1
right_child=-2 2 6 5 -6 -7 7 -9 -10 -11
leaf_value=0.0033147774327160363 -0.031113561624647353 -0.019685674820715374 0.01309266219092454 -0.0055593314359638126 0.038508253196381709 0.0042687394062557267 0.02453488204994185 -0.020600291027632348 0.061850313347367847 0.049472062941453711
leaf_weight=5.0524843186140043 6.473977878689765 62.24078656733036 7.3697890341281909 190.35859496891499 5.4313163608312598 331.83491399884224 8.030799403786661 9.8323033601045591 5.8984749317169189 4.7556635290384293
leaf_count=21 30 259 31 778 23 1362 34 40 25 20
internal_value=0 0.000316117 -0.000126867 -0.00105712 -0.0144002 0.000636329 0.0164469 0 0.0380429 0.0294344
internal_weight=637.279 630.805 620.997 589.866 67.6721 522.194 31.1314 17.8631 13.2683 9.80815
internal_count=2623 2593 2552 2422 282 2140 130 74 56 41
is_linear=0
shrinkage=0.05


Tree=51
num_leaves=12
num_cat=0
split_feature=15 15 20 16 40 59 65 32 36 44 72
split_gain=2.62965 3.86524 5.404 4.93034 4.54805 5.28904 4.9844 4.51773 4.86323 3.55012 2.39802
threshold=19.166666666666668 12.41666666666667 1.1334057500000003 2.8333333333333335 3.1000000000000005 1.7250000000000003 1.60425755 1.0883272000000002 10.550000000000002 1.0842458666666668 0.83333333333333337
decision_type=2 2 2 2 2 2 2 2 2 2 2
left_child=1 4 7 -4 5 9 -7 8 -3 -1 -9
right_child=-2 2 3 -5 -6 6 -8 10 -10 -11 -12
leaf_value=-0.0023905704142604244 -0.028954379104438058 -0.020532306265136181 0.0032269305136289686 -0.056464604998210877 0.031942130715280119 -0.057481405611710792 -0.0021267102977883656 0.00019100323812173625 0.013176624645088932 0.0128170406106253 0.049877949151416918
leaf_weight=453.44412010908127 7.2543480396270743 11.715668603777884 7.0780736654996854 5.1040831059217453 9.4430881440639478 7.7703444063663509 10.060966610908507 4.3805312514305106 68.438330054283142 41.142540529370308 11.128386110067366
leaf_count=1853 30 48 30 21 39 32 42 19 287 172 50
internal_value=0 0.000340862 0.00896684 -0.0210515 -0.00140075 -0.00209449 -0.0285223 0.0131391 0.00784287 -0.00106335 0.0378497
internal_weight=636.96 629.706 107.845 12.1822 521.861 512.418 17.8313 95.6629 80.154 494.587 15.5089
internal_count=2623 2593 455 51 2138 2099 74 404 335 2025 69
is_linear=0
shrinkage=0.05


Tree=52
num_leaves=15
num_cat=0
split_feature=17 17 86 64 65 65 23 12 79 71 78 84 76 75
split_gain=2.71453 5.79886 6.01483 5.93416 5.46597 7.76304 4.78233 4.76025 3.97712 3.68009 3.67184 2.43343 1.02368 0.709445
threshold=2.8140483333333335 2.2813291666666671 -1.2249999999999999 1.9500000000000002 2.6372160000000004 2.2972888 1.4166666666666672 15.500000000000002 -1.2499999999999998 2.1375000000000006 0.50000000000000022 1.3666666666666669 0.83333333333333337 1.8333333333333337
decision_type=2 2 2 2 2 2 2 2 2 2 2 2 2 2
left_child=1 4 12 10 5 7 8 -1 -2 -8 -4 -7 -3 -10
right_child=6 2 3 -5 -6 11 9 -9 13 -11 -12 -13 -14 -15
leaf_value=-0.0024407049662829704 0 0.021678178117873773 0 -0.034306106681873026 0.048705559665764127 -0.059185312662844894 0.026395102550581043 0.0098395929622727054 -0.024838251533618683 -0.02317833301964942 0.040711442510563682 -0.0073374152567997203 0.059417923789103211 -0.070420381564116327
leaf_weight=448.42628037929535 5.9847310483455649 7.2172070741653425 15.429388895630842 6.8360695987939826 5.0304712355136862 6.9034322649240476 8.5305371135473234 95.11647342145443 4.8052068501710909 5.5817463397979727 9.126863479614256 5.2728565335273743 7.4198694825172424 4.8476689755916595
leaf_count=1835 25 30 64 28 21 28 36 402 20 23 38 22 31 20
internal_value=0 0.00071173 0.0176932 0.00424486 -0.000652182 -0.00118731 -0.0146346 -0.000238712 -0.033468 0.00495454 0.016445 -0.0398802 0.0437916 -0.0525326
internal_weight=636.529 606.779 46.0294 31.3923 560.75 555.719 29.7499 543.543 15.6376 14.1123 24.5563 12.1763 14.6371 9.65288
internal_count=2623 2499 191 130 2308 2287 124 2237 65 59 102 50 61 40
is_linear=0
shrinkage=0.05


Tree=53
num_leaves=17
num_cat=0
split_feature=5 77 77 4 29 53 70 87 2 4 53 64 53 51 59 2
split_gain=2.55403 3.66024 4.23026 3.71629 3.38645 6.43221 8.09226 4.44071 4.69029 4.53874 6.00285 5.03817 4.26801 3.85064 3.63245 0.814208
threshold=16.500000000000004 2.166666666666667 0.83333333333333337 5.166666666666667 14.225000000000001 15.612500000000002 0.95000000000000007 1.4833333333333336 14.16666666666667 4.166666666666667 13.550000000000002 1.2500000000000002 13.550000000000002 7.4500000000000011 1.1214285714285717 11.500000000000002
decision_type=2 2 2 2 2 2 2 2 2 2 2 2 2 2 2 2
left_child=4 2 -2 -4 7 6 14 9 15 10 -1 -11 -8 -10 -6 -9
right_child=1 -3 3 -5 5 -7 12 8 13 11 -12 -13 -14 -15 -16 -17
leaf_value=0.019246939192136221 0.0057402451486398311 0.013069879552110884 -0.061922326726006338 -0.0058827984365745446 -0.032666007900922091 -0.032280583662455391 0.005969153818477191 -0.018295515481892784 0.0030548439187524142 0.01415078533245483 -0.028875709168911419 -0.0025592221926217136 0.061369327997716064 -0.044565843736101937 0.019626899977140146 -0.062728994657170495
leaf_weight=55.272033631801605 6.0163774639368119 7.2174546718597403 8.2014512866735441 6.2955584824085227 6.1912889778614062 5.1203555166721335 6.3512465506792095 4.4750877022743207 21.952141344547275 49.788382470607758 6.5065738558769217 424.92917568981647 12.551813989877699 4.5673347264528266 5.653515413403511 5.1345785409212112
leaf_count=230 25 30 34 26 26 21 26 20 91 210 27 1739 52 20 24 22
internal_value=0 -0.0147186 -0.0257638 -0.0402608 0.000664873 0.0154708 0.024612 -0.000231611 -0.0171098 0.000873327 0.0135861 -0.000741024 0.0446773 -0.00489433 -0.00589748 -0.0464381
internal_weight=636.224 27.7308 20.5134 14.497 608.494 35.8682 30.7479 572.625 36.1291 536.496 61.7786 474.718 18.9031 26.5195 11.8448 9.60967
internal_count=2623 115 85 60 2508 149 128 2359 153 2206 257 1949 78 111 50 42
is_linear=0
shrinkage=0.05


Tree=54
num_leaves=14
num_cat=0
split_feature=17 17 86 0 18 65 65 61 23 74 52 24 76
split_gain=2.53526 5.29918 5.58115 5.33602 5.32118 4.981 7.13492 4.47418 4.30445 4.48383 3.77214 1.54333 0.893018
threshold=2.8140483333333335 2.2813291666666671 -1.2249999999999999 1.8333333333333337 1.1888323333333335 2.6372160000000004 2.2972888 6.7500000000000009 1.4166666666666672 0.83333333333333337 6.3500000000000005 2.1000000000000005 0.83333333333333337
decision_type=2 2 2 2 2 2 2 2 2 2 2 2 2
left_child=1 5 12 -4 -5 6 7 -1 9 -2 -10 -8 -3
right_child=8 2 3 4 -6 -7 11 -9 10 -11 -12 -13 -14
leaf_value=-0.0018240751260376897 0.0012450592858881707 0.020944973232133283 0.039814848158374647 -0.025758495039512011 0.021251870537636511 0.046688359178036473 -0.014317814154778924 0.012910084368492404 0.026155477913979364 -0.050541696724546219 -0.024187149284938578 -0.058323676745847569 0.057160365272790926
leaf_weight=486.04309803247452 5.2800156474113491 7.1983657628297788 7.5036073029041317 14.815755769610407 9.0073151588439924 4.9850990474224082 6.5216189324855787 57.055800125002861 8.5066090375184995 10.359152778983114 5.5659052282571784 5.6563981026411057 7.3415204286575317
leaf_count=1995 22 30 32 61 37 21 27 242 36 43 23 23 31
internal_value=0 0.000680346 0.0169447 0.00396522 -0.00688493 -0.000620493 -0.00113182 -0.000219723 -0.0141597 -0.0320118 0.00438189 -0.0382235 0.0421856
internal_weight=635.84 606.129 45.8666 31.3267 23.8231 560.262 555.277 543.099 29.7117 15.6392 14.0725 12.178 14.5399
internal_count=2623 2499 191 130 98 2308 2287 2237 124 65 59 50 61
is_linear=0
shrinkage=0.05


Tree=55
num_leaves=12
num_cat=0
split_feature=49 27 2 51 51 41 3 85 8 27 55
split_gain=2.52954 3.23057 4.54608 4.14252 4.83969 4.75824 4.51338 4.64972 4.61027 3.2584 0.727719
threshold=2.1500000000000008 9.1000000000000014 18.833333333333339 6.8166666666666673 7.8500000000000005 1.8221903666666668 8.1666666666666696 1.5500000000000003 1.1469450000000003 7.4500000000000011 2.0197447000000004
decision_type=2 2 2 2 2 2 2 2 2 2 2
left_child=1 3 -3 6 5 -5 8 -8 -1 -6 -4
right_child=-2 2 10 4 9 -7 7 -9 -10 -11 -12
leaf_value=-0.0019457229569335753 -0.030133238292590861 -0.056155820093665765 0.011132749029769301 -0.0095749096798353438 -0.029870464573310732 0.029440442183658263 0.0002130419104129362 -0.048593181813846836 0.0098289789065700017 0.0080004332840344587 -0.014337560447551646
leaf_weight=425.63888956606388 6.3962068706750861 5.5151611864566794 5.2728730440139753 8.4485789090394956 8.4797609001398104 37.777247548103333 7.793417856097224 9.2341562211513502 102.59953410923481 13.519713357090948 4.869664192199707
leaf_count=1742 30 23 22 35 35 158 32 38 432 56 20
internal_value=0 0.000313847 -0.0216928 0.000933433 0.0125158 0.0217485 -0.000480118 -0.0254597 0.000301122 -0.00582528 0
internal_weight=635.545 629.149 15.6577 613.491 68.2253 46.2258 545.266 17.0276 528.238 21.9995 10.1425
internal_count=2623 2593 65 2528 284 193 2244 70 2174 91 42
is_linear=0
shrinkage=0.05


Tree=56
num_leaves=14
num_cat=0
split_feature=54 66 2 31 51 83 71 5 83 30 29 71 27
split_gain=2.54933 5.00859 3.66945 3.39013 2.91031 4.63901 7.83982 5.36905 4.16989 5.03184 3.7186 2.07266 1.57027
threshold=0.95000000000000007 0.92639485000000021 24.166666666666668 1.9863656666666669 4.5500000000000007 1.1000000000000003 1.7500000000000002 10.833333333333334 1.3666666666666669 2.1000000000000005 12.550000000000002 1.1500000000000001 6.4500000000000011
decision_type=2 2 2 2 2 2 2 2 2 2 2 2 2
left_child=1 -1 4 -4 8 6 -6 -7 10 -10 -2 12 -3
right_child=2 11 3 -5 5 7 -8 -9 9 -11 -12 -13 -14
leaf_value=0.025658996371963408 -0.012256676123818316 -0.027672766370792384 0.057873503654152662 0.00087585582068169408 -0.0079265062065863052 0.018941920882361424 0.042599674779053465 0.0017908454550463284 -0.0036300021142154897 -0.042052051475310319 0.028341273789991031 -0.053943769603695985 0.0044878015547135698
leaf_weight=4.6013496071100262 10.734200820326807 7.4632891267538088 4.8317034989595395 6.9907844513654709 165.76817099750042 53.890792027115822 7.4360617250204077 315.39469526708126 21.8769511282444 15.531747579574583 10.066029667854307 5.762129768729209 4.8858059942722321
leaf_count=20 45 31 20 29 679 225 32 1299 92 65 42 24 20
internal_value=0 -0.0162887 0.000591533 0.027602 0 0.00118075 -0.005497 0.00438358 -0.0105373 -0.0205862 0.00642062 -0.0286923 -0.0133236
internal_weight=635.234 22.7126 612.521 11.8225 600.699 542.49 173.204 369.285 58.2089 37.4087 20.8002 18.1112 12.3491
internal_count=2623 95 2528 49 2479 2235 711 1524 244 157 87 75 51
is_linear=0
shrinkage=0.05


Tree=57
num_leaves=13
num_cat=0
split_feature=30 6 25 5 49 48 45 3 24 24 12 55
split_gain=2.48975 3.74376 4.28665 4.56301 4.56422 3.33398 4.15979 3.30698 3.33294 6.01345 3.08996 2.6318
threshold=0.90000000000000013 0.83333333333333337 1.0000000180025095e-35 16.500000000000004 0.41428571428571431 2.1500000000000008 0.36666666666666636 4.416666666666667 2.1000000000000005 2.7000000000000006 14.16666666666667 1.7828268000000003
decision_type=2 2 2 2 2 2 2 2 2 2 2 2
left_child=7 5 -3 4 -4 11 -7 -1 -9 -10 -5 -2
right_child=1 2 3 10 -6 6 -8 8 9 -11 -12 -13
leaf_value=-0.044986471332486781 0.0055558177139768492 0.032949858670382512 -0.022616874670109775 0.006144206033145725 0.0012200783918746472 -0.02473960129098858 0.031023472789023468 0.01767041564422954 -0.05633852447147604 0.0046476563730877985 -0.031038243497504298 0.061413076051695818
leaf_weight=6.331065475940707 4.9067748785018939 9.1425418853759748 20.350555986166 6.1489440053701427 526.16437588632107 6.4536335915327054 5.8832627087831497 9.2965128570795077 5.9531218856573096 8.9201721400022489 19.318312287330627 5.9676404297351837
leaf_count=27 21 39 85 26 2167 27 25 39 25 37 80 25
internal_value=0 0.000690571 -6.1131e-05 -0.000660764 0.000266898 0.0201692 7.7967e-05 -0.0138375 -0.00391852 -0.0191747 -0.0211525 0.0397591
internal_weight=634.837 604.336 581.125 571.982 546.515 23.2113 12.3369 30.5009 24.1698 14.8733 25.4673 10.8744
internal_count=2623 2495 2397 2358 2252 98 52 128 101 62 106 46
is_linear=0
shrinkage=0.05


Tree=58
num_leaves=16
num_cat=0
split_feature=76 39 44 63 60 63 86 50 44 51 77 6 63 78 78
split_gain=2.40645 3.16271 7.2385 6.04872 4.78904 4.93743 4.43789 4.37392 5.48067 4.43936 4.08695 3.5098 2.95145 2.54932 2.98937
threshold=1.0000000180025095e-35 12.450000000000001 1.387765066666667 14.15 13.316666666666668 12.828571428571431 0.17499999999999979 19.450000000000003 1.3618380999999999 7.6500000000000012 2.166666666666667 1.5000000000000002 10.850000000000003 -2.4166666666666665 -0.9166666666666663
decision_type=2 2 2 2 2 2 2 2 2 2 2 2 2 2 2
left_child=12 4 3 6 5 10 -3 8 -6 -9 -2 -5 -1 -14 -15
right_child=1 2 -4 11 7 -7 -8 9 -10 -11 -12 -13 13 14 -16
leaf_value=0.01345973176115867 -0.032142309163076921 0.011794226174859252 -0.037143176641207469 0.026197739446448542 -0.0018955972757236554 0.025824243131617925 0.041991635227780016 0.047564052242625943 0.024300975065964282 0 0.0069960921463640266 -0.010743783126673827 -0.055261231627491247 0.0080261078803305474 -0.037395216185036655
leaf_weight=5.2294223457574871 29.557481467723846 44.032829865813255 7.399221956729888 7.3592617064714423 420.65028305351734 4.885725423693656 19.04245825111866 9.197565898299219 20.409178555011749 10.135406136512755 7.1118348240852347 31.673130214214325 5.0938170254230544 7.2335817217826879 5.5128131061792303
leaf_count=22 121 187 31 31 1726 20 82 39 87 42 29 132 21 30 23
internal_value=0 0.000592149 0.00829658 0.011998 -0.00104551 -0.0172103 0.0215626 0.000376375 -0.000600639 0.0233796 -0.023887 -0.00290309 -0.015689 -0.0257304 -0.0104013
internal_weight=634.524 611.454 109.507 102.108 501.947 41.555 63.0753 460.392 441.059 19.333 36.6693 39.0324 23.0696 17.8402 12.7464
internal_count=2623 2527 463 432 2064 170 269 1894 1813 81 150 163 96 74 53
is_linear=0
shrinkage=0.05


Tree=59
num_leaves=15
num_cat=0
split_feature=53 8 64 21 44 56 79 46 15 46 52 34 16 35
split_gain=2.37783 2.52921 6.52041 5.89992 5.64958 6.26699 8.44177 5.38152 5.28213 4.48182 4.28657 3.72006 3.17242 2.30057
threshold=16.550000000000004 1.0589200000000003 2.0500000000000003 1.6666666666666667 0.30655246666666675 1.0238186000000002 0.83333333333333348 0.30000000000000004 11.16666666666667 2.5000000000000004 5.7250000000000005 1.2666666666666668 3.166666666666667 1.4500000000000002
decision_type=2 2 2 2 2 2 2 2 2 2 2 2 2 2
left_child=1 2 3 10 8 6 -6 -4 -3 -7 -1 -10 -9 -5
right_child=-2 4 7 13 5 9 -8 12 11 -11 -12 -13 -14 -15
leaf_value=0.0083329438374802802 -0.030086560003599029 -0.0085206824253965998 0.008871907412060032 0.040939309819291843 0.051409339113305398 0.00035000403824080517 -0.012148627745049446 -0.063208982627192115 0 -0.032326195125237607 -0.012656523819095756 0.057463181250752143 -0.0087702193053005393 0
leaf_weight=35.529695302248001 6.0013147294521323 6.1839256435632732 5.0053900480270412 10.029274746775625 13.069172933697702 436.00584800541401 7.3566538244485846 9.7737656384706479 4.3804123252630225 10.232355281710623 69.145681396126747 10.969431340694426 5.4500964134931555 4.9052164107561103
leaf_count=148 25 26 21 42 56 1791 31 41 19 43 287 49 23 21
internal_value=0 0.000307855 -0.00556138 -0.000855418 0.00204416 0.000819792 0.02758 -0.0314886 0.0268224 -0.00037865 -0.00528868 0.0424579 -0.0462086 0.0277621
internal_weight=634.038 628.037 139.839 119.61 488.198 466.664 20.4258 20.2293 21.5338 446.238 104.675 15.3498 15.2239 14.9345
internal_count=2623 2598 583 498 2015 1921 87 85 94 1834 435 68 64 63
is_linear=0
shrinkage=0.05


Tree=60
num_leaves=13
num_cat=0
split_feature=87 87 84 14 38 86 86 12 12 65 86 59
split_gain=2.45344 4.68383 4.12527 4.12901 4.00865 4.34517 3.72029 3.5702 4.11168 2.57988 1.77863 0.911715
threshold=-1.7749999999999997 -1.3666666666666665 1.5500000000000003 6.166666666666667 5.3000000000000016 -2.9749999999999996 -2.9749999999999996 24.333333333333339 17.166666666666668 1.9819146000000003 -1.7416666666666665 0.95000000000000007
decision_type=2 2 2 2 2 2 2 2 2 2 2 2
left_child=4 2 3 10 -1 9 -3 8 -8 -6 -2 -7
right_child=1 6 -4 -5 5 11 7 -9 -10 -11 -12 -13
leaf_value=-0.018151615288508987 -0.023917795794097509 0.03456076289155835 0.019373205198308097 0.0023304038601202038 -0.019213355897137494 0.064793704054138201 -0.0012125123983309691 -0.031878526284986893 0.011755190881275392 0.027237139816688134 -0.062188454004384469 0.024069235722861123
leaf_weight=6.3680685907602337 15.759816914796831 7.3430892378091803 5.0326102524995795 7.8590471446514121 6.3730584532022512 4.7678727507591212 484.2211247086525 8.2097769975662214 69.29404453933239 4.7738860845565796 6.1175924539566067 7.4803359508514404
leaf_count=26 65 30 21 33 27 20 1994 34 297 20 25 31
internal_value=0 -0.000699365 -0.0183949 -0.0258283 0.0138891 0.0238541 0.00035311 -7.99376e-05 0.000374921 0 -0.0368871 0.0438027
internal_weight=633.6 603.837 34.7691 29.7365 29.7632 23.3952 569.068 561.725 553.515 11.1469 21.8774 12.2482
internal_count=2623 2499 144 123 124 98 2355 2325 2291 47 90 51
is_linear=0
shrinkage=0.05


Tree=61
num_leaves=15
num_cat=0
split_feature=17 17 86 64 3 27 47 74 8 11 71 53 66 82
split_gain=2.34861 4.6298 5.12811 5.05656 4.36096 5.16028 3.78605 4.43902 3.52891 2.74256 2.68541 2.13002 0.953147 0.853199
threshold=2.8140483333333335 2.2813291666666671 -1.2249999999999999 1.9500000000000002 10.16666666666667 9.1000000000000014 1.2 0.83333333333333337 1.0542392500000004 0.50000000000000011 2.1375000000000006 10.535714285714286 1.0486402500000003 0.90000000000000013
decision_type=2 2 2 2 2 2 2 2 2 2 2 2 2 2
left_child=1 4 13 9 5 8 7 -2 -1 -4 12 -6 -8 -3
right_child=6 2 3 -5 11 -7 10 -9 -10 -11 -12 -13 -14 -15
leaf_value=-0.0085128916613859667 0.00076088909914519309 0.053163476064412789 -0.01154535639632407 -0.032087986614181115 0.050385201466281088 -0.039583827782184861 0.034924118140439803 -0.051885522429056731 0.0014612490628710863 0.02461971496704933 -0.022150202397929093 0.00086869508735314994 0 0.017477997187584162
leaf_weight=110.82484410703182 5.2613103240728405 8.0585220754146558 5.8340675085783067 6.8135078251361838 5.6377560347318632 8.1413198262453061 4.6068442910909635 9.1802714914083463 428.68158343434334 18.475131377577782 5.5336884111165991 5.0680466890335083 4.9497785121202469 6.3040976524353018
leaf_count=462 22 34 25 28 24 34 20 38 1767 77 23 21 21 27
internal_value=0 0.000678026 0.015946 0.0034582 -0.00053417 -0.00120882 -0.0136477 -0.0316487 -0.000547318 0.0148749 0.00243852 0.0302601 0.0195557 0.0402973
internal_weight=633.371 603.839 45.4853 31.1227 558.354 547.648 29.5319 14.4416 539.506 24.3092 15.0903 10.7058 9.55662 14.3626
internal_count=2623 2499 191 130 2308 2263 124 60 2229 102 64 45 41 61
is_linear=0
shrinkage=0.05


Tree=62
num_leaves=13
num_cat=0
split_feature=76 39 76 0 87 29 22 45 48 45 73 78
split_gain=2.33482 5.81619 4.60926 5.13081 3.51807 4.34388 3.50008 5.08688 3.69528 2.6914 1.84083 1.31333
threshold=2.8333333333333335 11.450000000000001 3.8333333333333335 2.166666666666667 1.6333333333333335 12.450000000000001 -1.1666666666666663 2.9000000000000008 3.0500000000000003 0.60000000000000053 0.83333333333333337 1.5833333333333333
decision_type=2 2 2 2 2 2 2 2 2 2 2 2
left_child=4 -2 3 11 6 10 9 8 -8 -1 -6 -3
right_child=1 2 -4 -5 5 -7 7 -9 -10 -11 -12 -13
leaf_value=0 -0.034282118215215686 0.057405555575578748 -0.014204376574781736 -0.0026136174695278948 -0.014656800237834784 0.0106816316020796 0.0007906072349011166 0.042004671821248729 -0.019295819032354129 -0.053102530017772015 -0.057258970477972265 0.024153207686150733
leaf_weight=4.9627966284751874 5.233993172645568 9.1951877325773292 7.1563197076320639 8.3848722875118238 8.3262118101120013 6.2093001008033744 530.17111052572727 6.7776330411434165 23.422501817345619 4.945257157087326 6.2043326050043097 12.067406848073004
leaf_count=21 22 38 30 36 36 26 2191 29 97 21 26 50
internal_value=0 0.0113206 0.0188486 0.0277595 -0.000807378 -0.0207902 -1.92691e-05 0.000470059 -3.07743e-05 -0.0287894 -0.0358102 0.0406707
internal_weight=633.057 42.0378 36.8038 29.6475 591.019 20.7398 570.279 560.371 553.594 9.90805 14.5305 21.2626
internal_count=2623 176 154 124 2447 88 2359 2317 2288 42 62 88
is_linear=0
shrinkage=0.05


Tree=63
num_leaves=11
num_cat=0
split_feature=49 71 37 70 45 53 8 11 82 81
split_gain=2.27931 3.2284 3.94404 2.79118 9.4656 6.4681 3.64262 4.36854 2.73651 2.28096
threshold=2.1500000000000008 -0.29999999999999988 4.6333333333333337 0.19999999999999998 0.3999999999999998 12.350000000000003 1.9528640000000002 1.8333333333333337 1.5500000000000003 1.2916666666666667
decision_type=2 2 2 2 2 2 2 2 2 2
left_child=1 2 -1 4 5 -3 7 -5 -8 -6
right_child=-2 3 -4 6 9 -7 8 -9 -10 -11
leaf_value=-0.00019067065557074473 -0.028799208910127685 0.027700808989850629 0.055898313166775973 -0.0011734954410686468 -0.020159099675446251 -0.024309522933879568 0.0010033814702483793 0.016240891088200295 0.043717213687926068 -0.064345654514599254
leaf_weight=5.0062129497528058 6.2972617745399466 14.688025027513506 5.2550308257341385 520.40679728984833 9.9895434975624102 9.0252697020769101 9.0219940841197985 38.185739412903786 8.0021050572395307 6.9067949354648581
leaf_count=21 30 63 24 2145 42 38 38 160 33 29
internal_value=0 0.000311026 0.0274733 -0.000122643 -0.0127437 0.00677999 0.000734663 0 0.0231819 -0.0409888
internal_weight=632.785 626.488 10.2612 616.226 40.6096 23.7133 575.617 558.593 17.0241 16.8963
internal_count=2623 2593 45 2548 172 101 2376 2305 71 71
is_linear=0
shrinkage=0.05


Tree=64
num_leaves=13
num_cat=0
split_feature=15 15 8 31 30 14 87 59 65 66 7 86
split_gain=2.27435 3.36715 4.62172 4.18243 6.39732 3.43422 5.74579 4.4598 5.16253 3.97717 1.49141 0.277281
threshold=19.166666666666668 12.41666666666667 0.57883700000000016 1.7946678333333332 1.1000000000000003 2.8333333333333335 -0.65833333333333321 1.7250000000000003 1.5874701000000002 1.5426039000000002 1.1064945000000002 -1.0000000180025095e-35
decision_type=2 2 2 2 2 2 2 2 2 2 2 2
left_child=1 5 -3 10 -5 6 -1 9 -9 -7 -4 -8
right_child=-2 2 3 4 -6 7 11 8 -10 -11 -12 -13
leaf_value=-0.016461055675757199 -0.027002087032402169 -0.025309449326738859 0.003843099584034765 -0.032992883740087048 0.011683229019713805 -0.0020487228779075442 0.021010400697103471 -0.057815026686876415 -0.0012744636416703843 0.020977683790665905 0.045489559114040921 0.058185280261109876
leaf_weight=5.1498774141073218 7.2050087898969641 8.390537500381468 4.4746024310588828 8.2726837843656522 74.373084589838982 467.15356540679932 4.7222848683595648 7.1536134332418468 10.622348755598066 18.924125105142593 11.007149592041968 4.9829633235931388
leaf_count=21 30 36 20 35 313 1922 20 30 45 79 51 21
internal_value=0 0.000329761 0.00843672 0.0116894 0.00673905 -0.00129339 0.0218655 -0.00204675 -0.0263553 -0.00108024 0.0355138 0.0444624
internal_weight=632.432 625.227 106.518 98.1275 82.6458 518.709 14.8551 503.854 17.776 486.078 15.4818 9.70525
internal_count=2623 2593 455 419 348 2138 62 2076 75 2001 71 41
is_linear=0
shrinkage=0.05


Tree=65
num_leaves=14
num_cat=0
split_feature=30 6 25 5 60 60 3 48 45 4 74 55 27
split_gain=2.1595 3.18029 3.9096 4.02753 4.71799 4.41755 3.1716 3.06829 3.58741 2.73515 4.64608 2.32176 0.357544
threshold=0.90000000000000013 0.83333333333333337 1.0000000180025095e-35 16.500000000000004 14.450000000000001 14.850000000000003 4.416666666666667 2.1500000000000008 0.36666666666666636 4.8333333333333348 1.5833333333333337 1.7828268000000003 7.5500000000000007
decision_type=2 2 2 2 2 2 2 2 2 2 2 2 2
left_child=6 7 -3 5 -5 -4 -1 11 -9 -8 -11 -2 -12
right_child=1 2 3 4 -6 -7 9 8 -10 10 12 -13 -14
leaf_value=-0.043525380409096259 0.0050633075312697135 0.0316206963993233 -0.0080070110267073304 0.017309712952868348 -0.031552872533106999 0.0027397000188982591 0.0248120551768568 -0.023548907823143957 0.028599721758412452 0.01102770935489661 -0.015908075259349893 0.058253946866717615 -0.050437117645908872
leaf_weight=6.266946509480479 4.867993116378786 9.0659663528203946 122.93170769512653 5.4480952918529537 19.843813046813011 421.55087552964687 5.5349640697240856 6.422651529312132 5.7712730020284653 8.6340963840484637 5.0780252367258054 5.8493209481239319 4.7510905116796494
leaf_count=27 21 39 508 23 83 1744 23 27 25 36 22 25 20
internal_value=0 0.000655704 -3.1915e-05 -0.000606677 -0.0199266 0.000262346 -0.0129254 0.0187256 0 -0.00318871 -0.0133341 0.0376251 -0.0366523
internal_weight=632.017 601.752 578.84 569.774 25.2919 544.483 30.2651 22.9112 12.1939 23.9982 18.4632 10.7173 9.82912
internal_count=2623 2495 2397 2358 106 2252 128 98 52 101 78 46 42
is_linear=0
shrinkage=0.05


Tree=66
num_leaves=14
num_cat=0
split_feature=87 87 58 38 86 10 86 73 86 73 76 84 78
split_gain=2.14599 4.27833 10.6063 3.71618 4.0046 4.20754 3.28986 3.44037 5.28706 3.64063 2.15681 2.09444 0.981481
threshold=-1.7749999999999997 -1.3666666666666665 1.8500000000000003 5.3000000000000016 -2.9749999999999996 1.8333333333333337 -2.9749999999999996 3.166666666666667 -0.6583333333333331 2.8333333333333335 1.5833333333333337 0.90000000000000013 -2.1666666666666661
decision_type=2 2 2 2 2 2 2 2 2 2 2 2 2
left_child=3 2 12 -1 5 -5 -3 9 -9 -8 11 -4 -2
right_child=1 6 10 4 -6 -7 7 8 -10 -11 -12 -13 -14
leaf_value=-0.017734417833267669 -0.02819366154421122 0.032593649635462643 0.0068843883313867609 0.034558466229144276 0.041979522080391511 -0.024995164685528284 -6.0889662228496343e-05 0.0022268026663971236 -0.05189379677011046 0.024738908498772527 0.027912663777067855 -0.025567249741616019 -0.074534934895578137
leaf_weight=6.3638760149478939 5.5207585543394089 7.3077372461557379 9.8967017680406624 4.7159912884235418 12.127567753195759 6.3657989501953125 529.63170737028122 8.3635671734809858 7.5173203349113455 14.671703621745108 5.4501807689666739 7.9435823261737815 5.8078591078519803
leaf_count=26 23 30 41 20 51 27 2199 34 31 61 23 33 24
internal_value=0 -0.000650335 -0.0176007 0.0130354 0.0227228 0 0.00035427 -5.04026e-05 -0.0226674 0.000583792 0.000915541 -0.00650504 -0.0562114
internal_weight=631.684 602.111 34.6191 29.5732 23.2094 11.0818 567.492 560.184 15.8809 544.303 23.2905 17.8403 11.3286
internal_count=2623 2499 144 124 98 47 2355 2325 65 2260 97 74 47
is_linear=0
shrinkage=0.05


Tree=67
num_leaves=13
num_cat=0
split_feature=60 12 58 86 81 65 69 60 29 60 81 86
split_gain=2.1644 2.99679 8.00483 5.58403 6.25204 3.59085 5.17583 3.10528 8.52148 4.76645 2.40188 1.90068
threshold=9.7000000000000011 10.16666666666667 1.9500000000000002 0.17499999999999979 1.9000000000000001 1.2148257000000002 0.19999999999999998 13.450000000000001 11.900000000000002 13.750000000000002 1.1000000000000003 -0.77499999999999969
decision_type=2 2 2 2 2 2 2 2 2 2 2 2
left_child=-1 2 3 4 -2 6 -3 8 -7 -9 -4 -12
right_child=1 5 10 -5 -6 7 -8 9 -10 -11 11 -13
leaf_value=0.023732274358415545 -0.066119323943099703 0.056748715300032726 -0.010909354901796809 0 0 -0.024096641830661365 -0.00017010257781194067 0.037421703450037522 0.024584263383616547 0.00035190586220557729 0 0.045712409084318589
leaf_weight=8.9621397107839567 11.860101506114011 6.356407552957533 5.06684586405754 8.6445408314466459 5.5777408480644217 36.679481208324432 7.5367200672626495 8.3594827651977521 10.959902182221411 510.6799308359623 5.0203182995319358 5.7542428821325293
leaf_count=37 49 26 21 37 23 152 32 35 46 2119 21 25
internal_value=0 -0.000362175 -0.0132146 -0.030325 -0.0462712 0.000533466 0.0252013 -4.89144e-05 -0.0122388 0.0010325 0.013493 0.0271608
internal_weight=631.458 622.496 41.9238 26.0824 17.4378 580.572 13.8931 566.679 47.6394 519.039 15.8414 10.7746
internal_count=2623 2586 176 109 72 2410 58 2352 198 2154 67 46
is_linear=0
shrinkage=0.05


Tree=68
num_leaves=18
num_cat=0
split_feature=76 51 83 0 48 5 3 8 1 87 29 6 82 66 73 52 10
split_gain=2.15193 2.90112 5.84107 4.72755 5.72955 7.15685 5.46859 5.42855 4.73172 4.70944 3.46201 4.15574 2.78891 2.64934 2.07512 2.05447 0.431962
threshold=1.0000000180025095e-35 4.5500000000000007 1.3666666666666669 1.8333333333333337 1.7750000000000001 10.500000000000002 8.1666666666666696 0.48431425000000006 1.5000000000000002 0.19999999999999998 12.450000000000001 2.166666666666667 0.90000000000000013 1.0371379500000002 0.83333333333333337 4.7250000000000005 1.8333333333333337
decision_type=2 2 2 2 2 2 2 2 2 2 2 2 2 2 2 2 2
left_child=12 2 10 6 5 -5 7 -3 -6 13 15 -12 -1 -4 -14 -2 -16
right_child=1 3 9 4 8 -7 -8 -9 -10 -11 11 -13 14 -15 16 -17 -18
leaf_value=0.010312742266973348 0.010271022738201713 -0.02828419532634573 -0.002326988145723271 0.020848105498614884 0.0020940459813929987 -0.044149266184519725 -0.028267828054706998 0.014855517999479271 -0.017846510591679025 0.0069900472887845155 0.059962975476713948 0 0 -0.041281916929527665 -0.014319990250415993 -0.030011075414731067 -0.049006278333094101
leaf_weight=6.2508179396390942 5.1838932484388369 6.9157157540321341 7.3485590666532543 4.8980799317359951 358.4283648878336 14.967858791351317 8.0596928596496564 124.72077140212059 31.877111941576004 8.9775617271661741 5.1729340404272062 5.7114271074533463 5.5910211652517345 20.68987138569355 4.6040870845317823 5.4313146024942398 6.4330133348703384
leaf_count=26 22 29 31 21 1475 62 34 525 133 38 22 24 23 88 20 23 27
internal_value=0 0.000579899 -0.00989327 0.00174783 -0.000904764 -0.0267778 0.00969005 0.0123015 0.000380737 -0.0220379 0.0099055 0.0296497 -0.014878 -0.0321679 -0.0258319 -0.00851318 -0.0379516
internal_weight=631.262 608.383 58.5156 549.868 410.171 19.8659 139.696 131.636 390.305 37.016 21.4996 10.8844 22.8789 28.0384 16.6281 10.6152 11.0371
internal_count=2623 2527 248 2279 1691 83 588 554 1608 157 91 46 96 119 70 45 47
is_linear=0
shrinkage=0.05


Tree=69
num_leaves=17
num_cat=0
split_feature=76 39 83 5 87 81 1 28 53 34 69 47 8 19 76 77
split_gain=2.09637 5.17459 4.34198 4.09035 3.25881 6.82582 3.26186 5.50106 5.32407 5.10612 4.3888 4.12413 3.5657 2.68185 2.25239 0.731561
threshold=2.8333333333333335 11.450000000000001 0.70833333333333337 11.500000000000002 1.6333333333333335 0.36666666666666675 0.83333333333333337 8.4500000000000011 15.612500000000002 1.1000000000000003 1.0500000000000003 2.5000000000000004 1.2353900000000002 1.5000000000000002 3.416666666666667 0.41666666666666669
decision_type=2 2 2 2 2 2 2 2 2 2 2 2 2 2 2 2
left_child=4 -2 14 15 6 -6 9 8 -8 10 -1 -11 -9 -7 -3 -4
right_child=1 2 3 -5 5 13 7 12 -10 11 -12 -13 -14 -15 -16 -17
leaf_value=-0.045566343048035307 -0.032221788310664974 0.01173138368499424 0.051581384921776621 -0.0021769865193267918 0.025884999597606751 -0.052807793532083425 -0.00040491153580706315 -0.050750509731270536 -0.043403087154423564 0.011128505522760134 0.0054241169624285853 -0.016989147445182651 0 -0.004594838674992773 -0.02845669334843275 0.019461423517437668
leaf_weight=8.0708070248365384 5.2228535264730445 7.1195405423641187 11.437849223613744 5.858810454607009 5.0519238859415081 9.6894468367099744 376.65280331671238 9.043283745646475 6.8752328008413306 142.17409963905811 6.6236956715583792 13.253799110651014 5.6013452410697928 5.8738736212253562 5.4414819628000259 6.8152416199445716
leaf_count=34 22 30 47 25 21 42 1557 38 29 593 28 56 24 25 23 29
internal_value=0 0.010737 0.0178788 0.0302412 -0.000774296 -0.0200641 -1.35729e-05 -0.00253317 -0.00129632 0.00572717 -0.0215144 0.00852371 -0.0321621 -0.0368771 -0.00418705 0.0417604
internal_weight=630.806 41.8958 36.6729 24.1119 588.91 20.6152 568.295 398.173 383.528 170.122 14.6945 155.428 14.6446 15.5633 12.561 18.2531
internal_count=2623 176 154 101 2447 88 2359 1648 1586 711 62 649 62 67 53 76
is_linear=0
shrinkage=0.05


Tree=70
num_leaves=12
num_cat=0
split_feature=2 68 27 2 68 47 51 3 41 48 47
split_gain=2.1104 4.04192 3.13473 3.45919 2.89226 4.02944 2.96392 7.93758 4.89897 2.01086 1.00708
threshold=24.166666666666668 0.8073779000000002 9.1000000000000014 18.833333333333339 1.3623462500000005 1.0750000000000004 6.8944444444444457 8.1666666666666696 1.8221903666666668 2.4142857142857146 1.9000000000000006
decision_type=2 2 2 2 2 2 2 2 2 2 2
left_child=2 -2 4 -4 6 9 7 -1 -8 -6 -7
right_child=1 -3 3 -5 5 10 8 -9 -10 -11 -12
leaf_value=-0.00083199416581191592 0.039913226794788911 -0.013084453905937543 -0.053023002924170295 0 0.015154260997818251 0.048962446001755401 -0.023030828859839817 -0.040227640939994848 0.016357606033976981 -0.026027751397427946 0.01038826318869576
leaf_weight=512.92656226456165 8.5139885693788511 4.7405171841382971 5.4074822515249235 5.7198801934719086 5.1000062972307223 7.3578515946865064 8.4706969112157804 12.676027685403822 49.230905279517174 5.233532041311264 5.0580602288246155
leaf_count=2126 36 20 23 24 22 32 35 53 208 22 22
internal_value=0 0.0193542 -0.000447575 -0.0261656 4.58128e-06 0.0173385 -0.000642908 -0.00186695 0.00999759 -0.00363381 0.036194
internal_weight=630.436 13.2545 617.181 11.1274 606.054 22.7495 583.304 525.603 57.7016 10.3335 12.4159
internal_count=2623 56 2567 47 2520 98 2422 2179 243 44 54
is_linear=0
shrinkage=0.05


Tree=71
num_leaves=15
num_cat=0
split_feature=44 48 32 35 20 32 8 63 53 46 21 73 22 86
split_gain=2.09168 6.61258 7.00125 6.92165 3.48283 3.59141 4.18199 3.85022 3.20992 6.11593 2.73983 2.32255 2.07177 1.59588
threshold=0.30655246666666675 1.2750000000000001 1.3940224000000001 1.3 0.29844833333333332 2.0178566666666673 1.9528640000000002 9.1500000000000004 11.950000000000001 -1.0000000180025095e-35 -0.99999999999999956 1.5833333333333337 0.33333333333333343 0.51666666666666661
decision_type=2 2 2 2 2 2 2 2 2 2 2 2 2 2
left_child=1 2 10 -3 12 6 7 -6 9 -5 -1 -8 -2 -7
right_child=4 3 -4 8 5 13 11 -9 -10 -11 -12 -13 -14 -15
leaf_value=-0.0045411717045056822 0 0.063906316541781888 0.031357675900531894 0.024559235083133128 0.015398742916402103 -0.0029704676576910306 0.047488299111099926 -0.0014283993810630009 0.034702637690123134 -0.048726342855820136 -0.062533552300035947 0 -0.047417717745664861 -0.050001832665933388
leaf_weight=4.9412149637937537 4.7284637242555601 8.1284991800785082 4.7663409858942023 5.1622665226459477 35.786589667201042 4.8057645708322507 6.7101782411336881 523.94594241678715 5.8858293443918219 4.8888270407915124 5.1158926337957373 4.8442623466253281 5.8190316408872604 4.6574083268642426
leaf_count=21 20 36 21 23 152 20 28 2169 25 21 22 21 24 20
internal_value=0 0.011139 -0.0137535 0.0274574 -0.000760108 -0.000187542 0.000287924 -0.000295146 0.00596755 -0.00933713 -0.0379736 0.0294482 -0.0285876 -0.0299744
internal_weight=630.187 38.8889 14.8234 24.0654 591.298 580.75 571.287 559.733 15.9369 10.0511 10.0571 11.5544 10.5475 9.46317
internal_count=2623 169 64 105 2454 2410 2370 2321 69 44 43 49 44 40
is_linear=0
shrinkage=0.05


Tree=72
num_leaves=13
num_cat=0
split_feature=17 17 34 61 88 71 23 37 74 52 63 84
split_gain=2.06443 4.04956 3.93191 3.97814 5.6255 3.81828 3.73385 3.71716 3.60671 3.28115 1.1096 1.04225
threshold=2.8140483333333335 2.550334166666667 3.7000000000000006 6.2500000000000009 1.0000000180025095e-35 1.0250000000000004 1.4166666666666672 6.1000000000000005 0.83333333333333337 6.3500000000000005 10.750000000000002 1.1000000000000003
decision_type=2 2 2 2 2 2 2 2 2 2 2 2
left_child=1 2 3 7 -5 -3 8 -1 -2 -8 -4 -7
right_child=6 5 10 4 -6 11 9 -9 -10 -11 -12 -13
leaf_value=-0.00020280464896337122 0 0 -0.0060980579605658695 0.034416419918513026 0.0031690677509829709 0.060594201094264069 0.025112009507593874 -0.018976418762600963 -0.046166354951459383 -0.022023908112049986 -0.04853271186609831 0.017816494179570302
leaf_weight=455.12855884432793 5.2252879738807705 8.913724213838579 4.655378654599188 18.503103405237198 69.936785265803337 5.0873468667268735 8.3358946293592435 27.700636640191078 10.288481652736662 5.5183767825365058 4.7347817718982697 5.7512182295322418
leaf_count=1881 22 37 20 81 297 22 36 116 43 23 20 25
internal_value=0 0.000619019 -0.000104634 0.000392968 0.0101444 0.0226041 -0.0128486 -0.00135012 -0.0295434 0.00448221 -0.0313944 0.0418867
internal_weight=629.78 600.412 580.659 571.269 88.4399 19.7523 29.368 482.829 15.5138 13.8543 9.39016 10.8386
internal_count=2623 2499 2415 2375 378 84 124 1997 65 59 40 47
is_linear=0
shrinkage=0.05


Tree=73
num_leaves=12
num_cat=0
split_feature=18 18 54 20 66 69 39 20 36 83 25
split_gain=2.05411 5.71288 4.10486 5.60449 3.94579 3.02611 3.06303 5.13538 5.02895 2.376 1.28001
threshold=0.52633408333333342 0.481294 2.0500000000000003 1.0086472500000003 0.6050139000000001 -2.4499999999999997 11.700000000000001 1.2766805000000003 13.700000000000001 1.7750000000000001 0.90000000000000013
decision_type=2 2 2 2 2 2 2 2 2 2 2
left_child=1 2 3 9 -2 -6 8 -8 -7 -1 -5
right_child=4 -3 -4 10 5 6 7 -9 -10 -11 -12
leaf_value=-0.032876216422796471 0.037212638245142149 -0.049479730886753552 -0.040478390316192409 0.0084092852804091029 -0.033897006485050327 -0.017298954670522424 0.010611348701670718 -0.029140143056467172 0.00044748735961248979 0.0044314079349616602 0.04984306020180148
leaf_weight=7.002252280712133 6.8201818466186515 7.3038130253553382 5.0323294252157202 5.460908427834509 5.906590223312377 43.443790510296822 113.71210260689259 7.984434485435485 413.58322741091251 7.4473055899143219 5.8099766969680786
leaf_count=29 29 30 21 24 25 182 487 34 1706 31 25
internal_value=0 -0.0112008 -0.000663371 0.00679651 0.000709622 0.000209625 0.000629847 0.00769013 -0.00120186 -0.0124705 0.0331016
internal_weight=629.507 38.0566 30.7528 25.7204 591.45 584.63 578.724 121.697 457.027 14.4496 11.2709
internal_count=2623 160 130 109 2463 2434 2409 521 1888 60 49
is_linear=0
shrinkage=0.05


Tree=74
num_leaves=9
num_cat=0
split_feature=15 16 39 14 60 64 61 70
split_gain=2.053 3.43903 3.77953 4.8838 3.42015 5.65692 5.47235 2.12095
threshold=19.166666666666668 4.166666666666667 15.550000000000002 7.166666666666667 14.050000000000002 2.9500000000000006 5.3375000000000012 0.85000000000000031
decision_type=2 2 2 2 2 2 2 2
left_child=1 2 4 7 5 -1 -6 -4
right_child=-2 -3 3 -5 6 -7 -8 -9
leaf_value=-0.013302040923464934 -0.025734340094649168 0.03210986831028969 0.0019562607429568931 -0.015212673159397276 0.024342662121983157 0.034760124464730063 -0.00040297818558288783 0.048295611566604009
leaf_weight=85.464824706315994 7.1679455339908591 7.8856811374425879 4.7864276468753841 5.6236942112445822 22.868540838360786 5.8688921034336081 479.28118473291397 10.248775616288183
leaf_count=356 30 33 21 24 98 25 1993 43
internal_value=0 0.000295493 -9.81228e-05 0.0206203 -0.000878161 -0.00976901 0.000697327 0.0356906
internal_weight=629.196 622.028 614.142 20.6589 593.483 91.3337 502.15 15.0352
internal_count=2623 2593 2560 88 2472 381 2091 64
is_linear=0
shrinkage=0.05


Tree=75
num_leaves=15
num_cat=0
split_feature=60 12 58 86 81 15 63 17 59 58 18 32 81 86
split_gain=1.98359 2.55162 7.19322 5.0254 5.55488 3.40201 5.1132 4.01578 3.59153 3.56808 3.30322 2.88608 2.24777 1.66804
threshold=9.7000000000000011 10.16666666666667 1.9500000000000002 0.17499999999999979 1.9000000000000001 12.41666666666667 14.050000000000002 2.8023966666666671 1.7250000000000003 1.7250000000000003 1.3492250833333335 1.0818710000000002 1.1000000000000003 -0.77499999999999969
decision_type=2 2 2 2 2 2 2 2 2 2 2 2 2 2
left_child=-1 2 3 4 -2 8 7 -7 10 -10 -3 -8 -4 -14
right_child=1 5 12 -5 -6 6 11 -9 9 -11 -12 -13 13 -15
leaf_value=0.022759719274138997 -0.062658214271362145 -0.0016576364605718715 -0.010537418436329229 5.4721108361102311e-05 0 0.022323036352274429 -0.03575947707374811 -0.020083824499086789 -0.043319947884997059 0.0025380934479409885 0.012864125975812046 0.00045496800242279226 0 0.043861357745568236
leaf_weight=8.9178723096847516 11.726577267050748 432.7973109036684 5.0259038358926764 8.5485822558402997 5.546293005347251 53.881492018699646 6.2571951597929027 5.212429165840148 9.3236089050769788 5.6794654428958884 42.458575993776321 22.906534776091576 5.0025198757648459 5.7080688923597327
leaf_count=37 49 1786 21 37 23 235 27 23 40 24 178 97 21 25
internal_value=0 -0.000360077 -0.0122736 -0.0286143 -0.0438121 0.00046242 0.00950057 0.0180259 -0.00112173 -0.0248257 -0.000295582 -0.00694399 0.013055 0.0263319
internal_weight=628.992 620.075 41.5579 25.8215 17.2729 578.517 88.2577 59.0939 490.259 15.0031 475.256 29.1637 15.7365 10.7106
internal_count=2623 2586 176 109 72 2410 382 258 2028 64 1964 124 67 46
is_linear=0
shrinkage=0.05


Tree=76
num_leaves=12
num_cat=0
split_feature=78 78 78 75 81 22 45 11 49 77 84
split_gain=1.96086 4.88731 3.58017 4.30331 4.93538 2.81805 3.47819 3.70908 2.34465 1.8448 0.664117
threshold=3.1666666666666674 3.5833333333333339 2.5000000000000009 1.1666666666666667 1.1000000000000003 -1.1666666666666663 2.9000000000000008 2.166666666666667 0.95000000000000007 1.0000000180025095e-35 2.3666666666666667
decision_type=2 2 2 2 2 2 2 2 2 2 2
left_child=2 10 5 4 -4 8 7 -7 -1 -3 -2
right_child=1 9 3 -5 -6 6 -8 -9 -10 -11 -12
leaf_value=-0.05019513723236451 -0.057411820725212573 -0.01418677027596916 -0.018934612695969355 0.059107420474038809 0.035584535279917097 -0.00087740788703784582 0.036202962868207837 0.021667147179973558 0 0.018611017141100493 -0.01582162333598373
leaf_weight=4.6068471372127515 4.743523985147478 7.2320226430892935 8.1700688451528567 5.0700167119503012 7.1274617463350287 549.04227641224861 6.1687427759170523 18.3592928647995 5.043214812874794 8.5174629390239698 4.457986056804657
leaf_count=20 21 32 35 22 29 2282 27 77 22 36 20
internal_value=0 -0.0136086 0.000559046 0.0209169 0.00520684 -0.000126382 0.000292443 -8.54825e-05 -0.0262712 0.00203894 -0.0416929
internal_weight=628.539 24.951 603.588 20.3675 15.2975 583.22 573.57 567.402 9.65006 15.7495 9.20151
internal_count=2623 109 2514 86 64 2428 2386 2359 42 68 41
is_linear=0
shrinkage=0.05


Tree=77
num_leaves=14
num_cat=0
split_feature=27 2 27 87 2 53 3 20 39 18 72 5 83
split_gain=1.96706 4.25831 2.97747 5.70153 5.84554 5.7393 5.2156 3.93331 5.09487 4.64428 3.89331 1.35005 1.22239
threshold=9.1000000000000014 18.833333333333339 7.5500000000000007 1.341666666666667 15.41666666666667 10.133333333333335 8.1666666666666696 0.95253941666666664 9.9000000000000021 0.52633408333333342 2.166666666666667 10.500000000000002 1.2916666666666667
decision_type=2 2 2 2 2 2 2 2 2 2 2 2 2
left_child=2 -2 6 4 -4 -6 7 9 -9 -1 11 -8 -3
right_child=1 12 3 -5 5 -7 10 8 -10 -11 -12 -13 -14
leaf_value=-0.024821201963180346 -0.051363264707906621 0.019717845043679714 0.061384884043200666 -0.028472230715736308 0.037764795729622713 -0.0063592533938725271 -0.064666063970399409 0.046826893037653493 0.0051127738830627836 0 0.0019069456000530638 -0.018372625509835105 -0.013189860552931091
leaf_weight=19.073290169239044 5.355016514658927 4.6859830319881421 6.9626088142395011 6.0510399192571631 11.042314410209658 18.18805430829525 5.2621147036552447 9.1400383263826352 39.352786928415298 486.17568409442902 5.7296351045370093 5.7214786410331726 5.4761911630630493
leaf_count=79 23 20 29 26 47 77 22 40 168 2021 24 24 23
internal_value=0 -0.0173127 0.000436442 0.0131859 0.0211251 0.00982332 -0.000474633 0.000323044 0.0138831 -0.000941429 -0.0275973 -0.0445782 0
internal_weight=628.216 15.5172 612.699 42.244 36.193 29.2304 570.455 553.742 48.4928 505.249 16.7132 10.9836 10.1622
internal_count=2623 66 2557 179 153 124 2378 2308 208 2100 70 46 43
is_linear=0
shrinkage=0.05


Tree=78
num_leaves=14
num_cat=0
split_feature=44 15 34 20 76 32 8 63 41 86 77 1 8
split_gain=1.9959 7.22378 6.18157 3.21888 4.53649 3.31892 3.94942 3.42597 3.18669 1.45222 1.42499 1.05276 0.384805
threshold=0.30655246666666675 11.16666666666667 1.2666666666666668 0.29844833333333332 1.1666666666666667 2.0178566666666673 1.9528640000000002 9.1500000000000004 1.5944123333333333 0.51666666666666661 2.166666666666667 1.8333333333333337 1.0465195000000003
decision_type=2 2 2 2 2 2 2 2 2 2 2 2 2
left_child=1 8 -3 4 -2 6 7 -5 -1 -7 12 -8 -4
right_child=3 2 10 5 -6 9 11 -9 -10 -11 -12 -13 -14
leaf_value=-0.044887783400525738 0.0014393293802658436 -0.0063300407801075726 0.025836956788990496 0.014548407205856451 -0.058505542332728179 -0.002802124579740271 0.0074018736033537444 -0.0013698593951366545 0.0022293770992583908 -0.04813924027473411 0.010170937631787372 0.044722550591160412 0.062895679650850647
leaf_weight=5.8299367278814298 5.252011373639105 8.654455631971361 5.2320720851421374 35.56465020775795 5.2494125217199326 4.782383665442465 5.937382370233534 522.47765570878983 6.0708365887403488 4.6204402595758438 4.7661515176296225 5.5715647786855698 7.8788973242044449
leaf_count=25 22 38 22 152 22 20 25 2169 26 20 21 24 37
internal_value=0 0.0109477 0.0257369 -0.000740611 -0.0275504 -0.000187822 0.000267453 -0.000298496 -0.0197155 -0.0289105 0.042371 0.0286607 0.0514361
internal_weight=627.888 38.4323 26.5316 589.456 10.5014 578.954 569.551 558.042 11.9008 9.40282 17.8771 11.5089 13.111
internal_count=2623 169 118 2454 44 2410 2370 2321 51 40 80 49 59
is_linear=0
shrinkage=0.05


Tree=79
num_leaves=11
num_cat=0
split_feature=66 81 22 11 59 68 31 12 26 81
split_gain=1.91425 3.47699 2.86246 3.26813 4.65036 9.16352 4.35375 3.95689 3.4473 1.32567
threshold=1.7806076500000001 1.7750000000000001 -1.1666666666666663 1.8333333333333337 1.3500000000000003 0.74226359999999991 1.9732705333333336 24.333333333333339 14.900000000000002 1.1000000000000003
decision_type=2 2 2 2 2 2 2 2 2 2
left_child=2 9 -1 4 7 -6 8 -4 -5 -2
right_child=1 -3 3 6 5 -7 -8 -9 -10 -11
leaf_value=-0.028654987777970677 0.0066283789548886368 -0.013671252353104006 0.0010315992983964037 0.060055218183313275 0.01806057886862536 -0.027417240770298043 -0.019190082401570496 -0.034485999869455539 0.013250159254444123 0.050189248650012876
leaf_weight=8.3689067512750608 4.8215490132570249 4.7830925583839408 504.8001866042614 4.9810146838426617 14.208973795175551 39.677059054374695 6.8153071701526633 7.446633741259574 25.987396538257599 5.6314365416765213
leaf_count=37 20 20 2101 22 63 165 30 31 110 24
internal_value=0 0.0172075 -0.000453774 0 -0.000994774 -0.0149099 0.0140985 0.000433391 0.0224074 0.0335986
internal_weight=627.522 15.2361 612.285 603.917 566.133 53.886 37.7837 512.247 30.9684 10.453
internal_count=2623 64 2559 2522 2360 228 162 2132 132 44
is_linear=0
shrinkage=0.05


Tree=80
num_leaves=11
num_cat=0
split_feature=54 66 50 47 50 50 52 53 78 52
split_gain=1.9741 3.76982 2.97814 3.32374 2.59818 3.79369 3.79161 1.41984 1.16382 1.18598
threshold=0.95000000000000007 0.99921350000000009 19.450000000000003 0.90000000000000036 18.950000000000003 18.550000000000004 6.5357142857142865 10.535714285714286 -0.3333333333333332 7.1500000000000012
decision_type=2 2 2 2 2 2 2 2 2 2
left_child=1 -1 4 -4 5 6 -2 -5 -3 -10
right_child=2 8 3 7 -6 -7 -8 -9 9 -11
leaf_value=0.017079599186457059 0.0011919601236404882 -0.0011011004871389726 -0.010648956955315954 0.045660209247008657 -0.028151197775699674 0.034447430869107419 -0.01207358497828084 0.0078428670007868653 -0.015041314361173059 -0.056530647445262733
leaf_weight=5.6876393854618099 510.23578490316868 5.0562171041965547 5.2945376038551357 8.3227486759424192 7.6457721889019004 7.5166926532983771 59.651548206806183 6.3831175416707984 6.8459171801805443 4.6902984976768494
leaf_count=25 2126 21 23 36 32 32 252 27 29 20
internal_value=0 -0.0144573 0.000535875 0.0192741 -7.79215e-05 0.000274589 -0.000162115 0.0316872 -0.0269137 -0.0356344
internal_weight=627.33 22.2801 605.05 20.0004 585.05 577.404 569.887 14.7059 16.5924 11.5362
internal_count=2623 95 2528 86 2442 2410 2378 63 70 49
is_linear=0
shrinkage=0.05


Tree=81
num_leaves=13
num_cat=0
split_feature=42 54 76 83 87 81 1 0 66 25 85 53
split_gain=1.8638 2.34187 2.80359 4.48542 3.01561 5.8244 3.78606 3.00794 2.74955 1.60781 1.0788 0.831735
threshold=0.38596638333333338 0.95000000000000007 2.8333333333333335 0.70833333333333337 1.6333333333333335 0.36666666666666675 0.83333333333333337 2.5000000000000004 0.99921350000000009 1.1000000000000003 1.9000000000000001 8.9500000000000011
decision_type=2 2 2 2 2 2 2 2 2 2 2 2
left_child=-1 8 4 9 6 -6 -3 -5 -2 -4 11 -10
right_child=1 2 3 7 5 -7 -8 -9 10 -11 -12 -13
leaf_value=-0.024942539781779821 0.012062055205920578 0.007262703526135901 -0.022509678700283683 0.033864220509280556 0.025483409426004827 -0.034462791246276797 -0.001930594844733912 -0.0036894789020165161 -0.0094903373448228939 0.010296552669371205 0 -0.046034553100258974
leaf_weight=6.9070496857166281 5.256690755486491 157.06196461617947 8.3368708342313749 21.422824218869213 4.5847456306219128 15.100045368075369 381.63239063322544 5.4109946787357321 4.9659897089004534 4.8679865896701804 4.6523877382278434 6.9181562811136246
leaf_count=30 23 661 35 90 19 66 1585 23 21 21 20 29
internal_value=0 0.000287608 0.000919135 0.0136153 0 -0.0189769 0.000707691 0.025448 -0.0155637 -0.00865703 -0.0259092 -0.0337824
internal_weight=627.118 620.211 598.418 40.0387 558.379 19.6848 538.694 26.8338 21.7932 13.2049 16.5365 11.8841
internal_count=2623 2593 2500 169 2331 85 2246 113 93 56 70 50
is_linear=0
shrinkage=0.05


Tree=82
num_leaves=15
num_cat=0
split_feature=53 4 72 5 56 69 30 26 30 29 14 69 2 27
split_gain=1.8588 2.15012 6.85398 6.86186 5.20546 5.15631 4.20749 4.29346 3.94034 4.68298 3.16646 4.82664 2.31714 0.234793
threshold=16.550000000000004 4.416666666666667 1.5833333333333337 10.16666666666667 1.1065133000000003 -0.40000000000000019 0.70000000000000007 18.700000000000006 3.4500000000000006 13.900000000000002 7.416666666666667 1.0000000180025095e-35 14.41666666666667 5.9000000000000012
decision_type=2 2 2 2 2 2 2 2 2 2 2 2 2 2
left_child=1 2 3 4 -1 -5 7 13 9 -8 11 -4 -10 -3
right_child=-2 6 10 5 -6 -7 8 -9 12 -11 -12 -13 -14 -15
leaf_value=-0.0013094280957889886 -0.026834113300666484 -0.022662299145576593 0.012579392102414209 -0.047150143107510881 0.063383646046603848 -0.0034261577667862239 -0.00070312522456284843 0 -0.0019260098236383077 0.018676742656820563 -0.0053460680549477883 0.051338287078646933 -0.054219705510183069 -0.061649226303774111
leaf_weight=6.0118634551763517 5.8958653509616843 4.443228945136072 27.790026932954788 10.343935728073115 4.6488411277532578 21.890347763895992 469.24044102430344 7.696896255016326 5.4048571288585645 32.802948653697968 8.3051722049713117 12.909516632556914 4.7663951516151428 4.6977697461843491
leaf_count=25 25 19 118 44 20 92 1952 33 23 139 37 55 20 21
internal_value=0 0.000258516 0.00732729 -0.00680218 0.0262372 -0.0187267 -0.000927923 -0.0251572 -5.89235e-05 0.000530709 0.0201439 0.025954 -0.0301666 -0.0474498
internal_weight=626.848 620.952 91.8997 42.895 10.6607 32.2343 529.053 16.8379 512.215 502.043 49.0047 40.6995 10.1713 9.141
internal_count=2623 2598 391 181 45 136 2207 73 2134 2091 210 173 43 40
is_linear=0
shrinkage=0.05


Tree=83
num_leaves=15
num_cat=0
split_feature=76 63 39 44 88 39 86 12 32 74 58 73 49 57
split_gain=1.88258 2.64693 2.49914 5.81259 5.4269 4.93229 4.67087 3.48133 5.04696 8.36108 3.86376 3.91033 2.17365 0.830997
threshold=1.0000000180025095e-35 10.850000000000003 12.450000000000001 1.387765066666667 1.0000000180025095e-35 12.900000000000002 -0.16666666666666666 10.16666666666667 1.0230147000000003 0.83333333333333337 0.95000000000000007 3.166666666666667 0.88750000000000007 9.5000000000000018
decision_type=2 2 2 2 2 2 2 2 2 2 2 2 2 2
left_child=1 -1 7 4 6 -6 -4 8 -2 -10 -9 -12 -3 -14
right_child=2 12 3 -5 5 -7 -8 10 9 -11 11 -13 13 -15
leaf_value=0.013681085051698742 0.019609628970017966 0 0.010120938217130782 -0.033817475971093129 0.036352813902836782 -0.0020861897071270505 0.052686478260711427 0.041076975271643008 0.018004064320766709 -0.054517167605090379 0.00045240100781889669 -0.020797685672547066 -0.013051935541120899 -0.051070254872175251
leaf_weight=5.1419035494327572 5.0614222288131741 6.2942813038826015 17.93576563894749 7.1682411283254615 9.0265700668096525 61.072842180728912 11.946360915899275 5.1493983119726172 4.7860043793916729 12.559927448630331 446.99926634132862 22.182781621813774 5.347878620028494 5.875483438372612
leaf_count=22 22 27 77 31 40 262 53 22 20 53 1856 91 22 25
internal_value=0 -0.0140191 0.000506104 0.00743974 0.0108001 0.00273182 0.0285478 -0.000945227 -0.0199832 -0.0331628 0 -0.00052014 -0.0236914 -0.0364165
internal_weight=626.548 22.6595 603.889 107.15 99.9815 70.0994 29.8821 496.739 22.4074 17.3459 474.331 469.182 17.5176 11.2234
internal_count=2623 96 2527 463 432 302 130 2064 95 73 1969 1947 74 47
is_linear=0
shrinkage=0.05


Tree=84
num_leaves=21
num_cat=0
split_feature=62 37 13 84 32 38 54 4 30 53 80 3 80 53 37 58 36 61 50 12
split_gain=1.87173 5.12825 3.93223 3.3736 6.5249 5.26763 4.87221 3.47053 4.24581 4.58037 4.28017 3.57415 7.41357 5.81299 3.04008 3.513 3.54917 3.02177 2.47201 0.680583
threshold=7.2500000000000009 6.3000000000000016 4.8333333333333348 1.9000000000000001 1.401793166666667 6.5500000000000007 1.1214285714285717 4.166666666666667 2.1000000000000005 12.15 1.9000000000000001 6.166666666666667 1.5500000000000003 8.8500000000000032 8.6750000000000025 2.1055555555555561 19.700000000000006 7.6500000000000012 14.725000000000001 17.166666666666668
decision_type=2 2 2 2 2 2 2 2 2 2 2 2 2 2 2 2 2 2 2 2
left_child=3 2 -2 7 5 6 -5 8 9 -1 -10 12 -9 -13 15 -3 -17 -16 -6 -4
right_child=1 14 19 4 18 -7 -8 11 10 -11 -12 13 -14 -15 17 16 -18 -19 -20 -21
leaf_value=0.031354416206005459 0 -0.037704914456644652 0.021419852880701994 -0.022361698063277369 -0.046216750203727286 -0.031797839576413196 0.015369062542023013 -0.00092343781083498947 -0.021375995486575396 -0.002851377415587161 0.02339353124493164 0.042523998049186475 -0.017195137939258143 -0.00018885508742476993 0.047855397163283117 -0.015201352732858496 0.029166824272621822 0 -0.00042256035051277077 0.058631426549218352
leaf_weight=23.887082502245903 8.4204540103673953 8.3869511336088198 5.9547009170055372 8.3438462316989881 6.8142142444848997 6.419276311993598 107.38284130394459 181.01659914851189 17.751541614532474 14.13780841231346 6.670654520392417 8.5077918469905836 117.46045932173729 59.367769256234169 4.4905938506126395 12.26960711181164 6.4614125937223426 8.5988851338624936 6.8817620426416397 6.9054462164640427
leaf_count=101 38 36 28 36 29 27 446 742 75 60 29 36 490 249 20 53 29 37 29 33
internal_value=0 0.00822386 0.0278444 -0.000928262 0.00586113 0.00970498 0.0123491 -0.00314167 0.00755407 0.0181157 -0.00792057 -0.00504078 -0.00742855 0.00507112 -0.00176103 -0.0118095 0 0.0168857 -0.0257931 0.0447189
internal_weight=626.13 61.4881 21.2806 564.642 135.842 122.146 115.727 428.8 62.4471 38.0249 24.4222 366.353 298.477 67.8756 40.2074 27.118 18.731 13.0895 13.696 12.8601
internal_count=2623 274 99 2349 567 509 482 1782 265 161 104 1517 1232 285 175 118 82 57 58 61
is_linear=0
shrinkage=0.05


Tree=85
num_leaves=15
num_cat=0
split_feature=87 87 58 82 41 86 14 0 61 86 86 81 75 82
split_gain=1.90116 3.57744 9.20983 3.24391 3.24511 2.97905 3.00062 7.42245 4.89664 2.3263 2.10788 2.23658 1.71384 1.33481
threshold=-1.7749999999999997 -1.3666666666666665 1.8500000000000003 0.45000000000000007 2.1382090000000002 -2.9749999999999996 7.166666666666667 1.5000000000000002 6.7500000000000009 -2.7666666666666662 -2.8499999999999996 1.9000000000000001 1.8333333333333337 1.0000000180025095e-35
decision_type=2 2 2 2 2 2 2 2 2 2 2 2 2 2
left_child=3 2 12 4 13 -3 8 -8 -7 -5 -4 -12 -2 -1
right_child=1 5 10 9 -6 6 7 -9 -10 -11 11 -13 -14 -15
leaf_value=-0.0038064754749608191 -0.07484855898875363 0.031071940670097553 -0.024112716242205328 -0.027620267543562005 0.061078494562858666 -0.00029369235377057644 0.019433986611063811 -0.018712281691540249 0.017046519163785093 0.012821214598846557 -0.0039787248516860935 0.029063997001798039 -0.023109850506084866 0.025763016394813928
leaf_weight=6.0224578082561546 5.4147763997316343 7.252566769719123 5.3202338367700568 6.1069857627153397 4.6501782834529868 440.71776150166988 15.590975791215895 54.422091007232666 44.097658976912498 6.4225882142782194 9.6626037359237724 8.184634789824484 5.6750274002552032 6.1253059655427933
leaf_count=25 23 30 22 26 20 1831 70 233 191 27 40 35 24 26
internal_value=0 -0.000640455 -0.0162205 0.0122938 0.0266174 0.000278243 -0.00010688 -0.0097855 0.00124796 -0.00527498 0.000914096 0.010191 -0.0526684 0.00955586
internal_weight=625.666 596.338 34.2573 29.3275 16.7979 562.081 554.828 70.0131 484.815 12.5296 23.1675 17.8472 11.0898 12.1478
internal_count=2623 2499 144 124 71 2355 2325 303 2022 53 97 75 47 51
is_linear=0
shrinkage=0.05


Tree=86
num_leaves=22
num_cat=0
split_feature=0 27 21 2 4 83 38 37 62 37 86 64 86 0 31 37 83 24 83 75 76
split_gain=1.85107 6.81994 6.19722 5.25733 4.60943 3.32782 5.14735 7.62713 4.6235 4.6089 4.0423 3.89195 3.70023 3.57681 3.49792 3.37166 3.23373 3.14577 5.48348 4.28022 2.57583
threshold=2.8333333333333335 5.5500000000000007 0.83333333333333337 19.166666666666668 7.416666666666667 2.1000000000000005 5.4500000000000011 5.4500000000000011 7.5357142857142865 5.4500000000000011 -1.0249999999999997 1.8166666666666669 2.4666666666666672 2.166666666666667 1.8349815 6.9000000000000012 1.4500000000000002 2.2250000000000005 1.5500000000000003 1.1666666666666667 1.8333333333333337
decision_type=2 2 2 2 2 2 2 2 2 2 2 2 2 2 2 2 2 2 2 2 2
left_child=5 -2 3 16 20 12 9 10 -9 11 -8 -7 17 14 -14 -11 -3 19 -19 -1 -4
right_child=1 2 4 -5 -6 6 7 8 -10 15 -12 -13 13 -15 -16 -17 -18 18 -20 -21 -22
leaf_value=-0.0034436285096447524 -0.051946348730659446 -0.040541461496994939 0.031070323255552437 0.01509705576916829 -0.017301096755824908 -0.013577752466284993 0.063655173913969701 -0.011474709143611228 0.022534609583684119 0.027102905713484962 0 -0.069906061364357758 -0.01761888018611929 -0.051619875588918562 0.027600528869024938 -0.025193539319127763 -0.0039035309629815423 0.02906892468610818 -0.0059007697386682916 0.0074624757044221314 -0.0022328556237209869
leaf_weight=158.01992736756802 7.211452603340148 17.189280375838283 21.10810670256615 8.842472702264784 8.5123279541730863 7.8972206413745898 5.9666851609945297 65.913024306297302 10.909028753638266 5.1579888015985471 4.8741815984249097 7.1483374834060669 14.477692961692815 4.9557083398103705 5.2831274569034568 6.2321240901947021 11.790374919772146 30.249763563275337 15.76693359017372 201.83443343639374 6.0135625451803199
leaf_count=655 31 72 90 37 37 33 26 277 50 22 21 30 62 22 23 26 49 126 67 841 26
internal_value=0 -0.00706882 -0.00200359 -0.0162851 0.0124787 0.00102417 -0.00648041 -0.00031427 -0.00620744 -0.0256143 0.0376748 -0.0433359 0.00307597 -0.0153033 -0.00391262 0 -0.0268024 0.00427419 0.016615 0.00260586 0.0228743
internal_weight=625.354 80.6676 73.4561 37.8221 35.634 544.686 114.099 87.6629 76.8221 26.4357 10.8409 15.0456 430.588 24.7165 19.7608 11.3901 28.9797 405.871 46.0167 359.854 27.1217
internal_count=2623 342 311 158 153 2281 485 374 327 111 47 63 1796 107 85 48 121 1689 193 1496 116
is_linear=0
shrinkage=0.05


Tree=87
num_leaves=14
num_cat=0
split_feature=40 12 61 12 72 58 12 65 73 86 18 87 37
split_gain=1.79806 4.67483 3.08786 2.57624 5.9926 6.80645 4.24488 3.86772 3.25203 6.23902 3.55463 1.99495 1.21789
threshold=3.1000000000000005 14.833333333333334 5.0500000000000007 10.16666666666667 0.58333333333333337 1.9500000000000002 7.166666666666667 1.2033119000000003 3.166666666666667 -0.6583333333333331 1.4286706666666669 -0.65833333333333321 5.9000000000000012
decision_type=2 2 2 2 2 2 2 2 2 2 2 2 2
left_child=3 2 -2 4 -1 6 -6 11 10 -10 -9 -5 -7
right_child=1 -3 -4 7 5 12 -8 8 9 -11 -12 -13 -14
leaf_value=0.033977940422292012 0.0063609627870681367 -0.015102201225343344 0.058948907331194081 0 -0.0069912085543731659 0.019159801843109635 -0.053912407733416705 -0.00070717308148796022 0 -0.056124593054511222 0.013972832407886228 0.040903233321905999 -0.0086749808035445127
leaf_weight=5.2116987556219092 7.5776942968368548 7.2381924986839286 5.726425513625145 4.761518105864524 9.5809423923492449 8.2446794360876066 13.770011261105536 480.41629442572594 17.145126178860668 7.0050899237394324 44.459198355674744 8.2677860558032972 5.316290706396102
leaf_count=22 33 31 25 20 41 35 59 2009 71 29 190 35 23
internal_value=0 0.0143311 0.0321225 -0.000535625 -0.0124027 -0.0199861 -0.0362589 0.000319552 -0.000285986 -0.0180637 0.000500816 0.026751 0.00654934
internal_weight=624.721 20.5423 13.3041 604.179 42.1236 36.9119 23.351 562.055 549.026 24.1502 524.875 13.0293 13.561
internal_count=2623 89 58 2534 180 158 100 2354 2299 100 2199 55 58
is_linear=0
shrinkage=0.05


Tree=88
num_leaves=8
num_cat=0
split_feature=69 21 45 40 64 10 42
split_gain=1.81429 2.46587 4.05839 2.6804 2.7811 4.91399 3.85062
threshold=-2.4499999999999997 -2.8333333333333326 -2.4999999999999996 1.0000000180025095e-35 1.2500000000000002 3.166666666666667 0.63129087000000006
decision_type=2 2 2 2 2 2 2
left_child=-1 2 -2 -3 5 -5 -6
right_child=1 3 -4 4 6 -7 -8
leaf_value=-0.022432525330233436 -0.0050984349944085388 -0.033181761251088196 0.048471499267852325 0.017377440655701945 -0.019583932541169882 -0.026451679598341202 4.7527079943636408e-05
leaf_weight=8.4107784479856473 5.5721557885408401 5.5787192136049262 6.39310374855995 45.58125863969326 25.612843051552773 6.5745519548654547 520.69395670294762
leaf_count=36 24 24 28 199 108 28 2176
internal_value=0 0.000289498 0.0223149 -0.000123537 0.000170327 0.011179 -0.000844213
internal_weight=624.417 616.007 11.9653 604.041 598.463 52.1558 546.307
internal_count=2623 2587 52 2535 2511 227 2284
is_linear=0
shrinkage=0.05


Tree=89
num_leaves=14
num_cat=0
split_feature=7 26 48 51 28 26 63 6 84 1 59 83 48
split_gain=1.76721 3.09516 5.10135 5.59941 4.60944 4.35128 3.9139 3.52739 3.47471 3.38064 3.27506 3.47221 2.93388
threshold=3.4612075000000004 18.100000000000005 1.4500000000000002 7.5500000000000007 6.4500000000000011 17.100000000000005 11.422222222222224 2.166666666666667 1.1000000000000003 0.83333333333333337 1.8166666666666669 1.3666666666666669 0.95000000000000007
decision_type=2 2 2 2 2 2 2 2 2 2 2 2 2
left_child=1 4 -3 7 10 9 -7 -4 -5 -6 12 -12 -1
right_child=-2 2 3 8 5 6 -8 -9 -10 -11 11 -13 -14
leaf_value=-0.0226062453565774 -0.022071135231904616 -0.026638896023089643 0.041107848267639441 0.026125027413787208 0.0066808992995500598 0 -0.059040438980995438 0.0028208443237159077 -0.016278209598871021 -0.017235336154093835 0.0061128996692761742 -0.039954120208818174 0.0023002993892834284
leaf_weight=11.498466730117796 8.4682874679565412 6.9662102013826361 21.672892451286316 6.3673937320709255 25.085711866617203 4.6143683791160575 8.1087334454059583 10.377621546387671 14.98687858879566 31.655974239110947 5.3733604401350012 9.3676893413066846 459.7153994590044
leaf_count=49 36 30 94 27 107 20 35 44 64 136 23 40 1918
internal_value=0 0.000282692 0.0110165 0.0165936 -0.0008479 -0.0128694 -0.0391075 0.0297127 -0.00218208 -0.00625914 0.000830583 -0.021872 0.00161622
internal_weight=624.259 615.791 60.371 53.4048 555.42 69.4648 12.7231 32.0505 21.3543 56.7417 485.955 14.741 471.214
internal_count=2623 2587 259 229 2328 298 55 138 91 243 2030 63 1967
is_linear=0
shrinkage=0.05


Tree=90
num_leaves=14
num_cat=0
split_feature=60 60 5 29 61 30 29 48 35 62 86 25 7
split_gain=1.75568 2.32733 4.28335 4.98073 5.05475 4.59068 3.48357 4.81977 4.69004 6.12261 3.52985 2.48652 2.71488
threshold=9.7000000000000011 14.850000000000003 16.500000000000004 14.225000000000001 5.7250000000000005 1.9000000000000001 9.3000000000000025 2.3500000000000001 1.3 4.9500000000000011 -1.8583333333333332 0.77500000000000013 1.6497482500000002
decision_type=2 2 2 2 2 2 2 2 2 2 2 2 2
left_child=-1 6 3 4 -3 -5 7 -2 10 -10 -8 -4 -13
right_child=1 2 11 5 -6 -7 8 -9 9 -11 -12 12 -14
leaf_value=0.021483008059441089 -0.0026365534837551607 0.020946798613438643 0.00020129764254134589 -0.008343238818282547 -0.00048772840781996138 0.035615353965681565 0.029767655621603446 -0.065437871339849865 -0.037048404180400805 0.00075646805923246393 -0.00025592439277097838 -0.00198113898955719 -0.051092689896751177
leaf_weight=8.8279639780521375 8.5145646780729276 28.874164611101151 7.2181442379951504 7.0389214158058193 408.46283175051212 19.514384984970093 10.701360687613485 5.2730135023593894 19.25445032119751 20.62777316570282 65.67146709561348 5.9665836840867978 7.9393964260816574
leaf_count=37 37 127 30 30 1705 83 45 23 81 87 278 26 34
internal_value=-3.57169e-06 -0.000369783 0.00118082 0.00224112 0.000892643 0.0230996 -0.00632687 -0.029854 -0.00320659 -0.0171087 0.00379202 -0.0204609 -0.0325561
internal_weight=623.885 615.057 485.014 463.89 437.337 26.5533 130.043 13.7876 116.255 39.8822 76.3728 21.1241 13.906
internal_count=2623 2586 2035 1945 1832 113 551 60 491 168 323 90 60
is_linear=0
shrinkage=0.05


Tree=91
num_leaves=14
num_cat=0
split_feature=17 17 3 27 82 84 55 69 47 74 79 26 41
split_gain=1.75361 3.37019 3.99864 3.90936 3.51063 4.37693 4.81418 3.28848 3.02907 3.33038 2.24244 1.84882 0.131382
threshold=2.8140483333333335 2.2813291666666671 10.16666666666667 9.1000000000000014 0.90000000000000013 0.63333333333333341 1.6718548000000004 -1.95 1.2 0.83333333333333337 -0.33333333333333331 20.450000000000003 2.2136600000000004
decision_type=2 2 2 2 2 2 2 2 2 2 2 2 2
left_child=1 2 3 7 12 -6 -7 -1 9 -2 -10 -4 -3
right_child=8 4 11 -5 5 6 -8 -9 10 -11 -12 -13 -14
leaf_value=-0.024118177627296157 0 0.017527570536280953 0.048160744926121102 -0.035037558970145641 0.042792425110084589 0.034532064825016327 -0.014557565099900928 5.242184011996305e-05 -0.012702211791194302 -0.045736722331437524 0.024763103296997217 0.00064785717617698137 0.048297301634468645
leaf_weight=13.912768125534056 5.1865762621164349 4.8928817957639676 5.5570422112941724 7.8972428590059272 5.7386739552021018 5.8102853745222118 21.966030806303024 517.9730761796236 8.1982206404209119 9.0670685023069364 6.5090213119983664 4.8132441788911819 6.0094188451766968
leaf_count=60 22 21 24 34 25 26 93 2169 35 38 29 21 26
internal_value=-7.88602e-06 0.000541516 -0.00048941 -0.00113764 0.0137305 0.00463985 -0.00297576 -0.000554918 -0.0119535 -0.0281449 0.00250397 0.0294522 0.0380547
internal_weight=623.532 594.571 550.153 539.783 44.4173 33.515 27.7763 531.886 28.9609 14.2536 14.7072 10.3703 10.9023
internal_count=2623 2499 2308 2263 191 144 119 2229 124 60 64 45 47
is_linear=0
shrinkage=0.05


Tree=92
num_leaves=11
num_cat=0
split_feature=49 52 8 8 46 56 8 81 55 24
split_gain=1.72681 2.77177 2.74306 4.62776 5.66446 3.79577 3.7303 2.48914 2.04278 1.23814
threshold=2.1500000000000008 3.4500000000000006 1.7557045000000002 1.5341250000000002 0.59999999999999998 1.4852526500000003 1.3295442500000003 1.5500000000000003 1.9588838000000004 1.4500000000000002
decision_type=2 2 2 2 2 2 2 2 2 2
left_child=1 9 3 6 -5 8 -3 -7 -4 -1
right_child=-2 2 5 4 -6 7 -8 -9 -10 -11
leaf_value=0.0023630370957688578 -0.025630195169678262 -0.00092622154583306979 0.051219656732584898 0.013689516703890355 -0.036288708761826063 0.014383216990675816 0.018137352669263123 -0.022972429253305039 0.004734552554559894 0.044579498503757101
leaf_weight=4.8625265359878522 6.0193050354719153 525.88430899381638 7.4280435144901293 6.9184500426054027 18.391317024827003 10.305996105074884 26.476183205842972 7.0556018352508536 5.3814172148704529 4.5396788120269775
leaf_count=21 30 2199 33 31 77 44 115 30 23 20
internal_value=0 0.000236104 -0.000150387 -0.000963831 -0.0216579 0.0143709 0 0 0.0344806 0.0264929
internal_weight=623.263 617.244 607.841 577.67 25.3098 30.1711 552.36 17.3616 12.8095 9.40221
internal_count=2623 2593 2552 2422 108 130 2314 74 56 41
is_linear=0
shrinkage=0.05


Tree=93
num_leaves=9
num_cat=0
split_feature=66 88 15 16 39 63 60 37
split_gain=1.74964 3.19559 2.69521 3.75062 3.62308 3.6577 3.44113 0.848899
threshold=1.7806076500000001 1.0000000180025095e-35 18.833333333333339 4.166666666666667 16.100000000000005 15.414285714285716 14.050000000000002 4.9000000000000012
decision_type=2 2 2 2 2 2 2 2
left_child=2 -2 3 4 6 -6 -1 -4
right_child=1 -3 7 -5 5 -7 -8 -9
leaf_value=-0.010281687631694542 0.040529639180482767 -0.0021766735116503302 -0.041436819544362305 0.035021026716629038 0.056640746267537526 0 0.00051089599631266728 -0.0044887732315046667
leaf_weight=85.674281463027 6.9273963123559925 8.1330284774303436 4.6669340133666974 7.0428586900234214 5.014408275485037 5.7663901448249817 494.80310297012329 4.9653428494930267
leaf_count=363 29 35 20 30 22 25 2077 22
internal_value=0 0.0165316 -0.000446942 0 -0.000460423 0.0275255 -0.00104646 -0.0260192
internal_weight=622.994 15.0604 607.933 598.301 591.258 10.7808 580.477 9.63228
internal_count=2623 64 2559 2517 2487 47 2440 42
is_linear=0
shrinkage=0.05


Tree=94
num_leaves=14
num_cat=0
split_feature=2 4 53 50 81 68 74 44 44 81 13 21 55
split_gain=1.73911 3.76467 5.35588 3.59211 3.3497 3.27217 3.03863 3.03787 6.83765 8.43819 4.78686 4.96393 4.06913
threshold=24.166666666666668 8.5000000000000018 10.950000000000001 15.050000000000002 1.5500000000000003 0.8073779000000002 1.8333333333333337 1.0842458666666668 0.82368583333333345 1.3666666666666669 3.8333333333333335 1.6666666666666667 2.2052002000000006
decision_type=2 2 2 2 2 2 2 2 2 2 2 2 2
left_child=1 7 4 -4 6 -2 -3 8 12 -10 -9 -12 -1
right_child=5 2 3 -5 -6 -7 -8 10 9 -11 11 -13 -14
leaf_value=0.0017288694474079562 0.036543046804233509 0.045002140357917587 -0.005376684907406901 -0.053616419616737736 -0.023844110159907964 -0.011402985393094672 0 -0.028502311073634448 -0.061278960085475911 0.0042531624329350251 0.0087790296837521233 0.05286769438660012 -0.017726385081020021
leaf_weight=480.61990495026112 8.3073369860649091 5.2004815340042141 8.1147926747798937 10.428324565291403 7.3290836662054053 4.60641324520111 8.2522489279508573 5.1508225798606864 9.6064531356096285 8.1615961194038373 30.715324476361275 8.4698746055364591 27.874896541237831
leaf_count=2009 36 22 36 44 31 20 37 22 41 34 134 37 120
internal_value=0 -0.000410699 -0.0152977 -0.0345141 0.00108193 0.0177891 0.0168213 0.000584016 -0.000434094 -0.0305163 0.0130965 0.0194848 0.000596881
internal_weight=622.838 609.924 39.3249 18.5431 20.7818 12.9138 13.4527 570.599 526.263 17.768 44.336 39.1852 508.495
internal_count=2623 2567 170 80 90 56 59 2397 2204 75 193 171 2129
is_linear=0
shrinkage=0.05


Tree=95
num_leaves=21
num_cat=0
split_feature=0 27 83 87 4 49 83 38 37 49 37 86 38 36 40 39 37 17 5 39
split_gain=1.65434 6.03907 4.61029 3.6398 3.33653 4.14042 2.99286 4.6867 6.95814 5.78381 4.0683 3.57958 3.46638 4.13704 4.05185 3.96033 3.1208 3.0482 2.14063 0.702983
threshold=2.8333333333333335 5.5500000000000007 1.9000000000000001 -0.83333333333333337 8.8333333333333339 1.0500000000000003 2.1000000000000005 5.4500000000000011 5.4500000000000011 0.88750000000000007 5.4500000000000011 -1.0249999999999997 9.3000000000000025 20.550000000000004 1.5500000000000003 12.700000000000001 6.9000000000000012 1.3451050000000002 10.500000000000002 10.550000000000002
decision_type=2 2 2 2 2 2 2 2 2 2 2 2 2 2 2 2 2 2 2 2
left_child=6 -2 4 -4 5 -3 12 10 11 -10 17 -9 13 15 -14 -1 -12 -8 -5 -15
right_child=1 2 3 18 -6 -7 7 8 9 -11 16 -13 14 19 -16 -17 -18 -19 -20 -21
leaf_value=0.00070640547959066797 -0.049289347947169167 0.0055188067953922115 -0.014158924468980774 0.0027387852831593884 -0.046468233319468477 -0.024371704191090152 -0.0082137913775451928 0.061193378009558298 0.018952008540741947 -0.013457401406275937 0.025880536846669213 0 -0.054153175428911487 0.050872433999753844 0.0041889849438118548 0.014642573450432683 -0.024552798001039586 -0.060103348923902393 0.046523806562561297 0.011478592566789509
leaf_weight=349.7867493480444 7.0966797769069663 30.509761169552803 5.1212547272443798 5.9788516461849204 5.2495897412300101 17.308196991682053 6.1413239687681225 5.8225263655185699 16.905096098780632 59.592671677470207 5.1103968024253827 4.8539549112319929 5.198163375258444 4.8332643061876279 4.6070795655250549 60.176842793822289 6.2084731161594391 8.7432699501514417 8.6600157469511014 4.532294973731041
leaf_count=1449 31 130 22 26 23 73 26 26 73 254 22 21 22 21 20 264 26 37 37 20
internal_value=0 -0.00671657 -0.00191934 0.0179817 -0.00989503 -0.00492321 0.000966948 -0.00617105 -0.000263833 -0.00589406 -0.0245142 0.0362993 0.00291599 0.00366813 -0.0254414 0.00282829 0 -0.0412817 0.0309735 0.0358905
internal_weight=622.436 79.9243 72.8277 19.7601 53.0675 47.818 542.512 113.378 87.1742 76.4978 26.2035 10.6765 429.134 419.329 9.80524 409.964 11.3189 14.8846 14.6389 9.36556
internal_count=2623 342 311 85 226 203 2281 485 374 327 111 47 1796 1754 42 1713 48 63 63 41
is_linear=0
shrinkage=0.05


Tree=96
num_leaves=20
num_cat=0
split_feature=76 81 35 51 83 27 52 78 75 10 51 35 66 82 29 6 49 47 48
split_gain=1.60734 2.64936 2.92988 2.28053 5.12175 4.7189 7.91347 5.90228 4.37377 7.63782 4.13 3.61797 4.2343 4.13776 3.10532 3.62398 1.99036 1.63599 0.497062
threshold=1.0000000180025095e-35 2.1000000000000005 0.50000000000000011 4.5500000000000007 1.3666666666666669 5.1000000000000005 6.5357142857142865 0.66666666666666674 1.1666666666666667 3.8333333333333335 5.8166666666666673 0.90000000000000013 0.89961672000000004 1.2250000000000003 12.450000000000001 2.166666666666667 1.1125000000000003 0.90000000000000036 2.1500000000000008
decision_type=2 2 2 2 2 2 2 2 2 2 2 2 2 2 2 2 2 2 2
left_child=1 2 -1 4 14 6 7 -5 10 -10 -7 12 -6 -13 16 -16 -2 -8 -4
right_child=3 -3 18 5 11 8 17 -9 9 -11 -12 13 -14 -15 15 -17 -18 -19 -20
leaf_value=0.007608309119591471 -0.031521098655385923 0.015404146065251492 -0.019773726026698291 0.039949620150286969 0 -0.030276422551299954 0.0020564273245132678 0.00023334086462587289 0.0050851163184457374 -0.036842728604379725 -0.0036903174340753527 -0.03864622313343144 -0.060070028995946767 0.0061772438322715267 0.057210920228909223 0 0.0086968766119695298 -0.030227761023489248 -0.05233653744142025
leaf_weight=4.4144796431064668 4.693962290883066 4.9339481741189948 8.4275894314050657 26.754322871565819 4.5755899995565406 16.13870932161808 4.5238027870655051 16.209453597664833 299.46332029998302 10.665349528193472 160.29580789804459 6.6751322150230434 8.9178944528102857 15.839842557907103 5.0630741715431196 5.5868477076292038 5.7236865162849426 8.4309521168470365 4.6140960603952399
leaf_count=19 20 21 36 114 20 68 20 70 1260 45 667 30 39 68 22 24 25 35 20
internal_value=0 -0.0130226 -0.0226549 0.000476845 -0.00892335 0.00151921 0.015209 0.0257156 -1.6757e-05 0.00350575 -0.00634217 -0.0205038 -0.0408908 -0.00657644 0.00972708 0.0286443 -0.00774826 -0.0174386 -0.0346475
internal_weight=621.948 22.3901 17.4562 599.558 57.076 542.482 55.9185 42.9638 486.563 310.129 176.435 36.0085 13.4935 22.515 21.0676 10.6499 10.4176 12.9548 13.0417
internal_count=2623 96 75 2527 248 2279 239 184 2040 1305 735 157 59 98 91 46 45 55 56
is_linear=0
shrinkage=0.05


Tree=97
num_leaves=14
num_cat=0
split_feature=76 39 76 0 31 31 62 31 71 3 79 78 77
split_gain=1.63086 4.20655 3.47979 4.07458 2.14546 5.8435 3.45345 2.86907 5.78977 3.24011 1.7144 1.26371 0.836646
threshold=2.8333333333333335 11.450000000000001 3.8333333333333335 2.166666666666667 2.7643933333333339 2.5615641666666673 5.9500000000000011 1.9968009666666668 1.0250000000000004 10.16666666666667 0.58333333333333348 1.5833333333333333 1.5833333333333337
decision_type=2 2 2 2 2 2 2 2 2 2 2 2 2
left_child=4 -2 3 11 5 7 -6 9 -9 -1 -8 -3 -7
right_child=1 2 -4 -5 6 12 10 8 -10 -11 -12 -13 -14
leaf_value=-2.3270099553034299e-05 -0.02929527006373786 0.051899448900478963 -0.01251202269138018 -0.0031878361565804607 0.0086775396219140981 0.01434526720572203 -0.0079403904704033502 -0.023538486038545775 0.0064676012302232674 0.040036682092768977 -0.050633220043604078 0.019869013146120829 0.049894717555306903
leaf_weight=480.38854330778122 5.1493848264217368 8.8998775035142952 7.058880239725112 8.1487379372119886 6.9090272635221508 6.9713586270809156 6.4409206658601743 37.303999006748199 25.857676401734352 4.5893255472183219 6.3559491485357285 11.928775876760481 5.4081845432519913
leaf_count=2016 22 38 30 36 30 30 28 160 112 20 27 50 24
internal_value=0 0.00952721 0.016084 0.0239921 -0.000710841 -8.88432e-05 -0.0167258 -0.000914642 -0.0109073 0.000345164 -0.0321318 0.0356233 0.0331507
internal_weight=621.411 41.1857 36.0363 28.9774 580.225 560.519 19.7059 548.14 63.1617 484.978 12.7969 20.8287 12.3795
internal_count=2623 176 154 124 2447 2362 85 2308 272 2036 55 88 54
is_linear=0
shrinkage=0.05


Tree=98
num_leaves=12
num_cat=0
split_feature=18 74 74 66 84 65 69 40 39 7 20
split_gain=1.61536 5.3119 5.69962 3.28754 3.03036 2.83856 2.33747 2.966 3.59414 3.06717 0.617813
threshold=0.52633408333333342 1.1666666666666667 1.8333333333333337 0.6050139000000001 1.3666666666666669 1.8201142000000003 -2.4499999999999997 0.90000000000000013 10.300000000000002 2.0409811666666671 1.0086472500000003
decision_type=2 2 2 2 2 2 2 2 2 2 2
left_child=1 4 10 -2 -1 -4 -5 8 -8 -9 -3
right_child=3 2 5 6 -6 -7 7 9 -10 -11 -12
leaf_value=-0.054518148938696498 0.034314939081715568 0.01245321633572285 -0.040657980055571509 -0.030075633871006764 -0.0023164043152970105 0.0020769000146882446 0.0012903291700341745 0.0013738313491741903 0.041986895917170676 -0.0089207883281322703 0.046669107551501089
leaf_weight=7.6937028020620328 6.6615928560495368 6.3544431924819964 6.285907566547392 5.7921232730150214 5.8841794282197952 6.6372816413640976 16.234266653656963 461.06534451246262 8.8711382150650007 85.161059811711311 4.4838728457689285
leaf_count=32 29 27 27 25 25 29 71 1933 39 366 20
internal_value=0 -0.0100324 0.00337468 0.00062729 -0.0345573 -0.0175873 0.000165795 0.000542129 0.0171861 -0.000192146 0.0302472
internal_weight=621.125 37.3394 23.7615 583.786 13.5779 12.9232 577.124 571.332 25.1054 546.226 10.8383
internal_count=2623 160 103 2463 57 56 2434 2409 110 2299 47
is_linear=0
shrinkage=0.05


Tree=99
num_leaves=19
num_cat=0
split_feature=72 22 64 32 48 71 66 8 35 16 76 50 64 72 72 0 79 18
split_gain=1.5971 4.56416 3.99947 3.69166 3.91554 3.57044 3.54721 3.47273 3.80834 5.03072 4.84519 3.4941 3.34031 2.75565 2.5292 1.83318 1.80187 1.31088
threshold=2.166666666666667 0.83333333333333337 1.5500000000000003 1.431944166666667 1.5277777777777779 0.61250000000000016 1.7806076500000001 0.48431425000000006 1.3 3.166666666666667 0.83333333333333337 14.550000000000002 2.0500000000000003 3.166666666666667 1.1666666666666667 2.166666666666667 0.58333333333333348 1.096604166666667
decision_type=2 2 2 2 2 2 2 2 2 2 2 2 2 2 2 2 2 2
left_child=6 2 -2 12 -5 -4 7 11 9 -9 -10 -1 13 -3 -8 -13 -7 -14
right_child=1 3 5 4 -6 16 14 8 10 -11 -12 15 17 -15 -16 -17 -18 -19
leaf_value=0.0023174679550242317 -0.0052417088502078584 0.013017497858447602 0.00130464706313814 0.0028978581969271019 -0.052377357690186248 0.017854302170718119 0 -0.00013875577147232939 0.0096048429162776724 0.029579409343237273 -0.017804216478218709 -0.06100161010078025 -0.037403640726448723 -0.011212826354723293 0.047828989040321596 -0.009648008433746004 0.066597466168789726 0
leaf_weight=5.9552034884691265 7.4493329226970699 54.617239519953728 6.8509947061538723 4.6261903792619687 6.0548048913478851 5.3263287395238859 5.4884185045957548 380.79864153265953 20.010512217879295 14.236360937356947 62.520522147417068 5.6145817786455137 5.5188711881637555 13.412468582391737 5.6784923225641251 4.6194822043180466 7.6117469072341919 4.4741297960281372
leaf_count=26 34 232 30 20 26 23 23 1589 86 63 268 24 24 57 24 20 34 20
internal_value=0 0.00526337 0.0229707 0 -0.0271414 0.0346905 -0.00123184 -0.00192103 -0.00108154 0.000905066 -0.0108397 -0.0244128 0.00355537 0.00782858 0.0258747 -0.0416797 0.0498023 -0.0221399
internal_weight=620.864 115.942 27.2384 88.7037 10.681 19.7891 504.922 493.755 477.566 395.035 82.531 16.1893 78.0227 68.0297 11.1669 10.2341 12.9381 9.993
internal_count=2623 500 121 379 46 87 2123 2076 2006 1652 354 70 333 289 47 44 57 44
is_linear=0
shrinkage=0.05


Tree=100
num_leaves=16
num_cat=0
split_feature=62 37 16 40 88 85 34 45 3 28 72 84 55 78 37
split_gain=1.60506 4.51876 3.46459 3.29934 2.94529 4.1624 6.1328 2.76192 2.73279 4.0779 4.1886 3.8198 2.4789 1.15821 0.420512
threshold=7.2500000000000009 6.4500000000000011 1.8333333333333337 0.45000000000000007 1.0000000180025095e-35 1.7750000000000001 2.7000000000000006 -1.5666666666666662 10.16666666666667 6.6750000000000007 2.166666666666667 1.9000000000000001 2.0197447000000004 -3.3306690738754691e-16 5.5500000000000007
decision_type=2 2 2 2 2 2 2 2 2 2 2 2 2 2 2
left_child=3 2 14 -1 -3 6 -6 -7 9 11 -11 -5 -10 -4 -2
right_child=1 4 13 8 5 7 -8 -9 12 10 -12 -13 -14 -15 -16
leaf_value=-0.039738951424758029 0.022242382284983677 0.027644392954843406 0.018244837757025009 -0.0017364777708456535 -0.055196875838279369 -0.023120706506152489 0.0068165433760266347 0.018785529929079871 0.044898407019253538 -0.018536447821574088 0.0067778798415231364 0.0088362181133123489 0 -0.01126520070468515 0.059867048610950574
leaf_weight=4.9161909520626059 5.2828874439001101 6.0085725486278525 6.5761055499315262 354.29819115996361 8.4727133214473707 4.6770633459091178 5.8494945615530005 13.158600211143495 5.752575680613516 57.583982050418854 20.71296001970768 111.42927177250385 5.4124753922224045 4.9505185484886152 5.4755038321018219
leaf_count=21 25 27 31 1476 36 20 26 59 25 246 91 466 24 22 28
internal_value=0 0.00769285 0.0254142 -0.000850524 -0.00220273 -0.00888293 -0.0288071 0.00610213 -0.000425732 -0.000982434 -0.0115219 0.000746272 0.0234362 0.00355056 0.0454204
internal_weight=620.557 60.4515 22.285 560.106 38.1664 32.1579 14.3222 17.8357 555.189 544.024 78.2969 465.727 11.1651 11.5266 10.7584
internal_count=2623 274 106 2349 168 141 62 79 2328 2279 337 1942 49 53 53
is_linear=0
shrinkage=0.05


Tree=101
num_leaves=16
num_cat=0
split_feature=27 2 51 47 18 2 6 87 3 44 17 24 2 80 83
split_gain=1.63087 3.5762 2.94746 4.16821 6.09382 4.26865 4.04564 4.35304 3.67609 4.21596 5.99658 4.15444 3.81299 3.12266 1.09698
threshold=9.1000000000000014 18.833333333333339 6.8166666666666673 0.90000000000000036 1.3591625833333336 15.833333333333334 2.416666666666667 1.341666666666667 8.1666666666666696 1.0842458666666668 1.4100392500000003 2.5000000000000004 23.166666666666668 1.6333333333333335 1.2916666666666667
decision_type=2 2 2 2 2 2 2 2 2 2 2 2 2 2 2
left_child=2 -2 8 4 5 -4 7 -5 9 11 -11 -1 13 -10 -3
right_child=1 14 3 6 -6 -7 -8 -9 12 10 -12 -13 -14 -15 -16
leaf_value=0.00015505565323110029 -0.047921573808535817 0.018719175187665121 0.0041121286651675075 0.031280671782853681 0.033944462307927012 -0.050445516533669514 -0.014432983774320186 -0.0079318957928953167 -0.061670514395303744 -0.020867175032389829 0.027356889492862468 -0.015840373527931956 0.010525574873165062 -0.0056785347010043933 -0.012821923903207345
leaf_weight=442.03744906187057 5.1249156445264807 4.600763186812399 4.7706011980772036 35.092293336987495 4.7878428548574439 7.9040651023387909 7.0221023410558692 7.4292893260717383 6.3609880059957522 7.3342734128236762 28.035579353570938 43.894911155104637 4.5900850743055335 5.8034186214208603 5.309633880853653
leaf_count=1854 23 20 20 151 21 34 30 33 27 32 124 186 20 25 23
internal_value=0 -0.0159999 0.000406765 0.0102822 -0.00961898 -0.0286363 0.0178222 0.0238359 -0.000785038 0 0.0165087 -0.00125323 -0.0234918 -0.0382106 0
internal_weight=620.098 15.0353 605.063 67.0062 17.4625 12.6747 49.5437 42.5216 538.057 521.302 35.3699 485.932 16.7545 12.1644 9.9104
internal_count=2623 66 2557 289 75 54 214 184 2268 2196 156 2040 72 52 43
is_linear=0
shrinkage=0.05


Tree=102
num_leaves=14
num_cat=0
split_feature=44 15 34 20 32 8 6 41 80 22 86 77 1
split_gain=1.59507 6.1749 5.31099 2.81572 2.71768 3.89654 2.90643 2.66931 2.059 1.56354 1.41251 1.33331 0.428785
threshold=0.30655246666666675 11.16666666666667 1.2666666666666668 0.29844833333333332 2.0178566666666673 1.9528640000000002 3.166666666666667 1.5944123333333333 1.3666666666666669 0.33333333333333343 0.51666666666666661 2.166666666666667 0.83333333333333337
decision_type=2 2 2 2 2 2 2 2 2 2 2 2 2
left_child=1 7 -3 9 5 6 -5 -1 -7 -2 -6 12 -4
right_child=3 2 11 4 10 8 -8 -9 -10 -11 -12 -13 -14
leaf_value=-0.041915273307569278 0 -0.005837554651515202 0.025138051929689528 0.00049277943264376006 -0.00085155076516433116 0 -0.016137069889204287 0.0013329635141661599 0.045462064107456651 -0.042597180438101727 -0.045400554042302949 0.008362985868704589 0.061609293857339965
leaf_weight=5.6920363008975965 4.6324358284473401 8.5185618847608584 5.7371956408023852 524.22097977995872 4.7048149257898313 4.6419121176004392 27.09570786356926 5.9186641871929169 6.7009358406066895 5.6669951677322388 4.4926804900169373 4.6776060760021201 6.8839269876480103
leaf_count=25 20 38 26 2205 20 20 116 26 29 24 20 21 33
internal_value=0 0.0099235 0.0238384 -0.000658554 -0.000136792 0.000271342 -0.000293108 -0.0186599 0.0286714 -0.0259659 -0.0264092 0.0396101 0.0485255
internal_weight=619.584 37.428 25.8173 582.156 571.857 562.66 551.317 11.6107 11.3428 10.2994 9.1975 17.2987 12.6211
internal_count=2623 169 118 2454 2410 2370 2321 51 49 44 40 80 59
is_linear=0
shrinkage=0.05


Tree=103
num_leaves=9
num_cat=0
split_feature=15 16 39 14 18 20 48 13
split_gain=1.53034 2.58241 3.17973 4.1013 2.65175 6.44278 3.19598 1.63744
threshold=19.166666666666668 4.166666666666667 15.550000000000002 7.166666666666667 0.52633408333333342 1.014373916666667 3.3500000000000001 3.8333333333333335
decision_type=2 2 2 2 2 2 2 2
left_child=1 2 4 7 5 -1 -6 -4
right_child=-2 -3 3 -5 6 -7 -8 -9
leaf_value=-0.034016958385977195 -0.022528099720912003 0.028232824101241189 0.0022469483288125465 -0.013541934992433273 0.00067674035057829003 0.0086487198584079775 -0.022707250666586121 0.044703336976259167
leaf_weight=18.470639154314995 6.9554232805967322 7.648194655776023 4.643374755978587 5.5334050357341757 536.62487444281578 14.917172163724898 14.518759623169897 9.9074915647506696
leaf_count=78 30 33 20 24 2265 66 63 44
internal_value=0 0.00026213 -7.3412e-05 0.0191944 -0.000794018 -0.0143705 0 0.0333407
internal_weight=619.219 612.264 604.616 20.0843 584.531 33.3878 551.144 14.5509
internal_count=2623 2593 2560 88 2472 144 2328 64
is_linear=0
shrinkage=0.05


Tree=104
num_leaves=15
num_cat=0
split_feature=86 76 82 14 73 63 8 63 1 20 61 53 50 87
split_gain=1.52133 2.20802 5.1353 4.22939 5.19486 2.67231 5.17055 4.63406 3.32298 4.38253 4.14264 2.16522 2.01482 0.317929
threshold=2.9000000000000008 2.416666666666667 1.0000000180025095e-35 6.5833333333333348 2.5833333333333335 12.828571428571431 0.59542341666666676 14.15 0.83333333333333337 1.0000000180025095e-35 4.2250000000000005 11.535714285714286 15.707142857142857 1.6333333333333335
decision_type=2 2 2 2 2 2 2 2 2 2 2 2 2 2
left_child=1 5 -3 4 -4 8 -7 -8 9 -1 -10 12 13 -2
right_child=11 2 3 -5 -6 6 7 -9 10 -11 -12 -13 -14 -15
leaf_value=-0.031067977468592762 -0.014710997468464736 0.056897729953585968 0.017677664183255289 -0.036219109566975626 -0.025412122973842155 -0.034977879658448965 0.025112460499578673 0 -0.02758811826215006 0.0067400299351795395 -0.0032394278126323785 0.010203646759242735 -0.047509282670426416 0
leaf_weight=7.467180371284484 4.6693977564573306 4.8598321825265876 38.154687479138374 4.986431509256362 7.6834804564714423 5.6463780999183646 34.433405116200447 36.196395292878151 18.47771792113781 131.64324252307415 309.41187460720539 5.3221654742956153 5.3492103964090338 4.6993233412504196
leaf_count=33 20 21 161 22 32 25 152 156 78 558 1295 23 26 21
internal_value=0 0.000449078 0.0099069 0.00441604 0.00971909 -0.000482568 0.00810098 0.012118 -0.00194518 0.0044275 -0.00472761 -0.0133895 -0.0236188 -0.00572899
internal_weight=619.001 598.961 55.6844 50.8246 45.8382 543.276 76.2762 70.6298 467 139.11 327.89 20.0401 14.7179 9.36872
internal_count=2623 2533 236 215 193 2297 333 308 1964 591 1373 90 67 41
is_linear=0
shrinkage=0.05


Tree=105
num_leaves=15
num_cat=0
split_feature=44 15 45 24 41 32 59 60 42 87 63 75 48 55
split_gain=1.56132 5.66101 4.26713 3.59512 2.4369 2.42509 2.86007 3.75093 3.33758 4.32962 3.70919 2.05904 1.50093 1.20336
threshold=0.30655246666666675 11.16666666666667 0.4000000000000003 1.6750000000000003 1.5944123333333333 2.0178566666666673 1.8166666666666669 13.316666666666668 1.759727266666667 -0.56666666666666654 8.6500000000000004 2.166666666666667 1.2750000000000001 1.7703979999999999
decision_type=2 2 2 2 2 2 2 2 2 2 2 2 2 2
left_child=1 4 11 -4 -1 6 8 -8 10 -10 -2 12 -3 -7
right_child=5 2 3 -5 -6 13 7 -9 9 -11 -12 -13 -14 -15
leaf_value=-0.040007997452268872 0.018692725203418147 0.017792874544244473 -0.031885798760930867 0.02652709807580228 0.0013234737989179764 -0.00086115666399662599 -0.049217800459263959 0 -0.0065723248626314151 0.046414636275986826 -0.0011680080073834193 0.0014420995890343741 0.065376577818581028 -0.042827507503074007
leaf_weight=5.6136768907308561 24.087661847472191 5.046875894069677 4.8497330993413907 4.561366394162178 5.915499672293663 4.5844924300909025 6.3028993904590598 8.8259091079235059 5.3766171783208838 8.2991733849048597 519.38643403351307 4.2072136849164954 6.9609085768461227 4.5688124448060989
leaf_count=25 106 23 21 20 26 20 27 39 23 36 2183 20 34 20
internal_value=0 0.00984801 0.023231 -0.00114187 -0.0175494 -0.000657218 -0.00019378 -0.021317 0.000353566 0.0243223 -0.000225417 0.0384835 0.0488866 -0.0255315
internal_weight=618.587 37.1553 25.6261 9.4111 11.5292 581.432 572.279 15.1288 557.15 13.6758 543.474 16.215 12.0078 9.1533
internal_count=2623 169 118 41 51 2454 2414 66 2348 59 2289 77 57 40
is_linear=0
shrinkage=0.05


Tree=106
num_leaves=16
num_cat=0
split_feature=60 60 5 29 61 30 59 26 17 88 32 64 2 25 7
split_gain=1.52468 1.89655 3.65578 4.40379 4.4984 4.15761 3.35817 3.99346 3.94449 3.30349 3.12081 4.39497 3.87792 2.24249 2.22053
threshold=9.7000000000000011 14.850000000000003 16.500000000000004 14.225000000000001 5.7250000000000005 1.9000000000000001 0.81666666666666676 14.266666666666667 0.92254100000000017 1.0000000180025095e-35 1.0843627000000002 1.6500000000000001 11.833333333333334 0.77500000000000013 1.6497482500000002
decision_type=2 2 2 2 2 2 2 2 2 2 2 2 2 2 2
left_child=-1 6 3 4 -3 -5 10 9 -9 -8 11 -2 -12 -4 -15
right_child=1 2 13 5 -6 -7 7 8 -10 -11 12 -13 -14 14 -16
leaf_value=0.020166605741907331 0.012396598997027509 0.019877084803051687 0.00043594898184797209 -0.0080389152373837921 -0.00051127668523120366 0.033825382543908794 0.039420913683632042 0.017758616392878381 -0.021647935904481573 -0.0057789038827540697 -0.023770906789028944 -0.043063780940265112 0.019846055668842691 -0.002335144141663182 -0.047808114604529189
leaf_weight=8.7168662548065168 5.7920875847339612 28.372983872890472 7.1624277532100704 7.0077362656593349 405.74961240589619 19.25698633491993 5.5413853675127003 6.0239989310502997 59.303990751504898 9.8686064332723618 5.2094627916812888 6.656804695725441 29.833474472165108 5.8910858780145627 7.7529719173908234
leaf_count=37 25 127 30 30 1705 83 24 26 252 44 23 30 127 26 34
internal_value=0 -0.000322106 0.00107536 0.00205937 0.00078506 0.0217799 -0.00574425 -0.0120084 -0.0175271 0.00963154 0.00439829 -0.0158468 0.0124154 -0.0190619 -0.0307184
internal_weight=618.14 609.424 481.194 460.387 434.123 26.2647 128.23 80.738 65.328 15.41 47.4918 12.4489 35.0429 20.8065 13.6441
internal_count=2623 2586 2035 1945 1832 113 551 346 278 68 205 55 150 90 60
is_linear=0
shrinkage=0.05


Tree=107
num_leaves=14
num_cat=0
split_feature=17 17 86 64 65 65 73 23 52 78 82 84 17
split_gain=1.50777 2.89105 4.33703 3.72245 3.59869 6.30651 3.49896 2.87858 2.82448 2.81608 2.51205 1.96004 1.08663
threshold=2.8140483333333335 2.2813291666666671 -1.2249999999999999 1.9500000000000002 2.6372160000000004 2.2972888 3.166666666666667 1.4166666666666672 6.3500000000000005 0.50000000000000022 0.77500000000000013 1.3666666666666669 2.5904016666666672
decision_type=2 2 2 2 2 2 2 2 2 2 2 2 2
left_child=1 4 12 9 5 6 -1 10 -9 -4 -2 -7 -3
right_child=7 2 3 -5 -6 11 -8 8 -10 -11 -12 -13 -14
leaf_value=0.00083776606447775515 0 0.047085475900131825 -0.00045642436093019917 -0.029694505460062748 0.040821686232808692 -0.05376437992632669 -0.018880070401314005 0.023812277841781578 -0.020418831886250623 0.033296366462556438 -0.040496680714655876 -0.0060430317506584017 0.0090383132291990687
leaf_weight=505.69010838866234 5.3846216350793865 8.6837960183620435 14.847969397902494 6.6028324961662284 4.714391201734542 6.7179216444492322 23.043141260743141 8.037600100040434 5.4003732353448859 8.6306932121515256 9.7677862346172315 5.1502149552106857 5.0544688254594794
leaf_count=2141 23 39 64 28 21 28 96 36 23 38 42 22 22
internal_value=0 0.000532442 0.0128323 0.00118041 -0.000420982 -0.000864235 0 -0.0111279 0.00414845 0.011344 -0.0259727 -0.0361584 0.0356523
internal_weight=617.726 589.136 43.8198 30.0815 545.316 540.601 528.733 28.5904 13.438 23.4787 15.1524 11.8681 13.7383
internal_count=2623 2499 191 130 2308 2287 2237 124 59 102 65 50 61
is_linear=0
shrinkage=0.05


Tree=108
num_leaves=24
num_cat=0
split_feature=0 48 54 32 84 2 47 26 18 85 46 84 84 86 5 48 83 28 21 47 54 32 70
split_gain=1.4961 3.96812 6.26309 6.48409 5.68095 3.58926 5.20202 3.71942 4.61068 3.55634 4.22428 3.71496 4.09573 3.47805 3.27776 4.09474 3.78723 3.78319 6.17123 5.10454 2.54502 2.31628 1.3375
threshold=1.5000000000000002 1.7750000000000001 2.2111111111111117 1.3047921333333334 1.9000000000000001 13.833333333333334 2.1000000000000005 13.300000000000002 0.92407258333333342 2.1000000000000005 0.19999999999999982 1.4500000000000002 1.1000000000000003 1.6500000000000004 8.1666666666666696 2.9500000000000006 1.5500000000000003 5.4500000000000011 0.33333333333333343 1.0000000180025095e-35 2.0500000000000003 1.2160138333333335 0.75000000000000022
decision_type=2 2 2 2 2 2 2 2 2 2 2 2 2 2 2 2 2 2 2 2 2 2 2
left_child=5 2 3 4 -2 6 7 8 -1 11 -11 12 -7 -13 15 16 -3 18 -16 -19 -9 -4 -5
right_child=1 14 21 22 -6 9 -8 20 -10 10 -12 13 -14 -15 17 -17 -18 19 -20 -21 -22 -23 -24
leaf_value=0.012967514735544729 -0.05156223539929209 0.016783049515370265 0.038956834396436518 0.024648421012205976 0.0041548687743937678 0.0069020636521713898 0.042777784684462576 0.030094663257504622 -0.028326869215457479 -0.044582163458315428 0.0084622323549007009 -0.0083260123099023926 0.043723326496055398 0.025650076415266732 0 -0.044397332684756402 -0.024291167258624194 -0.032401608737405545 0.038365360396540094 0.00071755062986197232 -0.011978089743760032 -0.0038324979465148481 -0.0077271793367547697
leaf_weight=7.5812502056360236 19.545380085706714 10.680370941758161 5.3870203942060453 4.6729139238595945 4.7956199795007697 15.951717421412466 4.4658420830965033 7.5305034518241865 28.235737547278404 5.179811790585517 9.2367342412471753 20.366918772459034 18.553110927343369 10.947479993104933 28.012300610542297 8.4226344972848874 10.427538663148878 11.513937711715696 16.873074010014534 352.87581826746464 5.0823395252227783 4.6826083660125732 6.3862857967615128
leaf_count=33 82 47 23 22 21 70 20 33 123 23 40 89 81 47 121 37 46 50 74 1472 22 20 27
internal_value=0 -0.00130774 -0.0152886 -0.0254118 -0.0397159 0.00466747 -0.00509334 -0.0104106 -0.0188397 0.0114037 -0.00977598 0.0164584 0.0277566 0.00298263 9.98166e-05 -0.015782 -0.00244364 0.00132461 0.0149497 -0.000303395 0.0114246 0.0174535 0.00426436
internal_weight=617.407 484.276 45.4698 35.4002 24.341 133.131 52.8957 48.4298 35.817 80.2358 14.4165 65.8192 34.5048 31.3144 438.806 29.5305 21.1079 409.275 44.8854 364.39 12.6128 10.0696 11.0592
internal_count=2623 2042 195 152 103 581 231 211 156 350 63 287 151 136 1847 130 93 1717 195 1522 55 43 49
is_linear=0
shrinkage=0.05


Tree=109
num_leaves=14
num_cat=0
split_feature=2 4 32 21 68 44 44 81 18 56 12 51 70
split_gain=1.48908 3.06219 3.03593 3.14262 2.8602 2.56979 5.74098 7.62618 4.27192 3.92608 3.44108 2.56575 2.49857
threshold=24.166666666666668 8.5000000000000018 0.74750183333333353 -0.33333333333333304 0.8073779000000002 1.0842458666666668 0.82368583333333345 1.3666666666666669 0.75733908333333344 0.9761004000000002 24.333333333333339 5.8166666666666673 1.8166666666666671
decision_type=2 2 2 2 2 2 2 2 2 2 2 2 2
left_child=1 5 -3 -4 -2 6 10 -8 12 -10 -1 -5 -7
right_child=4 2 3 11 -6 8 7 -9 9 -11 -12 -13 -14
leaf_value=0.0011510447038066639 0.034407680315934601 0.013554511617066313 0.0021509161986660048 -0.050125997379554733 -0.010525759544943952 0.0069898075387175938 -0.058010714432384251 0.0046796082152108344 0.045755906537626193 0.0034507749098393256 -0.02922174719983844 -0.012549983925515923 -0.02943301015734609
leaf_weight=495.56106218695641 8.1416552066802961 6.8095993101596823 8.8135442584753054 9.8033915758132952 4.5528034567832938 12.534393817186357 9.3574032038450259 8.0961252301931363 12.12804187834263 12.332012698054312 8.9728160798549634 13.270134568214415 6.4344284683465949
leaf_count=2091 36 30 39 43 20 56 41 34 54 55 38 58 28
internal_value=0 -0.000369674 -0.0139086 -0.0206641 0.0166096 0.000524216 -0.000406579 -0.0282178 0.0121582 0.0259249 0.000532986 -0.0303002 -0.0045197
internal_weight=616.807 604.113 38.6967 31.8871 12.6945 565.416 521.987 17.4535 43.4289 24.4601 504.534 23.0735 18.9688
internal_count=2623 2567 170 140 56 2397 2204 75 193 109 2129 101 84
is_linear=0
shrinkage=0.05


Tree=110
num_leaves=16
num_cat=0
split_feature=27 2 51 47 66 31 3 3 87 44 0 60 58 32 70
split_gain=1.49334 3.29808 2.67833 4.18181 6.84634 4.11612 5.16984 2.9334 3.65442 3.52142 5.90791 5.35235 1.562 0.969628 0.877367
threshold=9.1000000000000014 18.833333333333339 6.8944444444444457 0.90000000000000036 1.2905019000000004 1.8115650000000005 6.166666666666667 8.1666666666666696 0.57500000000000018 1.0842458666666668 2.8333333333333335 15.050000000000002 1.7250000000000003 1.0843627000000002 1.3500000000000003
decision_type=2 2 2 2 2 2 2 2 2 2 2 2 2 2 2
left_child=2 -2 7 4 12 -5 -7 9 13 10 -1 -11 -4 -9 -3
right_child=1 14 3 5 -6 6 -8 8 -10 11 -12 -13 -14 -15 -16
leaf_value=0.00019524831422630586 -0.046292450499627158 0.016633772855030812 -0.048098989293770975 -0.020900398632494904 0.03433314008612242 -0.00094900258625817103 0.034288355567035744 -0.0097944165389115302 0.0087592794230006484 -0.0077667748703558973 -0.022586706374101095 0.030820255796052611 -0.0053237594630171237 -0.049664720517091428 -0.011616716762782999
leaf_weight=454.26239846646786 5.0475325882434836 4.6653260439634305 6.5323361009359378 5.1607704088091841 4.9884358346462241 13.731654375791548 29.941481232643127 4.5970615744590777 5.467200204730033 13.581870049238203 29.726896375417709 21.257278874516487 5.3951539546251297 6.8954970836639404 5.1633858978748322
leaf_count=1914 23 20 28 23 22 59 131 20 24 60 127 96 23 30 23
internal_value=0 -0.0153926 0.000387156 0.00989848 -0.0104041 0.0174722 0.0227578 -0.00074156 -0.0209023 -1.49044e-05 -0.0011743 0.0151728 -0.0317548 -0.0368744 0
internal_weight=616.414 14.8762 601.538 65.7498 16.9159 48.8339 43.6731 535.788 16.9598 518.828 483.989 34.8391 11.9275 11.4926 9.82871
internal_count=2623 66 2557 286 73 213 190 2271 74 2197 2041 156 51 50 43
is_linear=0
shrinkage=0.05


Tree=111
num_leaves=20
num_cat=0
split_feature=62 37 13 37 84 32 14 54 8 3 2 23 63 38 61 88 14 8 12
split_gain=1.49086 4.19889 3.67597 2.68987 2.62751 5.36341 4.35721 4.50519 3.32775 4.72584 4.51383 4.13702 3.45367 4.30558 2.49249 2.23321 2.85127 2.19067 0.724961
threshold=7.2500000000000009 6.3000000000000016 4.8333333333333348 8.6750000000000025 1.9000000000000001 1.401793166666667 7.166666666666667 1.1214285714285717 1.2001482500000002 6.166666666666667 17.833333333333339 0.33333333333333315 12.65 7.3000000000000016 7.6500000000000012 1.0000000180025095e-35 7.8333333333333348 1.8808793333333333 17.166666666666668
decision_type=2 2 2 2 2 2 2 2 2 2 2 2 2 2 2 2 2 2 2
left_child=4 2 -2 15 8 6 7 -6 9 10 -1 -11 13 -10 -5 -3 -17 -7 -4
right_child=1 3 18 14 5 17 -8 -9 12 11 -12 -13 -14 -15 -16 16 -18 -19 -20
leaf_value=-0.0063210224436716289 0 0.016105212404267624 0.018974865461452377 0.044790723207743507 -0.021508023469089758 -0.039625190367221022 -0.031229526598779107 0.014045998303035909 0.0062754450064151888 -0.024260639626378852 -0.038909358515100807 0.012334548881596866 0.036294030316956424 -0.039417820630284282 0 0 -0.034593957407863141 0 0.056547331129686608
leaf_weight=271.25722318142653 8.1435368806123751 4.729350462555888 5.7375473231077176 4.3240365087985984 8.7591800540685636 7.9914454221725446 5.6884542256593695 106.07281352579594 63.185970097780228 8.11783319711685 10.981229603290556 55.603261575102806 8.2331094592809659 5.0419819951057425 8.4308886379003507 9.8708472549915331 11.80994503200054 5.40355584025383 6.5374329090118408
leaf_count=1126 38 21 28 20 39 35 24 446 274 36 47 238 39 22 37 44 53 23 33
internal_value=0 0.00746508 0.0256347 -0.00158103 -0.000824833 0.00520115 0.00871351 0.0110357 -0.00279819 -0.00492576 -0.00774394 0.00713059 0.00647294 0.0022728 0.0161257 -0.0112023 -0.018515 -0.0237781 0.0423723
internal_weight=615.92 59.5836 20.4185 39.1651 556.336 133.915 120.52 114.832 422.421 345.96 282.238 63.7211 76.4611 68.228 12.7549 26.4101 21.6808 13.395 12.275
internal_count=2623 274 99 175 2349 567 509 485 1782 1447 1173 274 335 296 57 118 97 58 61
is_linear=0
shrinkage=0.05


Tree=112
num_leaves=12
num_cat=0
split_feature=78 78 78 83 22 45 11 45 86 77 84
split_gain=1.48751 4.38512 2.93554 6.57993 1.97467 2.65293 2.91862 2.24701 1.76741 1.72694 0.503131
threshold=3.1666666666666674 3.5833333333333339 2.5000000000000009 0.63333333333333341 -1.1666666666666663 2.9000000000000008 2.166666666666667 0.60000000000000053 2.0250000000000004 1.0000000180025095e-35 2.3666666666666667
decision_type=2 2 2 2 2 2 2 2 2 2 2
left_child=2 10 4 -4 7 6 -6 -1 -5 -3 -2
right_child=1 9 3 8 5 -7 -8 -9 -10 -11 -12
leaf_value=0 -0.053921240360705086 -0.012853306374312371 -0.016216003521664493 0.062072062898448847 -0.00082131008305612839 0.032500278601702876 0.01949016655896221 -0.045818983295034386 0.016176022711456142 0.019088915223912931 -0.014786805094674896
leaf_weight=4.7213776409625989 4.5239426940679568 7.0621643811464301 7.0853036046028164 5.8416907042264921 538.63839217275381 5.7959160655736914 17.76880057156086 4.5203582793474197 6.7917080074548721 8.2755037546157819 4.3613526672124863
leaf_count=21 21 32 30 26 2282 27 77 21 30 36 20
internal_value=0 -0.0120319 0.000485911 0.0192193 -0.000133043 0.000209491 -0.000110858 -0.022478 0.0408571 0.00286128 -0.0391869
internal_weight=615.387 24.223 591.164 19.7187 571.445 562.203 556.407 9.24174 12.6334 15.3377 8.8853
internal_count=2623 109 2514 86 2428 2386 2359 42 56 68 41
is_linear=0
shrinkage=0.05


Tree=113
num_leaves=18
num_cat=0
split_feature=64 47 62 25 38 39 70 37 54 21 3 47 63 3 70 39 15
split_gain=1.47295 4.87715 5.15808 3.99742 3.88179 3.65071 3.35872 4.41879 3.65504 4.2845 3.56714 4.17488 4.8252 4.21281 2.53449 1.47697 1.05151
threshold=1.2500000000000002 2.1000000000000005 6.3375000000000012 0.90000000000000013 6.9000000000000012 10.450000000000001 1.9500000000000002 4.9000000000000012 1.9500000000000002 1.6666666666666667 10.16666666666667 1.9000000000000006 11.816666666666668 8.5000000000000018 1.1166666666666669 9.9000000000000021 10.41666666666667
decision_type=2 2 2 2 2 2 2 2 2 2 2 2 2 2 2 2 2
left_child=1 2 3 -1 16 -5 10 -8 9 -9 11 13 -13 -2 -6 -3 -4
right_child=6 15 4 5 14 -7 7 8 -10 -11 -12 12 -14 -15 -16 -17 -18
leaf_value=0.030645927025329714 -0.00067397655358785943 0 0.065118351698059143 -0.038024352841935172 -0.0022156274741452703 0.0033484651567706105 0.023868468530960502 -0.050751407098040248 0.0072223137386072007 0 0.030768861759382028 0.0049961449501139251 0.052620514880319116 -0.024628297962939895 0.03485645128315349 -0.042384808725722249 0.018955338499745931
leaf_weight=5.9572178125381496 464.6096620708704 4.5179504454135877 6.8166956752538699 8.5388853400945681 10.943020090460779 10.502135977149008 4.4292332082986858 13.705220714211469 5.0338811576366416 5.4863571822643271 8.7961256802082044 24.52203077077866 6.9495005309581748 18.767445608973503 6.2699409127235404 4.8096354603767395 4.3902189880609512
leaf_count=27 1960 20 31 36 50 45 20 58 22 25 39 106 33 81 29 21 20
internal_value=0 0.00721162 0.0133684 -0.00231271 0.0278276 -0.0144239 -0.000843294 -0.0173631 -0.026243 -0.0362509 2.87021e-05 -0.000477322 0.0169529 -0.00168017 0.0104795 -0.02439 0.0507518
internal_weight=615.045 62.7457 53.4181 24.9982 28.4199 19.041 552.299 28.6547 24.2255 19.1916 523.645 514.849 31.4715 483.377 17.213 9.32759 11.2069
internal_count=2623 279 238 108 130 81 2344 125 105 83 2219 2180 139 2041 79 41 51
is_linear=0
shrinkage=0.05


Tree=114
num_leaves=15
num_cat=0
split_feature=42 39 88 86 60 15 51 13 78 80 68 80 55 14
split_gain=1.47411 1.85428 4.19577 5.927 5.92505 4.19165 3.37492 2.72948 3.77533 4.7881 3.32337 4.80538 2.90399 1.023
threshold=0.38596638333333338 11.700000000000001 1.0000000180025095e-35 -0.16666666666666666 15.950000000000001 19.166666666666668 4.5500000000000007 4.8333333333333348 -2.8333333333333326 0.36666666666666675 1.2101784999999998 0.90000000000000013 2.9345284000000005 6.5833333333333348
decision_type=2 2 2 2 2 2 2 2 2 2 2 2 2 2
left_child=-1 7 3 4 -3 6 -4 10 9 -9 11 -2 -10 -5
right_child=1 2 5 13 -6 -7 -8 8 12 -11 -12 -13 -14 -15
leaf_value=-0.022620639602722863 0.011726988954560535 -0.0094842826804815168 -0.026246028942695454 0.053687145565563858 0.052732657413403064 -0.04075512021098715 0.0061074203158342569 0.021748885467069972 0.0018423051948592299 -0.02940001530958963 0.022883247563200024 -0.028562807816536109 -0.029280080690809819 0.013262712043427835
leaf_weight=6.6205678433179846 8.5844481736421567 18.233262404799465 8.3116807043552381 10.236096978187559 4.2572154551744452 5.4479397386312476 79.044483676552773 4.8741565793752697 403.45633848011494 20.630432426929474 4.5944507122039786 28.729214131832123 7.0713907182216635 4.4942151904106131
leaf_count=30 36 77 38 47 21 24 350 20 1694 87 21 126 31 21
internal_value=0 0.000261899 0.00557708 0.0196395 0.00209604 0 0.00261268 -0.00113617 0 -0.0184334 -0.0132465 -0.0186 0.00121043 0.0438354
internal_weight=614.586 607.965 130.025 37.2208 22.4905 92.8041 87.3562 477.94 436.032 25.5046 41.9081 37.3137 410.528 14.7303
internal_count=2623 2593 578 166 98 412 388 2015 1832 107 183 162 1725 68
is_linear=0
shrinkage=0.05


Tree=115
num_leaves=14
num_cat=0
split_feature=44 15 34 20 76 65 59 42 87 32 60 77 1
split_gain=1.50564 4.93718 4.51268 2.40218 3.69994 2.30082 2.27968 3.85667 5.5924 2.75407 2.73847 1.07299 0.398921
threshold=0.30655246666666675 11.16666666666667 1.2666666666666668 0.29844833333333332 1.1666666666666667 1.6907262000000001 1.8166666666666669 1.759727266666667 -0.56666666666666654 2.0178566666666673 13.316666666666668 2.166666666666667 0.83333333333333337
decision_type=2 2 2 2 2 2 2 2 2 2 2 2 2
left_child=1 5 -3 4 -2 -1 7 9 -9 -5 -8 12 -4
right_child=3 2 11 6 -6 -7 10 8 -10 -11 -12 -13 -14
leaf_value=-0.03866343547795708 0.0019105329350598986 -0.0048559523571312865 0.022870159690523487 0.00016901802140393581 -0.052726594590154663 0.0019052592394388371 -0.042384494292567076 -0.008903481205572052 0.05368018661151211 -0.027186442524468165 0 0.0081010413954594393 0.058495534025077928
leaf_weight=5.3344946056604368 5.0887883156537992 8.3864598721265811 5.586964890360834 530.77807664871216 5.0574607402086258 5.9984096586704254 6.4521515518426886 5.1340638697147369 7.5537963658571226 8.8436229526996595 8.7271804809570295 4.6220518127083769 6.5488618835806847
leaf_count=24 22 38 26 2249 22 27 28 22 33 39 39 21 33
internal_value=0 0.0097811 0.0224174 -0.000625907 -0.0241727 -0.0159048 -0.000139986 0.000349021 0.027083 -0.000257765 -0.018971 0.0372601 0.0456272
internal_weight=614.112 36.4772 25.1443 577.635 10.1462 11.3329 567.489 552.31 12.6879 539.622 15.1793 16.7579 12.1358
internal_count=2623 169 118 2454 44 51 2410 2343 55 2288 67 80 59
is_linear=0
shrinkage=0.05


Tree=116
num_leaves=13
num_cat=0
split_feature=66 81 18 18 44 48 56 35 32 8 88 45
split_gain=1.44879 2.7758 2.25456 2.87462 1.9363 5.38982 4.0397 3.79179 2.45244 3.65647 1.65847 0.484479
threshold=1.7806076500000001 1.7750000000000001 1.9654091666666667 2.3182025000000004 0.29575789999999991 1.2750000000000001 1.0816144000000001 1.3 2.0178566666666673 1.9528640000000002 1.0000000180025095e-35 0.19999999999999976
decision_type=2 2 2 2 2 2 2 2 2 2 2 2
left_child=2 10 4 11 5 6 -1 -7 9 -6 -2 -4
right_child=1 -3 3 -5 8 7 -8 -9 -10 -11 -12 -13
leaf_value=-0.045523547281778903 0.047766229118940892 -0.012317665306868453 -0.0135786504403456 0.006500800699116867 -0.00073775515172538008 0.057729386120726568 0.011244761584355488 0.005034898703362968 -0.025992947443614911 0.026185630328632289 0.0010015496388819281 -0.051045546514622758
leaf_weight=4.7161723673343676 5.5639601051807386 4.6275381594896308 4.5433803200721723 4.9034215956926337 537.15541733801365 7.2506417930126181 6.3670113980770111 8.3852083161473256 8.8110035508871061 12.407642647624014 4.4747147709131241 4.4750697165727615
leaf_count=21 24 20 20 23 2278 35 30 39 39 54 20 20
internal_value=0 0.0152626 -0.000385411 -0.0199219 5.33671e-05 0.0131134 -0.0116756 0.0320514 -0.000538017 -6.1199e-05 0.0303297 -0.0365015
internal_weight=613.681 14.6662 599.015 13.9219 585.093 26.719 11.0832 15.6359 558.374 549.563 10.0387 9.01845
internal_count=2623 64 2559 63 2496 125 51 74 2371 2332 44 40
is_linear=0
shrinkage=0.05


Tree=117
num_leaves=14
num_cat=0
split_feature=87 38 86 10 87 58 86 14 26 61 86 81 75
split_gain=1.46401 3.08043 3.5573 3.32578 2.9254 7.72416 2.55701 2.37569 5.54329 4.10048 1.71604 1.81796 1.65127
threshold=-1.7749999999999997 5.3000000000000016 -2.9749999999999996 1.8333333333333337 -1.3666666666666665 1.8500000000000003 -2.9749999999999996 7.166666666666667 14.550000000000002 6.7500000000000009 -2.8499999999999996 1.9000000000000001 1.8333333333333337
decision_type=2 2 2 2 2 2 2 2 2 2 2 2 2
left_child=1 -1 3 -3 5 12 -6 9 -9 -8 -7 -12 -2
right_child=4 2 -4 -5 6 10 7 8 -10 -11 11 -13 -14
leaf_value=-0.017239963811061063 -0.070559247653289525 0.029779020032822047 0.038367052965982321 -0.023911337664209362 0.029044038665812497 -0.0217598354598076 -0.00026926170562199049 0.012998882229996926 -0.017930713275192356 0.015833108433615559 -0.0031254642131289239 0.026705982180753159 -0.019815775403885273
leaf_weight=6.2181131243705776 5.2246805876493436 4.5351852476596868 11.785937234759327 6.2324600368738174 7.1306123435497275 5.2310519814491263 433.21455611288548 19.165048122406006 48.825844116508961 42.733133122324944 9.5884741097688728 7.9686242789030066 5.5094628185033798
leaf_count=26 23 20 51 27 30 22 1831 89 214 191 40 35 24
internal_value=0 0.0109155 0.0199681 0 -0.000542743 -0.014787 0.000291046 -6.62917e-05 -0.00881612 0.00113912 0.000855586 0.00939419 -0.0487809
internal_weight=613.363 28.7717 22.5536 10.7676 584.591 33.5223 551.069 543.939 67.9909 475.948 22.7882 17.5571 10.7341
internal_count=2623 124 98 47 2499 144 2355 2325 303 2022 97 75 47
is_linear=0
shrinkage=0.05


Tree=118
num_leaves=16
num_cat=0
split_feature=53 4 72 5 69 8 86 71 47 32 46 61 68 86 49
split_gain=1.43157 1.75837 6.00326 5.76984 4.06432 2.91196 5.09538 4.66588 4.60743 4.36284 3.70144 2.71303 2.98398 1.90005 0.628655
threshold=16.550000000000004 4.416666666666667 1.5833333333333337 10.16666666666667 -0.40000000000000019 1.0589200000000003 2.6250000000000004 1.8500000000000003 2.5000000000000004 0.61838343333333345 2.5000000000000004 7.5357142857142865 1.2567271000000004 -0.20000000000000015 0.95000000000000007
decision_type=2 2 2 2 2 2 2 2 2 2 2 2 2 2 2
left_child=1 2 3 13 -5 7 10 9 -9 -3 -7 12 -4 -1 -8
right_child=-2 5 11 4 -6 6 14 8 -10 -11 -12 -13 -14 -15 -16
leaf_value=0.04505230527984861 -0.023916499014221642 0.0067822417831615821 0.028092109150976225 -0.043547953401977799 -0.0038445277378172204 0.0027879614985142874 -0.047447770855152567 0.043364141728387512 -0.0087630294705403535 -0.019063694810686854 -0.030230649944533547 -0.01217027380264761 -0.0097110295570425071 0 -0.014795507490672946
leaf_weight=4.9185508638620377 5.6946611553430548 19.519156649708748 37.754193007946014 9.9701844155788404 21.415223836898807 395.26848764717579 4.4440083503723136 7.4887685775756818 7.4358069151639938 67.693938300013542 8.0772713124752027 4.8917050063610068 4.7196877151727668 5.4897745996713621 8.237251937389372
leaf_count=22 25 87 167 44 92 1668 21 34 33 292 36 22 21 23 36
internal_value=0 0.00024194 0.00673873 -0.00660013 -0.0177263 -0.000833164 0.000972894 -0.00840207 0.0163301 -0.0129884 0.00202823 0.0189768 0.0232456 0.0239326 -0.0295005
internal_weight=613.019 607.324 89.1593 41.7937 31.3854 518.165 416.027 102.138 14.9246 87.2131 403.346 47.3656 42.4739 10.4083 12.6813
internal_count=2623 2598 391 181 136 2207 1761 446 67 379 1704 210 188 45 57
is_linear=0
shrinkage=0.05


Tree=119
num_leaves=17
num_cat=0
split_feature=26 48 51 3 80 28 53 71 23 70 83 51 5 75 78 51
split_gain=1.48759 3.71704 5.40947 3.67077 4.72324 2.78053 2.85267 2.76913 2.9296 2.72574 2.26621 6.39441 2.60913 2.14443 1.28933 1.16966
threshold=18.100000000000005 1.4500000000000002 7.5500000000000007 8.1666666666666696 2.1000000000000005 8.4500000000000011 16.550000000000004 1.7500000000000002 0.66666666666666696 1.3500000000000003 1.5500000000000003 6.3500000000000005 9.8333333333333339 0.83333333333333337 0.50000000000000022 7.3500000000000005
decision_type=2 2 2 2 2 2 2 2 2 2 2 2 2 2 2 2
left_child=3 -2 10 5 13 6 9 8 -4 -1 11 -3 -12 -5 -7 -15
right_child=1 2 7 4 -6 14 -8 -9 -10 -11 12 -13 -14 15 -16 -17
leaf_value=-0.000292644614914955 -0.025430250899888058 -0.031404330434360125 -0.023060031419617891 0 0.011519745213626201 -0.0034416999644127076 -0.036755895289535455 -0.039041853596257177 0.017044540687460401 0.011122957418276985 0.0021445840877351344 0.032594717629258439 0.049974507860346018 -0.061273083310525479 -0.043510175705055318 -0.017106547735044601
leaf_weight=453.13350876420736 6.7812653183937064 5.428487852215766 6.3916384726762834 4.5871327221393647 6.8532250225543967 5.9286715239286405 4.5410528481006613 4.5166342854499808 12.307591915130613 58.124088987708092 5.2017035037279156 10.105524674057959 12.183921441435812 6.71275846660137 4.7517330497503281 5.0097802877426147
leaf_count=1919 30 23 28 20 31 26 20 20 54 256 23 45 55 30 21 22
internal_value=0 0.00723719 0.0118146 -0.000849921 -0.020115 0 0.00055013 -0.00575482 0.0017906 0.000965926 0.0248538 0.00838866 0.0375218 -0.0348422 -0.0246529 -0.0459153
internal_weight=612.559 62.9168 56.1355 549.642 23.1629 526.479 515.799 23.2159 18.6992 511.258 32.9196 15.534 17.3856 16.3097 10.6804 11.7225
internal_count=2623 278 248 2345 103 2242 2195 102 82 2175 146 68 78 72 47 52
is_linear=0
shrinkage=0.05


Tree=120
num_leaves=20
num_cat=0
split_feature=0 45 30 14 5 48 54 32 24 84 23 5 17 53 76 7 48 80 80
split_gain=1.45453 4.65557 3.73982 4.82349 4.36095 3.39885 5.44107 5.52182 5.24282 4.92623 3.1727 2.78537 3.71343 3.32633 4.46149 3.711 3.2748 2.56176 1.02973
threshold=1.5000000000000002 0.4000000000000003 3.3000000000000003 8.8333333333333339 9.8333333333333339 1.7750000000000001 2.2111111111111117 1.3047921333333334 1.6750000000000003 1.9000000000000001 0.66666666666666696 8.1666666666666696 2.0952250000000006 11.535714285714286 1.1666666666666667 1.6657600000000004 2.9500000000000006 1.5500000000000003 1.4500000000000002
decision_type=2 2 2 2 2 2 2 2 2 2 2 2 2 2 2 2 2 2 2
left_child=1 2 3 4 -1 6 7 9 -9 -2 -3 12 16 15 -15 -13 -7 -8 -4
right_child=5 10 18 -5 -6 11 17 8 -10 -11 -12 13 -14 14 -16 -17 -18 -19 -20
leaf_value=0.030521981650808286 -0.048224253357067301 -0.043155227340801801 -0.034305622811771297 0.048142298907297598 0.0024159499434974804 -0.0096606047206886266 -0.0036582450624337787 0.034015907701402955 -0.032702657700429572 0.0036112753662947391 0.0010560956862578886 -0.028300786566663572 0.016759690454908795 -0.00368029566090966 0.022201452261894197 0.00012649939417316839 -0.053431798675276421 0.042030857485566731 0
leaf_weight=16.717803671956062 19.308289691805843 7.4589165151119214 5.2287546396255475 7.7701610550284377 83.840806856751442 16.299651324749 5.3215490728616697 6.2993285208940488 4.54090216755867 4.7476740777492514 6.1068175137042999 11.339226156473158 6.0503010004758826 26.119006514549255 38.888157658278942 330.31620340049267 6.6841351240873328 4.6404802352190018 4.4592046588659286
leaf_count=74 82 34 23 37 366 72 23 29 20 21 27 49 28 114 169 1385 30 20 20
internal_value=0 0.00461741 0.00798512 0.0108191 0.00746383 -0.00130582 -0.0143324 -0.0238685 0.00365376 -0.0371107 -0.0221454 0 -0.0147753 0.00112559 0.0114722 -0.000783887 -0.0243213 0.0162265 -0.0202257
internal_weight=612.137 131.582 118.017 108.329 100.559 480.555 44.8582 34.8962 10.8402 24.056 13.5657 435.697 29.0341 406.663 65.0072 341.655 22.9838 9.96203 9.68796
internal_count=2623 581 520 477 440 2042 195 152 49 103 61 1847 130 1717 283 1434 102 43 43
is_linear=0
shrinkage=0.05


Tree=121
num_leaves=13
num_cat=0
split_feature=40 12 39 12 10 18 14 65 73 82 18 87
split_gain=1.41196 4.10924 4.21181 1.88205 5.19908 3.92672 3.75754 3.63963 2.6394 7.26733 2.89548 1.68302
threshold=3.1000000000000005 14.833333333333334 14.450000000000001 10.16666666666667 2.166666666666667 0.70490900000000012 2.166666666666667 1.2033119000000003 3.166666666666667 1.0000000180025095e-35 1.4286706666666669 -0.65833333333333321
decision_type=2 2 2 2 2 2 2 2 2 2 2 2
left_child=3 2 -2 4 5 -1 -7 11 10 -10 -9 -5
right_child=1 -3 -4 7 -6 6 -8 8 9 -11 -12 -13
leaf_value=0.016954757523676867 0.05172730691471477 -0.014672413768179635 -0.002577984771903337 0 0.021560627055650223 0 -0.040448621082979544 -0.00071044198731636931 0.01826729859031154 -0.037082111315200693 0.012769925063523211 0.039470092080116898
leaf_weight=4.7793215513229361 7.9245072305202502 7.0455119013786307 4.6857864558696747 4.6668115705251685 8.5674106925725919 8.6288253813982028 18.617288693785667 471.98759990185499 8.4089684933424014 15.340972557663916 42.871561504900455 8.02485643327236
leaf_count=21 36 31 22 20 38 38 83 2009 35 65 190 35
internal_value=0 0.0129837 0.0303127 -0.000472234 -0.01081 -0.0204367 -0.0280841 0.000252748 -0.000336662 -0.0164814 0.000374839 0.0262259
internal_weight=611.549 19.6558 12.6103 591.894 40.5928 32.0254 27.2461 551.301 538.609 23.7499 514.859 12.6917
internal_count=2623 89 58 2534 180 142 121 2354 2299 100 2199 55
is_linear=0
shrinkage=0.05


Tree=122
num_leaves=10
num_cat=0
split_feature=17 17 23 74 71 69 63 60 10
split_gain=1.39932 2.57622 2.43613 2.52167 2.5183 2.19857 2.46691 5.60238 4.52383
threshold=2.8140483333333335 2.7341900000000003 1.4166666666666672 0.83333333333333337 2.1375000000000006 -2.4499999999999997 9.1500000000000004 13.15 3.8333333333333335
decision_type=2 2 2 2 2 2 2 2 2
left_child=1 5 3 -2 -4 -1 7 -7 -8
right_child=2 -3 4 -5 -6 6 8 -9 -10
leaf_value=-0.02868217372421375 0 0.033544281979817125 0.022307741697759027 -0.038818806685479657 -0.019906241642779321 -0.03174706152707614 0.00026617567582392179 0.022968961929774469 -0.036374303662840064
leaf_weight=6.0188835710287085 5.0975055247545269 5.3481799513101569 7.8103097677230817 9.8509002998471242 5.3190800994634628 4.8188634514808646 531.13519744575024 27.77448995411396 8.0486088544130308
leaf_count=27 22 24 36 43 23 20 2268 125 35
internal_value=0 0.000506016 -0.0108252 -0.0245273 0.00326854 0.000128239 0.000499996 0.0137664 -0.000267641
internal_weight=611.222 583.144 28.0778 14.9484 13.1294 577.796 571.777 32.5934 539.184
internal_count=2623 2499 124 65 59 2475 2448 145 2303
is_linear=0
shrinkage=0.05


Tree=123
num_leaves=16
num_cat=0
split_feature=54 76 83 80 72 87 81 19 53 4 64 77 25 49 83
split_gain=1.36059 1.98441 3.44646 2.76004 2.86395 2.47869 4.98447 2.95291 2.93074 5.73124 3.98568 1.90976 1.47522 1.43454 0.63164
threshold=0.8500000000000002 2.8333333333333335 0.70833333333333337 1.5500000000000003 1.1666666666666667 1.6333333333333335 0.36666666666666675 1.5000000000000002 10.450000000000001 8.5000000000000018 1.8166666666666669 1.1666666666666667 1.1000000000000003 0.61250000000000016 1.3666666666666669
decision_type=2 2 2 2 2 2 2 2 2 2 2 2 2 2 2
left_child=11 5 12 4 -4 8 -7 -8 10 -10 -2 -1 -3 -13 -5
right_child=1 2 3 14 -6 6 7 -9 9 -11 -12 13 -14 -15 -16
leaf_value=-0.034967747349071654 0.015470318229284387 -0.021736887343660204 0.022297222200153149 0.057775374621083335 -0.019830577554468841 0.022417441739903305 -0.048948340421757164 0 5.6098219036584533e-06 -0.026854428265878895 -0.014586588184925862 -0.022782868990073937 0.0098517216802351572 0.011686956674430699 0.017669532323758484
leaf_weight=6.1125086247921017 57.963002100586891 8.1754889786243421 10.813450574874883 5.1132659465074521 5.3179302513599387 4.6995828896760967 9.2893247902393323 5.3071488291025153 444.17353212088346 20.200983837246895 12.350953824818133 4.3013387173414213 4.7844389379024497 7.5108613148331642 4.8482971638441086
leaf_count=27 255 35 47 22 23 20 42 24 1884 90 58 19 21 34 22
internal_value=0 0.000390422 0.01123 0.0218365 0.00672738 -0.000338059 -0.0177318 -0.0326289 0.00025892 -0.00113669 0.00977194 -0.0134054 -0.00828513 0 0.042423
internal_weight=610.962 593.037 39.0529 26.0929 16.1314 553.985 19.2961 14.5965 534.688 464.375 70.314 17.9247 12.9599 11.8122 9.96156
internal_count=2623 2543 170 114 70 2373 86 66 2287 1974 313 80 56 53 44
is_linear=0
shrinkage=0.05


Tree=124
num_leaves=21
num_cat=0
split_feature=18 18 18 35 65 14 62 8 66 77 22 35 12 41 54 20 83 34 74 66
split_gain=1.35915 4.66997 2.77256 5.58761 6.38924 5.17077 4.1029 6.94392 4.25543 3.73025 3.65342 3.61298 3.60458 3.1368 2.74787 4.13079 2.26161 2.20186 1.06213 0.717078
threshold=0.52633408333333342 0.481294 0.93387375000000017 0.50000000000000011 1.9910171000000003 6.8333333333333348 4.9500000000000011 1.1561133166666671 1.7036969500000001 1.8333333333333337 0.50000000000000022 1.1000000000000003 9.3333333333333339 2.1134416666666671 2.0500000000000003 1.0086472500000003 1.9000000000000001 2.1000000000000005 1.8333333333333337 0.7791334900000001
decision_type=2 2 2 2 2 2 2 2 2 2 2 2 2 2 2 2 2 2 2 2
left_child=1 14 3 4 9 10 7 13 12 -2 -5 -7 -8 -4 15 17 -10 -1 -17 -6
right_child=2 -3 6 5 19 11 8 -9 16 -11 -12 -13 -14 -15 -16 18 -18 -19 -20 -21
leaf_value=0.0043822892768697061 -0.01251599419125388 -0.044427289385867555 -0.028961245180841356 0.054945779721690541 -0.014074815131221167 0.010072723920927024 -0.029939823720026543 0.029911779440874059 0.047418586242585624 0.043426515554618947 0.016976537792743551 -0.039565741656816811 0.00048240961275793841 0.010364031832627988 -0.033206463607929108 0.045319096798361408 0 -0.03274844670790128 0.0058391676270474046 -0.0537761495447504
leaf_weight=8.2396071702241951 5.0725544542074221 7.0411228686571112 33.914403706789017 8.7767332196235639 4.5801914036273939 8.2973499149084073 9.452773451805113 6.3912890106439582 6.8178012520074827 5.0503146201372147 36.537484511733055 5.3128349035978308 428.42277251183987 4.6594430655241004 4.7408598661422721 5.5833550244569761 5.2965736985206604 5.7753917127847663 4.9440859258174896 5.7089454382658005
leaf_count=35 22 30 146 40 20 37 43 30 30 22 157 23 1825 20 21 26 24 25 23 24
internal_value=0 -0.00933595 0.000572302 0.00924389 -0.0123905 0.0172002 -0.000775134 -0.0151123 0.000617187 0.0137707 0.0253957 -0.00824765 -0.000150711 -0.0234994 0 0.00659965 0.0292606 -0.00979744 0.0301503 -0.0398916
internal_weight=610.616 36.3244 574.291 79.3364 20.412 58.9244 494.955 44.9651 449.99 10.1229 45.3142 13.6102 437.876 38.5738 29.2833 24.5424 12.1144 14.015 10.5274 10.2891
internal_count=2623 160 2463 345 88 257 2118 196 1922 44 197 60 1868 166 130 109 54 60 49 44
is_linear=0
shrinkage=0.05


Tree=125
num_leaves=18
num_cat=0
split_feature=64 47 62 25 39 70 37 72 3 47 63 3 26 77 66 52 10
split_gain=1.40082 4.42805 4.48626 3.45329 3.25988 2.85424 3.85284 3.5803 3.23046 3.65622 4.36297 3.65305 2.70708 2.48353 1.49015 1.39487 1.32295
threshold=1.2500000000000002 2.1000000000000005 6.3375000000000012 0.90000000000000013 10.450000000000001 1.9500000000000002 4.9000000000000012 1.8333333333333337 10.16666666666667 1.9000000000000006 11.816666666666668 8.5000000000000018 13.550000000000002 1.8333333333333337 1.0530928000000002 6.7071428571428582 3.5000000000000004
decision_type=2 2 2 2 2 2 2 2 2 2 2 2 2 2 2 2 2
left_child=1 2 3 -1 -5 8 -7 15 9 11 -11 -2 -4 -14 -9 -8 -3
right_child=5 16 12 4 -6 6 7 14 -10 10 -12 -13 13 -15 -16 -17 -18
leaf_value=0.029329327107280225 -0.00068841974195509622 -0.041104037862472964 -0.0020055999484088062 -0.035447199746150897 0.0038052456182151684 0.022448374385941227 -0.019860397255427847 -0.019841620338284675 0.02947416599541415 0.0045138961775513268 0.050380979525752094 -0.023140441981133388 0.011452177237738477 0.049150779417146351 0.013190841062507737 -0.064830883842249748 0
leaf_weight=5.8220752626657513 461.65519947558641 4.5319595485925657 5.0490306764841106 8.4556387811899203 10.376400917768477 4.3664167374372509 6.6338162869215029 6.522767245769499 8.6484461426734907 24.280906900763515 6.7469355911016455 18.531179696321487 10.269417464733126 12.620584324002264 5.5609701573848724 5.2620932757854462 4.6997061520814896
leaf_count=27 1960 20 24 36 45 20 28 29 39 106 33 81 47 59 25 23 21
internal_value=0 0.00708572 0.0130233 -0.00161575 -0.012987 -0.000824354 -0.0161337 -0.0244953 0 -0.000501414 0.0159214 -0.00163006 0.0266215 0.0339128 -0.00273319 -0.0435823 -0.0231032
internal_weight=610.034 61.8248 52.5931 24.6541 18.832 548.209 28.3461 23.9796 519.863 511.214 31.0278 480.186 27.939 22.89 12.0837 11.8959 9.23167
internal_count=2623 279 238 108 81 2344 125 105 2219 2180 139 2041 130 106 54 51 41
is_linear=0
shrinkage=0.05


Tree=126
num_leaves=13
num_cat=0
split_feature=60 87 66 87 58 66 13 86 82 78 13 75
split_gain=1.39397 1.65077 2.79748 2.76594 7.37641 2.54532 3.39435 3.21945 2.01777 2.01442 1.46328 0.726055
threshold=9.7000000000000011 -1.7749999999999997 1.0089083000000003 -1.3666666666666665 1.8500000000000003 1.5489115500000001 6.8333333333333348 -1.7749999999999997 0.55000000000000016 -3.5833333333333326 6.5000000000000009 1.8333333333333337
decision_type=2 2 2 2 2 2 2 2 2 2 2 2
left_child=-1 2 -2 4 11 7 -7 -5 9 -4 -6 -3
right_child=1 3 8 5 10 6 -8 -9 -10 -11 -12 -13
leaf_value=0.019456100888215269 0.035746873242856948 -0.067549690746374486 0.037161590183812335 0.012609381046588368 -0.0068008583391825674 0.023286523605605118 -0.017081491103376836 -0.0020854822593791632 -0.017908928284137381 -0.00018765504246112728 0.020545090936033229 -0.023789726560009106
leaf_weight=8.5550964772701246 7.859330981969836 4.8557422012090665 4.8677790015935933 39.714595690369606 16.065487757325176 22.871049031615261 5.5781939700245848 472.56076491624117 7.8166308403015128 7.226761117577551 6.3525161147117606 5.2039466053247452
leaf_count=37 36 22 21 170 68 104 25 2025 33 31 28 23
internal_value=0 -0.000308439 0.0114219 -0.000929787 -0.0149904 -2.60018e-05 0.0143495 -0.000886311 0 0.0137381 0.000136401 -0.0494782
internal_weight=609.528 600.973 27.7705 573.202 32.4777 540.725 28.4492 512.275 19.9112 12.0945 22.418 10.0597
internal_count=2623 2586 121 2465 141 2324 129 2195 85 52 96 45
is_linear=0
shrinkage=0.05


Tree=127
num_leaves=17
num_cat=0
split_feature=26 48 70 29 3 80 30 74 74 28 54 32 27 27 78 4
split_gain=1.35693 3.32646 4.13113 5.15829 3.24876 4.32681 2.93605 5.20774 5.16511 2.53106 2.33378 3.05692 1.9943 1.53541 1.19066 0.305492
threshold=18.100000000000005 1.4500000000000002 1.9500000000000002 10.300000000000002 8.1666666666666696 2.1000000000000005 2.1000000000000005 1.8333333333333337 2.666666666666667 8.4500000000000011 0.8500000000000002 0.53307816666666674 8.3000000000000025 5.9000000000000012 0.50000000000000022 6.5000000000000009
decision_type=2 2 2 2 2 2 2 2 2 2 2 2 2 2 2 2
left_child=4 -2 6 -4 9 12 8 -8 -3 10 13 -12 15 -1 -11 -6
right_child=1 2 3 -5 5 -7 7 -9 -10 14 11 -13 -14 -15 -16 -17
leaf_value=0 -0.024034498527853883 0.034922669781018753 -0.039838943592656606 0.022787793999794425 -0.019765374066051195 0.011250747420729047 -0.03989743885999842 0.026365079532893229 -0.015940170363019458 -0.0030487480578817398 0.024813040662711741 0.00033666063537471347 -0.0017652151061227348 -0.04341348067344826 -0.041840711631493603 -0.056156199655207607
leaf_weight=4.8331520780920965 6.7059397697448722 27.543322086334229 7.2387223690748197 4.774827852845192 4.4483782351017052 6.7898828983306876 4.8795877546071988 5.9581303000450134 5.0255913138389579 5.9011724442243558 12.684788793325422 491.63343811035156 5.139452025294303 4.4215932935476303 4.7042016685009003 6.5325179994106293
leaf_count=22 30 124 33 21 20 31 21 26 23 26 57 2096 23 20 21 29
internal_value=0 0.00695579 0.0113341 -0.0130339 -0.000813375 -0.0190372 0.0187194 -0.00170781 0.0261959 0 0.000510692 0.00102579 -0.0332533 -0.0236094 -0.0236159 -0.0450946
internal_weight=609.215 62.1261 55.4202 12.0136 547.089 22.9102 43.4066 10.8377 32.5689 524.178 513.573 504.318 16.1203 9.25475 10.6054 10.9809
internal_count=2623 278 248 54 2345 103 194 47 147 2242 2195 2153 72 42 47 49
is_linear=0
shrinkage=0.05


Tree=128
num_leaves=16
num_cat=0
split_feature=27 2 51 47 2 31 3 68 51 44 51 36 78 49 83
split_gain=1.38987 2.77227 2.50503 3.63386 4.81178 3.62342 4.70455 2.33625 3.48245 2.53078 2.50441 2.10431 1.28467 1.20752 0.93605
threshold=9.1000000000000014 18.833333333333339 6.8944444444444457 0.90000000000000036 15.16666666666667 1.8115650000000005 6.166666666666667 1.3623462500000005 6.5500000000000007 1.7281541200000001 6.3500000000000005 14.900000000000002 1.0000000180025095e-35 1.2500000000000002 1.2916666666666667
decision_type=2 2 2 2 2 2 2 2 2 2 2 2 2 2 2
left_child=2 -2 7 4 -4 -5 -7 8 10 12 -1 -10 -9 -6 -3
right_child=1 14 3 5 13 6 -8 9 11 -11 -12 -13 -14 -15 -16
leaf_value=-0.0011561810757972468 -0.043912535315040781 0.016723881352166136 0.028500824875710665 -0.019262074839998838 -0.039516868975469605 -0.00080018286723315386 0.033010282957160277 0.0082713202957900561 0.0004122750042350982 -0.0035982846698454705 0.021501118136140911 -0.034380561825952421 0.055437201551234078 -0.00050067912106950877 -0.01303215315726333
leaf_weight=487.00287336856127 4.8590741753578177 4.4626231193542463 4.8198928683996227 5.0864408388733855 7.3267957270145398 13.550181508064268 29.201966539025307 4.5821620225906354 4.5427910834550884 5.6442888975143424 11.951489463448523 11.990478128194807 4.1535864770412445 4.4962102621793747 5.1061863154172897
leaf_count=2079 23 20 21 23 31 59 131 22 21 25 52 52 20 21 23
internal_value=0 -0.0150991 0.000346455 0.00964045 -0.00934326 0.0167903 0.0218308 -0.000745449 -0.00135327 0.0186766 -0.000542433 -0.0236215 0.0351913 -0.0273303 0
internal_weight=608.777 14.4279 594.349 64.4815 16.6429 47.8386 42.7521 529.868 515.488 14.38 498.954 16.5333 8.73575 11.823 9.56881
internal_count=2623 66 2557 286 73 213 190 2271 2204 67 2131 73 42 52 43
is_linear=0
shrinkage=0.05


Tree=129
num_leaves=15
num_cat=0
split_feature=86 84 79 7 76 82 14 73 63 8 4 74 5 48
split_gain=1.35506 1.87675 2.06336 2.53497 1.75429 4.49244 3.56752 4.4239 2.39588 4.45151 3.97459 2.89454 4.52256 3.15626
threshold=2.9000000000000008 2.1000000000000005 1.5833333333333337 1.9389858333333336 2.416666666666667 1.0000000180025095e-35 6.166666666666667 2.5833333333333335 12.828571428571431 0.59542341666666676 3.166666666666667 1.8333333333333337 9.8333333333333339 3.0500000000000003
decision_type=2 2 2 2 2 2 2 2 2 2 2 2 2 2
left_child=4 -2 -3 -4 8 -6 7 -7 11 -10 -11 12 -1 -13
right_child=1 2 3 -5 5 6 -8 -9 9 10 -12 13 -14 -15
leaf_value=0.012568414812106613 -0.036441808535215607 -0.028895611824637315 0.034011869533019372 -0.012853686072857529 0.053442266279712672 0.016457379102570075 -0.031976334369237441 -0.02350224681596642 -0.032703953615850948 0.049914450996210571 0.0072417083242517959 0.0059332660552729073 -0.0067780186215202296 -0.021086230504332892
leaf_weight=32.664686031639576 5.5027906447649029 4.4265226274728766 5.17775911092758 4.5051972717046738 4.7217155545949927 37.013408020138741 5.4065797477960578 7.6072272658348075 5.4603116810321799 5.8868897259235373 63.088482119143009 140.01400543004274 276.0461158528924 10.913696348667143
leaf_count=145 26 20 23 21 21 159 24 32 25 28 280 607 1163 49
internal_value=0 -0.0127948 -0.000929459 0.0101911 0.00040184 0.00890558 0.00372005 0.00890578 -0.000430643 0.00779818 0.0115766 -0.00182461 -0.00463311 0.0037512
internal_weight=608.435 19.6123 14.1095 9.68296 588.823 54.7489 50.0272 44.6206 534.074 74.4357 68.9754 459.639 308.711 150.928
internal_count=2623 90 64 44 2533 236 215 191 2297 333 308 1964 1308 656
is_linear=0
shrinkage=0.05


Tree=130
num_leaves=14
num_cat=0
split_feature=78 78 78 83 30 84 46 46 26 86 31 75 84
split_gain=1.30383 3.77201 2.48013 5.92029 1.6344 2.64606 2.32132 2.23071 1.76027 1.53608 1.16687 0.770684 0.450643
threshold=3.1666666666666674 3.5833333333333339 2.5000000000000009 0.63333333333333341 0.70000000000000007 1.7750000000000001 3.100000000000001 2.5000000000000004 14.450000000000001 2.0250000000000004 2.1048190333333339 0.58333333333333337 2.3666666666666667
decision_type=2 2 2 2 2 2 2 2 2 2 2 2 2
left_child=2 12 4 -4 5 8 7 -6 -1 -5 11 -3 -2
right_child=1 10 3 9 6 -7 -8 -9 -10 -11 -12 -13 -14
leaf_value=0 -0.05126532840225137 0 -0.015702549605549242 0.058922702202695888 0.00046420982685489807 0.012465687212985672 0.030919318043204393 -0.022009772450020362 -0.037301561293293949 0.01505572866506936 -0.01609261483745119 0.026130157627747255 -0.013342116507608881
leaf_weight=4.8014868199825314 4.3591221421957034 5.9037773907184583 7.0261430740356472 5.6833014190196973 528.79284884035587 5.2474627941846839 5.6375906765460959 10.776585549116133 9.6723925322294217 6.6466456353664398 4.3835500478744498 4.8653852045536041 4.2745259553194046
leaf_count=22 21 26 30 26 2265 23 25 48 45 30 20 22 20
internal_value=0 -0.011385 0.000436951 0.017816 -0.000129518 -0.0141193 0.000343184 0 -0.0255216 0.0387324 0.00231958 0.0124141 -0.0369849
internal_weight=608.071 23.7864 584.284 19.3561 564.928 19.7213 545.207 539.569 14.4739 12.3299 15.1527 10.7692 8.63365
internal_count=2623 109 2514 86 2428 90 2338 2313 67 56 68 48 41
is_linear=0
shrinkage=0.05


Tree=131
num_leaves=8
num_cat=0
split_feature=49 71 36 52 50 8 75
split_gain=1.29866 2.42753 3.12282 1.86468 2.23849 3.18006 2.56269
threshold=2.1500000000000008 -0.29999999999999988 14.900000000000002 3.4500000000000006 10.700000000000001 1.0434285000000003 1.1666666666666667
decision_type=2 2 2 2 2 2 2
left_child=1 2 -1 -3 5 -5 -6
right_child=-2 3 -4 4 6 -7 -8
leaf_value=0 -0.022839225324039883 0.022236642176950074 0.051709198835299869 0.0080429418071330805 -0.0044568158088058628 -0.039917295670890932 0.0024674584266536738
leaf_weight=4.6871774941682798 5.677721492946147 8.5925556719303113 4.6923075765371323 4.3716820850968343 211.52702982723713 7.9172902032732964 360.30704742670059
leaf_count=22 30 39 23 20 901 35 1553
internal_value=0 0.000200299 0.0248002 -0.000167416 -0.000558483 -0.0212537 -5.18736e-05
internal_weight=607.773 602.095 9.37949 592.716 584.123 12.289 571.834
internal_count=2623 2593 45 2548 2509 55 2454
is_linear=0
shrinkage=0.05


Tree=132
num_leaves=18
num_cat=0
split_feature=64 47 62 38 82 59 70 21 14 3 31 47 8 70 39 55 15
split_gain=1.27164 3.94308 4.13752 3.6052 3.18281 3.39874 2.48805 3.34466 3.39247 2.89821 3.25276 2.94638 2.17409 2.1655 1.26242 1.05503 0.969424
threshold=1.2500000000000002 2.1000000000000005 6.3375000000000012 6.9000000000000012 1.1000000000000003 0.63333333333333341 1.9500000000000002 1.6666666666666667 5.166666666666667 10.16666666666667 3.0234200000000002 1.9000000000000006 1.0752822500000001 1.1166666666666669 9.9000000000000021 2.1058962000000006 10.41666666666667
decision_type=2 2 2 2 2 2 2 2 2 2 2 2 2 2 2 2 2
left_child=1 2 4 16 -1 -6 9 8 -8 10 11 -2 -10 -5 -3 -9 -4
right_child=6 14 3 13 5 -7 7 15 12 -11 -12 -13 -14 -15 -16 -17 -18
leaf_value=0.022469063634972621 -0.0010274761296638103 0 0.061916281439292155 -0.002954309095588858 0.010469990971769068 -0.032763127837116844 0.0029705256597069613 -0.0047383222984655965 -0.053053065364533671 0.028039498088112465 -0.036097678383860486 0.01498584974423349 -0.0040681044898771505 0.031765718441599193 -0.038352262393236553 0.025506226561139628 0.016900673239651366
leaf_weight=7.9045355468988445 473.62165688723326 4.4398232698440534 6.5863083377480525 10.731772035360338 6.3954729586839703 10.232730552554129 5.2963295727968278 4.3720966875553113 9.4839072450995427 8.5498430579900724 5.8407671451568595 30.070801362395287 4.5632308572530738 6.0618147253990164 4.7528755813837051 4.3266867697238922 4.2594808042049408
leaf_count=34 2018 20 31 50 28 46 24 20 41 39 26 136 20 29 21 20 20
internal_value=0 0.00676282 0.0124137 0.0255676 -0.00162189 -0.0148552 -0.000799789 -0.0151716 -0.0268631 0 -0.000505666 -7.97166e-06 -0.0395456 0.00868869 -0.0217147 0.00815597 0.0479646
internal_weight=607.49 61.3648 52.1721 27.6394 24.5327 16.6282 546.125 28.0423 19.3435 518.083 509.533 503.692 14.0471 16.7936 9.1927 8.69878 10.8458
internal_count=2623 279 238 130 108 74 2344 125 85 2219 2180 2154 61 79 41 40 51
is_linear=0
shrinkage=0.05


Tree=133
num_leaves=9
num_cat=0
split_feature=42 66 0 27 0 83 83 38
split_gain=1.2771 1.9081 1.95998 4.53704 4.3415 3.03418 4.33149 3.23846
threshold=0.38596638333333338 0.49361308000000009 2.8333333333333335 5.5500000000000007 3.166666666666667 2.1000000000000005 2.5500000000000003 9.3000000000000025
decision_type=2 2 2 2 2 2 2 2
left_child=-1 -2 5 -4 -5 7 -7 -3
right_child=1 2 3 4 -6 6 -8 -9
leaf_value=-0.021313219300031827 0.029617896765379789 0.0037432990067975454 -0.045511306854597935 -0.023505753051672164 0.0042610888460305968 -0.016852620758132399 0.0029100940438294971 -0.025600864298771054
leaf_weight=6.4641652554273596 4.9712379202246657 405.12414535880089 6.740316540002822 18.752295702695847 49.09391687810421 51.337088972330093 55.635210081934929 8.945739343762396
leaf_count=30 24 1728 31 83 217 225 246 39
internal_value=0 0.000220655 -7.39871e-06 -0.00760099 -0.00316353 0.00103792 -0.00637589 0.00301892
internal_weight=607.064 600.6 595.629 74.5865 67.8462 521.042 106.972 414.07
internal_count=2623 2593 2569 331 300 2238 471 1767
is_linear=0
shrinkage=0.05


Tree=134
num_leaves=16
num_cat=0
split_feature=27 2 51 41 37 51 48 68 51 18 44 27 36 78 50
split_gain=1.25432 2.5101 2.31 3.35108 4.70132 3.60354 4.02302 2.16724 3.03075 2.30999 2.2579 2.16695 1.9171 1.18122 0.864481
threshold=9.1000000000000014 18.833333333333339 6.8944444444444457 1.8221903666666668 5.6750000000000007 7.8500000000000005 2.2250000000000005 1.3623462500000005 6.5500000000000007 0.52157426666666684 1.7281541200000001 7.5500000000000007 14.900000000000002 1.0000000180025095e-35 19.250000000000004
decision_type=2 2 2 2 2 2 2 2 2 2 2 2 2 2 2
left_child=2 -2 7 4 -4 6 -5 8 9 -1 13 -7 -10 -9 -3
right_child=1 14 3 5 -6 11 -8 10 12 -11 -12 -13 -14 -15 -16
leaf_value=-0.015062178552706265 -0.042166179309226393 0.015072144802178354 0.016288210020696761 0 -0.044278804745620882 -0.025283898657162896 0.035962130763300425 0.0077348033163095256 0.00058177474479863983 0.00020208923045397111 -0.002738653337354212 0.0095609813355375765 -0.032500866276287801 0.053538609547865761 -0.013564647985467927
leaf_weight=25.521119743585587 4.7572558969259253 4.7809069007635099 5.2708059549331647 12.56115974485874 5.8888459950685501 6.5985027253627804 23.13985487818718 4.561070077121256 4.5360299199819591 472.40955104678869 5.6196542978286734 10.579403102397917 11.897561907768248 4.0578857511281967 4.7257821410894394
leaf_count=113 23 21 24 57 25 29 105 22 21 2018 25 46 52 20 22
internal_value=0 -0.014425 0.000327724 0.00928659 -0.0140565 0.0147668 0.0238056 -0.000718115 -0.00130397 -0.000544438 0.0180756 -0.00274624 -0.0221454 0.0337944 0
internal_weight=606.905 14.2639 592.641 64.0386 11.1597 52.8789 35.701 528.603 514.364 497.931 14.2386 17.1779 16.4336 8.61896 9.50669
internal_count=2623 66 2557 286 49 237 162 2271 2204 2131 67 75 73 42 43
is_linear=0
shrinkage=0.05


Tree=135
num_leaves=14
num_cat=0
split_feature=59 68 60 42 87 8 86 36 86 86 80 58 12
split_gain=1.26764 2.22384 2.79262 2.16333 2.83794 5.31207 1.99513 4.63541 3.7138 3.09361 2.6768 5.7924 4.40045
threshold=1.8166666666666669 0.60446235000000015 13.316666666666668 1.759727266666667 -0.65833333333333321 1.0647190000000002 -1.7749999999999997 14.550000000000002 -2.9749999999999996 -2.5749999999999997 0.70833333333333337 1.4142857142857144 10.16666666666667
decision_type=2 2 2 2 2 2 2 2 2 2 2 2 2
left_child=3 -2 -3 6 -5 -6 7 9 -9 -1 11 -8 -12
right_child=1 2 -4 4 5 -7 10 8 -10 -11 12 -13 -14
leaf_value=0.049737557418464279 0.01285913373344442 -0.049141998652762683 0 -0.011394134722614828 -0.010025365343356287 0.047937883097784129 0.027737851108113193 -0.017103344678707822 0.0082223669165374831 0.0063097680574013219 -0.019900195835401643 -0.021625168809289642 0.0009652945744016532
leaf_weight=8.7373061180114764 4.4895420819520977 5.6301448643207532 7.3486562520265579 5.3347458988428142 5.056386560201644 10.175439745187758 6.2625904828310004 20.306102082133293 46.820569083094597 10.470769315958021 26.374027594923973 35.808735176920891 413.7258533090353
leaf_count=38 22 25 33 23 23 47 27 88 202 46 120 150 1779
internal_value=0 -0.0131091 -0.0240904 0.000371315 0.016119 0.0274001 -0.000168107 0.00675878 0.000121744 0.0280933 -0.00146591 -0.0134504 -0.000249543
internal_weight=606.541 17.4683 12.9788 589.073 20.5666 15.2318 568.506 86.3347 67.1267 19.2081 482.171 42.0713 440.1
internal_count=2623 80 58 2543 93 70 2450 374 290 84 2076 177 1899
is_linear=0
shrinkage=0.05


Tree=136
num_leaves=12
num_cat=0
split_feature=60 36 80 75 86 15 35 63 79 58 34
split_gain=1.24755 1.47644 6.12021 7.31661 4.4024 2.51652 3.49919 5.2208 3.91192 2.95873 4.24488
threshold=9.7000000000000011 11.300000000000002 0.90000000000000013 0.83333333333333337 -1.0000000180025095e-35 12.41666666666667 1.3 14.050000000000002 0.33333333333333343 0.95000000000000007 1.2666666666666668
decision_type=2 2 2 2 2 2 2 2 2 2 2
left_child=-1 2 -2 -4 -5 9 7 -7 -8 -3 -11
right_child=1 5 3 4 -6 6 8 -9 -10 10 -12
leaf_value=0.01846434923325781 0.03028813937466723 0.030879445796469403 0.027991812934676692 -0.050150775936150416 -0.006287605845372338 0.025114358624352913 -0.021558313655604164 -0.005064803451391423 0.020964506250707483 -0.017726433733017501 -0.00012472470489640784
leaf_weight=8.4876596331596357 6.8689846247434607 6.5730408877134314 5.6823035776615169 13.886313468217853 12.207392305135723 40.420859806239605 16.134845323860649 19.945891171693802 7.0851783007383338 37.000516772270203 431.91797810047865
leaf_count=37 31 29 26 62 56 188 72 89 33 162 1838
internal_value=0 -0.000302332 -0.009711 -0.0194674 -0.0310744 0.00031144 0.00831935 0.0147724 -0.00736086 -0.00105101 -0.00158427
internal_weight=606.211 597.723 38.645 31.776 26.0937 559.078 83.5868 60.3668 23.22 475.492 468.918
internal_count=2623 2586 175 144 118 2411 382 277 105 2029 2000
is_linear=0
shrinkage=0.05


Tree=137
num_leaves=21
num_cat=0
split_feature=0 45 30 14 5 1 82 74 58 29 14 76 34 0 81 1 85 49 26 51
split_gain=1.27732 4.05337 3.23447 4.34182 3.87509 2.89452 5.97212 5.37414 6.57015 3.84682 4.29196 8.91655 4.73478 3.18201 3.05468 2.84054 2.83148 2.64615 1.99762 0.891731
threshold=1.5000000000000002 0.4000000000000003 3.3000000000000003 8.8333333333333339 9.8333333333333339 1.5000000000000002 0.90000000000000013 1.5833333333333337 2.3166666666666669 13.450000000000001 7.166666666666667 0.58333333333333337 3.7000000000000006 2.5000000000000004 1.3666666666666669 0.83333333333333337 1.9000000000000001 0.77500000000000013 15.450000000000001 4.7500000000000009
decision_type=2 2 2 2 2 2 2 2 2 2 2 2 2 2 2 2 2 2 2 2
left_child=1 2 3 4 -1 9 -7 16 -9 10 12 -12 -2 14 -11 17 -8 -3 -15 -4
right_child=5 15 19 -5 -6 6 7 8 -10 13 11 -13 -14 18 -16 -17 -18 -19 -20 -21
leaf_value=0.028920915699548556 0.0016141138612546591 -0.029886320266152566 -0.033620807471460228 0.04606017462236741 0.0022019134447041843 0.025012589322142887 -0.049570180168968664 -0.017728339729364575 0.044863450329340165 -0.012267143028674694 0.032614938993687809 -0.024023109069520196 -0.037102611061737845 0.009939805670973403 0.02178318750984649 -0.052046929676145076 0 0.021110779813948016 0.058239374707621333 0
leaf_weight=16.436330661177635 331.69475199282169 4.3544028103351575 4.6221384406089765 7.5755561366677275 83.068876072764397 7.8482953906059256 14.980422966182234 17.626007616519932 4.89406694471836 12.203658714890482 7.490227445960044 42.970503374934196 7.5659739077091208 5.9990383237600309 12.41117564588785 4.3240519613027564 4.5335735380649558 4.645709827542305 5.6402016133069992 4.9282399415969849
leaf_count=74 1406 20 21 37 366 34 66 79 22 52 33 190 33 26 56 20 20 21 25 22
internal_value=0 0.00436235 0.00752677 0.0101857 0.00698789 -0.00122147 -0.012558 -0.0203722 -0.00236088 6.06019e-05 -0.0013371 -0.0148879 0.000623767 0.0155795 0.00399799 -0.0207989 -0.0393308 -0.00120528 0.0368393 -0.018822
internal_weight=605.813 129.955 116.631 107.081 99.5052 475.858 49.8824 42.0341 22.5201 425.976 389.721 50.4607 339.261 36.2541 24.6148 13.3242 19.514 9.00011 11.6392 9.55038
internal_count=2623 581 520 477 440 2042 221 187 101 1821 1662 223 1439 159 108 61 86 41 51 43
is_linear=0
shrinkage=0.05


Tree=138
num_leaves=11
num_cat=0
split_feature=69 8 56 7 81 87 1 0 55 31
split_gain=1.26978 1.89463 5.21336 3.23477 2.77352 2.59962 5.74505 2.47783 2.27649 1.19719
threshold=-2.4499999999999997 1.7847025000000001 1.4852526500000003 0.79125675000000006 1.5500000000000003 1.8000000000000005 0.83333333333333337 1.5000000000000002 1.9588838000000004 1.5484799000000002
decision_type=2 2 2 2 2 2 2 2 2 2
left_child=-1 3 8 -2 9 7 -7 -5 -3 -4
right_child=1 2 4 5 -6 6 -8 -9 -10 -11
leaf_value=-0.019233212895094665 -0.029488383897544459 0.057582083750988111 0.027775979456436818 0.008006510746049085 -0.02495722392149664 -0.053881472080220018 0.005918001531487623 -0.00081608402639321998 0.0071227223992194949 -0.0016431378290166514
leaf_weight=7.9743819683790198 8.877560153603552 6.4184218272566813 5.5231797471642512 95.561433285474777 8.25652366876602 6.4975104779005033 7.7394016981124878 448.3127526640892 5.4381901919841766 4.7020995169878006
leaf_count=36 39 30 26 427 37 31 34 1918 24 21
internal_value=0 0.000257483 0.012351 -0.000355878 -0.00314968 8.87426e-05 -0.0205793 0.000694096 0.0376862 0.0124707
internal_weight=605.301 597.327 30.3384 566.989 18.4818 558.111 14.2369 543.874 11.8566 10.2253
internal_count=2623 2587 138 2449 84 2410 65 2345 54 47
is_linear=0
shrinkage=0.05


Tree=139
num_leaves=13
num_cat=0
split_feature=40 12 39 59 58 35 66 72 46 0 86 72
split_gain=1.22939 3.58997 3.79921 1.74126 2.97225 2.55857 2.43707 2.1392 3.24595 2.76509 0.844225 0.278173
threshold=3.1000000000000005 14.833333333333334 14.450000000000001 1.7250000000000003 1.7250000000000003 2.1000000000000005 1.8166982500000002 2.166666666666667 0.90000000000000013 2.8333333333333335 -0.19999999999999993 1.1666666666666667
decision_type=2 2 2 2 2 2 2 2 2 2 2 2
left_child=3 2 -2 6 5 11 7 9 -9 -1 -6 -5
right_child=1 -3 -4 4 10 -7 -8 8 -10 -11 -12 -13
leaf_value=-0.00027419415196938533 0.049408951659879304 -0.013528717656287624 -0.002539165035833403 -0.054053091844382256 -0.0032684205376748258 0 0.031605303039692646 0.024514557207856558 0.0015571885366907718 -0.012921354481002506 0.022780162384241933 -0.020060851053738855
leaf_weight=405.54637854546309 7.7094018906354922 6.952081397175788 4.576659083366394 4.9721393883228355 4.6196678876876831 5.8790819942951194 5.5870442241430274 19.435755953192711 81.112756371498108 48.529372498393059 4.5111540108919126 5.5739019811153412
leaf_count=1732 36 31 22 22 20 27 25 90 357 214 21 26
internal_value=0 0.012256 0.02876 -0.000430463 -0.0130753 -0.0258853 0.000112935 -0.000187451 0.00634154 -0.00169358 0.00751978 -0.0400717
internal_weight=605.005 19.2381 12.2861 585.767 25.5559 16.4251 560.211 554.624 100.549 454.076 9.13082 10.546
internal_count=2623 89 58 2534 116 75 2418 2393 447 1946 41 48
is_linear=0
shrinkage=0.05


Tree=140
num_leaves=17
num_cat=0
split_feature=62 37 13 40 58 59 73 72 75 63 8 63 84 73 76 12
split_gain=1.21171 3.75374 3.33483 2.51778 2.16661 4.21179 3.73371 2.90909 2.43265 2.13749 6.01766 5.02921 2.64278 4.79357 2.46615 0.70136
threshold=7.2500000000000009 6.3000000000000016 4.8333333333333348 0.45000000000000007 2.3166666666666669 0.95000000000000007 1.8333333333333337 1.5833333333333337 1.8333333333333337 12.65 0.59542341666666676 14.15 2.2250000000000005 2.5833333333333335 1.8333333333333337 17.166666666666668
decision_type=2 2 2 2 2 2 2 2 2 2 2 2 2 2 2 2
left_child=3 2 -2 -1 6 8 7 -3 -6 12 -11 -12 14 -14 -5 -4
right_child=1 4 15 9 5 -7 -8 -9 -10 10 11 -13 13 -15 -16 -17
leaf_value=-0.035387672083401621 0 0.032988069295038322 0.017416981644082584 -0.0011719660767625926 0.01105429032825956 0.042317673795949806 -0.041899429313564586 -0.018135086283022805 -0.027442099309525445 -0.038206216472199031 0.025388886518716621 -0.0011620158615069749 0.014205008377746471 -0.021441881057515048 -0.011122080434399577 0.054812160734502374
leaf_weight=4.7119716703891745 7.8685948103666332 4.3900623023509997 5.5408829152584058 327.30459835380316 8.2403570562601107 5.9838033393025389 7.1174865067005149 5.618985116481781 6.6317535340785971 5.8532420992851248 34.298283725976944 33.022961735725403 52.467814147472382 10.553580731153486 78.890226155519485 6.2379956394433975
leaf_count=21 38 20 28 1392 38 29 32 26 30 27 156 147 227 44 335 33
internal_value=0 0.00684446 0.0243903 -0.000747621 -0.00178095 0.00820792 -0.015251 0.00241177 -0.00481989 -0.000368324 0.00748973 0.0120838 -0.00165368 0.00772021 -0.00317722 0.0406827
internal_weight=604.733 57.6299 19.6475 547.103 37.9824 20.8559 17.1265 10.009 14.8721 542.391 73.1745 67.3212 469.216 63.0214 406.195 11.7789
internal_count=2623 274 99 2349 175 97 78 46 68 2328 330 303 1998 271 1727 61
is_linear=0
shrinkage=0.05


Tree=141
num_leaves=16
num_cat=0
split_feature=86 26 23 45 45 28 55 55 76 86 83 83 53 50 87
split_gain=1.23728 1.73468 4.42891 3.10639 3.10476 2.74244 3.61683 4.12056 2.79287 7.23323 2.7468 2.45227 1.70587 1.79424 0.274727
threshold=2.9000000000000008 18.550000000000004 0.66666666666666696 0.19999999999999976 -0.20000000000000015 6.5500000000000007 2.1965811000000008 1.8277795500000003 2.416666666666667 0.17499999999999979 2.1000000000000005 0.90000000000000013 11.535714285714286 15.707142857142857 1.6333333333333335
decision_type=2 2 2 2 2 2 2 2 2 2 2 2 2 2 2
left_child=1 5 3 -3 -4 8 7 -7 10 -10 -1 -6 13 14 -2
right_child=12 2 4 -5 11 6 -8 -9 9 -11 -12 -13 -14 -15 -16
leaf_value=0.0017287539412598682 -0.013124989055106241 0.0095859111270466552 -0.0079885804551387066 -0.03414895187652553 0 -0.011644437433406372 -0.04594835557519919 0.026220153790234343 0.04402514012326704 0 -0.0078556216535955563 0.034792309022136848 0.0083983368698346047 -0.044770880474360841 0
leaf_weight=337.02791859209538 4.5825433880090731 6.4541161805391294 6.7125747352838507 7.6684243381023407 6.3011735528707531 46.250034637749195 6.105938807129859 7.7260892540216437 12.581786185503004 31.505128145217896 95.199813187122345 21.353907898068428 5.1983314901590338 5.068709507584571 4.4642849564552307
leaf_count=1437 20 31 31 36 27 206 27 35 55 134 418 96 23 26 21
internal_value=0 0.000393712 0.00942121 -0.0128077 0.0193253 -0.000383823 -0.0104358 -0.00557471 0.000841306 0.0127711 -0.000331106 0.0268672 -0.0123099 -0.021673 -0.0044462
internal_weight=604.201 584.887 48.4902 14.1225 34.3677 536.397 60.0821 53.9761 476.315 44.0869 432.228 27.6551 19.3139 14.1155 9.04683
internal_count=2623 2533 221 67 154 2312 268 241 2044 189 1855 123 90 67 41
is_linear=0
shrinkage=0.05


Tree=142
num_leaves=14
num_cat=0
split_feature=87 38 86 10 87 58 86 78 12 66 75 76 63
split_gain=1.21216 2.80832 3.13286 2.71043 2.18128 6.41512 2.28019 2.36761 2.39013 1.95344 1.49115 1.45954 1.88723
threshold=-1.7749999999999997 5.3000000000000016 -2.9749999999999996 1.8333333333333337 -1.3666666666666665 1.8500000000000003 -2.9749999999999996 -2.8333333333333326 24.333333333333339 0.99473185000000008 1.8333333333333337 1.5833333333333337 10.850000000000003
decision_type=2 2 2 2 2 2 2 2 2 2 2 2 2
left_child=1 -1 3 -3 5 10 -6 9 -9 -8 -2 12 -7
right_child=4 2 -4 -5 6 11 7 8 -10 -11 -12 -13 -14
leaf_value=-0.017007519615224089 -0.065810084060962976 0.027127193221914377 0.036219583014893704 -0.021791826503288779 0.027525411783555401 0.013668546754637198 0.0021796510653987983 0.0008414731721186 -0.026629827082113752 -0.032207329157751076 -0.016966033503089624 0.02384856386590499 -0.018447787526286463
leaf_weight=6.1169079095125225 4.9557443559169752 4.4141518324613607 11.552750512957569 6.1539035886526108 7.0361027568578711 6.5519800931215348 4.6732487082481375 513.65232951939106 7.5146675258874884 9.8314014673233014 5.3903679400682449 5.2555061280727378 10.689909234642981
leaf_count=26 23 20 51 27 30 28 21 2229 33 42 24 23 46
internal_value=0 0.00999783 0.0187815 0 -0.000523526 -0.0129488 0.000193627 -0.000144086 0.000372299 -0.0197586 -0.0446224 0.00118369 -0.00479311
internal_weight=603.789 28.2377 22.1208 10.5681 575.551 32.8435 542.708 535.672 521.167 14.5047 10.3461 22.4974 17.2419
internal_count=2623 124 98 47 2499 144 2355 2325 2262 63 47 97 74
is_linear=0
shrinkage=0.05


Tree=143
num_leaves=21
num_cat=0
split_feature=64 47 62 38 18 39 44 44 36 7 7 7 87 34 84 14 76 10 37 15
split_gain=1.24268 3.55451 3.801 3.18195 3.17969 4.77586 2.12453 4.43558 4.10398 3.31963 10.0209 4.55363 4.51303 3.21768 2.83649 4.74795 3.01683 1.23016 1.21263 0.907073
threshold=1.2500000000000002 2.1000000000000005 6.3375000000000012 6.9000000000000012 0.81389700000000009 10.450000000000001 0.30655246666666675 -0.64529496666666675 16.450000000000003 1.4240416666666669 1.1410950000000002 1.0188662500000003 -0.16666666666666649 1.2666666666666668 1.9000000000000001 7.166666666666667 1.4166666666666667 3.5000000000000004 8.1000000000000014 10.41666666666667
decision_type=2 2 2 2 2 2 2 2 2 2 2 2 2 2 2 2 2 2 2 2
left_child=1 2 4 19 -1 -6 7 -2 13 10 11 -8 -12 -9 16 -16 -11 -3 -5 -4
right_child=6 17 3 18 5 -7 9 8 -10 14 12 -13 -14 -15 15 -17 -18 -19 -20 -21
leaf_value=0.02133483671076071 -0.032085638305366544 -0.037610836403237716 0.059864107206922736 0 -0.044140198344774478 0.007834416988396915 -0.0096122322227389818 0 -0.015866300664094085 7.8494237040267214e-05 -0.0041377566272734001 0.031272084524615121 -0.054920268344470252 0.042292498276323864 0.0095847562667972716 -0.02717544642225448 -0.010520988180413362 0 0.02632366023999011 0.015822266803738935
leaf_weight=8.5695917159318942 4.1260909140110043 4.486725375056265 6.442129462957384 10.812990196049215 7.3291448801755896 8.4311256110668165 16.03452537953854 7.287886977195746 5.3389287590980521 258.63807816803455 7.9202398955822018 10.572742342948912 14.359325453639029 14.863161131739615 106.79559834301472 8.7987672984600049 88.070005938410759 4.6225362122058868 5.7567723244428626 4.2125315219163895
leaf_count=38 19 20 31 52 32 38 71 35 26 1105 35 46 61 73 458 39 376 21 27 20
internal_value=0 0.00673109 0.0121456 0.024864 -0.00129326 -0.0154124 -0.000785858 0.0115962 0.0195018 -0.0016111 -0.0139427 0.00598858 -0.038452 0.0292921 -0.000239409 0.00646633 -0.00255323 -0.0203482 0.00874017 0.0461822
internal_weight=603.469 60.6635 51.5543 27.2244 24.3299 15.7603 542.805 31.6161 27.49 511.189 48.8868 26.6073 22.2796 22.151 462.302 115.594 346.708 9.10926 16.5698 10.6547
internal_count=2623 279 238 130 108 70 2344 153 134 2191 213 117 96 108 1978 497 1481 41 79 51
is_linear=0
shrinkage=0.05


Tree=144
num_leaves=13
num_cat=0
split_feature=54 25 5 60 51 55 49 23 51 66 53 53
split_gain=1.20585 1.87202 1.82886 2.68434 2.18611 5.08307 3.25654 2.17834 1.76803 1.70188 0.928202 1.48485
threshold=0.8500000000000002 1.0000000180025095e-35 16.500000000000004 14.450000000000001 6.3500000000000005 2.0595390000000005 0.41428571428571431 1.4166666666666672 6.5500000000000007 1.0224944500000002 10.350000000000003 8.3500000000000032
decision_type=2 2 2 2 2 2 2 2 2 2 2 2
left_child=9 8 4 -4 6 -6 -3 -5 -2 -1 11 -11
right_child=1 2 3 7 5 -7 -8 -9 -10 10 -12 -13
leaf_value=0.01050888495799799 0.039753826564659089 -0.02356252661410372 0.015675150805498493 -0.0098900576510492239 0.017147409320651473 -0.0071762343582053544 0 -0.051874019080695256 0 -0.0033975039543996072 0 -0.050957066646152439
leaf_weight=4.1673994958400753 5.3080134987831098 14.616943478584288 4.956071704626086 14.807627432048323 55.265712261199951 32.830529138445854 448.70041187107563 4.5908133983612052 4.2813170254230499 4.49051785469055 4.4848803281784049 4.3717954605817795
leaf_count=20 25 64 23 66 247 151 1926 21 20 20 20 20
internal_value=0 0.000366461 0 -0.0132752 0.000589814 0.00781128 -0.000736331 -0.0221361 0.0217177 -0.0127662 -0.0219559 -0.0309974
internal_weight=602.872 585.357 575.768 24.3545 551.414 88.0962 463.317 19.3984 9.58933 17.5146 13.3472 8.86231
internal_count=2623 2543 2498 110 2388 398 1990 87 45 80 60 40
is_linear=0
shrinkage=0.05


Tree=145
num_leaves=8
num_cat=0
split_feature=49 71 36 52 20 11 59
split_gain=1.15748 2.10035 2.91523 1.68696 1.90683 3.06038 2.30996
threshold=2.1500000000000008 -0.29999999999999988 14.900000000000002 3.4500000000000006 -0.23219249999999991 1.4166666666666667 1.8166666666666669
decision_type=2 2 2 2 2 2 2
left_child=1 2 -1 -3 5 -5 -6
right_child=-2 3 -4 4 6 -7 -8
leaf_value=-0.00040062440591729655 -0.021754274042966926 0.021299835194187641 0.049804462263520914 -0.043553506926786077 0.0004724295561293346 0 -0.018980304515032385
leaf_weight=4.5582901239395124 5.5695207342505446 8.4748662412166578 4.5581165105104446 6.1298802345991117 550.4105885848403 7.7016996368765831 15.189611837267874
leaf_count=22 30 39 23 28 2375 37 69
internal_value=0 0.000188851 0.0233861 -0.000147937 -0.000522838 -0.0185383 -2.21289e-05
internal_weight=602.593 597.023 9.11641 587.907 579.432 13.8316 565.6
internal_count=2623 2593 45 2548 2509 65 2444
is_linear=0
shrinkage=0.05


Tree=146
num_leaves=12
num_cat=0
split_feature=78 78 78 83 60 36 80 15 77 87 84
split_gain=1.14782 3.36937 2.11872 5.31305 1.64018 1.55375 5.20876 2.98601 1.42535 0.958311 0.392372
threshold=3.1666666666666674 3.5833333333333339 2.5000000000000009 0.63333333333333341 9.1000000000000014 11.300000000000002 0.90000000000000013 12.41666666666667 1.0000000180025095e-35 1.4833333333333336 2.3666666666666667
decision_type=2 2 2 2 2 2 2 2 2 2 2
left_child=2 10 4 -4 -1 6 -6 -7 -3 -5 -2
right_child=1 8 3 9 5 7 -8 -9 -10 -11 -12
leaf_value=0.02877505004631524 -0.049103911204610301 -0.012089629037777746 -0.015116406144256429 0.049900346625927322 0.025552284731104009 -0.0013176352418049781 -0.019605276719634964 0.0091173557994720118 0.017285829930349678 0.011359267274495984 -0.012377710470707976
leaf_weight=4.3497620671987525 4.2220875322818774 6.914828583598136 6.954667046666148 6.9858117848634702 7.1780558079481116 437.1944290921092 30.584920316934586 80.602162912487984 8.0324080735445005 5.1058743000030518 4.1993625909090042
leaf_count=19 21 32 30 33 33 1866 139 371 36 23 20
internal_value=0 -0.0107753 0.000411708 0.0166034 -0.000108793 -0.00040557 -0.0101465 0.000265708 0.00212641 0.0367086 -0.0353127
internal_weight=602.324 23.3687 578.956 19.0464 559.909 555.56 37.763 517.797 14.9472 12.0917 8.42145
internal_count=2623 109 2514 86 2428 2409 172 2237 68 56 41
is_linear=0
shrinkage=0.05


Tree=147
num_leaves=10
num_cat=0
split_feature=15 39 64 63 72 60 61 14 13
split_gain=1.1841 2.1686 3.3699 3.09685 2.53081 2.14243 6.27979 3.9796 1.88968
threshold=18.833333333333339 16.100000000000005 2.9500000000000006 15.414285714285716 1.5833333333333337 14.050000000000002 5.3375000000000012 6.5833333333333348 4.8333333333333348
decision_type=2 2 2 2 2 2 2 2 2
left_child=1 2 5 -3 -4 7 -7 -1 -2
right_child=8 3 4 -5 -6 6 -8 -9 -10
leaf_value=-0.014532709646633019 -0.039196323622591331 0.04841226084024064 0.042489056006614963 0 0 0.02683269525417703 -0.00065460031362300276 0.0092957835820571665 0
leaf_weight=63.348840162158012 4.4737093746662122 5.1318008154630643 7.5119183361530286 5.7718748301267624 4.5712463557720184 21.216888591647148 461.75803591310978 22.419313684105873 5.7162403464317322
leaf_count=282 21 24 34 26 22 97 1991 100 26
internal_value=0 0.000269721 -0.000111351 0.0218761 0.0254295 -0.000719755 0.000527697 -0.0079965 -0.0165194
internal_weight=601.92 591.73 580.826 10.9037 12.0832 568.743 482.975 85.7682 10.1899
internal_count=2623 2576 2526 50 56 2470 2088 382 47
is_linear=0
shrinkage=0.05


Tree=148
num_leaves=13
num_cat=0
split_feature=17 17 47 65 41 88 12 10 86 66 46 41
split_gain=1.13662 2.17372 3.25531 2.84235 3.00988 5.18211 3.42444 2.0993 2.90863 2.59506 0.793764 0.0784453
threshold=2.8140483333333335 2.550334166666667 1.3000000000000003 2.6372160000000004 1.8376716666666668 1.0000000180025095e-35 15.500000000000002 2.416666666666667 -0.45000000000000012 1.1001530000000004 1.7000000000000004 2.8658545333333341
decision_type=2 2 2 2 2 2 2 2 2 2 2 2
left_child=1 3 -3 4 6 -6 -1 11 9 -9 -4 -2
right_child=7 2 10 -5 5 -7 -8 8 -10 -11 -12 -13
leaf_value=-0.00092096534844303835 -0.039850456993931353 -0.0042978546125282124 0.050120114498269912 0.028243183314887343 0.014432934631100392 -0.016446519480471208 0.010604564968161848 0.0012203485270980028 0.025733915876627756 -0.042025079079932227 0.011841073085990292 -0.011801499393975037
leaf_weight=393.83297667652369 4.1937096416950244 7.9435442686080959 5.3643475472927076 8.1941673606634122 16.137050181627274 61.632824875414371 76.045368373394012 7.4016813188791293 6.4780971929430953 4.6674832999706268 5.1054115071892738 4.6205878704786301
leaf_count=1686 20 35 25 38 71 273 347 33 31 20 24 20
internal_value=0 0.000454756 0.0171312 -6.76435e-05 -0.000562227 -0.00966844 0.000900474 -0.00988546 0 -0.0145213 0.0351235 -0.0292536
internal_weight=601.617 574.256 18.4133 555.842 547.648 77.7699 469.878 27.3616 18.5473 12.0692 10.4698 8.8143
internal_count=2623 2499 84 2415 2377 344 2033 124 84 53 49 40
is_linear=0
shrinkage=0.05


Tree=149
num_leaves=11
num_cat=0
split_feature=69 21 45 41 65 10 34 35 15 58
split_gain=1.14905 1.84467 3.22674 1.73371 3.99801 3.13879 2.43794 2.35181 2.03677 1.05291
threshold=-2.4499999999999997 -2.8333333333333326 -2.4999999999999996 2.8159951666666667 2.5856602000000009 2.8333333333333335 3.7000000000000006 0.90000000000000013 9.8333333333333339 2.7888888888888892
decision_type=2 2 2 2 2 2 2 2 2 2
left_child=-1 2 -2 4 6 8 -3 -6 -5 -7
right_child=1 3 -4 5 7 9 -8 -9 -10 -11
leaf_value=-0.018353011071337046 -0.0045991695065421782 0.00018428348829933568 0.044174697393301661 -0.0026563688301368214 0.055256110389132952 -0.0091512293888361042 -0.028171354715421315 0 -0.053909819104793116 0.021970721565542264
leaf_weight=7.9255243986845008 5.2813049405813217 546.96136382967234 5.9485040381550771 4.6443306207656878 4.7169630229473096 4.2467662468552572 7.174867406487464 4.4880765676498413 5.3445723205804825 4.5219313353300095
leaf_count=36 24 2376 28 21 22 20 32 21 23 20
internal_value=0 0.000241472 0.0198871 -0.00011136 0.000349336 -0.0148953 -0.000162851 0.0321785 -0.0337257 0.00452024
internal_weight=601.254 593.329 11.2298 582.099 563.341 18.7576 554.136 9.20504 9.9889 8.7687
internal_count=2623 2587 52 2535 2451 84 2408 43 44 40
is_linear=0
shrinkage=0.05


Tree=150
num_leaves=13
num_cat=0
split_feature=86 28 87 22 11 34 78 80 20 44 8 49
split_gain=1.12833 1.69793 1.83526 1.54299 2.44607 3.90319 3.26187 3.24028 2.94228 4.69281 2.02969 1.89171
threshold=2.9000000000000008 5.5500000000000007 1.6333333333333335 -1.1666666666666663 1.8333333333333337 1.6750000000000003 -0.33333333333333359 1.4500000000000002 -0.23219249999999991 0.30655246666666675 1.0706454166666668 1.0500000000000003
decision_type=2 2 2 2 2 2 2 2 2 2 2 2
left_child=3 -2 -3 11 8 7 -7 -6 10 -10 -5 -1
right_child=1 2 -4 4 5 6 -8 -9 9 -11 -12 -13
leaf_value=-0.041323172721902821 0.007742780225334556 -0.039282127416349705 0 -0.051778972984699773 0.039687545987599285 0.019348870480696698 -0.023650675975134289 0 0.027346766928843566 -0.00041230816083452865 -0.001808117138140538 0
leaf_weight=4.3912973105907422 5.6307782679796246 6.760174058377741 6.7348296865820885 4.1041381880640966 14.69599235057831 6.8103359341621426 9.8120396211743337 8.338270351290701 15.167523853480814 508.66028419137001 5.7461357191205025 4.2252784073352814
leaf_count=21 26 32 32 19 66 32 45 38 76 2188 28 20
internal_value=0 -0.0118107 -0.0217408 0.000377893 0.000743851 0.0126508 -0.00452273 0.0259389 -0.000105145 0.000369092 -0.0265395 -0.0199355
internal_weight=601.077 19.1258 13.495 581.951 573.335 39.6566 16.6224 23.0343 533.678 523.828 9.85027 8.61658
internal_count=2623 90 64 2533 2492 181 77 104 2311 2264 47 41
is_linear=0
shrinkage=0.05


Tree=151
num_leaves=14
num_cat=0
split_feature=53 4 5 78 83 69 56 30 26 4 50 10 27
split_gain=1.12497 1.48303 3.34055 6.10019 5.17399 3.95256 2.82709 2.6755 3.14093 2.52212 2.74415 1.88714 0.447309
threshold=16.550000000000004 4.416666666666667 10.16666666666667 1.2500000000000002 1.9000000000000001 1.0000000180025095e-35 1.4990833000000003 0.70000000000000007 18.700000000000006 4.8333333333333348 17.950000000000003 1.5000000000000002 5.7000000000000002
decision_type=2 2 2 2 2 2 2 2 2 2 2 2 2
left_child=1 2 3 4 -1 6 -4 8 12 -9 -11 -7 -3
right_child=-2 7 5 -5 -6 11 -8 9 -10 10 -12 -13 -14
leaf_value=0.053372224310612372 -0.021584957475892067 -0.014950886667344995 -0.00094755738328173482 -0.013834150394101711 0 0.041281042757714922 -0.032960456550744852 -0.033643876140128828 0.00043342617623525121 -0.00079759334764003685 0.013220275708799049 0.0037040105920104387 -0.055430845700754232
leaf_weight=12.972043067216878 5.4891633763909331 3.9106431454420072 34.895418509840965 7.6865456253290168 5.9343974292278281 6.2341060936450985 8.7151437401771528 5.0509522706270209 7.0456518232822409 450.85366628319025 37.26241522282362 10.301384165883062 4.3788657635450363
leaf_count=57 25 18 155 35 29 28 40 22 33 1939 173 47 22
internal_value=0 0.000192186 0.00624867 0.0208321 0.0362074 0 -0.00821288 -0.000796922 -0.0210362 -9.62647e-05 0.000233789 0.0201344 -0.0411152
internal_weight=600.73 595.241 86.739 26.593 18.9064 60.1461 43.6106 508.502 15.3352 493.167 488.116 16.5355 8.28951
internal_count=2623 2598 391 121 86 270 195 2207 73 2134 2112 75 40
is_linear=0
shrinkage=0.05


Tree=152
num_leaves=20
num_cat=0
split_feature=75 48 18 61 78 75 52 12 42 84 79 44 34 20 54 58 45 20 8
split_gain=1.12945 5.53922 3.75602 3.58776 3.66145 3.013 3.95142 4.704 4.60961 4.62685 3.89348 3.41007 4.35324 3.60359 3.13726 2.99846 2.87685 2.55883 2.34861
threshold=2.8333333333333335 1.9500000000000002 1.0180115000000003 7.5357142857142865 -0.33333333333333309 2.166666666666667 6.0500000000000007 15.833333333333334 1.0548261666666667 0.77500000000000013 -1.0000000180025095e-35 0.17535479999999998 1.1000000000000003 0.37063383333333333 0.8500000000000002 1.5500000000000003 0.099999999999999978 -0.37202358333333324 1.064732875
decision_type=2 2 2 2 2 2 2 2 2 2 2 2 2 2 2 2 2 2 2
left_child=5 2 -2 4 15 11 8 16 9 -7 -10 12 -1 18 -15 -3 -8 -14 -13
right_child=1 3 -4 -5 -6 6 7 -9 10 -11 -12 13 17 14 -16 -17 -18 -19 -20
leaf_value=-0.011757658217666441 0.0077380996476957651 0 -0.038287655861646973 -0.015463607550471834 -0.011488966903251643 0.0071659350334009808 0.044556050698800122 -0.027128466602819864 -0.010245859538402478 -0.031891034023659615 0.040018354615182779 -0.051690355601782458 0.0012446635488522673 -0.023969013994003325 0.001364422919330283 0.039874465963427648 0 0.051135890658839792 -0.0024397912885798234
leaf_weight=5.86700610816479 6.8559123128652564 4.836377531290057 8.7309930324554426 5.5831019878387442 4.6587575674057033 8.0968723446130735 7.8932532817125338 5.013931304216384 10.040271550416945 36.562010809779167 5.2639598101377478 4.9987033158540708 4.9963753148913392 12.030328527092932 426.71358026564121 21.701181769371033 4.8648599833250046 9.129899844527241 6.5195493549108505
leaf_count=29 32 21 39 25 20 35 35 23 45 158 24 23 25 55 1839 97 23 45 30
internal_value=0 0.00694535 -0.0168778 0.017803 0.0246954 -0.000706105 -0.0098154 0.00983807 -0.016087 -0.0242553 0.00617999 0.000755419 0.0207099 -9.71594e-05 0.000586372 0.0320673 0.0267267 0.0358447 -0.027155
internal_weight=600.357 52.3663 15.5869 36.7794 31.1963 547.991 77.7352 17.772 59.9631 44.6589 15.3042 470.255 19.9933 450.262 438.744 26.5376 12.7581 14.1263 11.5183
internal_count=2623 234 71 163 138 2389 343 81 262 193 69 2046 99 1947 1894 118 58 70 53
is_linear=0
shrinkage=0.05


Tree=153
num_leaves=18
num_cat=0
split_feature=64 47 37 35 70 11 70 37 72 3 47 16 3 3 86 73 66
split_gain=1.13285 3.25571 3.30465 2.60562 2.55344 4.12184 2.07192 3.22355 3.15106 2.52455 2.63252 3.77855 3.19859 1.92639 1.40245 1.36747 1.25603
threshold=1.2500000000000002 2.1000000000000005 4.6333333333333337 1.1000000000000003 1.2500000000000002 1.4166666666666667 1.9500000000000002 4.9000000000000012 1.8333333333333337 10.16666666666667 1.9000000000000006 1.1666666666666667 9.8333333333333339 6.8333333333333348 -0.6583333333333331 1.5833333333333337 1.0530928000000002
decision_type=2 2 2 2 2 2 2 2 2 2 2 2 2 2 2 2 2
left_child=1 2 3 -1 5 -4 9 -8 15 10 12 -12 -2 -6 -3 -9 -10
right_child=6 14 4 -5 13 -7 7 8 16 -11 11 -13 -14 -15 -16 -17 -18
leaf_value=0.0074241840832269708 -0.00096575844836899497 -0.038624769059697348 -0.0021554830567410057 -0.035315575897941334 0.052224359594951565 0.042148217450671113 0.021822276141214556 -0.054910936814337057 -0.017366910962409578 0.026435095683557071 -0.013980204303066771 0.024340253849755848 -0.039159387957848589 0.0050059956368873927 0 -0.010468585864120084 0.013630515868329305
leaf_weight=7.4760250002145749 468.80702934414148 4.289082333445549 19.249881222844127 5.2083815708756447 8.1063154786825162 6.2776910811662665 4.1776174306869533 6.8076848387718218 6.3160144090652448 8.345858082175253 7.6822696253657368 22.342318087816238 5.097883313894271 4.735729217529296 4.7302073538303357 4.7678723484277725 5.4086601436138153
leaf_count=33 2018 19 88 24 40 30 20 30 29 39 35 104 23 23 22 21 25
internal_value=0 0.00644307 0.0116652 -0.00890289 0.0191349 0.00837946 -0.000766651 -0.0140174 -0.0218172 0 -0.000507204 0.0136479 -0.00147015 0.0375257 -0.0195507 -0.0398672 -0.00104993
internal_weight=599.827 60.0733 51.054 12.6844 38.3696 25.5276 539.753 27.4778 23.3002 512.275 503.93 30.0246 473.905 12.842 9.01929 11.5756 11.7247
internal_count=2623 279 238 57 181 118 2344 125 105 2219 2180 139 2041 63 41 51 54
is_linear=0
shrinkage=0.05


Tree=154
num_leaves=15
num_cat=0
split_feature=27 2 51 47 66 85 27 3 85 44 86 0 78 83
split_gain=1.13961 2.20089 1.97663 3.15333 5.5277 2.77034 4.24475 2.22302 2.97075 2.74116 5.16403 4.578 1.36919 0.819848
threshold=9.1000000000000014 18.833333333333339 6.8944444444444457 0.90000000000000036 1.2905019000000004 0.70833333333333337 6.7000000000000002 8.1666666666666696 1.5500000000000003 1.0842458666666668 -3.3306690738754691e-16 2.8333333333333335 0.33333333333333343 1.2916666666666667
decision_type=2 2 2 2 2 2 2 2 2 2 2 2 2 2
left_child=2 -2 7 4 12 -5 -7 9 -9 11 -11 -1 -4 -3
right_child=1 13 3 5 -6 6 -8 8 -10 10 -12 -13 -14 -15
leaf_value=0.00015199069126770436 -0.040305622529455978 0.015416538899264596 -0.042301104083133 -0.0088837200221983763 0.031513622134343444 -0.0040029359172594481 0.031158007629499065 0.00066879149069013454 -0.038829412650566983 -0.0059063791933108307 0.03207887546764461 -0.02017482207187243 -0.0007484723369779433 -0.012836016883112963
leaf_weight=444.35874450206757 4.6079974770545951 4.360440790653227 6.9822004437446612 7.9551480039954177 4.7928835749626151 10.399516887962816 28.276304945349693 7.806190729141238 8.2628549262881261 15.601366378366945 17.645943693816662 28.891881428658962 4.4738938063383102 4.9286465495824814
leaf_count=1914 23 20 30 37 22 46 130 36 38 72 84 127 21 23
internal_value=0 -0.0139356 0.000301011 0.00866897 -0.00916057 0.0154435 0.021135 -0.000665426 -0.0186916 -2.6353e-05 0.01369 -0.00105617 -0.0288747 0
internal_weight=599.344 13.8971 585.447 62.8799 16.249 46.631 38.6758 522.567 16.069 506.498 33.2473 473.251 11.4561 9.28909
internal_count=2623 66 2557 286 73 213 176 2271 74 2197 156 2041 51 43
is_linear=0
shrinkage=0.05


Tree=155
num_leaves=19
num_cat=0
split_feature=18 18 34 87 50 18 76 69 81 27 82 81 81 42 84 85 78 73
split_gain=1.14638 4.24096 2.50552 3.55652 3.21656 2.28232 3.83366 3.93235 5.4436 3.71714 3.37909 6.06533 4.66285 2.91597 2.90285 1.78313 1.40309 0.564199
threshold=0.52633408333333342 0.481294 2.1000000000000005 -0.22500000000000001 15.350000000000003 0.87278633333333344 1.8333333333333337 -0.40000000000000019 2.291666666666667 5.9000000000000012 1.0000000180025095e-35 3.2250000000000005 2.4500000000000006 0.9954953333333334 1.3666666666666669 1.3666666666666669 -0.9166666666666663 1.8333333333333337
decision_type=2 2 2 2 2 2 2 2 2 2 2 2 2 2 2 2 2 2
left_child=1 2 3 -1 17 6 7 9 -9 -2 12 13 16 -12 -14 -8 -7 -4
right_child=5 -3 4 -5 -6 10 15 8 -10 -11 11 -13 14 -15 -16 -17 -18 -19
leaf_value=-0.0055764909835396351 0.025356896293196235 -0.042577422050788183 -0.044968290809720174 0.040612029166270297 0.016044446784561076 -0.020586787893209613 -0.03087256786157477 0.033195113130123667 -0.015590955025812803 -0.024307691553796584 -0.01474771787087208 -0.052676412834624015 0 0.00011622405713412282 0.046850758432881306 0.0043099872409353901 0.010776146733431432 -0.0091616494883305696
leaf_weight=8.0466058850288373 5.2835268080234519 6.8507841676473609 4.9447371512651426 6.5806804746389416 4.2902086228132239 7.1019141376018524 6.9065231978893262 30.452305063605309 5.9357338398694983 9.4983257949352247 34.961281299591064 5.2698036655783644 4.7743642181158092 432.19212725013494 11.28876733779907 4.7415523827075958 5.2287047356367129 4.4990995079278946
leaf_count=36 25 30 23 30 21 30 30 136 25 43 156 23 20 1883 48 21 23 20
internal_value=-5.40279e-06 -0.00873264 0 0.0142062 -0.0150192 0.000502757 0.00947085 0.015594 0.0244558 -0.00467116 -0.000580575 -0.00164216 0.0159399 -0.000957298 0.0335281 -0.014905 -0.00543743 -0.0317423
internal_weight=598.847 35.2121 28.3613 14.6273 13.734 563.635 62.818 51.1699 36.388 14.7819 500.817 472.423 28.3938 467.153 16.0631 11.6481 12.3306 9.44384
internal_count=2623 160 130 66 64 2463 280 229 161 68 2183 2062 121 2039 68 51 53 43
is_linear=0
shrinkage=0.05


Tree=156
num_leaves=16
num_cat=0
split_feature=62 37 13 62 15 53 83 48 21 37 58 23 64 85 12
split_gain=1.15167 3.29945 3.08666 2.38379 2.1945 1.99161 1.97229 5.55308 4.49843 1.94065 2.29635 1.96392 1.93114 1.59736 0.717032
threshold=7.2500000000000009 6.3000000000000016 4.8333333333333348 7.0500000000000007 12.41666666666667 16.450000000000003 2.1000000000000005 2.0500000000000003 -0.33333333333333376 8.6750000000000025 2.3166666666666669 1.4166666666666672 1.4142857142857144 1.9000000000000001 17.166666666666668
decision_type=2 2 2 2 2 2 2 2 2 2 2 2 2 2 2
left_child=3 2 -2 5 -5 6 8 -8 -1 10 13 -12 -11 -3 -4
right_child=1 9 14 4 -6 -7 7 -9 -10 12 11 -13 -14 -15 -16
leaf_value=0.015670149184203497 0 -0.040071849824200589 0.016063930533803054 -0.047650400604202427 0 -0.028356527654677922 -0.014222929570467675 0.010860879988092303 -0.00022985029898454093 0.030995440329732456 0.021581873430734061 -0.014462632033131612 -0.0052024935318220793 0 0.053588715120644427
leaf_weight=49.535086743533611 7.7696882933378246 7.0502947866916674 5.4249179363250715 4.6662873774766904 5.7457730919122696 5.7286882773041716 68.999226585030556 30.826970487833023 376.4584534317255 6.9084878712892515 7.0678886324167234 6.5634468719363213 5.1571077853441238 4.5803588554263115 6.0185413882136345
leaf_count=228 38 32 28 20 26 26 300 141 1608 34 33 32 23 21 33
internal_value=-1.0099e-05 0.00670459 0.0233405 -0.000762238 -0.0239212 -0.000239555 4.5921e-05 -0.00621218 0.00157661 -0.00139264 -0.00981595 0.00255979 0.0139427 -0.0258891 0.03931
internal_weight=598.501 56.5407 19.2131 541.96 10.4121 531.548 525.82 99.8262 425.994 37.3276 25.262 13.6313 12.0656 11.6307 11.4435
internal_count=2623 274 99 2349 46 2303 2277 441 1836 175 118 65 57 53 61
is_linear=0
shrinkage=0.05


Tree=157
num_leaves=15
num_cat=0
split_feature=28 82 1 3 21 22 32 48 53 8 55 84 65 55
split_gain=1.12668 3.79198 2.95654 3.06746 3.44079 1.93953 2.23774 4.32154 2.67035 2.65446 4.25254 3.18911 1.80211 1.26847
threshold=8.3000000000000025 1.1000000000000003 1.1666666666666667 5.8333333333333348 3.3306690738754701e-16 -1.1666666666666663 0.61838343333333345 1.7250000000000003 11.535714285714286 1.0589200000000003 1.3502904000000002 3.3000000000000003 1.7060326000000001 1.8211696000000004
decision_type=2 2 2 2 2 2 2 2 2 2 2 2 2 2
left_child=5 -2 3 -3 -5 12 7 -7 -9 10 -8 -11 -1 -4
right_child=1 2 13 4 -6 6 9 8 -10 11 -12 -13 -14 -15
leaf_value=-0.044340182113575509 -0.044382133088257815 -0.022805877257811115 -8.792809822118977e-06 0.046081624952489353 0 -0.012730433195173719 0.015701910387815373 0.01272250117759573 0.057753108315398108 0.002345664163622376 -0.01291475297722872 -0.030180052066369041 0 -0.043989504022619724
leaf_weight=4.1008033603429777 5.6785862147808066 4.2407071441412034 4.5193578749895078 6.9310714751481992 7.5559634566307068 8.2788321077823657 14.629576802253721 13.206134818494322 5.454525187611579 435.47625809907913 72.707859300076962 7.0841124057769767 4.2171758860349655 3.9378013834357262
leaf_count=20 25 19 21 32 36 39 64 61 25 1884 325 32 20 20
internal_value=-1.22241e-05 -0.00898006 -1.39875e-05 0.010135 0.0218849 0.000472531 0.000883446 0.0148148 0.0283533 0.000114757 -0.00777457 0.00173512 -0.0226908 -0.0245905
internal_weight=598.019 32.8635 27.1849 18.7277 14.487 565.155 556.837 26.9395 18.6607 529.898 87.3374 442.56 8.31798 8.45716
internal_count=2623 153 128 87 68 2470 2430 125 86 2305 389 1916 40 41
is_linear=0
shrinkage=0.05


Tree=158
num_leaves=9
num_cat=0
split_feature=66 62 18 18 87 86 36 73
split_gain=1.1412 3.09524 1.86873 2.4262 1.74659 2.24602 2.01138 0.617146
threshold=1.7806076500000001 4.8285714285714292 1.9654091666666667 2.3182025000000004 -2.5499999999999994 -3.9333333333333331 20.550000000000004 1.5833333333333337
decision_type=2 2 2 2 2 2 2 2
left_child=2 -2 4 7 -1 -6 -7 -4
right_child=1 -3 3 -5 5 6 -8 -9
leaf_value=0.033237333506969974 -0.011322065835578909 0.032965532079178114 -0.0097930122007560891 0.0059374725540410275 -0.029763024018481972 -0.00046820605651125063 0.014845210013475871 -0.048569849387979425
leaf_weight=3.4329849332571021 5.6178376525640479 8.4357896745204908 4.2174036726355535 4.6785087287425986 5.8573444634675971 539.07961898297071 21.803510621190071 4.4772831797599792
leaf_count=15 25 39 20 23 25 2353 103 20
internal_value=-1.99227e-05 0.0137633 -0.00040617 -0.0185391 0 -0.00019524 9.52395e-05 -0.0340353
internal_weight=597.6 14.0536 583.547 13.3732 570.173 566.74 560.883 8.69469
internal_count=2623 64 2559 63 2496 2481 2456 40
is_linear=0
shrinkage=0.05


Tree=159
num_leaves=14
num_cat=0
split_feature=60 62 18 8 62 76 36 88 54 50 76 73 75
split_gain=1.55518 1.25474 4.61035 6.27021 3.42965 5.60107 3.05307 2.85742 2.55706 3.07144 2.0213 1.73109 1.26347
threshold=9.1000000000000014 4.9500000000000011 0.90946825000000009 1.1561133166666671 5.2500000000000009 1.5833333333333337 15.900000000000002 1.0000000180025095e-35 0.8500000000000002 19.450000000000003 1.5833333333333337 0.83333333333333337 1.5833333333333337
decision_type=2 2 2 2 2 2 2 2 2 2 2 2 2
left_child=-1 2 7 6 5 12 -4 -2 11 -10 -9 -6 -3
right_child=1 4 3 -5 8 -7 -8 10 9 -11 -12 -13 -14
leaf_value=0.028224688583547965 0.03771016781854869 0.053954727176349915 -0.029702435896699016 0.027376805080200347 0 -0.011286218394641077 0.008546097491203053 -0.013767945047019326 -0.00045466787505552345 0.021504293454131837 0.025001551106993765 -0.032693160355169844 0.016572224037968649
leaf_weight=4.3177672475576392 6.5648159831762323 7.1862189173698443 33.108510442078114 6.1190999299287787 5.5054847523570052 8.3109499514102918 4.813823625445365 9.792780935764311 473.91731978207827 15.948983982205389 4.4628683924674997 9.5643948838114721 7.8498824536800385
leaf_count=19 29 32 147 30 26 37 21 43 2065 75 20 44 35
internal_value=-1.94027e-05 -0.000290716 -0.00685182 -0.0162014 0.000473286 0.019023 -0.0241485 0.0116688 -0.000352914 0.000230484 0 -0.0203211 0.0372091
internal_weight=597.463 593.145 64.8619 44.0414 528.283 23.3471 37.9223 20.8205 504.936 489.866 14.2556 15.0699 15.0361
internal_count=2623 2604 290 198 2314 104 168 92 2210 2140 63 70 67
is_linear=0
shrinkage=0.05


Tree=160
num_leaves=14
num_cat=0
split_feature=18 18 34 87 50 66 40 16 36 42 18 86 65
split_gain=1.12962 3.8161 2.29081 3.2862 2.82951 2.08742 1.49379 3.42134 3.56694 2.45888 2.64997 1.93098 0.769882
threshold=0.52633408333333342 0.481294 2.1000000000000005 -0.22500000000000001 15.350000000000003 0.6050139000000001 0.90000000000000013 0.50000000000000011 15.550000000000002 0.63129087000000006 0.93387375000000017 -0.6583333333333331 2.3182654
decision_type=2 2 2 2 2 2 2 2 2 2 2 2 2
left_child=1 2 3 -1 12 -2 7 11 -9 -8 -11 -7 -4
right_child=5 -3 4 -5 -6 6 9 8 -10 10 -12 -13 -14
leaf_value=-0.0056401255311414808 0.028394391424184214 -0.04090008723770526 -0.046099024279508016 0.038867305511239736 0.014334371924649187 -0.028334722720298269 -0.027114164178111824 0.063024519403162449 0.0054771389720028561 0.010165802193841177 -0.0012159983935057482 0.0090588997919429457 -0.0080717905930660187
leaf_weight=8.0279164761304838 6.1370641589164725 6.8071074336767188 4.5665968954563123 6.5060551762580898 4.2275355011224738 5.1742167919874191 7.9778712838888159 4.6649040430784234 8.2051863074302656 56.93230976909399 465.91430307924747 7.0944643467664719 4.8317213654518127
leaf_count=36 29 30 20 30 21 23 35 22 38 254 2028 34 23
internal_value=-3.35045e-06 -0.00869793 0 0.0132505 -0.0147839 0.000500332 0.000122257 0.0119434 0.0297825 -0.000401231 0 -0.00524564 -0.03047
internal_weight=597.067 34.9669 28.1598 14.534 13.6259 562.1 555.963 25.1388 12.8701 530.824 522.847 12.2687 9.39832
internal_count=2623 160 130 66 64 2463 2434 117 60 2317 2282 57 43
is_linear=0
shrinkage=0.05


Tree=161
num_leaves=17
num_cat=0
split_feature=87 38 86 10 87 58 14 0 61 4 45 61 86 81 75 72
split_gain=1.09064 2.42712 2.85633 2.3691 1.88942 5.84282 2.20222 4.87373 4.45412 4.05912 3.25883 5.28696 1.36722 1.46855 1.29545 0.0744669
threshold=-1.7749999999999997 5.3000000000000016 -2.9749999999999996 1.8333333333333337 -1.3666666666666665 1.8500000000000003 7.166666666666667 1.5000000000000002 4.9500000000000011 5.8333333333333348 -2.6999999999999997 6.5500000000000007 -2.8499999999999996 1.9000000000000001 1.8333333333333337 0.83333333333333337
decision_type=2 2 2 2 2 2 2 2 2 2 2 2 2 2 2 2
left_child=1 -1 3 -3 5 14 10 9 -9 -8 -6 -12 -7 -14 -2 -4
right_child=4 2 15 -5 6 12 7 8 -10 -11 11 -13 13 -15 -16 -17
leaf_value=-0.015491355419599366 -0.063356747723777251 0.025452904169679644 0.01797341081507459 -0.020580982238949989 -0.034221326563937594 -0.018969689413028668 -0.0085627226572730121 0.017078597945971614 -0.021808111173925903 0.041409949676685161 0.00010975040808292144 0.018065743971374688 -0.0020261592152492082 0.024791910739611907 -0.016317474188127304 0.045697981218170494
leaf_weight=6.0669708997011211 4.763790585100649 4.3155386596918142 5.972323022782799 6.1174376308917999 5.762040063738822 5.0854394584894171 6.711336247622965 7.677709534764289 44.758908040821552 7.4438625872135162 418.91419806331396 45.305837459862232 9.3926308453083092 7.7571158707141867 5.30367211997509 5.3905946761369705
leaf_count=26 23 20 27 27 26 22 33 35 204 37 1809 211 40 35 24 24
internal_value=-3.56055e-07 0.00952523 0.0178012 0 -0.00051877 -0.0121785 0.0001473 -0.00827435 -0.0155346 0.016527 0.00140123 0.00193352 0.00126287 0.00904634 -0.0428862 0.0346051
internal_weight=596.739 27.8629 21.7959 10.433 568.877 32.3026 536.574 66.5918 52.4366 14.1552 469.982 464.22 22.2352 17.1497 10.0675 11.3629
internal_count=2623 124 98 47 2499 144 2355 309 239 70 2046 2020 97 75 47 51
is_linear=0
shrinkage=0.05


Tree=162
num_leaves=13
num_cat=0
split_feature=60 59 65 68 42 87 32 75 52 71 71 41
split_gain=1.39489 1.35267 3.00551 2.41214 1.7276 2.62629 3.89886 1.83564 5.02575 4.19563 1.51325 1.31417
threshold=9.1000000000000014 1.7250000000000003 1.6316944 0.43014779999999964 1.759727266666667 -0.65833333333333321 1.0390436666666669 1.1666666666666667 3.7500000000000004 2.2500000000000004 0.95000000000000007 1.8274398000000003
decision_type=2 2 2 2 2 2 2 2 2 2 2 2
left_child=-1 4 3 -3 7 -6 -7 8 -2 -9 -4 -12
right_child=1 2 10 -5 5 6 -8 9 -10 -11 11 -13
leaf_value=0.026829405010867266 0.041199414677088333 0 -0.018201982866842464 -0.045983957922339801 -0.012734716572802117 -0.0033566040247170123 0.049951720485452121 0.0031108131952090399 -0.0054188736197224889 -0.026178416417160094 0.032307673834376188 0
leaf_weight=4.2891263365745536 5.3580834120512 4.2979033440351486 4.5821737647056571 7.4707060456275958 4.27992816269398 4.5020202845334989 7.4361055344343185 331.30451463907957 200.38068898022175 12.071321517229078 4.7393827140331251 5.5438515245914459
leaf_count=19 24 21 22 34 19 21 36 1457 868 55 22 25
internal_value=-5.65706e-07 -0.000259638 -0.0111843 -0.0297026 0.000220292 0.0160761 0.0285117 -0.000216721 -0.00398663 0.00197189 0.00233864 0.0142295
internal_weight=596.256 591.967 26.634 11.7686 565.333 16.2181 11.9381 549.115 205.739 343.376 14.8654 10.2832
internal_count=2623 2604 124 55 2480 76 57 2404 892 1512 69 47
is_linear=0
shrinkage=0.05


Tree=163
num_leaves=14
num_cat=0
split_feature=60 59 53 65 72 11 48 8 50 6 83 75 46
split_gain=1.27754 1.23847 2.88407 3.13864 1.60092 3.27795 3.07492 2.84401 3.02662 2.69745 2.35912 1.36329 0.205682
threshold=9.1000000000000014 1.7250000000000003 11.450000000000001 1.6316944 2.166666666666667 1.4166666666666667 1.2750000000000001 0.48431425000000006 14.550000000000002 2.416666666666667 2.1000000000000005 1.4166666666666667 0.59999999999999998
decision_type=2 2 2 2 2 2 2 2 2 2 2 2 2
left_child=-1 4 -3 12 7 6 -6 8 -2 -9 -7 -5 -4
right_child=1 2 3 11 5 10 -8 9 -10 -11 -12 -13 -14
leaf_value=0.025720105430071971 0.0027204347390636539 0.020827440838799949 -0.015412736588027266 0.016825818700409636 0.032435797033010125 0.045426788401283384 -0.00032957666704807958 0.0011210700213256221 -0.039427551913128044 -0.011025790485088839 0 -0.016208870158288511 -0.048416822756494678
leaf_weight=4.2724049091339102 5.6593966260552397 4.7273389399051693 4.2641607373952883 5.348563149571417 7.2078450322151175 7.8467599079012853 82.829538352787495 396.72068847715855 9.1964927464723569 51.041508659720421 4.619987741112709 6.1702485233545303 6.0184020400047302
leaf_count=19 26 23 21 25 34 38 373 1715 42 231 21 28 27
internal_value=0 -0.000249283 -0.0107244 -0.0190006 0.000207301 0.00588113 0.00218193 -0.00100088 -0.0221773 -0.000218563 0.0295551 0 -0.038398
internal_weight=595.923 591.651 26.5287 21.8014 565.122 102.504 90.0374 462.618 14.8559 447.762 12.4667 11.5188 10.2826
internal_count=2623 2604 124 101 2480 466 407 2014 68 1946 59 53 48
is_linear=0
shrinkage=0.05


Tree=164
num_leaves=9
num_cat=0
split_feature=66 62 15 16 39 63 64 37
split_gain=1.13148 2.5664 1.87721 2.37145 2.64139 2.69416 2.537 0.679898
threshold=1.7806076500000001 4.8285714285714292 18.833333333333339 4.166666666666667 16.100000000000005 15.414285714285716 2.9500000000000006 4.9000000000000012
decision_type=2 2 2 2 2 2 2 2
left_child=2 -2 3 4 6 -6 -1 -4
right_child=1 -3 7 -5 5 -7 -8 -9
leaf_value=-0.0013840287175320024 -0.0088996092609031838 0.031333238457611386 -0.036577068820534749 0.028994452465040371 0.050937913592469623 0 0.023700923539947336 -0.0021282292085817406
leaf_weight=546.65654236078262 5.5199930369853965 8.3457122147083265 4.323331341147421 6.4597372114658347 4.5042161047458631 5.4633183926343918 9.6947616562247259 4.6132847815752029
leaf_count=2394 25 39 20 30 22 25 46 22
internal_value=0 0.0138238 -0.000378575 0 -0.000370313 0.0244331 -0.000881124 -0.0224981
internal_weight=595.581 13.8657 581.715 572.779 566.319 9.96753 556.351 8.93662
internal_count=2623 64 2559 2517 2487 47 2440 42
is_linear=0
shrinkage=0.05


Tree=165
num_leaves=21
num_cat=0
split_feature=73 32 8 73 81 39 65 25 18 12 83 80 2 30 31 68 80 5 69 81
split_gain=1.10893 6.32253 6.11519 3.51493 5.40927 5.43644 3.95562 3.53932 3.19385 5.34723 3.22914 3.07764 2.71454 2.95436 2.63371 2.59052 2.57662 2.30301 1.9676 1.93763
threshold=1.8333333333333337 1.223431766666667 1.489673416666667 1.5833333333333337 1.7083333333333337 12.100000000000001 1.8309000500000001 0.77500000000000013 0.67130225000000021 13.833333333333334 1.7750000000000001 1.5500000000000003 24.166666666666668 0.90000000000000013 2.779946666666667 0.81048509999999996 0.45000000000000007 11.500000000000002 -1.0000000180025095e-35 1.2250000000000003
decision_type=2 2 2 2 2 2 2 2 2 2 2 2 2 2 2 2 2 2 2 2
left_child=3 8 -3 12 5 7 11 -5 9 -2 -11 -6 13 17 -15 16 -10 -1 -4 -7
right_child=1 2 18 4 6 19 -8 -9 15 10 -12 -13 -14 14 -16 -17 -18 -19 -20 -21
leaf_value=-0.031628138108798852 0.016173325110712417 0.06157786313657243 0.027072259231345097 0 0.029086174182193905 -0.015081130803937132 -0.030793430790569523 -0.038163068717793597 0.015904610086480104 -0.06901443751635658 -0.0069307649407245944 -0.0054695689068480794 0.028875894736365787 0.0021058088892492869 -0.022889687614535047 0.031531893616902971 -0.0022835186627211484 0.0027253222959344866 -0.010517584965373222 0.023097498076310171
leaf_weight=12.189516291022302 5.0684791803359976 8.1347963064908999 5.3731959611177444 7.5080449730157843 14.570260986685758 4.6093344762921316 5.2028933987021437 29.792522214353085 22.614742502570152 5.1725237518548948 5.1230791658163071 9.2063039541244489 7.8347411602735511 296.02133048325777 10.326239533722399 6.6656603515148154 119.73553688079119 5.7882815003395072 7.0958342105150205 7.3438912630081177
leaf_count=58 22 38 27 33 63 22 23 129 98 22 24 39 38 1301 49 31 514 27 31 34
internal_value=0 0.00317787 0.0289437 -0.00147929 -0.010998 -0.0211148 0.00541514 -0.0305461 0 -0.0214571 -0.0421892 0.0148393 0.000700634 0 0.00114587 0.00213367 0.000476519 -0.01944 0.00417231 0.00635335
internal_weight=595.377 184.984 20.6038 410.393 78.2333 49.2538 28.9795 37.3006 164.38 15.3641 10.2956 23.7766 332.16 324.325 306.348 149.016 142.35 17.9778 12.469 11.9532
internal_count=2623 807 96 1816 343 218 125 162 711 68 46 102 1473 1435 1350 643 612 85 58 56
is_linear=0
shrinkage=0.05


Tree=166
num_leaves=18
num_cat=0
split_feature=51 21 83 84 32 45 27 40 86 84 14 80 75 8 86 28 60
split_gain=1.09674 3.35757 3.26817 2.8459 3.14185 3.11062 2.83674 4.10258 4.47287 2.8087 5.85774 3.86956 3.27791 4.34715 4.13033 2.4959 2.06052
threshold=4.5500000000000007 0.66666666666666674 2.5500000000000003 1.7750000000000001 1.3099111666666667 -1.5666666666666662 5.1000000000000005 1.3 1.8250000000000004 1.9000000000000001 7.166666666666667 1.6333333333333335 1.1666666666666667 1.2032719166666668 0.92500000000000027 3.9000000000000004 16.650000000000002
decision_type=2 2 2 2 2 2 2 2 2 2 2 2 2 2 2 2 2
left_child=1 2 3 5 -5 -1 7 -2 15 12 11 -11 13 -8 -14 -9 -12
right_child=6 -3 -4 4 -6 -7 9 8 -10 10 16 -13 14 -15 -16 -17 -18
leaf_value=-0.017476081260087664 0.047137665811163638 -0.042656334464280792 -0.033167607051288732 0.002093108525577893 -0.043442464541654846 0.020390613472286608 -0.013399085452603291 -0.0069456971103259938 -0.031350718850540235 0.0030872538038176733 -0.045042279005738865 0.024224001235605721 0.0023946986237392896 0.016506900302246112 -0.020166445499672725 0.019069132107363568 0
leaf_weight=5.8852378726005545 6.6812717616558066 5.3875519111752501 6.7972700446844092 8.0058868229389173 5.3503844439983359 23.667484521865848 100.56456742435694 10.937406726181505 6.2792189568281165 71.267299935221672 6.1681392043828946 33.088576585054398 233.49067146331072 12.673629179596899 21.66578696668148 31.67746851593256 5.2318381294608116
leaf_count=28 32 26 31 36 24 111 430 50 29 305 27 151 1022 58 97 141 25
internal_value=0 -0.00671522 -0.00193568 0.00276094 -0.0152531 0.0118525 0.000659403 0.0113264 0.00549908 -0.000523891 0.00618877 0.0101112 -0.00270642 -0.00977435 0.000345511 0.0118093 -0.0265322
internal_weight=594.82 55.0938 49.7063 42.909 13.3563 29.5527 539.726 55.5754 48.8941 484.151 115.756 104.356 368.395 113.238 255.156 42.6149 11.4
internal_count=2623 256 230 199 60 139 2367 252 220 2115 508 456 1607 488 1119 191 52
is_linear=0
shrinkage=0.05


Tree=167
num_leaves=21
num_cat=0
split_feature=75 48 18 61 78 58 75 52 42 15 12 44 41 34 35 88 80 45 79 32
split_gain=1.07641 4.78815 3.41295 3.22784 3.31788 2.68521 2.6788 3.49784 4.04806 3.97053 3.93162 2.87484 3.89254 3.13565 2.97721 3.8643 3.36163 2.62719 2.6209 0.285412
threshold=2.8333333333333335 1.9500000000000002 1.0180115000000003 7.5357142857142865 -0.33333333333333309 1.5500000000000003 2.166666666666667 6.0500000000000007 1.1420206333333336 12.41666666666667 15.833333333333334 0.17535479999999998 1.4399816333333335 1.1000000000000003 1.3 1.0000000180025095e-35 1.3666666666666669 0.099999999999999978 -0.33333333333333331 1.2026656000000002
decision_type=2 2 2 2 2 2 2 2 2 2 2 2 2 2 2 2 2 2 2 2
left_child=6 2 -2 4 5 -3 11 8 9 -8 17 12 13 -1 16 -16 -13 -9 -10 -14
right_child=1 3 -4 -5 -6 -7 7 10 18 -11 -12 14 19 -15 15 -17 -18 -19 -20 -21
leaf_value=-0.031278722415462777 0.0081217941832977102 0 -0.036082698118873144 -0.014571420953862536 -0.010762652603276182 0.038197973800891058 -0.029648126134569748 0.042223153251296518 -0.0071360720446380357 0.00434673717322916 -0.024558571817391909 0.0068969388769462223 0.020115244151702228 0.021495514267087106 0.0077457044934969984 -0.017434115348870176 -0.0025362365738878165 0 0.03611353274181401 0.057186911181135405
leaf_weight=4.5429065003991145 6.7204460501670829 4.7671828567981747 8.5844637006521207 5.5121112614870063 4.6132185608148601 21.319876566529274 37.011794060468674 7.7244407683610934 8.1422660201787931 9.4072579294443113 4.9342903345823279 168.08661562204361 4.9101834520697576 5.7878688424825668 20.168345868587494 48.522619187831879 209.64272999763489 4.8292887806892395 4.8198858499526969 4.2882571071386337
leaf_count=23 32 21 39 25 20 97 159 35 37 44 23 715 24 28 92 219 921 23 22 24
internal_value=0 0.00683448 -0.0154477 0.017015 0.0236301 0.0307404 -0.000693476 -0.00933241 -0.0152576 -0.022253 0.00926177 0.000686597 0.0192258 0 -8.90879e-05 -0.0096772 0.00159892 0.0249016 0.00783293 0.0420328
internal_weight=594.336 51.5173 15.3049 36.2124 30.7003 26.0871 542.819 76.8692 59.3812 46.4191 17.488 465.95 19.5292 10.3308 446.42 68.691 377.729 12.5537 12.9622 9.19844
internal_count=2623 234 71 163 138 118 2389 343 262 203 81 2046 99 51 1947 311 1636 58 59 48
is_linear=0
shrinkage=0.05


Tree=168
num_leaves=13
num_cat=0
split_feature=60 59 53 65 12 18 42 39 64 55 62 46
split_gain=1.15981 1.17787 2.65883 2.82531 1.57147 2.99268 2.65085 3.87435 2.44189 2.32079 1.32986 0.170864
threshold=9.1000000000000014 1.7250000000000003 11.450000000000001 1.6316944 8.1666666666666696 1.377904666666667 1.3722650000000003 10.450000000000001 2.1547619047619051 2.9792235000000002 5.9500000000000011 0.59999999999999998
decision_type=2 2 2 2 2 2 2 2 2 2 2 2
left_child=-1 4 -3 11 5 8 9 -8 -2 -6 -5 -4
right_child=1 2 3 10 6 -7 7 -9 -10 -11 -12 -13
leaf_value=0.024614224947998711 0.021769341189318215 0.019815755088159467 -0.01467387591611239 0.017733572084833692 9.2374910203714612e-05 -0.046214744658607483 -0.014372560897073536 0.020159855717282679 -0.020584287480083941 -0.028961519568827289 -0.015225797756049417 -0.046710781751785418
leaf_weight=4.2346403002738944 5.7926748543977755 4.683401063084605 4.224835082888605 4.8233333081006986 494.8937593922019 4.7163475900888434 9.2457286417484266 35.327446691691875 6.8696180954575539 6.4527357518672934 6.6199435740709305 5.9322934597730637
leaf_count=19 26 23 21 22 2160 23 41 166 33 31 31 27
internal_value=0 -0.000229221 -0.0104944 -0.0184971 0.0002143 -0.0143066 0.000734976 0.0123622 0 -0.000260239 0 -0.0370446
internal_weight=593.817 589.582 26.2838 21.6004 563.298 17.3786 545.92 44.5732 12.6623 501.346 11.4433 10.1571
internal_count=2623 2604 124 101 2480 82 2398 207 59 2191 53 48
is_linear=0
shrinkage=0.05


Tree=169
num_leaves=19
num_cat=0
split_feature=7 7 22 56 54 22 30 13 10 56 31 48 82 56 31 17 31 78
split_gain=1.11497 4.6663 5.87435 4.82877 4.49981 4.22889 2.84823 3.00467 2.18491 2.47347 5.49572 4.48041 4.01687 3.41525 3.40207 1.84597 1.76875 0.415486
threshold=1.4016932500000003 1.1410950000000002 0.33333333333333343 1.0743295000000004 2.3166666666666669 -1.0000000180025095e-35 2.9000000000000004 5.5000000000000009 3.8333333333333335 0.87326445000000008 1.9968009666666668 1.4500000000000002 0.90000000000000013 0.68537674000000015 1.9563421666666667 2.5602141666666669 1.0494424000000004 0.99999999999999978
decision_type=2 2 2 2 2 2 2 2 2 2 2 2 2 2 2 2 2 2
left_child=1 3 5 16 17 -3 7 -5 9 11 14 -2 -12 -13 -11 -10 -1 -4
right_child=8 2 4 6 -6 -7 -8 -9 15 10 12 13 -14 -15 -16 -17 -18 -19
leaf_value=0 -0.024261394766426348 -0.014002400011202882 -0.063447345186145337 -0.0069725002947924556 0 0.046734237645673499 -0.0095030350966173061 0.034310776180755363 -0.032292802354216395 0.0017304305202211644 0.024959218942214274 0.0009626966627938043 -0.017978615638573774 0.029368969066426654 0.043219126573590651 0 -0.03596481677848587 -0.026228150734499096
leaf_weight=6.390394598245619 6.6168806403875342 7.3583390265703201 8.4335849806666392 4.3795220702886644 4.888625130057334 3.8074956685304659 6.543322689831256 17.798236943781376 8.549735873937605 388.77903351932764 5.1366208717226973 20.955009892582893 55.608914226293564 25.768438659608364 4.57467346638441 5.7859904840588561 6.8693818897008896 5.254069671034812
leaf_count=29 29 36 38 20 22 21 32 83 38 1677 25 96 256 119 21 27 31 23
internal_value=0 -0.00585776 -0.0209895 0.00439495 -0.0380597 0.00568086 0.0163194 0.025082 0.000769439 0.00136696 0.000109697 0.0115056 -0.0137655 0.0173035 0.00233067 -0.0180292 -0.0192714 -0.0523505
internal_weight=593.498 71.723 29.7421 41.9809 18.5763 11.1658 28.7211 22.1778 521.775 507.44 454.099 53.3403 60.7455 46.7234 393.354 14.3357 13.2598 13.6877
internal_count=2623 335 140 195 83 57 135 103 2288 2223 1979 244 281 215 1698 65 60 61
is_linear=0
shrinkage=0.05


Tree=170
num_leaves=17
num_cat=0
split_feature=62 37 13 62 15 53 73 52 79 36 11 81 39 38 58 12
split_gain=1.12316 3.01019 2.84358 2.10322 1.9299 1.8318 1.85907 4.08364 3.77082 1.73136 2.52892 3.31172 2.16987 1.65166 1.52857 0.750509
threshold=7.2500000000000009 6.3000000000000016 4.8333333333333348 7.0500000000000007 12.41666666666667 16.450000000000003 1.8333333333333337 5.3166666666666673 -1.0000000180025095e-35 20.300000000000001 0.83333333333333337 1.3666666666666669 10.550000000000002 8.9000000000000021 2.2250000000000005 17.166666666666668
decision_type=2 2 2 2 2 2 2 2 2 2 2 2 2 2 2 2
left_child=3 2 -2 5 -5 6 8 -8 -1 10 11 -3 13 -11 -12 -4
right_child=1 9 15 4 -6 -7 7 -9 -10 12 14 -13 -14 -15 -16 -17
leaf_value=-0.0092090424923447038 0 0.029341362189878498 0.014864343012115554 -0.04493247331275349 0 -0.027365441741704546 0.02467514071425304 0.0011844025350545668 0.0015804789126021312 0.020931937150894628 -0.047774011031987633 -0.017954789575686178 0.038443303992663096 -0.0192722492372433 -0.0010014853736911189 0.05276047405002976
leaf_weight=118.93488638848066 7.7251389101147678 6.2268830835819262 5.3178504481911641 4.6242781281471235 5.6868197694420815 5.6563097462058058 21.430423736572266 137.63969030976295 243.30550134181976 3.8714450597763044 4.9457105696201307 7.417945921421051 4.5345145240426055 5.4604414403438568 4.3184802457690239 5.8574972748756409
leaf_count=523 38 29 28 20 26 26 97 590 1067 19 22 35 23 26 21 33
internal_value=0 0.00668969 0.0227006 -0.0007393 -0.0225978 -0.000243186 2.91251e-05 0.00457322 -0.00190095 -0.00106245 -0.0100294 0.00213582 0.0118454 0 -0.0296992 0.0382775
internal_weight=592.954 55.6759 18.9005 537.278 10.3111 526.967 521.311 159.07 362.24 36.7754 22.909 13.6448 13.8664 9.33189 9.26419 11.1753
internal_count=2623 274 99 2349 46 2303 2277 687 1590 175 107 64 68 45 43 61
is_linear=0
shrinkage=0.05


Tree=171
num_leaves=18
num_cat=0
split_feature=7 7 56 68 87 7 69 76 24 59 42 83 83 8 60 31 31
split_gain=1.05491 4.2258 4.39421 4.30675 4.56787 3.08694 3.85972 3.6982 3.06599 1.99089 3.17374 2.52736 2.16211 1.69805 1.44932 1.14185 0.247355
threshold=1.4016932500000003 1.1410950000000002 0.98405675000000004 0.68507320000000016 -0.16666666666666649 1.0188662500000003 -0.39999999999999991 1.1666666666666667 0.70000000000000007 1.8166666666666669 1.759727266666667 1.6333333333333335 2.5500000000000003 1.2094110000000002 13.316666666666668 1.0494424000000004 1.4061174333333335
decision_type=2 2 2 2 2 2 2 2 2 2 2 2 2 2 2 2 2
left_child=1 2 15 13 -5 7 -7 -4 -2 10 12 -12 -10 -3 -11 -1 -6
right_child=8 3 5 4 16 6 -8 -9 9 14 11 -13 -14 -15 -16 -17 -18
leaf_value=-0.00054092761219302801 0.038676735559956467 -0.012089103043787275 0.024488540855214947 0 -0.064128118642804668 0 0.058419980302245746 -0.017173184267946333 -0.0010137717359718762 -0.035583888608220128 0.040624050072599276 0 0.0097984481995657159 0.028231361817131536 -0.00068004181855149182 -0.037546263372447555 -0.029107248558087773
leaf_weight=5.5384155586361867 4.7859364897012702 3.9651620388031024 9.3946049213409477 8.1403144523501432 6.5022076293826068 4.3009936884045601 6.4155171364545804 10.815980307757853 433.73633598536253 6.0119829773902884 8.3773099333047885 8.700986981391905 51.187619745731354 4.5862219780683517 8.4144385159015638 5.3610182404518127 6.3131194487214088
leaf_count=25 22 20 46 37 30 21 29 50 1885 29 40 40 233 26 39 24 27
internal_value=0 -0.00571336 0.00402225 -0.0201839 -0.032405 0.0141144 0.0352695 0.00110924 0.000748692 0.000311766 0.000893418 0.0217713 8.49607e-05 0.00713826 -0.0176053 -0.021784 -0.0504944
internal_weight=592.548 71.3336 41.8265 29.507 20.9556 30.9271 10.7165 20.2106 521.215 516.429 502.002 17.0783 484.924 8.55138 14.4264 10.8994 12.8153
internal_count=2623 335 195 140 94 146 50 96 2288 2266 2198 80 2118 46 68 49 57
is_linear=0
shrinkage=0.05


Tree=172
num_leaves=19
num_cat=0
split_feature=28 82 1 27 70 32 44 81 73 8 50 4 53 26 78 50 55 50
split_gain=1.05335 3.35641 2.71545 2.8098 3.28159 1.77498 4.81361 2.95496 3.65309 2.36109 4.89086 2.53605 5.15111 2.54917 1.61494 1.51698 1.0655 0.525255
threshold=8.3000000000000025 1.1000000000000003 1.1666666666666667 7.4500000000000011 1.4333333333333336 0.6223221000000001 1.093582386666667 1.1000000000000003 1.8333333333333337 0.64996075000000009 14.550000000000002 8.5000000000000018 10.535714285714286 12.700000000000001 1.2500000000000002 14.850000000000003 1.8211696000000004 16.750000000000004
decision_type=2 2 2 2 2 2 2 2 2 2 2 2 2 2 2 2 2 2
left_child=5 -2 3 17 -5 6 7 15 -9 10 -7 13 -13 -11 -12 -1 -4 -3
right_child=1 2 16 4 -6 9 -8 8 -10 11 14 12 -14 -15 -16 -17 -18 -19
leaf_value=0 -0.042318380627658025 -0.020566390521583908 -0.00048078144749893993 0.059018039782319565 0 0.01480537391150403 0.051956323103873249 0.040147603814804027 -0.010214927864053709 -0.0081027023726242559 -0.043648907464749254 0.011813544900067544 -0.041946993788465996 0.0026263405022236719 -0.0021076602083577637 -0.034546217934229316 -0.042175862740249752 0
leaf_weight=4.5686605200171524 5.5864301472902289 4.3232290595769935 4.4164664745330793 4.1630079150199872 5.6233888566493988 7.2463600635528591 5.6389760673046103 7.3157922178506833 5.2312804535031319 62.316466465592384 10.165020495653151 6.701774217188361 9.5155034288763982 430.86208311468363 4.76670017838478 5.4745708554983139 3.835191011428833 4.2669965922832489
leaf_count=22 25 20 21 20 27 33 28 35 24 289 45 32 44 1871 23 24 20 20
internal_value=0 -0.00875818 -0.000145726 0.00960187 0.0279537 0.000470379 0.0125866 0.000764233 0.0176469 -0.000137294 -0.0159594 0.000517515 -0.0185462 0.00121318 -0.0325056 -0.0177929 -0.0240188 -0.00894278
internal_weight=592.018 32.2147 26.6283 18.3766 9.7864 559.803 28.2293 22.5903 12.5471 531.574 22.1781 509.396 16.2173 493.179 14.9317 10.0432 8.25166 8.59023
internal_count=2623 153 128 87 47 2470 133 105 59 2337 101 2236 76 2160 68 46 41 40
is_linear=0
shrinkage=0.05


Tree=173
num_leaves=15
num_cat=0
split_feature=62 55 62 61 64 3 58 15 87 53 83 48 21 27
split_gain=1.01159 2.75947 1.94404 1.9282 3.88837 1.92378 2.57978 1.75614 1.69837 1.66482 1.83575 4.94723 3.87304 0.316707
threshold=7.2500000000000009 1.7433864000000006 7.0500000000000007 7.3375000000000012 1.5500000000000003 7.8333333333333348 1.5500000000000003 12.41666666666667 -0.48333333333333334 16.450000000000003 2.1000000000000005 2.0500000000000003 -0.33333333333333376 5.4500000000000011
decision_type=2 2 2 2 2 2 2 2 2 2 2 2 2 2
left_child=2 13 9 5 8 6 -3 -4 -5 10 12 -12 -1 -2
right_child=1 3 7 4 -6 -7 -8 -9 -10 -11 11 -13 -14 -15
leaf_value=0.014710572243960461 0.047482101148628358 -0.013852197861534011 -0.043191945376125473 0.028676305166590865 -0.034677207345071036 -0.014835163690340833 0.025434660064492506 0 -0.0061262547416907247 -0.02618823252992274 -0.013655449641206591 0.010184112494043159 -0.00016142799726677541 0.010466614430752984
leaf_weight=48.646402329206467 3.6737095043063155 4.1226025968790116 4.5884548872709257 5.1205868422985077 8.6197389364242536 4.7422046661376944 18.389918744564056 5.6856356263160706 6.9297951906919497 5.6090199276804915 68.157986305654049 30.28205232322216 373.28520818054676 3.6730604097247124
leaf_count=228 22 19 20 24 39 23 91 26 33 26 300 141 1608 23
internal_value=-1.62094e-06 0.00636389 -0.000709606 0.00130244 -0.00947497 0.0104003 0.0170092 -0.0217619 0.00722375 -0.000230626 2.6042e-05 -0.00605486 0.00150943 0.0340082
internal_weight=591.526 55.2716 536.255 47.9248 20.6701 27.2547 22.5125 10.2741 12.0504 525.981 520.372 98.44 421.932 7.34677
internal_count=2623 274 2349 229 96 133 110 46 57 2303 2277 441 1836 45
is_linear=0
shrinkage=0.05


Tree=174
num_leaves=9
num_cat=0
split_feature=49 71 44 34 22 86 3 36
split_gain=1.00749 1.73452 3.47244 1.92819 2.01223 2.00497 1.22023 1.0717
threshold=2.1500000000000008 -1.0000000180025095e-35 0.8169293166666669 0.67500000000000016 -1.1666666666666663 2.6250000000000004 5.416666666666667 12.900000000000002
decision_type=2 2 2 2 2 2 2 2
left_child=1 2 6 7 -5 -6 -1 -3
right_child=-2 3 -4 4 5 -7 -8 -9
leaf_value=0.045162954543031555 -0.020658789854046782 0 -0.018542069589044578 -0.02658335142979364 0.0011030688286811053 -0.014070308936568025 0.008994639545388889 -0.036739329478332299
leaf_weight=6.2132198661565798 5.3670075237750998 4.4557285010814649 4.4451737999916068 6.4714295268058768 529.50960837304592 22.095702804625034 7.434353843331337 5.090342104434967
leaf_count=31 30 21 22 32 2325 104 36 22
internal_value=-5.18482e-06 0.00015888 0.0152136 -0.000289944 5.61867e-05 0.000437794 0.028242 -0.0220094
internal_weight=591.083 585.716 18.0927 567.623 558.077 551.605 13.6476 9.54607
internal_count=2623 2593 89 2504 2461 2429 67 43
is_linear=0
shrinkage=0.05


Tree=175
num_leaves=9
num_cat=0
split_feature=66 62 18 18 87 86 36 73
split_gain=1.0246 2.29531 1.85122 2.08223 1.54036 1.95682 1.82339 0.38054
threshold=1.7806076500000001 4.8285714285714292 1.9654091666666667 2.3182025000000004 -2.5499999999999994 -3.9333333333333331 20.550000000000004 1.5833333333333337
decision_type=2 2 2 2 2 2 2 2
left_child=2 -2 4 7 -1 -6 -7 -4
right_child=1 -3 3 -5 5 6 -8 -9
leaf_value=0.031517557767772673 -0.0081586732054762506 0.030023388933273894 -0.010463406916548347 0.0040863742472982186 -0.027779549418964634 -0.00041856202409343849 0.014322762467751963 -0.045729160541771431
leaf_weight=3.3630260676145545 5.4394171237945548 8.1773565560579282 4.12596847116947 4.5119141191244116 5.8475467264652243 533.61140940338373 21.300570785999298 4.4146796315908432
leaf_count=15 25 39 20 23 25 2353 103 20
internal_value=-1.09833e-05 0.0132513 -0.000378345 -0.0186435 1.6129e-05 -0.00015616 0.000114664 -0.0329786
internal_weight=590.792 13.6168 577.175 13.0526 564.123 560.76 554.912 8.54065
internal_count=2623 64 2559 63 2496 2481 2456 40
is_linear=0
shrinkage=0.05


Tree=176
num_leaves=11
num_cat=0
split_feature=15 60 38 14 63 14 12 10 15 35
split_gain=1.02441 1.83076 1.60269 1.49337 1.97858 2.58533 1.83778 4.1571 2.97226 1.78983
threshold=18.833333333333339 9.7000000000000011 4.6750000000000007 2.166666666666667 11.950000000000001 1.5000000000000002 10.16666666666667 2.166666666666667 15.41666666666667 0.90000000000000013
decision_type=2 2 2 2 2 2 2 2 2 2
left_child=1 -1 -2 4 5 -3 7 -5 -8 -6
right_child=2 3 -4 6 9 -7 8 -9 -10 -11
leaf_value=0.025882463921512073 -0.035760385457324705 0 0 -0.025221706711497073 -0.026372716252659724 0.045470267332583011 -0.00068422100713920453 0.02044844951159798 0.019134365179495842 0.01441085557832286
leaf_weight=6.3747042417526236 4.6129623055458051 4.4791549444198626 5.2594529390335083 19.311483770608906 4.2193932831287366 6.7231152281165123 509.52210273593664 5.6500031799077979 19.143308870494366 5.3503413200378418
leaf_count=29 21 21 26 93 20 31 2238 27 92 25
internal_value=-1.09156e-05 0.000224675 -0.0156232 -3.88532e-05 0.0129132 0.0269046 -0.000581143 -0.0137039 3.57999e-06 -0.00150498
internal_weight=590.646 580.774 9.87242 574.399 20.772 11.2023 553.627 24.9615 528.665 9.56973
internal_count=2623 2576 47 2547 97 52 2450 120 2330 45
is_linear=0
shrinkage=0.05


Tree=177
num_leaves=9
num_cat=0
split_feature=42 66 0 27 21 25 72 83
split_gain=1.00675 1.43236 1.36349 3.69772 4.09344 2.29697 4.06285 1.79872
threshold=0.38596638333333338 0.49361308000000009 2.8333333333333335 5.5500000000000007 0.83333333333333337 1.6333333333333335 1.5833333333333337 1.0000000180025095e-35
decision_type=2 2 2 2 2 2 2 2
left_child=-1 -2 5 -4 -5 7 -7 -3
right_child=1 2 3 4 -6 6 -8 -9
leaf_value=-0.01951071426898544 0.026354233418882596 -0.021831950423747533 -0.041723271335709987 -0.014480704115496599 0.010170962461540048 -0.0011527330067705585 0.029785319966225868 0.00031165017743559553
leaf_weight=6.0660734176635733 4.6804929673671714 8.8465392440557462 6.3357134833931914 34.490528129041195 31.202103912830353 21.724363453686237 17.802766211330891 459.23643933981657
leaf_count=30 24 38 31 153 147 100 85 2015
internal_value=-3.85356e-06 0.000172415 -1.84372e-05 -0.00647271 -0.00240581 0.000853671 0.012355 -7.63498e-05
internal_weight=590.385 584.319 579.638 72.0283 65.6926 507.61 39.5271 468.083
internal_count=2623 2593 2569 331 300 2238 185 2053
is_linear=0
shrinkage=0.05


Tree=178
num_leaves=21
num_cat=0
split_feature=51 21 83 50 45 29 31 27 52 84 29 2 84 14 36 75 52 7 60 30
split_gain=1.01389 2.9614 2.9709 3.27536 4.23173 2.97328 3.00913 2.69542 3.94252 4.79728 4.78228 2.977 2.49351 5.32995 3.7789 2.91718 5.54836 3.91027 1.86033 1.35935
threshold=4.5500000000000007 0.66666666666666674 1.3666666666666669 10.700000000000001 -1.5666666666666662 13.450000000000001 1.3442541666666667 5.1000000000000005 6.3500000000000005 2.1000000000000005 13.900000000000002 12.500000000000002 1.9000000000000001 7.166666666666667 15.550000000000002 1.1666666666666667 7.2500000000000009 2.1295933333333337 16.650000000000002 1.6750000000000003
decision_type=2 2 2 2 2 2 2 2 2 2 2 2 2 2 2 2 2 2 2 2
left_child=1 2 5 -4 -5 6 -1 8 9 10 -2 -10 15 14 -14 16 -9 -17 -15 -13
right_child=7 -3 3 4 -6 -7 -8 12 11 -11 -12 19 13 18 -16 17 -18 -19 -20 -21
leaf_value=0.021001947539315988 0.039502233251187124 -0.040661752214942559 -0.037688954726998902 -0.03814605017027254 0.010587487487415781 0.03815552331658946 -0.028710339385689759 -0.01233044869149507 -0.040113594220632515 -0.017378015488702665 0 -0.012505180239288916 0.0059902370617203118 -0.043157016011466189 0.038261297384076937 0.0029741059210897929 0.031875062701067235 -0.014401385694159658 0 0.020843093772978372
leaf_weight=5.7613300532102603 23.377242356538773 5.2725988775491706 8.3021173179149645 5.4054819494485882 17.27459130436182 6.8658448606729499 5.2857089042663574 105.76499774307013 4.8360493630170813 6.205839827656745 9.9215272888541204 4.6123831644654256 93.707033976912498 6.1266050040721876 10.14678695052862 215.81582060456276 6.857174575328826 37.504683025181293 5.175714336335659 5.8930919989943504
leaf_count=28 107 26 40 25 82 32 23 456 22 28 46 22 407 27 49 943 32 176 25 27
internal_value=-5.02068e-06 -0.0065324 -0.00197159 -0.0117154 -0.000521247 0.013384 -0.000832208 0.000613569 0.011085 0.0195788 0.0273612 -0.00913596 -0.000538556 0.00579641 0.00955099 -0.00260548 -0.00928894 0.000279828 -0.0255282 0.00402714
internal_weight=590.113 54.1677 48.8951 30.9822 22.6801 17.9129 11.047 535.945 54.8461 39.5046 33.2988 15.3415 481.099 115.156 103.854 365.943 112.622 253.321 11.3023 10.5055
internal_count=2623 256 230 147 107 83 51 2367 252 181 153 71 2115 508 456 1607 488 1119 52 49
is_linear=0
shrinkage=0.05


Tree=179
num_leaves=19
num_cat=0
split_feature=7 7 22 54 56 22 24 7 69 76 59 42 63 83 86 35 18 75
split_gain=1.05886 3.90249 5.04086 4.12447 4.03085 3.13087 2.7961 2.60691 3.18782 2.85215 1.82934 2.90797 2.22772 1.9762 1.539 1.34822 1.79555 0.523863
threshold=1.4016932500000003 1.1410950000000002 0.33333333333333343 2.3166666666666669 1.0743295000000004 -0.33333333333333331 0.70000000000000007 1.0188662500000003 -1.0000000180025095e-35 1.1666666666666667 1.8166666666666669 1.759727266666667 11.105555555555556 2.5500000000000003 -0.19999999999999993 1.9000000000000001 1.6188650000000002 1.1666666666666667
decision_type=2 2 2 2 2 2 2 2 2 2 2 2 2 2 2 2 2 2
left_child=1 4 5 17 14 -3 -2 9 -9 -6 11 13 -13 -8 -1 -12 -17 -4
right_child=6 2 3 -5 7 -7 10 8 -10 -11 15 12 -14 -15 -16 16 -18 -19
leaf_value=-0.041381801494655424 0.037141396728248607 -0.0127853242078192 -0.025844391994844541 0 0.024021938137654769 0.039022259431792994 -0.00095425297940818091 0 0.059283460555975165 -0.013834538710569147 -0.037321697687006106 -0.0021212736247100414 0.032863338242363913 0.0094080703813783639 -0.002332776124383948 0.017215946066292852 -0.023720168734151975 -0.062712957553544238
leaf_weight=4.3137659579515448 4.7318108379840842 6.8890866562724113 5.9785900712013262 4.7872686684131613 8.4260723739862495 4.0376425832510012 432.14766114205122 4.2108594477176666 5.3542337268590909 10.28327491134405 4.9286877363920203 5.1514735072851208 11.710993990302084 50.915575511753559 8.7799243777990323 4.3319964408874494 5.0275280177593231 7.4307064786553383
leaf_count=21 22 34 27 22 42 23 1885 21 24 48 24 25 55 233 39 20 24 34
internal_value=-1.06681e-05 -0.00577883 -0.019776 -0.0357514 0.00359661 0.00504057 0.000729536 0.0146461 0.035389 0.00209481 0.000310148 0.000869603 0.0209824 9.48501e-05 -0.0180856 -0.0169415 -0.00232532 -0.0495922
internal_weight=589.437 70.4914 29.1233 18.1966 41.3681 10.9267 518.946 28.2744 9.56509 18.7093 514.214 499.926 16.8625 483.063 13.0937 14.2882 9.35952 13.4093
internal_count=2623 335 140 83 195 57 2288 135 45 90 2266 2198 80 2118 60 68 44 61
is_linear=0
shrinkage=0.05


Tree=180
num_leaves=16
num_cat=0
split_feature=28 82 1 27 21 22 11 59 81 18 72 17 49 85 8
split_gain=1.00277 3.06399 2.51777 2.62682 3.20554 1.65119 2.08257 2.93334 4.73441 3.26032 2.91889 3.86837 1.3454 1.29217 0.939372
threshold=8.3000000000000025 1.1000000000000003 1.1666666666666667 7.4500000000000011 1.1666666666666672 -1.1666666666666663 1.8333333333333337 1.3500000000000003 2.2250000000000005 1.7328555000000001 0.58333333333333337 1.4174095000000002 0.95000000000000007 1.7750000000000001 1.0888598333333335
decision_type=2 2 2 2 2 2 2 2 2 2 2 2 2 2 2
left_child=5 -2 3 13 -5 12 7 9 -9 -7 -8 -12 -1 -3 -4
right_child=1 2 14 4 -6 6 10 8 -10 -11 11 -13 -14 -15 -16
leaf_value=-0.04040916055907133 -0.040793202878108281 -0.027863661627541503 -0.038988826165774593 0.049554065616113481 -0.0025255040916239866 0.0018414931650365327 0.046807585516120159 -0.0036904936867001512 -0.044238633739785822 -0.032396929001631519 0.032877487098833313 -0.0040963105676846715 0 0.0063253043723335567 0
leaf_weight=3.9264571592211714 5.5429835617542293 4.3188845217227989 4.167567275464533 5.7725459337234479 3.9021572768688202 451.59933042526245 4.9073190540075293 44.117672510445118 8.6089207231998426 6.5054981335997573 9.0145705342292768 24.254546828567982 4.0421787351369858 4.2114555388689041 3.9586339592933655
leaf_count=20 25 20 21 27 20 1975 23 206 39 30 42 115 20 20 20
internal_value=-1.19797e-05 -0.00860639 -0.00026509 0.0091014 0.0269996 0.000442288 0.00082341 0 -0.011134 0.00126597 0.0120103 0.00552022 -0.0213618 -0.00880037 -0.0234582
internal_weight=588.851 31.8742 26.3312 18.205 9.6747 556.976 549.008 510.831 52.7266 458.105 38.1764 33.2691 7.96864 8.53034 8.1262
internal_count=2623 153 128 87 47 2470 2430 2250 245 2005 180 157 40 40 41
is_linear=0
shrinkage=0.05


Tree=181
num_leaves=14
num_cat=0
split_feature=17 10 86 34 17 47 63 60 10 63 40 46 60
split_gain=0.978788 1.90959 2.30677 2.23955 1.75172 2.70128 2.39487 6.00869 4.86102 3.43782 3.17912 0.651385 0.264768
threshold=2.8140483333333335 2.416666666666667 -0.45000000000000012 2.9000000000000004 2.550334166666667 1.3000000000000003 9.2500000000000018 13.15 3.8333333333333335 9.5500000000000025 1.7000000000000004 1.7000000000000004 15.707142857142857
decision_type=2 2 2 2 2 2 2 2 2 2 2 2 2
left_child=4 12 3 -3 6 -6 7 -1 9 -8 -9 -7 -2
right_child=1 2 -4 -5 5 11 8 10 -10 -11 -12 -13 -14
leaf_value=-0.029705363399882639 -0.040473965171768975 -0.038250772838867408 0.02376480163895409 0.0022117302895963554 -0.0036707037035134528 0.046655495676796499 -0.034909482946028636 0.031655124895483999 -0.039555102823074118 9.6336862999106836e-05 -0.0023752072131017713 0.010249209998936384 -0.0091704994557793365
leaf_weight=6.1016274094581595 4.0094359219074267 4.6800140142440814 6.1403107196092597 6.9796141535043716 7.8023625314235714 5.0865332335233671 6.5988359004259101 22.012315541505817 7.566631853580474 494.26084026694298 7.9006277024745932 4.8771475106477737 4.4436599761247635
leaf_count=27 19 21 31 32 35 25 29 108 34 2181 36 24 21
internal_value=-2.38035e-05 -0.00940609 0 -0.0128784 0.000377856 0.015618 -8.74521e-05 0.01223 -0.00102024 -0.000349356 0.0219537 0.0325654 -0.0282417
internal_weight=588.46 26.253 17.7999 11.6596 562.207 17.766 544.441 36.0146 508.426 500.86 29.9129 9.96368 8.4531
internal_count=2623 124 84 53 2499 84 2415 171 2244 2210 144 49 40
is_linear=0
shrinkage=0.05


Tree=182
num_leaves=21
num_cat=0
split_feature=73 32 8 42 73 81 39 76 48 25 15 63 12 12 37 2 30 78 12 56
split_gain=0.989387 5.34517 5.51067 3.21359 3.15892 4.63566 4.71503 3.56077 4.04694 3.10164 3.04592 2.97799 2.94548 5.40752 4.34376 2.35866 2.57526 2.64855 2.27364 1.93919
threshold=1.8333333333333337 1.223431766666667 1.489673416666667 0.68508863333333336 1.5833333333333337 1.7083333333333337 12.100000000000001 2.166666666666667 1.9500000000000002 0.77500000000000013 11.16666666666667 14.15 18.833333333333339 17.500000000000004 7.6750000000000007 24.166666666666668 0.90000000000000013 1.3877787807814459e-16 10.16666666666667 1.4688448000000003
decision_type=2 2 2 2 2 2 2 2 2 2 2 2 2 2 2 2 2 2 2 2
left_child=4 3 -3 10 15 6 9 8 -7 -6 -2 -8 13 -5 -14 16 17 -1 -18 -4
right_child=1 2 19 12 5 7 11 -9 -10 -11 -12 -13 14 -15 -16 -17 18 -19 -20 -21
leaf_value=0.0031993595463318454 0 0.058496567903702473 0.025371953034087642 0.0021016576343285769 0 -0.042549892763705466 0.027204026726973127 0.043294206788823314 0.0068878853809532783 -0.03591905505484614 -0.051366581003532578 -0.021097149302929056 -0.037499209559324065 0.053648208264498135 0.013854133782046172 0.027232162587759512 -0.014405187840221725 -0.033263775645633264 0.0023201954924872113 -0.012308518167456027
leaf_weight=6.6678165048360851 4.9472174942493421 7.8679058626294163 5.5521652176976186 132.03035441786051 7.4085337519645682 4.6348564848303857 7.0192649662494642 4.5230564624071112 19.475373700261116 29.492457926273346 5.2443330138921738 4.6516226977109909 10.179024428129194 4.8803950175642958 5.4735420048236838 7.6258069127798072 21.173477567732334 10.936353728175161 281.61689027398825 6.6425434947013855
leaf_count=32 24 38 27 571 33 21 35 19 85 129 23 21 45 23 25 38 101 53 1249 31
internal_value=-2.80309e-05 0.00297659 0.0269973 0 -0.00144718 -0.010531 -0.0199683 0.00468776 -0.00227139 -0.0287627 -0.0265593 0.00582289 0.00179328 0.00430958 -0.0181208 0.000627527 0 -0.018365 0.00104638 0.00320142
internal_weight=588.043 182.817 20.0626 162.755 405.226 77.2052 48.5719 28.6333 24.1102 36.901 10.1916 11.6709 152.563 136.911 15.6526 328.02 320.395 17.6042 302.79 12.1947
internal_count=2623 807 96 711 1816 343 218 125 106 162 47 56 664 594 70 1473 1435 85 1350 58
is_linear=0
shrinkage=0.05


Tree=183
num_leaves=14
num_cat=0
split_feature=27 2 50 40 52 51 87 83 5 53 2 83 50
split_gain=1.00161 1.8984 1.82371 3.8906 3.53034 3.71088 2.29807 2.35708 2.1875 2.07078 2.62702 1.75581 0.783808
threshold=9.1000000000000014 18.833333333333339 17.950000000000003 2.2250000000000005 6.5357142857142865 6.8166666666666673 -0.83333333333333337 1.1000000000000003 9.5000000000000018 15.250000000000002 11.500000000000002 3.5000000000000004 18.950000000000003
decision_type=2 2 2 2 2 2 2 2 2 2 2 2 2
left_child=2 -2 4 6 5 11 -4 -8 -7 10 -6 -1 -3
right_child=1 12 3 -5 9 8 7 -9 -10 -11 -12 -13 -14
leaf_value=-0.00044698118048405039 -0.038377532213955387 0.015256995435532536 -0.011304251418593321 -0.026883925971215694 0.0089760464727925877 0 0 0.030537742395029134 0.034136814596301801 0.014627249436423087 -0.021656173918855791 0.025774148963445237 -0.01279707534544562
leaf_weight=456.72195720672607 4.3957903683185569 4.1624007374048215 5.0135790258646002 5.2183129638433448 6.9270286560058585 5.2490656375885036 10.416401118040083 22.013641558587551 12.410585060715674 4.7982196807861319 39.307948060333729 5.970696195960044 4.8382905870676041
leaf_count=2010 23 19 24 26 32 24 49 105 58 21 180 28 24
internal_value=-1.60141e-05 -0.0133177 0.000262212 0.0101746 -0.000495412 0.000789061 0.0162843 0.0214155 0.0229638 -0.012961 -0.0164849 -2.71872e-05 0
internal_weight=587.444 13.3965 574.047 42.6619 531.386 480.352 37.4436 32.43 17.6597 51.0332 46.235 462.693 9.00069
internal_count=2623 66 2557 204 2353 2120 178 154 82 233 212 2038 43
is_linear=0
shrinkage=0.05


Tree=184
num_leaves=16
num_cat=0
split_feature=6 86 70 86 3 51 51 76 5 85 47 87 70 84 55
split_gain=0.980292 3.31418 3.45492 2.43183 2.22849 3.57324 3.79947 4.76715 2.83009 3.59142 2.41177 3.11134 2.21592 2.19295 1.45972
threshold=3.166666666666667 -1.0249999999999997 0.85000000000000031 1.3333333333333337 2.166666666666667 4.5500000000000007 4.8500000000000005 1.8333333333333337 12.16666666666667 1.7083333333333337 0.90000000000000036 0.34166666666666679 1.1166666666666669 1.7750000000000001 1.5290763000000001
decision_type=2 2 2 2 2 2 2 2 2 2 2 2 2 2 2
left_child=4 -2 -3 12 10 8 7 -7 14 -10 -1 -12 -4 -8 -6
right_child=1 2 3 -5 5 6 13 -9 9 -11 11 -13 -14 -15 -16
leaf_value=-0.0044007285142544312 0.020467184825581471 0.011247223717337071 -0.053344066448986607 0 -0.040723819701625301 0.045392806615291499 -0.0020960753370617763 -0.011955592470691945 0.0193348393524366 -0.030221160419427875 0.051082629789164814 0 -0.0025283548332537039 0.0050929958506572082 -0.0076345559365888632
leaf_weight=5.9365497827529934 6.3982739299535778 6.1015627756714848 9.036515451967718 4.6360723078250876 10.800443492829801 9.750508286058901 337.73257993906736 4.4290106147527686 9.26427263766527 5.3340024128556243 6.9151638597249967 4.5090865269303322 4.2314342260360709 153.77953298389912 8.2119156271219236
leaf_count=29 30 31 39 21 53 44 1496 20 43 27 33 22 20 678 37
internal_value=-1.26546e-05 -0.00872016 -0.0177786 -0.0290656 0.000425461 -0.000103879 0.0009051 0.0259797 -0.0158082 0 0.0178114 0.0311509 -0.039634 0.00010525 -0.0282748
internal_weight=587.067 30.4039 24.0056 17.904 556.663 539.302 505.692 14.1795 33.6106 14.5983 17.3608 11.4243 13.2679 491.512 19.0124
internal_count=2623 141 111 80 2482 2398 2238 64 160 70 84 55 59 2174 90
is_linear=0
shrinkage=0.05


Tree=185
num_leaves=15
num_cat=0
split_feature=87 82 41 87 58 86 65 17 73 86 10 42 13 81
split_gain=0.975803 2.23689 2.97277 1.62968 5.01402 2.01813 2.03535 3.053 1.98461 1.50322 1.28547 1.151 1.09907 1.62087
threshold=-1.7749999999999997 0.45000000000000007 2.1382090000000002 -1.3666666666666665 1.9500000000000002 -2.9749999999999996 1.2969045000000003 1.0631556666666671 3.166666666666667 -2.7666666666666662 1.8333333333333337 1.0581646666666669 6.5000000000000009 1.9000000000000001
decision_type=2 2 2 2 2 2 2 2 2 2 2 2 2 2
left_child=1 2 10 4 11 -5 7 -7 -8 -3 -1 -2 13 -6
right_child=3 9 -4 5 12 6 8 -9 -10 -11 -12 -13 -14 -15
leaf_value=0.024656082749329938 -0.05508727206311375 -0.024278354596534938 0.055053688752314478 0.026167801135323437 -0.021412268850924267 -0.0028615591717306155 -0.0003836497099769846 0.02942822507154463 -0.019361234807852665 0.0085697935763937028 -0.0066416342764966264 -0.011573909743117094 0.019630744479627413 0.0094898740877982449
leaf_weight=4.7182254195213336 5.71415723860264 5.7214917540550232 4.3344865813851348 6.8421058803796759 7.3830544203519839 12.53279120475054 480.994046702981 13.540014609694479 13.824409641325472 6.090252220630644 6.5875489860773087 4.7909626662731171 6.0347202867269507 7.5881830602884293
leaf_count=22 27 26 20 30 31 59 2142 64 60 27 29 24 28 34
internal_value=-1.39628e-05 0.00905745 0.0215452 -0.000511614 -0.0114746 0.000105904 -0.000213246 0.0132044 -0.000983334 -0.00565074 0.00479326 -0.0389417 0.00168526 -0.00433309
internal_weight=586.696 27.452 15.6403 559.244 31.5111 527.733 520.891 26.0728 494.818 11.8117 11.3058 10.5051 21.006 14.9712
internal_count=2623 124 71 2499 144 2355 2325 123 2202 53 51 51 93 65
is_linear=0
shrinkage=0.05


Tree=186
num_leaves=16
num_cat=0
split_feature=86 28 87 26 23 45 45 28 76 54 80 31 24 73 83
split_gain=0.956055 1.51503 1.65611 1.21567 3.56096 2.78653 2.48808 2.1599 3.22194 7.86898 2.75177 2.43603 3.7151 2.59477 1.94925
threshold=2.9000000000000008 5.5500000000000007 1.6333333333333335 18.550000000000004 0.66666666666666696 -0.20000000000000015 0.19999999999999976 6.5500000000000007 1.4166666666666667 2.4142857142857146 1.9000000000000001 2.4355181666666668 2.5000000000000004 1.8333333333333337 0.90000000000000013
decision_type=2 2 2 2 2 2 2 2 2 2 2 2 2 2 2
left_child=3 -2 -3 7 6 -6 -5 11 9 -9 -10 13 -13 -1 -7
right_child=1 2 -4 4 5 14 -8 8 10 -11 -12 12 -14 -15 -16
leaf_value=-0.0028279744410972685 0.0073560500864683596 -0.037579893749751958 0 0.0080766392132417993 -0.0093820333664033466 0 -0.031943384976628693 -0.0094028277318506832 -0.034242355012405988 0.057793860944988062 0.001840659884510339 0.041900410950255151 0.00018281034725236916 0.0053099360750156659 0.031743535605418038
leaf_weight=293.04432050138712 5.5384536087512997 6.5346443653106672 6.5717143192887306 5.962747395038603 6.3362374901771537 6.1593801081180599 7.2690319046378136 30.400389686226845 16.645993888378147 4.5717925652861586 5.7431364953517905 8.4089851975440997 16.447839885950089 146.35977339744568 20.39067317545414
leaf_count=1286 26 32 32 31 31 27 36 143 76 21 28 41 76 641 96
internal_value=-1.18507e-05 -0.0110404 -0.0206364 0.000315732 0.00807419 0.017144 -0.0124508 -0.000329409 -0.00947196 0 -0.0240563 0.000755375 0.0158296 -5.75576e-05 0.0244551
internal_weight=586.385 18.6448 13.1064 567.74 46.1181 32.8863 13.2318 521.622 57.3613 34.9722 22.3891 464.261 24.8568 439.404 26.5501
internal_count=2623 90 64 2533 221 154 67 2312 268 164 104 2044 117 1927 123
is_linear=0
shrinkage=0.05


Tree=187
num_leaves=13
num_cat=0
split_feature=18 18 60 65 59 64 66 66 69 40 16 7
split_gain=0.96615 3.2225 2.00089 2.49439 3.2567 2.31216 2.05604 1.80611 1.42651 1.9536 2.88258 2.33066
threshold=0.52633408333333342 0.481294 16.550000000000004 1.9145098000000003 0.73888888888888904 1.5500000000000003 0.66347010000000017 0.6050139000000001 -2.4499999999999997 0.90000000000000013 0.50000000000000011 2.0409811666666671
decision_type=2 2 2 2 2 2 2 2 2 2 2 2
left_child=1 2 3 4 -1 -4 -5 -2 -9 10 -10 -11
right_child=7 -3 5 6 -6 -7 -8 8 9 11 -12 -13
leaf_value=0.014974282559534247 0.026717763854696937 -0.038170467296905097 0.0010649726689652321 0 -0.039066114996693636 -0.044585172040737572 0.049794056884496306 -0.024458669460403808 -0.001778896475314424 0.0011935488109076748 0.031492692520136832 -0.0081231590818590278
leaf_weight=5.6213610693812424 5.9802378416061392 6.6074835509061804 4.3497381508350355 4.4215311482548696 4.2287592738866806 4.1802818775177002 4.5018673092126846 5.3178525865077964 11.030254520475864 439.38133555650711 11.729453906416893 78.553249433636665
leaf_count=26 29 30 22 22 20 19 21 25 53 1933 57 366
internal_value=-5.04015e-06 -0.00817416 0 0.00874366 -0.00657686 -0.0197681 0.0277599 0.000458514 0.000100982 0.0004111 0.0146015 -0.000177732
internal_weight=585.903 33.911 27.3035 18.7735 9.85012 8.53002 8.9234 551.992 546.012 540.694 22.7597 517.935
internal_count=2623 160 130 89 46 41 43 2463 2434 2409 110 2299
is_linear=0
shrinkage=0.05


Tree=188
num_leaves=13
num_cat=0
split_feature=27 5 25 24 4 53 0 76 2 2 2 3
split_gain=0.933775 1.81614 1.80229 2.27862 1.54253 5.60272 3.67639 2.28124 2.17442 4.89762 2.43215 0.548409
threshold=9.1000000000000014 9.5000000000000018 1.0000000180025095e-35 1.9000000000000001 8.5000000000000018 10.450000000000001 1.1666666666666667 1.8333333333333337 16.500000000000004 18.166666666666668 15.16666666666667 10.500000000000002
decision_type=2 2 2 2 2 2 2 2 2 2 2 2
left_child=2 -2 3 -1 8 7 -7 -6 10 -10 -4 -3
right_child=1 11 4 -5 5 6 -8 -9 9 -11 -12 -13
leaf_value=0 0.0068704857394602239 -0.039905076997582646 0.00020895411281880136 0.046137724963215408 0.025023583798903515 0.0080951951348557875 -0.038310106433045728 -0.012227394712377363 0.028037646682480457 -0.0011646890693245895 -0.017822650923430643 -0.0041784401257892942
leaf_weight=4.5069404691457731 4.9810451716184607 4.4430212974548322 450.92120101302862 4.310737282037735 10.530319429934023 4.4291028827428844 16.192690588533878 5.1447316110134116 22.025612413883209 35.348550379276276 18.924411214888096 3.8458232283592224
leaf_count=23 25 22 1981 21 50 22 77 25 103 166 89 19
internal_value=-2.80018e-06 -0.0129088 0.000263797 0.0220834 -5.25771e-05 -0.00998996 -0.027204 0.0112518 0.000593013 0.00975932 -0.000482344 -0.027354
internal_weight=585.604 13.2699 572.334 8.81768 563.517 36.2968 20.6218 15.6751 527.22 57.3742 469.846 8.28884
internal_count=2623 66 2557 44 2513 174 99 75 2339 269 2070 41
is_linear=0
shrinkage=0.05


Tree=189
num_leaves=18
num_cat=0
split_feature=7 7 22 54 56 22 24 7 69 76 87 1 74 86 86 22 75
split_gain=0.934193 3.55154 4.7202 3.7108 3.67815 2.80087 2.62928 2.53462 3.10214 2.94732 1.81735 4.36441 1.98283 3.8058 2.97704 0.966537 0.421068
threshold=1.4016932500000003 1.1410950000000002 0.33333333333333343 2.3166666666666669 0.98405675000000004 -0.33333333333333331 0.70000000000000007 1.0188662500000003 -0.20000000000000004 1.1666666666666667 1.8000000000000005 0.83333333333333337 1.8333333333333337 -0.16666666666666666 -0.22500000000000017 0.50000000000000022 1.1666666666666667
decision_type=2 2 2 2 2 2 2 2 2 2 2 2 2 2 2 2 2
left_child=1 4 5 16 15 -3 -2 9 -9 -6 12 -12 14 -14 -8 -1 -4
right_child=6 2 3 -5 7 -7 10 8 -10 -11 11 -13 13 -15 -16 -17 -18
leaf_value=-0.036804882507010993 0.036214700884073817 -0.011516676561427287 -0.024920928298646613 0 0.022150083909073581 0.037725164076712774 0.0030382298450155995 0 0.054117447051126782 -0.015352549415013973 -0.052703060018563591 0.0054077206869578408 -0.0054374315989869941 0.010790122729885471 -0.0062727458300400052 -0.0018131999805720948 -0.060336696620526979
leaf_weight=4.6564981490373594 4.6688267439603797 6.832241415977478 5.9254857450723666 4.7350209653377524 9.190523371100431 3.9491728246212023 178.55998994410038 4.3654369339346886 6.0515693128108961 10.659736625850199 4.896825507283209 6.2339126467704773 51.446381933987141 108.19604322314262 161.60465506464243 6.0329807698726654 7.2730972617864609
leaf_count=23 22 34 27 22 46 23 788 22 28 50 25 28 233 492 700 26 34
internal_value=-1.90021e-06 -0.00545603 -0.0189226 -0.0345145 0.00349675 0.0051769 0.000691226 0.0128901 0.0323604 0.000900013 0.000282652 -0.0191745 0.000784664 0.00540387 -0.00131454 -0.0202538 -0.0477518
internal_weight=585.278 69.6718 28.715 17.9336 40.9567 10.7814 515.607 30.2673 10.417 19.8503 510.938 11.1307 499.807 159.642 340.165 10.6895 13.1986
internal_count=2623 335 140 83 195 57 2288 146 50 96 2266 53 2213 725 1488 49 61
is_linear=0
shrinkage=0.05


Tree=190
num_leaves=11
num_cat=0
split_feature=49 71 36 70 45 53 21 10 0 39
split_gain=0.916331 1.53028 2.3484 1.35648 4.9072 3.31612 1.82301 4.0069 2.45362 1.34233
threshold=2.1500000000000008 -0.29999999999999988 14.900000000000002 0.19999999999999998 0.3999999999999998 12.350000000000003 1.6666666666666667 0.83333333333333337 2.8333333333333335 13.450000000000001
decision_type=2 2 2 2 2 2 2 2 2 2
left_child=1 2 -1 4 5 -3 8 -8 -5 -6
right_child=-2 3 -4 6 9 -7 7 -9 -10 -11
leaf_value=-0.00034701803316484239 -0.019907472796373789 0.021830175569179707 0.045655428063392421 0.00080648608177119748 -0.041003936734937935 -0.018320131942260988 -0.016438554582492656 0.021273243148281371 -0.011061208546774223 -0.00018859095430343687
leaf_weight=4.3588422387838346 5.2477647960185996 12.416719913482668 4.1533317044377327 454.1065369695425 10.407335922122 7.5835370048880568 8.3703156709671003 26.560621462762356 47.536006726324558 4.0309584364294997
leaf_count=22 30 63 23 1990 50 38 39 131 216 21
internal_value=-4.65693e-06 0.000149473 0.0206125 -0.000129596 -0.00970891 0.00531129 0.000447145 0.0114265 -0.000278213 -0.0316702
internal_weight=584.772 579.524 8.51217 571.012 34.4386 20.0003 536.573 34.9309 501.643 14.4383
internal_count=2623 2593 45 2548 172 101 2376 170 2206 71
is_linear=0
shrinkage=0.05


Tree=191
num_leaves=16
num_cat=0
split_feature=81 86 58 61 34 80 83 63 0 80 40 72 58 14 42
split_gain=0.932968 1.38738 3.28292 3.75444 3.20434 2.84552 5.67127 5.99306 5.19922 2.79648 7.16275 5.19397 1.68529 0.725843 1.19083
threshold=3.9000000000000004 -1.7749999999999997 1.5500000000000003 5.6333333333333337 2.7000000000000006 0.70833333333333337 0.90000000000000013 12.750000000000002 1.8333333333333337 1.3666666666666669 1.7000000000000004 0.83333333333333337 1.8500000000000003 6.416666666666667 1.2733493000000002
decision_type=2 2 2 2 2 2 2 2 2 2 2 2 2 2 2
left_child=1 2 13 12 -5 6 8 -8 -3 10 -7 -11 -4 14 -1
right_child=-2 5 3 4 -6 9 7 -9 -10 11 -12 -13 -14 -15 -16
leaf_value=-0.0417880404441602 -0.019700959077040739 0.048340253056800536 0.0082085637677942018 0.01285819739059061 -0.012074763528417198 -0.017134073316519473 -0.042136619817796074 0.010111307925673663 -0.0085360159404727545 -0.034278668903464843 0.011636589691602172 -0.00088704275648386502 0.055544794091147223 0 0
leaf_weight=4.120905324816702 5.4756920188665381 5.1308505684137371 4.9836322814226133 41.654999725520611 17.235799036920071 25.57250440120697 19.08082684874535 6.4272654056549063 12.180874794721602 11.72570390999317 115.21678597480059 300.19864704459906 5.9081774577498436 4.9583607465028754 4.4613760858774185
leaf_count=20 23 22 24 184 80 117 82 31 50 53 497 1369 28 23 20
internal_value=-9.36593e-06 0.000150597 0.00613572 0.0107258 0.00509981 -0.000810563 -0.0130673 -0.0280692 0.00780119 0.000306714 0.0061917 -0.00227515 0.0373912 -0.0152785 -0.0236784
internal_weight=584.332 578.857 83.3233 69.7826 58.8908 495.533 42.8198 25.5081 17.3117 452.714 140.789 311.924 10.8918 13.5406 8.58228
internal_count=2623 2600 379 316 264 2221 185 113 72 2036 614 1422 52 63 40
is_linear=0
shrinkage=0.05


Tree=192
num_leaves=10
num_cat=0
split_feature=12 36 37 36 83 70 83 12 86
split_gain=0.90498 1.96808 2.3628 2.3097 2.14117 5.70661 5.35244 1.5564 1.5119
threshold=24.333333333333339 20.550000000000004 7.9000000000000012 19.900000000000002 2.5500000000000003 0.70000000000000007 2.1000000000000005 21.166666666666668 -0.20000000000000015
decision_type=2 2 2 2 2 2 2 2 2
left_child=1 3 -3 4 6 -6 -1 -4 -2
right_child=8 2 7 -5 5 -7 -8 -9 -10
leaf_value=0.0008355290599915458 0.0003308636174385052 0.038423334518101156 -0.016142151905381739 -0.025911239153294009 -0.02161859169810923 0.018041248654661446 -0.016029055247143958 0.021381385631246291 -0.034200559329548269
leaf_weight=444.38810928910971 4.7987424731254578 6.8219076097011593 5.5361437350511533 8.1551414132118207 10.532248377799986 42.733249865472317 51.91200977563858 4.5707675814628601 4.6452406048774701
leaf_count=1970 23 35 26 39 51 198 237 23 21
internal_value=-1.38293e-05 0.000201917 0.016772 -0.000270831 8.74115e-05 0.00960616 -0.000892508 0 -0.0150058
internal_weight=584.094 574.65 16.9288 557.721 549.566 53.2655 496.3 10.1069 9.44398
internal_count=2623 2579 84 2495 2456 249 2207 49 44
is_linear=0
shrinkage=0.05


Tree=193
num_leaves=11
num_cat=0
split_feature=66 88 18 68 42 63 80 61 42 63
split_gain=0.918296 2.13743 1.64943 2.01555 1.33661 4.54019 3.01006 2.40709 2.06638 1.65574
threshold=1.7806076500000001 1.0000000180025095e-35 1.9654091666666667 0.66739050000000011 1.3722650000000003 11.422222222222224 1.7750000000000001 4.4500000000000011 1.3320501666666671 9.2500000000000018
decision_type=2 2 2 2 2 2 2 2 2 2
left_child=2 -2 4 -4 8 6 -6 -7 9 -1
right_child=1 -3 3 -5 5 7 -8 -9 -10 -11
leaf_value=0.0095305037148072716 0.033852152955647405 -0.002732282199055336 -0.042222406034478625 0 0.0051154115980237081 -0.0043401295505664647 -0.041764767213918572 0.028230192876269655 -0.03100211172507087 -0.0011069525175348221
leaf_weight=38.991476662456989 6.0496465265750867 7.3051242530345917 4.6818661093711844 8.0966203212738019 6.0553662553429586 5.8162174671888378 5.421810194849968 21.35258499532938 5.0510382652282706 475.03531617671251
leaf_count=187 29 35 25 38 29 28 25 102 24 2101
internal_value=-1.22343e-05 0.0126595 -0.000363471 -0.0177827 6.42144e-06 0.00895877 -0.0157624 0.0204017 -0.000619956 -0.000242983
internal_weight=583.857 13.3548 570.502 12.7785 557.724 38.646 11.4772 27.1688 519.078 514.027
internal_count=2623 64 2559 63 2496 184 54 130 2312 2288
is_linear=0
shrinkage=0.05


Tree=194
num_leaves=8
num_cat=0
split_feature=15 60 39 63 16 60 38
split_gain=0.888605 1.65926 1.5407 2.45487 2.3075 2.22066 1.51694
threshold=18.833333333333339 9.7000000000000011 16.100000000000005 15.414285714285716 4.166666666666667 14.050000000000002 4.6750000000000007
decision_type=2 2 2 2 2 2 2
left_child=1 -1 4 -4 5 -3 -2
right_child=6 2 3 -5 -6 -7 -8
leaf_value=0.024809937261601814 -0.034525872597491729 -0.0086294356200618521 0.043218372321289708 -0.00028272573981460877 0.029314372151009262 0.00039723563720182116 0
leaf_weight=6.273919239640235 4.5260086804628354 78.366322286427021 4.7858630120754224 5.6046191155910492 5.888128697872161 472.99476540088654 5.1520181149244308
leaf_count=29 21 366 24 26 28 2103 26
internal_value=-1.71835e-05 0.000199442 -5.01609e-05 0.0185226 -0.000457587 -0.000847102 -0.0146982
internal_weight=583.592 573.914 567.64 10.3905 557.249 551.361 9.67803
internal_count=2623 2576 2547 50 2497 2469 47
is_linear=0
shrinkage=0.05


Tree=195
num_leaves=11
num_cat=0
split_feature=28 85 20 66 44 51 28 53 2 31
split_gain=0.891171 1.67943 1.47137 2.28241 2.20807 3.61556 1.92099 6.18526 2.73648 1.46939
threshold=2.6500000000000004 1.3666666666666669 -0.37202358333333324 1.5588221000000002 0.17535479999999998 5.1833333333333345 3.4500000000000006 11.65 7.5000000000000009 1.4852200000000002
decision_type=2 2 2 2 2 2 2 2 2 2
left_child=1 -1 3 -2 5 -4 7 -6 -8 -3
right_child=2 9 4 -5 6 -7 8 -9 -10 -11
leaf_value=0.031224767734718079 -0.039903914474218961 0.01734442810905697 -0.0042532793049904058 0.0034762655037565691 0.023279250308023462 0.041470822372132315 0.027262448830369254 -0.046170596573998891 -0.00055830976878089821 -0.022608200858824194
leaf_weight=6.0145498961210242 5.4050411283969861 3.9353404864668828 7.0539225339889509 4.1658822223544121 4.2677181959152204 7.7909554541110992 8.4857879206538183 7.8708381056785583 524.34441850334406 4.0770712047815323
leaf_count=28 27 22 38 22 20 41 40 36 2329 20
internal_value=-7.52695e-06 0.0121749 -0.000361932 -0.0193045 0 0.018684 -0.000547325 -0.0198201 -4.32212e-05 -0.000182193
internal_weight=583.412 14.027 569.385 9.57092 559.814 14.8449 544.969 12.1386 532.83 8.01241
internal_count=2623 70 2553 49 2504 79 2425 56 2369 42
is_linear=0
shrinkage=0.05


Tree=196
num_leaves=16
num_cat=0
split_feature=39 20 63 25 12 60 62 58 34 68 13 24 18 8 11
split_gain=0.887662 3.7352 3.02741 3.06403 4.93855 3.30982 2.86174 2.08894 2.6035 2.53749 3.07625 2.28017 2.17493 1.91282 0.972468
threshold=11.700000000000001 1.2766805000000003 11.422222222222224 0.90000000000000013 17.166666666666668 18.650000000000002 5.3500000000000005 0.95000000000000007 0.90000000000000013 1.2462720000000005 4.8333333333333348 2.9000000000000004 1.0488357500000003 1.1812635000000002 0.83333333333333337
decision_type=2 2 2 2 2 2 2 2 2 2 2 2 2 2 2
left_child=7 2 6 4 -4 -5 -2 -1 12 10 -10 -11 -9 -3 -8
right_child=1 13 3 5 -6 -7 14 8 9 11 -12 -13 -14 -15 -16
leaf_value=0.027242004757806266 0.057610253751372457 -0.038945878306875598 0.0041755211242142619 0.00080285461750664215 0.056443986770637271 -0.038296278713725755 0.022474746151879946 -0.045933156973315938 -0.017155934546020973 0.028064328374270833 -0.00048055284130253781 -0.0033902726605579895 0 0 -0.0052781252569230547
leaf_weight=5.8457603454589835 4.9652477502822867 6.6683514490723592 20.451115697622303 65.255593903362751 5.8661007285118094 5.314451500773429 5.244502551853655 5.5029975920915586 29.604994483292103 13.457555592060091 393.35319777578115 7.4722180515527716 5.7078147977590561 4.0891614034771919 4.3793987408280373
leaf_count=28 23 34 105 304 29 25 27 24 138 68 1714 35 28 20 21
internal_value=-1.45965e-06 0.00373396 0.00665441 0.00310031 0.0175935 -0.00203855 0.0277157 -0.00104917 -0.00149695 -0.000823751 -0.00172566 0.0158509 -0.0248439 -0.0232603 0.00773932
internal_weight=583.178 122.234 111.476 96.8873 26.3172 70.57 14.5891 460.945 455.099 443.888 422.958 20.9298 11.2108 10.7575 9.6239
internal_count=2623 588 534 463 134 329 71 2035 2007 1955 1852 103 52 54 48
is_linear=0
shrinkage=0.05


Tree=197
num_leaves=21
num_cat=0
split_feature=83 10 18 26 83 60 84 38 15 38 12 71 62 15 75 12 84 12 18 23
split_gain=0.874454 3.18772 4.18216 4.08924 2.99253 4.77615 3.53635 2.89935 4.48795 2.18844 3.86634 4.47578 2.89954 2.8546 3.38209 2.83765 2.5773 1.86935 1.81967 1.51772
threshold=2.1000000000000005 1.8333333333333337 0.84057825000000019 19.300000000000001 2.3666666666666667 17.150000000000002 1.1000000000000003 5.4500000000000011 13.833333333333334 9.3000000000000025 17.500000000000004 1.0250000000000004 7.3500000000000005 7.8333333333333348 1.4166666666666667 19.833333333333339 1.2916666666666667 13.833333333333334 1.4332192500000003 0.33333333333333343
decision_type=2 2 2 2 2 2 2 2 2 2 2 2 2 2 2 2 2 2 2 2
left_child=9 2 19 4 5 -3 -6 18 -9 10 13 12 -12 17 -15 -11 -13 -1 -4 -2
right_child=1 3 7 -5 6 -7 -8 8 -10 15 11 16 -14 14 -16 -17 -18 -19 -20 -21
leaf_value=-0.037662304514471279 0.0045356657873626095 -0.047428064193707986 -0.03908632773302128 0.030199360160639538 -0.018598318322288834 0.0075891606055004434 0.0066712177585873146 -0.0028551327981902516 0.046687969470388953 0.0030061294950603575 -0.003965996817217785 0.0088716010665095251 0.033749296861592462 -0.0022792759579541287 0.0076859379978740112 -0.044776204831134751 0.055931920862586276 0 0 0.051987412833334412
leaf_weight=7.6748424097895604 4.3011241853237134 12.67612098157406 6.25414791703224 4.9712798967957488 29.599372893571854 4.4232101142406455 23.39693944901228 18.194774717092518 5.2784950062632552 4.5576482936739904 23.886971801519397 6.8660064339637747 5.7610968798398963 274.07425951957703 122.11069609224796 5.4302012473344803 8.2891611829400045 4.816684827208519 4.7796043008565903 5.3987999558448792
leaf_count=35 21 56 30 25 132 22 109 86 27 22 108 35 29 1202 544 25 44 22 23 26
internal_value=0 -0.00384734 0.00641714 -0.0102254 -0.0136401 -0.0319646 -0.00701686 -0.00118688 0.00798431 0.000943747 0.00151592 0.0153749 0.00297163 0 0.00073496 -0.0214847 0.0371726 -0.023083 -0.0223656 0.0346512
internal_weight=582.741 119.274 44.2069 75.0669 70.0956 17.0993 52.9963 34.507 23.4733 463.468 453.48 44.8032 29.6481 408.676 396.185 9.98785 15.1552 12.4915 11.0338 9.69992
internal_count=2623 557 213 344 319 78 241 166 113 2066 2019 216 137 1803 1746 47 79 57 53 47
is_linear=0
shrinkage=0.05


Tree=198
num_leaves=16
num_cat=0
split_feature=7 7 22 41 7 8 22 24 79 8 59 42 83 4 60
split_gain=0.873619 3.17419 4.40257 3.52011 2.84436 2.58533 2.43674 2.38209 2.2254 1.91515 1.68838 2.69928 2.24458 1.70124 1.31448
threshold=1.4016932500000003 1.1410950000000002 0.33333333333333343 1.2994908333333335 1.0188662500000003 0.95866250000000008 -0.33333333333333331 0.70000000000000007 0.33333333333333343 0.79203450000000009 1.8166666666666669 1.759727266666667 1.6333333333333335 2.5000000000000004 13.316666666666668
decision_type=2 2 2 2 2 2 2 2 2 2 2 2 2 2 2
left_child=1 3 6 -1 8 -6 -3 -2 -5 -4 11 13 -13 -9 -12
right_child=7 2 9 4 5 -7 -8 10 -10 -11 14 12 -14 -15 -16
leaf_value=-0.034780943154104571 0.034718671254167506 -0.010062423778060067 0 0.010574424785510687 0 0.043137901666253017 0.036153177106665907 0.015694033868478622 -0.020437554651417885 -0.042825931204094357 -0.033876119949811809 0.038479396204164351 0 -0.00043286925891925431 -9.4433365507737611e-05
leaf_weight=4.6050855889916411 4.6038912013173094 6.7424188107252121 4.6402436867356327 14.384012743830683 4.2990861088037482 8.4250603839755041 3.8403660058975237 16.430285155773163 8.8424056544899923 13.101348325610159 5.7794727236032477 8.0778358504176158 8.4450751692056638 461.56862808763981 8.2367114126682264
leaf_count=24 22 34 22 68 20 42 23 77 41 61 29 40 40 2041 39
internal_value=0 -0.00529224 -0.0181218 0.00317067 0.00912835 0.0276978 0.00532734 0.000684786 -0.000360191 -0.0332423 0.000293759 0.000834476 0.0204075 8.5035e-05 -0.0164333
internal_weight=582.022 68.88 28.3244 40.5557 35.9506 12.7241 10.5828 513.142 23.2264 17.7416 508.538 494.522 16.5229 477.999 14.0162
internal_count=2623 335 140 195 171 62 57 2288 109 83 2266 2198 80 2118 68
is_linear=0
shrinkage=0.05


Tree=199
num_leaves=13
num_cat=0
split_feature=49 8 56 8 46 8 7 70 31 76 32 31
split_gain=0.867415 1.51386 3.83087 2.58675 3.04028 2.99018 3.33254 2.55071 2.28185 2.12149 2.10868 1.94968
threshold=2.1500000000000008 1.7847025000000001 1.4852526500000003 1.5341250000000002 0.59999999999999998 1.3295442500000003 2.1295933333333337 1.2 1.2168673333333335 1.5833333333333337 1.5427451000000001 1.7461823333333335
decision_type=2 2 2 2 2 2 2 2 2 2 2 2
left_child=1 3 10 5 -5 8 -7 -6 -1 11 -3 -4
right_child=-2 2 9 4 7 6 -8 -9 -10 -11 -12 -13
leaf_value=-0.017520718989224884 -0.019453669842246297 0 0.031210788715646517 0.010129450261196897 -0.036156423627112237 0.027957578300479059 -0.011225347134879078 0.0023101505528918217 0.00016122771640331382 -0.025030676647091882 0.048913640995154148 -0.0082390404994950282
leaf_weight=18.383633822202682 5.1892454996705046 3.9752097874879855 5.193937763571741 6.6735651046037701 14.567768439650537 18.588857799768451 6.1958836615085593 4.3181848078966132 479.68041042238474 6.4520749673247328 7.2187025398015976 5.0993077009916306
leaf_count=89 30 19 26 35 65 93 29 21 2129 29 35 23
internal_value=0 0.000163756 0.0114414 -0.000375151 -0.0157717 0.000344088 0.0171453 -0.0262389 -0.000458189 -0.00246071 0.033592 0.00987464
internal_weight=581.537 576.348 27.9392 548.408 25.5595 522.849 24.7847 18.886 498.064 16.7453 11.1939 10.2932
internal_count=2623 2593 132 2461 121 2340 122 86 2218 78 54 49
is_linear=0
shrinkage=0.05


Tree=200
num_leaves=10
num_cat=0
split_feature=60 81 81 74 73 81 87 85 35
split_gain=0.946519 0.955072 2.37894 3.44223 3.25811 2.36051 1.8341 1.02585 0.351809
threshold=9.1000000000000014 3.5500000000000003 2.9000000000000004 1.0000000180025095e-35 3.166666666666667 2.7750000000000004 -0.91666666666666663 1.1000000000000003 0.90000000000000013
decision_type=2 2 2 2 2 2 2 2 2
left_child=-1 2 4 8 5 -2 -5 -3 -4
right_child=1 7 3 6 -6 -7 -8 -9 -10
leaf_value=0.022648881096849149 0.00027158129367597998 0 0.013183943584633951 0.014440141613042993 -0.032478370659601158 -0.028289985244588034 -0.025483303038031441 -0.030272066664310544 0.04414056126205293
leaf_weight=4.0660453960299483 531.33403547853231 4.7838430106639844 5.0625865310430544 4.982920229434967 7.3962786197662345 6.8279350101947776 4.987264931201933 4.9299682155251503 6.7663746997714043
leaf_count=19 2402 20 23 23 33 29 22 22 30
internal_value=0 -0.00020404 2.48124e-05 0.0160732 -0.00058479 -7.03057e-05 -0.00340581 -0.0153652 0.0339914
internal_weight=581.137 577.071 567.357 21.7991 545.558 538.162 9.97019 9.71381 11.829
internal_count=2623 2604 2562 98 2464 2431 45 42 53
is_linear=0
shrinkage=0.05


Tree=201
num_leaves=13
num_cat=0
split_feature=17 10 79 21 17 64 11 11 45 58 28 41
split_gain=0.890047 1.83453 2.14843 1.65384 1.5455 1.55558 2.40361 4.47499 2.25308 2.24872 2.50563 0.137481
threshold=2.8140483333333335 2.416666666666667 -0.91666666666666652 -0.6666666666666663 2.7341900000000003 1.2500000000000002 1.4166666666666667 0.83333333333333337 0.4000000000000003 3.2500000000000004 6.9000000000000012 2.8658545333333341
decision_type=2 2 2 2 2 2 2 2 2 2 2 2
left_child=4 11 -3 -4 5 6 7 -1 -8 10 -7 -2
right_child=1 2 3 -5 -6 9 8 -9 -10 -11 -12 -13
leaf_value=0.013605952227750235 -0.038782996746923856 -0.017260248942377675 0 0.038569536286592071 0.027402139374874918 0.0011010818341043031 0.046076062070939963 -0.021347721625748429 0 -0.02818242016616081 -0.0093446707906169029 -0.0097788732768252073
leaf_weight=28.621167853474617 3.8854447081685084 8.4365876764059085 4.9178027808666247 4.1002153605222666 4.7586769461631766 426.37577839195728 6.6063740327954275 12.649636738002298 3.7301978319883347 6.8581066429615012 65.660951972007751 4.3998996168375015
leaf_count=139 20 39 25 20 24 1879 34 61 19 30 313 20
internal_value=0 -0.00901973 0 0.0168698 0.00040321 9.97984e-05 0.00835938 0.00216674 0.0295369 -0.000712055 -0.000250189 -0.0276593
internal_weight=581.001 25.74 17.4546 9.01802 555.261 550.502 51.6074 41.2708 10.3366 498.895 492.037 8.28534
internal_count=2623 124 84 45 2499 2475 253 200 53 2222 2192 40
is_linear=0
shrinkage=0.05


Tree=202
num_leaves=8
num_cat=0
split_feature=60 60 66 18 60 18 88
split_gain=0.869743 0.954203 1.77016 2.53862 2.57654 2.13594 1.53882
threshold=9.1000000000000014 10.100000000000001 1.8166982500000002 1.9654091666666667 11.100000000000001 2.3182025000000004 1.0000000180025095e-35
decision_type=2 2 2 2 2 2 2
left_child=-1 -2 3 4 -3 -5 -4
right_child=1 2 6 5 -6 -7 -8
leaf_value=0.021753068423228432 -0.016972133513539673 0.025843155531022066 0.03958600666882945 -0.037593718757346684 -0.00028431130028528159 0.0010236027955647226 0
leaf_weight=4.048185169696807 7.8583753332495681 9.0929123908281309 4.7388942688703519 7.8036349043250066 537.52874971926212 4.1562409475445747 5.473828062415123
leaf_count=19 38 44 23 38 2412 22 27
internal_value=0 -0.000196017 6.54835e-06 -0.000335291 0.000127839 -0.0226646 0.02018
internal_weight=580.701 576.653 568.794 558.582 546.622 11.9599 10.2127
internal_count=2623 2604 2566 2516 2456 60 50
is_linear=0
shrinkage=0.05


Tree=203
num_leaves=12
num_cat=0
split_feature=54 14 73 2 31 4 8 22 4 26 61
split_gain=0.856426 1.80649 1.80296 1.4325 1.87773 1.73451 2.30183 2.13122 1.75168 3.90529 2.96397
threshold=0.8500000000000002 5.5000000000000009 0.83333333333333337 24.166666666666668 1.9863656666666669 8.8333333333333339 0.61657625000000016 0.83333333333333337 6.5000000000000009 20.550000000000004 6.7500000000000009
decision_type=2 2 2 2 2 2 2 2 2 2 2
left_child=1 -1 -3 5 -5 8 -7 -8 9 -2 -10
right_child=3 2 -4 4 -6 6 7 -9 10 -11 -12
leaf_value=0.013384053974881153 0.00014601814606488817 0 -0.035310151919740546 0.042779129961186567 0 0.013273849213343939 0.0032162738888456216 -0.027341806968677392 0.002697384911796961 -0.041228067839899157 0.032366923891444181
leaf_weight=4.0217038914561298 462.39951258897781 4.6475187689065915 7.7604814469814301 4.0523558259010297 5.7511562258005142 5.9126572608947781 6.0982426181435612 18.229266695678234 45.84864729642868 5.2645482569932929 10.597745828330515
leaf_count=21 2055 23 36 20 29 29 32 88 213 25 52
internal_value=0 -0.0110992 -0.0211826 0.000313422 0.0187872 0 -0.0115728 -0.0187643 0.000646481 -0.000309869 0.00894209
internal_weight=580.584 16.4297 12.408 564.154 9.80351 554.351 30.2402 24.3275 524.11 467.664 56.4464
internal_count=2623 80 59 2543 49 2494 149 120 2345 2080 265
is_linear=0
shrinkage=0.05


Tree=204
num_leaves=14
num_cat=0
split_feature=22 31 82 56 40 35 31 51 56 82 82 86 87
split_gain=0.838759 1.52314 4.827 3.97007 4.69912 3.23359 2.39693 2.75787 2.40532 4.1148 3.79511 1.27625 1.15961
threshold=3.8333333333333339 1.9968009666666668 0.77500000000000013 0.90704770000000023 1.3 0.50000000000000011 1.8575193000000001 5.8166666666666673 0.97881710000000011 1.7750000000000001 1.7750000000000001 0.19999999999999998 0.57500000000000018
decision_type=2 2 2 2 2 2 2 2 2 2 2 2 2
left_child=1 6 -3 5 -5 -4 8 11 9 -1 -10 -8 -9
right_child=-2 2 3 4 -6 -7 7 12 10 -11 -12 -13 -14
leaf_value=0.0034596341441533798 0.01981522647905664 0.041273280608406987 -0.026732772798135726 0.015999860416560485 -0.023618262675523576 0.012615336258563183 0.0081683702060932565 0.014416680280713657 -0.0015513236798506606 -0.026798895766740122 0.009102187556232863 0.054273159614040771 -0.01545977013578854
leaf_weight=20.79207905381918 4.7877380251884452 4.3977526277303687 5.794883161783221 7.7622650265693656 46.367786847054958 25.764134034514427 4.4249319136142748 6.6455422043800336 309.26236570626497 20.928595431149006 112.95421522110701 4.9725663736462593 5.4157576262950897
leaf_count=97 24 22 28 41 216 123 21 31 1357 97 517 24 25
internal_value=0 -0.000189593 -0.00617687 -0.00912748 -0.0173849 0.00430616 0.000875374 0.0170228 5.71443e-05 -0.0112646 0.00124703 0.0365994 0
internal_weight=580.271 575.483 90.0868 85.6891 54.1301 31.559 485.396 21.4588 463.937 41.7207 422.217 9.3975 12.0613
internal_count=2623 2599 430 408 257 151 2169 101 2068 194 1874 45 56
is_linear=0
shrinkage=0.05


Tree=205
num_leaves=11
num_cat=0
split_feature=12 86 40 15 12 84 69 21 65 86
split_gain=0.883224 1.32666 1.22772 3.19753 1.30733 3.04874 1.49828 1.74212 1.08502 0.744032
threshold=24.333333333333339 -0.20000000000000015 3.1000000000000005 13.500000000000002 22.500000000000004 1.1000000000000003 -2.4499999999999997 -2.8333333333333326 1.8157535000000002 -0.20000000000000015
decision_type=2 2 2 2 2 2 2 2 2 2
left_child=2 -2 4 8 6 -6 -1 -8 -4 -5
right_child=1 -3 3 9 5 -7 7 -9 -10 -11
leaf_value=-0.023768139997065424 0 -0.032867880875347345 0.0082999963395291275 -0.01999924114105521 -0.010214590182159736 0.042733083655530996 0.020340290566885702 -0.00056693241606290106 0.055003201646889072 0.005228033983509555
leaf_weight=6.327898606657981 4.7366483733057976 4.578102380037306 4.1659874022007006 4.4068100079894066 3.8024957180023176 5.1552039757370949 9.6370500922203046 528.78705107420683 3.8792929351329803 4.4580488353967649
leaf_count=31 23 21 21 22 19 28 48 2368 19 23
internal_value=0 -0.0148666 0.000260788 0.013348 -0.000105465 0.018262 -0.000469812 -0.000127809 0.0356457 -0.00504136
internal_weight=579.935 9.31475 570.62 16.9101 553.71 8.9577 544.752 538.424 8.04528 8.86486
internal_count=2623 44 2579 85 2494 47 2447 2416 40 45
is_linear=0
shrinkage=0.05


Tree=206
num_leaves=12
num_cat=0
split_feature=17 10 86 34 65 34 34 46 3 45 60
split_gain=0.840481 1.67866 1.91255 2.0131 1.50521 1.29815 1.87802 4.33526 1.8235 1.53443 0.20547
threshold=2.8140483333333335 2.416666666666667 -0.45000000000000012 2.9000000000000004 2.8243770000000006 3.7000000000000006 3.3000000000000003 1.1000000000000001 10.16666666666667 -0.69999999999999951 15.707142857142857
decision_type=2 2 2 2 2 2 2 2 2 2 2
left_child=4 10 3 -3 5 6 8 -8 -1 -7 -2
right_child=1 2 -4 -5 -6 9 7 -9 -10 -11 -12
leaf_value=-0.00038347776777050517 -0.038066363994329548 -0.036164100638051248 0.02205476997698793 0.0025644823021039541 0.025875226724952988 0 0.043517038856196157 -0.013279356494829593 0.021165820157490724 -0.035889759505365625 -0.0082666665645322514
leaf_weight=518.35078168660402 3.9056459814310092 4.5557142347097415 5.9839117750525466 6.8246171176433563 5.2578647583723059 4.1659760177135468 7.2853023856878263 4.6772706434130669 9.5056736171245557 4.9072235226631147 4.3146192729473114
leaf_count=2325 19 21 31 32 27 22 33 22 48 22 21
internal_value=0 -0.00876222 0 -0.0117043 0.000421473 0.000108818 0.000477224 0.0196623 0 -0.0180785 -0.0266629
internal_weight=579.735 25.5845 17.3642 11.3803 554.15 548.892 539.819 11.9626 527.856 9.0732 8.22027
internal_count=2623 124 84 53 2499 2472 2428 55 2373 44 40
is_linear=0
shrinkage=0.05


Tree=207
num_leaves=16
num_cat=0
split_feature=51 21 83 84 85 32 51 76 75 82 11 75 52 54 21
split_gain=0.838934 2.42961 2.6404 2.32318 2.55044 2.51305 2.24534 5.03824 1.94256 2.80666 3.35914 2.73973 4.12952 3.23983 1.07508
threshold=4.5500000000000007 0.66666666666666674 2.5500000000000003 1.7750000000000001 1.2250000000000003 1.3099111666666667 4.8500000000000005 1.8333333333333337 2.8333333333333335 0.55000000000000016 1.1666666666666667 2.166666666666667 6.9500000000000011 0.8500000000000002 -1.6653345369377346e-16
decision_type=2 2 2 2 2 2 2 2 2 2 2 2 2 2 2
left_child=1 2 3 4 -1 -5 7 14 11 -10 -11 13 -13 -8 -2
right_child=6 -3 -4 5 -6 -7 8 -9 9 10 -12 12 -14 -15 -16
leaf_value=0.036736203813052141 0.0083004675154658199 -0.03771286646621444 -0.030615811378492716 0.0012439953553168267 0.0010113957962029946 -0.040083270006255993 -0.025085491656930355 -0.017905905704385692 0.046560771118361356 0.015352659274724229 -0.015189661928600846 -0.015824444544050315 0.019611680757343892 0.0013564675038355769 0.047395046105740857
leaf_weight=6.769248582422736 4.7865690439939508 5.0034815147519103 6.4276621192693701 7.7688253670930845 21.267470352351665 5.0253669768571854 11.396936520934103 5.6237863153219214 4.3636170178651801 26.21660315990448 12.499063447117804 55.363927029073238 8.6212314516305906 390.53611703962088 7.853522017598153
leaf_count=32 25 26 31 36 107 24 55 26 21 123 58 248 42 1734 35
internal_value=0 -0.00600387 -0.00176354 0.00248898 0.0110055 -0.0140052 0.000608556 0.0175947 0 0.0100776 0.00478685 -0.000960824 -0.0105471 0.00051434 0.0353724
internal_weight=579.523 52.2621 47.2586 40.8309 28.0367 12.7942 527.261 18.2639 508.997 43.0793 38.7157 465.918 63.9852 401.933 12.6401
internal_count=2623 256 230 199 139 60 2367 86 2281 202 181 2079 290 1789 60
is_linear=0
shrinkage=0.05


Tree=208
num_leaves=16
num_cat=0
split_feature=6 86 70 54 55 51 86 70 3 70 44 17 44 72 82
split_gain=0.8565 2.98344 3.06464 2.35314 3.97468 3.70778 2.26935 1.89333 1.63462 2.49155 1.79704 3.76568 3.53705 1.09036 0.534747
threshold=3.166666666666667 -1.0249999999999997 0.85000000000000031 2.5500000000000003 2.0347757000000004 4.6125000000000007 1.3333333333333337 1.1166666666666669 10.16666666666667 1.1166666666666669 1.0842458666666668 1.3223257500000003 0.8169293166666669 1.1666666666666667 1.3666666666666669
decision_type=2 2 2 2 2 2 2 2 2 2 2 2 2 2 2
left_child=3 -2 -3 8 5 13 7 -4 10 -10 12 -12 -1 -5 -7
right_child=1 2 6 4 -6 14 -8 -9 9 -11 11 -13 -14 -15 -16
leaf_value=-0.00067629067672583354 0.019592881031298776 0.01066091070761533 -0.050944465791635675 -0.016737048112626347 -0.02292186614563782 0.01593725455944122 0 -0.0026618423291958674 0.041767149956014535 -0.0033402300001429161 -0.029409183324645038 0.015732621755544445 -0.024548200530452015 0.017287167211424165 0.053264464426784799
leaf_weight=460.31677991896868 6.2975377365946796 5.9049181044101742 8.8169524371624011 4.3566455543041283 4.4318949580192557 4.3738749623298627 4.5625257641077033 4.1398879438638678 5.2705507278442365 4.4510133340954781 4.5395749956369391 34.376929715275764 15.702151276171206 4.0689631775021553 7.4979861006140709
leaf_count=2048 30 31 39 21 21 20 21 20 26 23 23 171 73 20 36
internal_value=0 -0.00818358 -0.0169496 0.000461792 0.0153922 0.02531 -0.0276807 -0.0380474 -0.000208323 0.0195158 -0.000647771 0.00952636 -0.00154113 0 0.0427328
internal_weight=579.108 29.7218 23.4243 549.386 24.7294 20.2975 17.5194 12.9568 524.657 9.72156 514.935 38.9165 476.019 8.42561 11.8719
internal_count=2623 141 111 2482 118 97 80 59 2364 49 2315 194 2121 41 56
is_linear=0
shrinkage=0.05


Tree=209
num_leaves=14
num_cat=0
split_feature=27 5 51 19 32 2 77 27 42 41 0 51 30
split_gain=0.873264 1.68241 1.66126 2.97915 5.84404 4.925 4.27764 2.51306 2.01281 1.88437 4.37804 4.04909 0.226809
threshold=9.1000000000000014 9.5000000000000018 6.8944444444444457 1.5000000000000002 1.1035553000000002 11.833333333333334 0.83333333333333337 7.4500000000000011 0.38596638333333338 1.8267828000000004 0.83333333333333337 6.5500000000000007 1.4500000000000002
decision_type=2 2 2 2 2 2 2 2 2 2 2 2 2
left_child=2 -2 8 4 6 -5 -4 -7 -1 10 -10 -11 -3
right_child=1 12 3 5 -6 7 -8 -9 9 11 -12 -13 -14
leaf_value=-0.032247652787643154 0.0064267720073059309 -0.0070683030574029268 0 0.043275287212742243 -0.020723805203807358 -0.02235475359037967 0.053713488871109508 0.0041035796303441003 -0.030683516089416281 -0.00087738701914822227 0.0082251822560381726 -0.028982147436271088 -0.037382040007270217
leaf_weight=4.4802617207169524 4.9087199568748465 3.9927601367235166 5.6452816948294702 5.0444127917289725 4.9404979497194281 15.320501223206518 11.44159062206745 17.659509189426899 7.0632814168930045 376.13447973877192 105.01670701056719 12.896688297390936 4.118275448679924
leaf_count=23 25 20 26 25 23 72 51 89 36 1661 491 60 21
internal_value=0 -0.0125473 0.000310805 0.00816582 0.0225798 0 0.0367553 -0.00759093 -0.000579924 -0.000215093 0.00542571 -0.00190927 -0.0266399
internal_weight=578.663 13.0198 565.643 60.0518 22.0274 38.0244 17.0869 32.98 505.591 501.111 112.08 389.031 8.11104
internal_count=2623 66 2557 286 100 186 77 161 2271 2248 527 1721 41
is_linear=0
shrinkage=0.05


Tree=210
num_leaves=24
num_cat=0
split_feature=0 48 54 58 5 2 47 50 77 75 26 18 12 36 56 83 12 12 75 56 54 8 14
split_gain=0.834976 2.73684 4.24312 4.10039 4.80384 2.73254 3.40689 2.99468 2.73522 2.9667 2.70901 3.24203 2.65175 3.95442 2.49419 2.40009 4.17079 2.91246 1.88723 1.68892 1.51755 1.51525 1.40794
threshold=1.5000000000000002 1.7750000000000001 2.2111111111111117 1.6125000000000003 9.8333333333333339 13.833333333333334 2.1000000000000005 14.350000000000003 2.166666666666667 1.4166666666666667 13.300000000000002 0.92407258333333342 21.833333333333339 21.550000000000004 1.3076810000000003 2.5500000000000003 15.500000000000002 17.500000000000004 1.5833333333333337 1.0887916000000002 2.0500000000000003 1.0888598333333335 8.8333333333333339
decision_type=2 2 2 2 2 2 2 2 2 2 2 2 2 2 2 2 2 2 2 2 2 2 2
left_child=5 2 3 -2 -5 6 10 14 9 -9 11 -1 15 18 -7 17 -17 -3 -14 -10 -12 -4 -15
right_child=1 12 21 4 -6 7 -8 8 19 -11 20 -13 13 22 -16 16 -18 -19 -20 -21 -22 -23 -24
leaf_value=0.010450387934980128 0.010879679101438854 -0.0015910137836796586 0.032827952489338848 0.0085180938147887512 -0.041459362200559409 0.04479211457776 0.036054740587051798 0.00051755140272152073 -0.035211500512606124 0.0287499811490971 0.024542519966508601 -0.025594384270350008 -0.0073482275514124996 0.026938714319410043 0 0.023950737571716996 -0.0098077744135673297 0.014072673751289339 -0.057794697628351689 0 -0.0085195604683465098 -0.0022096847429316255 -0.010557595010072059
leaf_weight=6.7452293038368216 6.2502014935016623 326.00514936447144 4.9104243665933591 5.0029944628477123 20.94863598793745 9.4407056495547277 3.824190028011798 31.056519284844398 5.4250885695219022 14.091174259781836 6.9460594281554204 25.813767939805984 4.7899908423423785 3.9930867701768857 6.009465590119361 26.882962986826897 12.147246107459067 32.11042345315218 5.5490275472402573 7.1524998545646667 4.6717395409941673 4.3380180299282074 4.1340413764119148
leaf_count=33 33 1426 22 24 95 46 20 144 26 69 33 123 23 20 30 124 58 151 25 35 22 21 20
internal_value=0 -0.000977193 -0.0131587 -0.0219844 -0.0309006 0.00368304 -0.00522005 0.00985832 0.00401383 0.0100953 -0.00971612 -0.0173257 0.000191973 -0.0179984 0.0293169 0.00112221 0.0128206 -9.91545e-05 -0.0381468 -0.0154556 0.00938158 0.0145585 0.0054611
internal_weight=578.239 457.062 41.4503 32.2018 25.9516 121.176 48.001 73.1755 57.7253 45.1477 44.1768 32.559 415.612 18.4661 15.4502 397.146 39.0302 358.116 10.339 12.5776 11.6178 9.24844 8.12713
internal_count=2623 2042 195 152 119 581 231 350 274 213 211 156 1847 88 76 1759 182 1577 48 61 55 43 40
is_linear=0
shrinkage=0.05


Tree=211
num_leaves=16
num_cat=0
split_feature=76 39 1 84 72 87 81 43 1 47 23 28 56 59 8
split_gain=0.879066 2.96918 2.45671 3.6488 2.6159 1.82336 5.20552 2.3716 1.7521 2.73135 3.30282 2.66981 3.22352 2.60108 1.77278
threshold=2.8333333333333335 11.450000000000001 0.83333333333333337 3.4500000000000006 1.4166666666666667 1.6333333333333335 0.36666666666666675 4.5000000000000009 0.83333333333333337 2.5000000000000004 0.66666666666666696 8.4500000000000011 0.84808409500000004 0.73888888888888904 1.2353900000000002
decision_type=2 2 2 2 2 2 2 2 2 2 2 2 2 2 2
left_child=5 -2 -3 4 -4 8 -7 -8 9 10 -1 12 -10 -11 -13
right_child=1 2 3 -5 -6 6 7 -9 11 13 -12 14 -14 -15 -16
leaf_value=-0.0092219643895175545 -0.026533425741080537 -0.0095087436603147456 0.043699593559010062 -0.015603094148916958 0.0042752467736038111 0.025428054881805079 -0.046657420633616165 0 0.02085569507730629 -0.04224048572130823 0.0103143799267416 -0.03854944041615533 -0.0020281716374296959 0.0005169571084225914 0
leaf_weight=24.877843894064426 4.687448412179946 7.4641156122088423 12.869624063372617 4.4914888590574256 8.5434981137514097 4.6557429730892208 8.8286587074398977 5.1080518290400496 15.513759002089499 5.2648231983184797 115.1939248368144 7.5801236405968648 341.41678153723478 6.4386643841862679 4.6404093205928802
leaf_count=120 22 36 59 20 39 21 42 25 72 25 535 38 1514 31 24
internal_value=0 0.00730514 0.0131183 0.0206414 0.0295672 -0.000509372 -0.0156874 -0.0315592 0 0.00455987 0.00664627 -0.00181229 -0.000935812 -0.0176115 -0.0244037
internal_weight=577.575 38.0562 33.3687 25.9046 21.4131 539.519 18.5925 13.9367 520.926 151.775 140.072 369.151 356.931 11.7035 12.2205
internal_count=2623 176 154 118 98 2447 88 67 2359 711 655 1648 1586 56 62
is_linear=0
shrinkage=0.05


Tree=212
num_leaves=18
num_cat=0
split_feature=4 72 5 56 82 4 14 69 68 78 6 55 5 51 85 3 83
split_gain=0.860562 5.20898 3.77214 3.15406 2.75068 2.20959 2.07682 3.3352 1.97791 1.95437 1.86726 3.23473 2.91295 2.41109 1.76804 1.42493 1.33603
threshold=4.416666666666667 1.5833333333333337 10.16666666666667 1.1065133000000003 0.90000000000000013 4.8333333333333348 7.416666666666667 1.0000000180025095e-35 0.88382375000000002 -3.3306690738754691e-16 3.416666666666667 1.5809202000000002 17.416666666666668 4.6125000000000007 1.9000000000000001 5.8333333333333348 1.2916666666666667
decision_type=2 2 2 2 2 2 2 2 2 2 2 2 2 2 2 2 2
left_child=1 2 3 -1 16 -2 7 9 -9 -3 12 -12 13 -7 -6 -13 -4
right_child=5 6 4 -5 14 10 -8 8 -10 -11 11 15 -14 -15 -16 -17 -18
leaf_value=-0.0028363685878926657 -0.03257405816243434 -0.013752458986658254 0.022584778152420926 0.050008010690906171 -0.035579334995302178 -0.015136904441297408 -0.0056021734104227186 0.059879240956153192 0.0075659903887486321 0.017420760799113814 0.014699932842902708 -0.0081040408706337264 0.034934271955596723 0.00053592025223584403 0 -0.052052171953641715 -0.012343629432358472
leaf_weight=5.6452070623636228 4.9294822514057151 5.3500631004571906 4.7479419708251971 3.8736065477132797 15.358584560453894 25.406734183430672 6.8120279461145392 7.2550225257873517 4.1386003941297531 20.142217777669433 4.1480718702077857 5.5515160188078863 5.4428853765130034 443.30668916553259 5.4630028530955306 5.0301245301961899 4.5213381350040436
leaf_count=25 22 25 22 20 70 126 37 34 21 94 20 26 27 1981 28 23 22
internal_value=0 0.00468606 -0.00797613 0.0175954 -0.0170379 -0.000793265 0.0166896 0.021495 0.0440959 0.00977792 -0.000388779 -0.0176346 0.000112308 -0.000275573 -0.0270968 -0.0326573 0.0032287
internal_weight=577.123 83.3076 39.6097 9.51881 30.0909 493.816 43.6979 36.8859 11.3936 25.4923 488.886 14.7297 474.156 468.713 20.8216 10.5816 9.26928
internal_count=2623 398 187 45 142 2225 211 174 55 119 2203 69 2134 2107 98 49 44
is_linear=0
shrinkage=0.05


Tree=213
num_leaves=14
num_cat=0
split_feature=84 7 14 56 80 81 7 7 7 60 51 86 8
split_gain=0.811598 4.17716 4.70893 3.38683 3.84517 2.77743 2.75509 3.34323 2.25585 2.01812 1.94907 4.39651 2.77682
threshold=1.9000000000000001 1.4885801666666667 7.166666666666667 1.3191041000000003 1.6333333333333335 3.5500000000000003 1.1712857500000002 0.90143383333333349 3.4612075000000004 16.650000000000002 6.3500000000000005 1.175 1.2001482500000002
decision_type=2 2 2 2 2 2 2 2 2 2 2 2 2
left_child=5 6 3 4 -3 8 7 -2 10 -4 12 -12 -1
right_child=1 2 9 -5 -6 -7 -8 -9 -10 -11 11 -13 -14
leaf_value=-0.0036152428021170805 -0.029977221630371666 0.0056584920354922404 -0.040967800610500996 -0.021269053432444243 0.027384984543941716 -0.031327320952005071 -0.038968812621381833 0.028775756973028241 -0.029201466211945533 0 0.014064836922988622 -0.016688575258469174 0.0077644509581099629
leaf_weight=294.07551638782024 4.1325975805521029 69.326930947601795 6.075621619820593 6.9122277945280066 31.342883363366127 6.9690464287996283 8.2400174066424352 4.5662276372313499 6.2228344976901999 5.2514800056815147 55.844082891941071 13.544544316828249 64.164538726210594
leaf_count=1297 19 301 27 34 147 30 39 22 30 26 268 66 317
internal_value=0 0.00337092 0.00685286 0.0102652 0.0127719 -0.00104254 -0.0191341 0 -0.000463005 -0.0225066 0 0.00762766 -0.00149935
internal_weight=576.669 135.848 118.909 107.582 100.67 440.821 16.9388 8.69883 433.852 11.3271 427.629 69.3886 358.24
internal_count=2623 615 535 482 448 2008 80 41 1978 53 1948 334 1614
is_linear=0
shrinkage=0.05


Tree=214
num_leaves=17
num_cat=0
split_feature=83 0 26 28 34 26 49 16 0 56 55 86 51 86 0 26
split_gain=0.851176 3.31509 2.49915 2.8226 3.66846 3.06388 2.23337 2.09598 1.98743 3.57046 2.83163 2.465 2.81715 2.11071 1.90546 1.49745
threshold=2.1000000000000005 3.166666666666667 18.900000000000002 4.5500000000000007 2.4500000000000006 12.225000000000001 0.61250000000000016 4.166666666666667 2.8333333333333335 0.91092050000000013 2.2640320000000007 2.4666666666666672 6.3500000000000005 1.0250000000000001 2.166666666666667 20.100000000000005
decision_type=2 2 2 2 2 2 2 2 2 2 2 2 2 2 2 2
left_child=7 2 3 5 -5 -2 -3 8 11 13 -11 12 -1 -10 -13 -4
right_child=1 6 15 4 -6 -7 -8 -9 9 10 -12 14 -14 -15 -16 -17
leaf_value=0.0011768001334206816 -0.010112314151804018 0 0.039838858406603207 -0.0049460191667802566 -0.02800065755158794 0.034331605821276139 0.042614488746574745 0.030307707868963502 -0.0020255879066441015 -0.0084155052778468048 -0.043548620450367746 -0.0047186882976106197 0.014771998988124979 0.03419224249938875 -0.042626735641109963 0
leaf_weight=330.87457832694054 6.6548257172107679 4.5751737803220731 3.6557798534631711 58.9243104159832 26.48369312286377 6.8132735416293144 5.5006517991423607 5.5352580845355979 7.4026384949684125 35.737982451915741 7.3246962875127783 18.007043994963173 43.555187381803989 6.0176892131567001 4.3413793593645087 4.8545458242297173
leaf_count=1459 34 23 19 273 121 34 27 27 34 168 35 84 207 30 22 26
internal_value=0 -0.00380107 -0.00658509 -0.00901374 -0.0125073 0.0110054 0.0224152 0.00096036 0.000513871 -0.00814048 -0.0153966 0.00181748 0.00284252 0.0130634 -0.0139485 0.0177916
internal_weight=576.259 117.462 107.386 98.8761 85.408 13.4681 10.0758 458.796 453.261 56.483 43.0627 396.778 374.43 13.4203 22.3484 8.51033
internal_count=2623 557 507 462 394 68 50 2066 2039 267 203 1772 1666 64 106 45
is_linear=0
shrinkage=0.05


Tree=215
num_leaves=17
num_cat=0
split_feature=87 38 88 62 87 58 14 84 22 13 17 39 46 75 79 85
split_gain=0.818961 2.39555 3.12568 2.50367 1.49438 3.74525 1.97954 3.78402 4.66897 2.59408 3.71005 2.51112 2.12612 1.38107 1.32401 0.921364
threshold=-1.6333333333333331 5.3000000000000016 1.0000000180025095e-35 6.9500000000000011 -1.3666666666666665 1.9500000000000002 7.166666666666667 0.70833333333333337 0.83333333333333337 7.416666666666667 2.0692166666666671 10.450000000000001 1.2 1.8333333333333337 -1.8333333333333333 1.9000000000000001
decision_type=2 2 2 2 2 2 2 2 2 2 2 2 2 2 2 2
left_child=1 -1 -3 -4 5 13 9 12 -9 11 -11 -6 -8 -2 -7 -16
right_child=4 2 3 -5 6 14 7 8 -10 10 -12 -13 -14 -15 15 -17
leaf_value=-0.015126517664456485 -0.055395933287766499 -0.010896359238337353 0.042597089223535646 0 -0.011497837953369986 -0.020180372872718691 0.046342049529042723 0.0078630843877515091 -0.022670569723998984 0.032533222171817124 -0.0033054835701357681 0.0016207448144220432 0 -0.0092874484013448552 -0.0036675106936011103 0.018484882549008427
leaf_weight=6.730036839842799 4.7710814848542231 5.7346839904785165 10.305888533592222 5.2074925526976594 39.616630911827087 4.7926087304949787 3.9051725491881362 16.627973489463329 38.547525450587273 14.996397510170938 11.233904562890528 389.14243099093437 4.0540725141763687 4.9906037300825119 5.7833402007818213 9.3740382045507413
leaf_count=30 25 26 47 26 187 23 20 87 181 73 53 1733 21 24 25 42
internal_value=0 0.00825304 0.0169852 0.0288716 -0.000443153 -0.0112645 0.000139453 -0.00806625 -0.0130318 0.00134058 0.0164742 0.000338389 0.0221364 -0.0358606 0.000130533 0.00858868
internal_weight=575.814 27.9781 21.2481 15.5134 547.836 29.7117 518.124 63.1347 55.1755 454.989 26.2303 428.759 7.95925 9.76169 19.95 15.1574
internal_count=2623 129 99 73 2494 139 2355 309 268 2046 126 1920 41 49 90 67
is_linear=0
shrinkage=0.05


Tree=216
num_leaves=17
num_cat=0
split_feature=51 74 51 41 48 55 29 3 44 86 44 87 71 69 48 87
split_gain=0.82294 2.88099 2.73008 2.97862 4.07343 4.43715 2.83322 2.34588 2.24332 4.15554 2.57863 2.23294 2.35948 2.21294 2.09392 1.30304
threshold=7.8500000000000005 2.666666666666667 6.8944444444444457 1.8221903666666668 2.2250000000000005 2.2640320000000007 12.450000000000001 8.1666666666666696 1.0842458666666668 -3.3306690738754691e-16 0.8169293166666669 -0.65833333333333321 1.3166666666666673 -1.0000000180025095e-35 2.4142857142857146 0.34166666666666679
decision_type=2 2 2 2 2 2 2 2 2 2 2 2 2 2 2 2
left_child=2 11 7 -4 6 -6 -5 8 10 -10 -1 -2 14 -9 -13 -15
right_child=1 -3 3 4 5 -7 -8 13 9 -11 -12 12 -14 15 -16 -17
leaf_value=-9.7610610844570871e-05 -0.030471182885033032 -0.043179312575728573 -0.012317207509775885 0.013536356887775013 0.045696853894100262 0 -0.032994632011696522 -0.041936355594052982 -0.0049472836517732675 0.030133963964931856 -0.020615151905251358 -0.0015179844490868582 -0.022527956858829926 -0.018302482757794055 0.032903367792424955 0.01696121635150466
leaf_weight=441.673738270998 4.546780474483973 4.4178156554698935 8.371112108230589 7.9708587005734426 15.803378626704218 7.4436330571770659 4.6438098847866058 6.0772150307893744 14.660274572670462 16.328250005841255 15.471067667007445 6.1113978475332287 4.0874989032745352 5.4735133126378042 8.4471997618675214 3.9009749367833138
leaf_count=1969 22 22 39 40 77 39 22 29 72 84 72 30 20 27 39 20
internal_value=0 -0.00836405 0.000406937 0.0122717 0.0187894 0.0310889 -0.0022916 -0.000596756 0 0.0129285 -0.000868374 0 0.00684265 -0.0194655 0.0172232 -0.000980733
internal_weight=575.429 27.6107 547.818 44.2328 35.8617 23.247 12.6147 503.585 488.133 30.9885 457.145 23.1929 18.6461 15.4517 14.5586 9.37449
internal_count=2623 133 2490 217 178 116 62 2273 2197 156 2041 111 89 76 69 47
is_linear=0
shrinkage=0.05


Tree=217
num_leaves=13
num_cat=0
split_feature=49 8 56 8 22 8 17 1 32 31 76 31
split_gain=0.790379 1.48846 3.43935 2.18512 3.53288 2.76328 4.98893 2.19802 1.97388 1.86139 1.82476 1.8101
threshold=2.1500000000000008 1.7847025000000001 1.4852526500000003 1.5341250000000002 0.50000000000000022 1.3295442500000003 2.174266666666667 1.8333333333333337 1.5427451000000001 1.2168673333333335 1.5833333333333337 1.7461823333333335
decision_type=2 2 2 2 2 2 2 2 2 2 2 2
left_child=1 3 8 5 -5 9 -7 -6 -3 -1 11 -4
right_child=-2 2 10 4 7 6 -8 -9 -10 -11 -12 -13
leaf_value=-0.016045142591142963 -0.018789503172212278 0 0.030381772221050707 0.012528281593331756 -0.037662481771860823 0.027496926512808013 -0.028277481872263061 0 0.047627491693833075 5.4042339990680536e-05 -0.023005843518899699 -0.0078341239472060949
leaf_weight=18.049888238310814 5.0624691620469084 3.9359196871519107 5.1120816171169299 7.0012917891144779 12.653293043375017 20.118552617728714 4.1334915757179251 5.3942186981439582 7.0522194877266884 475.07250870019197 6.3456251174211493 4.9865850359201431
leaf_count=89 30 19 26 37 60 101 21 24 35 2129 29 23
internal_value=0 0.00014592 0.0114331 -0.000388872 -0.0146824 0.000268383 0.0166016 -0.0266394 0.0325832 -0.00050025 -0.00176856 0.00967314
internal_weight=574.918 569.856 27.4324 542.423 25.0488 517.374 24.252 18.0475 10.9881 493.122 16.4443 10.0987
internal_count=2623 2593 132 2461 121 2340 122 84 54 2218 78 49
is_linear=0
shrinkage=0.05


Tree=218
num_leaves=11
num_cat=0
split_feature=78 78 78 83 86 65 12 36 77 84
split_gain=0.799843 3.19097 1.73311 4.23634 1.26589 1.06495 1.70285 2.80424 1.04132 0.312422
threshold=3.1666666666666674 3.5833333333333339 2.5000000000000009 0.63333333333333341 2.0250000000000004 1.0297907250000005 6.5000000000000009 11.300000000000002 1.0000000180025095e-35 2.3666666666666667
decision_type=2 2 2 2 2 2 2 2 2 2
left_child=2 9 5 -4 -5 -1 -7 -8 -3 -2
right_child=1 8 3 4 -6 6 7 -9 -10 -11
leaf_value=0.01920146740799332 -0.046790439677203977 -0.008273048961299807 -0.01285154142555027 0.053594227330274996 0.011591289149655359 0.021705066067218014 -0.01606365476240711 0 0.016871049065607473 -0.011382126777326772
leaf_weight=6.4772596135735503 4.0270898789167422 6.5825014337897283 6.6829714775085476 5.0967317223548871 6.0632766038179398 7.9660163745284072 28.093373402953148 491.83618400245905 7.6272833347320557 4.0336202681064606
leaf_count=32 21 32 30 26 30 39 137 2220 36 20
internal_value=0 -0.00921828 0.000341995 0.0154673 0.0343936 -0.000130295 -0.000432753 -0.000840499 0.00363852 -0.0336919
internal_weight=574.486 22.2705 552.216 17.843 11.16 534.373 527.896 519.93 14.2098 8.06071
internal_count=2623 109 2514 86 56 2428 2396 2357 68 41
is_linear=0
shrinkage=0.05


Tree=219
num_leaves=11
num_cat=0
split_feature=54 66 50 86 70 42 50 50 51 29
split_gain=0.768524 1.9474 1.62307 1.90642 2.5005 1.58293 1.61963 1.79455 1.04622 1.65921
threshold=0.95000000000000007 0.99473185000000008 19.450000000000003 -0.40000000000000019 1.1166666666666669 0.38596638333333338 18.950000000000003 18.550000000000004 5.7500000000000009 9.7000000000000011
decision_type=2 2 2 2 2 2 2 2 2 2
left_child=1 -1 5 -4 -5 -2 7 -7 -3 -10
right_child=2 8 3 4 -6 6 -8 -9 9 -11
leaf_value=0.015844520015952417 -0.026783175537301557 0 0.043611922652819962 0.023305817332251698 -0.019037599440941973 8.0798768870254581e-05 -0.023728496179354391 0.025727289250724362 -0.0033199848339325769 -0.047386350029538386
leaf_weight=4.2638530358672169 5.0208538025617591 4.0363908261060706 4.0954259634017971 7.2442630305886251 5.4976305961608887 520.24498318135738 6.4978985637426367 6.4460552185773841 5.9182590395212156 4.9476197808980942
leaf_count=23 26 19 22 36 28 2352 32 32 29 24
internal_value=0 -0.00974364 0.000312457 0.0153842 0.00311933 -0.000126482 0.000102549 0.000466204 -0.0189648 -0.0267864
internal_weight=574.213 19.1661 555.047 16.8373 12.7419 538.21 533.189 526.691 14.9023 10.8659
internal_count=2623 95 2528 86 64 2442 2416 2384 72 53
is_linear=0
shrinkage=0.05


end of trees

feature_importances:
Column_86=111
Column_8=78
Column_87=75
Column_78=72
Column_83=69
Column_60=66
Column_51=64
Column_76=58
Column_44=53
Column_66=53
Column_15=50
Column_18=50
Column_37=49
Column_81=49
Column_39=48
Column_75=47
Column_12=46
Column_22=46
Column_2=44
Column_3=44
Column_7=43
Column_53=43
Column_84=43
Column_49=42
Column_62=42
Column_63=42
Column_27=41
Column_45=41
Column_14=40
Column_48=39
Column_73=39
Column_5=38
Column_0=37
Column_50=37
Column_82=37
Column_17=36
Column_32=35
Column_58=35
Column_54=34
Column_56=34
Column_59=34
Column_31=33
Column_34=33
Column_47=33
Column_36=32
Column_42=31
Column_55=31
Column_70=31
Column_26=30
Column_52=30
Column_61=30
Column_64=30
Column_65=30
Column_72=30
Column_69=29
Column_80=29
Column_4=28
Column_38=28
Column_77=28
Column_10=26
Column_30=26
Column_41=26
Column_1=25
Column_16=24
Column_20=24
Column_21=24
Column_28=24
Column_71=24
Column_40=23
Column_25=22
Column_68=22
Column_85=22
Column_23=21
Column_74=20
Column_88=20
Column_11=19
Column_29=19
Column_35=19
Column_46=19
Column_13=18
Column_24=17
Column_6=16
Column_79=16
Column_19=3
Column_43=1
Column_57=1
Column_67=1

parameters:
[boosting: gbdt]
[objective: binary]
[metric: binary_logloss]
[tree_learner: serial]
[device_type: cpu]
[data_sample_strategy: bagging]
[data: ]
[valid: ]
[num_iterations: 220]
[learning_rate: 0.05]
[num_leaves: 24]
[num_threads: -1]
[seed: 0]
[deterministic: 0]
[force_col_wise: 0]
[force_row_wise: 0]
[histogram_pool_size: -1]
[max_depth: 5]
[min_data_in_leaf: 20]
[min_sum_hessian_in_leaf: 0.001]
[bagging_fraction: 0.85]
[pos_bagging_fraction: 1]
[neg_bagging_fraction: 1]
[bagging_freq: 0]
[bagging_seed: 3]
[bagging_by_query: 0]
[feature_fraction: 0.85]
[feature_fraction_bynode: 1]
[feature_fraction_seed: 2]
[extra_trees: 0]
[extra_seed: 6]
[early_stopping_round: 0]
[early_stopping_min_delta: 0]
[first_metric_only: 0]
[max_delta_step: 0]
[lambda_l1: 0.5]
[lambda_l2: 0.5]
[linear_lambda: 0]
[min_gain_to_split: 0]
[drop_rate: 0.1]
[max_drop: 50]
[skip_drop: 0.5]
[xgboost_dart_mode: 0]
[uniform_drop: 0]
[drop_seed: 4]
[top_rate: 0.2]
[other_rate: 0.1]
[min_data_per_group: 100]
[max_cat_threshold: 32]
[cat_l2: 10]
[cat_smooth: 10]
[max_cat_to_onehot: 4]
[top_k: 20]
[monotone_constraints: ]
[monotone_constraints_method: basic]
[monotone_penalty: 0]
[feature_contri: ]
[forcedsplits_filename: ]
[refit_decay_rate: 0.9]
[cegb_tradeoff: 1]
[cegb_penalty_split: 0]
[cegb_penalty_feature_lazy: ]
[cegb_penalty_feature_coupled: ]
[path_smooth: 0]
[interaction_constraints: ]
[verbosity: -1]
[saved_feature_importance_type: 0]
[use_quantized_grad: 0]
[num_grad_quant_bins: 4]
[quant_train_renew_leaf: 0]
[stochastic_rounding: 1]
[linear_tree: 0]
[max_bin: 255]
[max_bin_by_feature: ]
[min_data_in_bin: 3]
[bin_construct_sample_cnt: 200000]
[data_random_seed: 1]
[is_enable_sparse: 1]
[enable_bundle: 1]
[use_missing: 1]
[zero_as_missing: 0]
[feature_pre_filter: 1]
[pre_partition: 0]
[two_round: 0]
[header: 0]
[label_column: ]
[weight_column: ]
[group_column: ]
[ignore_column: ]
[categorical_feature: ]
[forcedbins_filename: ]
[precise_float_parser: 0]
[parser_config_file: ]
[objective_seed: 5]
[num_class: 1]
[is_unbalance: 0]
[scale_pos_weight: 1]
[sigmoid: 1]
[boost_from_average: 1]
[reg_sqrt: 0]
[alpha: 0.9]
[fair_c: 1]
[poisson_max_delta_step: 0.7]
[tweedie_variance_power: 1.5]
[lambdarank_truncation_level: 30]
[lambdarank_norm: 1]
[label_gain: ]
[lambdarank_position_bias_regularization: 0]
[eval_at: ]
[multi_error_top_k: 1]
[auc_mu_weights: ]
[num_machines: 1]
[local_listen_port: 12400]
[time_out: 120]
[machine_list_filename: ]
[machines: ]
[gpu_platform_id: -1]
[gpu_device_id: -1]
[gpu_use_dp: 0]
[num_gpu: 1]

end of parameters

pandas_categorical:null
