tree
version=v4
num_class=1
num_tree_per_iteration=1
label_index=0
max_feature_idx=88
objective=binary sigmoid:1
feature_names=Column_0 Column_1 Column_2 Column_3 Column_4 Column_5 Column_6 Column_7 Column_8 Column_9 Column_10 Column_11 Column_12 Column_13 Column_14 Column_15 Column_16 Column_17 Column_18 Column_19 Column_20 Column_21 Column_22 Column_23 Column_24 Column_25 Column_26 Column_27 Column_28 Column_29 Column_30 Column_31 Column_32 Column_33 Column_34 Column_35 Column_36 Column_37 Column_38 Column_39 Column_40 Column_41 Column_42 Column_43 Column_44 Column_45 Column_46 Column_47 Column_48 Column_49 Column_50 Column_51 Column_52 Column_53 Column_54 Column_55 Column_56 Column_57 Column_58 Column_59 Column_60 Column_61 Column_62 Column_63 Column_64 Column_65 Column_66 Column_67 Column_68 Column_69 Column_70 Column_71 Column_72 Column_73 Column_74 Column_75 Column_76 Column_77 Column_78 Column_79 Column_80 Column_81 Column_82 Column_83 Column_84 Column_85 Column_86 Column_87 Column_88
feature_infos=[0:7.333333333333333] [0:5] [1:40] [0:16] [0:20] [2:25] [0:7] [0.2381194999999999:4.8582000000000001] [0.1121249:3.8755500000000001] [0:3] [0:7.666666666666667] [0:4] [2:36] [0:17] [0:19] [2:29] [0:7] [0.413213:4.704745] [0.043508150000000002:3.5244650000000002] [0:3] [-1.8436954999999999:4.5014750000000001] [-7.6666666666666661:8.3333333333333321] [-3.333333333333333:6] [-3:5] [0.20000000000000001:6.2000000000000002] [0:4] [5:30] [0.5:13] [0:13.5] [3.5:20] [0:5] [0.30527466666666658:4.1555600000000004] [0.23021659999999999:3.2735933333333329] [0:5] [0:6.2000000000000002] [0:3.7999999999999998] [4.5:32.5] [1:13] [0:13.5] [3.5:24.5] [0:5] [0.40201500000000001:3.9884400000000002] [0.12893076666666661:3.0683590000000001] [0:5] [-1.6455336666666671:3.4760313333333333] [-6.2000000000000002:6] [-2.3999999999999999:5.2000000000000002] [-3:5.6000000000000005] [0.40000000000000002:4.5999999999999996] [0:4] [6.5999999999999996:25.800000000000001] [1.8:10.6] [1:11.199999999999999] [5.2000000000000002:20.199999999999999] [0:4.5999999999999996] [0.52484120000000001:3.8391730000000002] [0.2212531999999999:2.6855060000000002] [0:10] [0:5] [0:2.7999999999999998] [6.4000000000000004:32.5] [1.8:13] [2:11.4] [4.4000000000000004:19.199999999999999] [0.10000000000000001:4.4000000000000004] [0.5533262000000001:3.8827260000000008] [0.2390661999999999:2.7050314000000002] [0:10] [-1.2753768000000001:2.9347992000000005] [-5.5:4.5999999999999996] [-1.3999999999999999:4] [-3:4.2000000000000002] [0:5] [0:6] [0:3] [0:6] [0:6] [0:3] [-7:7.3333333333333339] [-3:3] [0:5] [0:6] [0:3] [0:6] [0:6] [0:3] [-6.2000000000000002:6] [-3:3] [0:1]
tree_sizes=2358 2405 2236 2632 2112 2340 1906 2656 2241 2029 2224 2433 2232 2427 2320 2127 2032 1997 1927 2245 1806 2567 1777 1700 2337 1497 1819 1726 2480 2634 1374 2122 1809 2292 1500 1073 2343 2256 1595 2240 1679 1459 1297 2648 1625 1381 1497 2465 1160 2657 1521 1813 1283 1697 1884 1816 1522 2081 1084 1738 2314 2072 1924 977 1706 2268 1781 2112 1483 1271 1696 1187 2138 1289 1386 1770 1899 1786 1496 1553 1970 1400 1192 2102 1598 2081 2100 1189 1913 978 1824 1657 1911 2016 1492 2424 1403 1361 1290 1795 2016 1895 1285 1791 1872 1901 2552 1408 1873 1725 1785 1990 1280 1289 2638 2485 1619 1405 1672 2617 1997 1695 1722 2107 1587 873 1189 1695 1559 1905 1652 1090 2110 1810 1197 1909 1809 1786 2395 1978 1682 2011 2216 2442 1175 1475 1707 1380 2487 1803 2619 1871 1277 1192 2094 1587 968 1572 2114 954 1869 1756 1166 1407 1184 1701 1276 2596 1459 1566 1769 1792 1418 1927 1604 1671 2110 2287 1306 1299 2427 2645 2630 1082 878 2011 868 2289 1771 1996 1068 1404 1704 2051 2310 2609 1553 1597 2196 1089 2605 1473 2288 2391 1382 1782 1705 1583 1443 1557 1565 2323 2513 1544 987 1601 1716 1404 1993 1571

Tree=0
num_leaves=22
num_cat=0
split_feature=55 56 12 72 65 17 86 59 5 47 42 65 28 86 79 76 58 14 28 55 74
split_gain=20.7845 18.1537 15.2815 15.808 12.8132 12.1104 11.337 9.94684 8.96229 8.04877 7.46338 7.44555 6.56202 6.44622 6.10641 11.3697 6.45069 5.71216 6.95924 5.65643 1.65847
threshold=2.0456344500000001 1.2846565000000003 10.16666666666667 0.58333333333333337 1.9106563000000001 2.2190200000000004 0.60000000000000009 0.45000000000000007 10.833333333333334 1.5000000000000002 0.69927233333333338 1.1400238 7.9000000000000012 -0.40000000000000019 1.8333333333333337 2.5833333333333335 2.4142857142857146 6.166666666666667 5.9000000000000012 2.3400495000000006 1.8333333333333337
decision_type=2 2 2 2 2 2 2 2 2 2 2 2 2 2 2 2 2 2 2 2 2
left_child=2 10 3 -1 11 6 8 9 -4 -7 20 -5 -8 -9 16 -16 -12 18 -3 -20 -2
right_child=1 17 5 4 -6 7 12 13 -10 -11 14 -13 -14 -15 15 -17 -18 -19 19 -21 -22
leaf_value=0.3615783971274002 0.29478071123426047 0.33608684086356555 0.33327021141284568 0.31544036962992661 0.33160099501966339 0.25939594908939106 0.3275114378462638 0.36328035526150965 0.31072712126725388 0.34132443816965441 0.37165787819583146 0.24973011634392075 0.36458017269049897 0.32786623414989507 0.27305755126478126 0.372626768912591 0.32618732293005348 0.35063318350124878 0.25145474319536892 0.3214184439042802 0.33201569283806009
leaf_weight=6.0891166329383841 4.8712933063507062 5.8455519676208558 50.661450386047363 6.5762459635734585 8.0376339554786664 5.6019873023033124 118.12886267900467 35.316876471042633 279.12510645389557 4.871293306350708 56.263437688350677 22.407949209213257 13.15249192714691 22.895078539848328 5.1148579716682416 5.3584226369857788 10.47328060865402 4.8712933063507071 8.7683279514312726 5.3584226369857779 4.871293306350708
leaf_count=25 20 24 208 27 33 23 485 145 1146 20 231 92 54 94 21 22 43 20 36 22 20
internal_value=0.323679 0.34335 0.319826 0.291349 0.27878 0.322219 0.319253 0.341658 0.314275 0.298848 0.354188 0.263399 0.331556 0.349932 0.359434 0.323679 0.364966 0.306549 0.29418 0.275299 0.315337
internal_weight=684.66 111.796 572.864 43.1109 37.0218 529.753 461.068 68.6852 329.787 10.4733 86.9526 28.9842 131.281 58.212 77.21 10.4733 66.7367 24.8436 19.9723 14.1268 9.74259
internal_count=2811 459 2352 177 152 2175 1893 282 1354 43 357 119 539 239 317 43 274 102 82 58 40
is_linear=0
shrinkage=1


Tree=1
num_leaves=22
num_cat=0
split_feature=55 56 17 12 72 68 32 23 59 73 26 4 42 38 4 14 28 52 55 78 0
split_gain=18.8197 16.5012 13.824 13.3928 18.3795 10.3795 13.5284 8.65806 12.1751 10.2108 8.15149 7.45823 6.81974 6.45958 5.75464 5.19416 6.30865 5.17519 4.99475 1.70455 0.932645
threshold=2.0456344500000001 1.2846565000000003 2.2190200000000004 10.16666666666667 0.58333333333333337 0.73656790000000016 1.4787672000000003 1.8333333333333337 0.5277777777777779 1.8333333333333337 15.450000000000001 5.8333333333333348 0.69927233333333338 7.3000000000000016 8.8333333333333339 6.166666666666667 5.9000000000000012 6.7071428571428582 2.3400495000000006 0.33333333333333343 2.166666666666667
decision_type=2 2 2 2 2 2 2 2 2 2 2 2 2 2 2 2 2 2 2 2 2
left_child=2 12 3 4 -1 6 -5 8 -4 -10 -7 -6 19 14 -14 16 -3 20 -18 -2 -9
right_child=1 15 7 5 11 10 -8 17 9 -11 -12 -13 13 -15 -16 -17 18 -19 -20 -21 -22
leaf_value=0.04243648639955637 0.009120460229542467 0.011859153916402562 -0.052832102395390823 -0.044580776212384016 0 -0.0050510907908128174 0.019442778001282551 0.06970586399319742 -0.0053781777638191273 0.041181880527853196 0.013093905848635141 -0.059751493358741928 0.045709189522139489 -0.0019608548755149996 0.0016752252310886736 0.025839995316679989 -0.068121293130502525 0 -0.002156332255213144 -0.028758565761261956 0.026086288058293258
leaf_weight=5.8080868721008292 4.8844638466835004 5.8337076902389589 7.1046097427606574 30.954405009746552 5.3957926630973807 345.72872984409332 10.23638531565666 10.191202446818354 25.004894658923149 20.360562324523926 74.474167555570602 27.714600071310997 57.360407441854477 9.4531514793634397 9.9230300337076169 4.8494154214859 8.8592194318771345 5.3444344550371161 5.3603594303131095 4.8731699585914612 4.8540695309638968
leaf_count=24 20 24 29 127 22 1418 42 42 103 84 306 113 237 39 41 20 36 22 22 20 20
internal_value=0 0.0187711 -0.00364505 -0.00664715 -0.0347128 -0.00419067 -0.0280282 0.0165337 0.00509986 0.0151946 -0.00176402 -0.0494198 0.0291661 0.0342156 0.0396441 -0.0162131 -0.0279803 0.0439341 -0.0458708 -0.00783961 0.0585327
internal_weight=684.569 111.397 573.172 500.312 38.9185 461.394 41.1908 72.8598 52.4701 45.3655 420.203 33.1104 86.4942 76.7366 67.2834 24.9027 20.0533 20.3897 14.2196 9.75763 15.0453
internal_count=2811 459 2352 2052 159 1893 169 300 216 187 1724 135 357 317 278 102 82 84 58 40 62
is_linear=0
shrinkage=0.05


Tree=2
num_leaves=20
num_cat=0
split_feature=55 56 62 12 72 65 51 86 17 42 38 4 14 28 71 85 55 71 38
split_gain=17.0307 14.9925 12.6817 12.4564 12.5255 10.5561 10.1743 8.56692 6.71439 6.22901 5.95034 5.254 4.72914 5.73365 4.57505 5.92535 4.43086 1.62471 1.12701
threshold=2.0456344500000001 1.2846565000000003 7.9500000000000011 10.16666666666667 0.58333333333333337 1.9106563000000001 6.1500000000000012 1.2000000000000002 2.6802525000000004 0.69927233333333338 7.3000000000000016 8.8333333333333339 6.166666666666667 5.9000000000000012 0.95000000000000007 1.7750000000000001 2.3400495000000006 1.4500000000000004 8.5500000000000025
decision_type=2 2 2 2 2 2 2 2 2 2 2 2 2 2 2 2 2 2 2
left_child=2 9 3 4 -1 -6 7 -5 -8 17 11 -11 13 -3 -4 18 -15 -2 -16
right_child=1 12 14 6 5 -7 8 -9 -10 10 -12 -13 -14 16 15 -17 -18 -19 -20
leaf_value=0.032886301102328964 -0.027815755785338597 0.011334494023736694 -0.0067719413040680035 -0.0088592604116262807 -0.056192272271609035 0.0062093408064757159 0.0089251902499012728 0.011325287874795758 0.065009811386314953 0.043826929329215253 -0.0018671169977056033 0.0015959498755822189 0.024775551520647966 -0.064433196048280517 0.025696320837841985 0.066021857473162415 -0.0020570552272650452 0.0091432646282696064 -0.0021657238814088045
leaf_weight=5.7638331651687613 4.8873540610074979 5.8220028877258363 5.6025514900684383 367.22651635110378 28.651977643370628 7.8053059428930274 71.240716367959976 59.898896872997284 5.5505353808403006 56.866817161440849 9.4563647061586362 9.9200641214847547 4.8269373178482047 8.9247967600822431 5.5970916002988833 10.676511138677595 5.3621955811977378 4.8847750276327133 5.358420118689537
leaf_count=24 20 24 23 1506 116 32 293 246 23 237 39 41 20 36 23 44 22 20 22
internal_value=0 0.0179086 -0.00345043 -0.00516001 -0.031145 -0.0422527 -0.00290456 -0.00596024 0.0136968 0.0278752 0.0327358 0.0379842 -0.0153599 -0.0265744 0.0294056 0.0398463 -0.043574 -0.00736156 0.0103867
internal_weight=684.324 110.951 573.372 546.138 42.2211 36.4573 503.917 427.125 76.7913 86.0154 76.2432 66.7869 24.9359 20.109 27.2346 21.632 14.287 9.77213 10.9555
internal_count=2811 459 2352 2240 172 148 2068 1752 316 357 317 278 102 82 112 89 58 40 45
is_linear=0
shrinkage=0.05


Tree=3
num_leaves=24
num_cat=0
split_feature=55 56 17 86 48 8 68 59 86 37 22 47 5 42 49 79 76 58 14 28 55 74 18
split_gain=15.4104 13.6271 12.0556 12.188 9.81766 9.07665 8.00399 7.09764 9.01102 8.02002 6.54601 6.20046 5.92686 5.69241 5.64759 5.54571 10.5628 5.88297 4.31055 5.22294 3.94605 1.53495 0.805347
threshold=2.0456344500000001 1.2846565000000003 2.1985025000000005 0.60000000000000009 1.267857142857143 1.4162090833333336 0.73656790000000016 0.45000000000000007 -1.658333333333333 5.6750000000000007 0.33333333333333315 1.3000000000000003 12.16666666666667 0.69927233333333338 1.6333333333333335 1.8333333333333337 2.5833333333333335 2.4142857142857146 6.166666666666667 5.9000000000000012 2.3400495000000006 1.8333333333333337 1.0695852500000003
decision_type=2 2 2 2 2 2 2 2 2 2 2 2 2 2 2 2 2 2 2 2 2 2 2
left_child=2 13 3 4 14 -6 10 11 22 -10 -5 -4 -8 21 -1 17 -17 -15 19 -3 -21 -2 -9
right_child=1 18 7 6 5 -7 12 8 9 -11 -12 -13 -14 15 -16 16 -18 -19 -20 20 -22 -23 -24
leaf_value=-0.044358537403562465 -0.026819532080411487 0.010832874461900071 -0.059726571136042239 0.0023553568363919386 -0.010473657085828031 0.021252114471953007 0.004280638327064842 0.057877816386384832 -0.045861696879837599 0.016468799775065344 -0.065559794918298789 0.011106092100732408 0.03093947048650518 0.043161041840060532 0.0052449098981901705 -0.051337439383583663 0.044993193730139359 0 0.023757857313684974 -0.061092725309322464 -0.0019623781948351336 0.0090699991933854713 0.025070723602872082
leaf_weight=30.350002750754356 4.901489704847334 5.8104668855667176 4.9488197267055494 6.1305713951587659 301.15947008132935 23.433682382106781 98.276287704706192 13.701706200838091 5.3402056545019141 37.735854178667068 6.1299357712268829 5.8087092936038971 27.216096773743629 55.007984176278114 5.8575784116983405 5.1018293201923353 5.2521215230226517 10.35918280482292 4.804028868675231 8.9682657122611982 5.363936334848403 4.8832384943962097 7.4541114866733542
leaf_count=124 20 24 20 25 1232 96 404 57 22 156 25 24 112 231 24 21 22 43 20 36 22 20 31
internal_value=0 0.0170945 -0.0032607 -0.00611086 -0.010963 -0.00807718 0.00641077 0.0152718 0.0217549 0.00773032 -0.0308796 -0.020464 0.0103605 0.0266523 -0.0356906 0.0313337 -0.000348007 0.0366961 -0.0145629 -0.0252675 -0.0414604 -0.00690728 0.0483186
internal_weight=683.996 110.453 573.543 498.554 360.801 324.593 137.753 74.9894 64.2319 43.0761 12.2605 10.7575 125.492 85.5058 36.2076 75.7211 10.354 65.3672 24.9467 20.1427 14.3322 9.78473 21.1558
internal_count=2811 459 2352 2042 1476 1328 566 310 266 178 50 44 516 357 148 317 43 274 102 82 58 40 88
is_linear=0
shrinkage=0.05


Tree=4
num_leaves=19
num_cat=0
split_feature=51 54 5 17 56 12 3 23 69 76 81 61 64 72 37 42 83 84
split_gain=14.549 11.8792 11.8478 11.6436 10.5263 9.28284 9.11448 8.99061 12.0975 8.70557 9.7845 7.57321 6.92062 5.03153 4.18537 3.22437 3.10205 2.72389
threshold=6.1500000000000012 0.72500000000000009 7.166666666666667 2.2190200000000004 1.2846565000000003 14.833333333333334 8.8333333333333339 1.8333333333333337 -1.083333333333333 2.166666666666667 2.3666666666666667 6.2500000000000009 1.9500000000000002 1.5833333333333337 6.1000000000000005 0.69465330000000025 2.1000000000000005 1.7750000000000001
decision_type=2 2 2 2 2 2 2 2 2 2 2 2 2 2 2 2 2 2
left_child=2 -2 16 9 5 14 13 8 -5 11 -11 -4 -7 -6 -3 -9 17 -1
right_child=1 4 3 7 6 12 -8 15 -10 10 -12 -13 -14 -15 -16 -17 -18 -19
leaf_value=0.066100504093543413 -0.047063370058193388 0.010592671865537957 -0.014396323455733146 -0.054721589345318511 -0.025233360770883347 0.035592951031832513 -0.068509702790015017 0.0048399099246301562 0.013541896306762002 0.014730508774875166 -0.029991846163660553 0.0044038930673823392 -0.007209632953956234 0.034959246902584382 -0.031453453962199153 0.060297288028573974 0 0.011189887814618516
leaf_weight=8.0103037506341952 6.7894066870212546 17.158016040921215 313.72494550049305 7.059245064854621 5.8537077754735964 81.300454646348953 5.3683549314737311 4.7978336215019253 43.71151028573513 67.789734542369843 14.167210936546324 62.03332132101059 9.4374578744173032 6.7804739326238632 8.2257810533046705 11.454420432448385 4.8168110996484748 5.0897687077522269
leaf_count=33 28 71 1284 29 24 338 22 20 181 279 58 254 39 28 34 48 20 21
internal_value=8.99708e-06 0.0143307 -0.00367372 -0.00509432 0.0177874 0.0233873 -0.016638 0.0141657 0.00312174 -0.00798151 0.00656156 -0.0112245 0.030852 0.00526828 -0.00241118 0.0460511 0.0355833 0.0478001
internal_weight=683.569 140.914 542.655 524.738 134.124 116.122 18.0025 67.023 50.7708 457.715 81.9569 375.758 90.7379 12.6342 25.3838 16.2523 17.9169 13.1001
internal_count=2811 584 2227 2153 556 482 74 278 210 1875 337 1538 377 52 105 68 74 54
is_linear=0
shrinkage=0.05


Tree=5
num_leaves=21
num_cat=0
split_feature=12 39 55 56 81 68 70 15 36 13 45 52 49 41 41 36 69 17 15 14
split_gain=13.8394 14.2702 13.1698 9.37907 8.20603 7.97512 7.68948 7.33934 8.23803 6.6825 6.55603 6.29237 5.93167 5.2198 6.46913 4.47289 3.06534 2.60798 3.41136 0.682271
threshold=13.16666666666667 8.5500000000000025 1.9442330500000002 1.6848159 1.7750000000000001 1.2422450500000002 1.0000000180025095e-35 11.16666666666667 13.900000000000002 6.8333333333333348 -2.6999999999999997 5.7750000000000012 1.4500000000000002 1.0486358666666666 1.8313883333333336 15.900000000000002 -1.083333333333333 2.1985025000000005 7.5000000000000009 7.8333333333333348
decision_type=2 2 2 2 2 2 2 2 2 2 2 2 2 2 2 2 2 2 2 2
left_child=5 9 6 4 -4 7 12 13 11 17 -8 -9 -3 -1 -15 -10 -11 18 -2 -18
right_child=1 2 3 -5 -6 -7 10 8 15 16 -12 -13 -14 14 -16 -17 19 -19 -20 -21
leaf_value=0.0035360581645343548 0.017352646381359135 -0.046061315094522971 0.012662756487047436 -0.045728907937023833 0.048553788988468238 0.028341486863538729 -0.05353879280582105 0.015446897388339277 0.04038730049544928 0.0088493743537661086 -0.00015120695274782597 -0.026536935341276043 0.011117109578247499 -0.064501323073891947 -0.019413957122695464 -0.010093734634710078 0.07677735554217309 0.034061320539715514 -0.037624462187728747 0.039104964872174575
leaf_weight=6.1380256265401831 4.8560893386602384 16.421934276819233 75.068419188261032 4.8783325999975196 21.276763841509819 8.8449346423149091 5.3523884266614905 10.032099083065985 10.713039815425875 5.0457768589258185 396.64491002261639 43.571433752775192 5.0953529924154273 17.72701607644558 18.972479641437531 5.8505424410104743 8.4174584448337608 4.8150817453861228 4.8763620257377625 8.6733438819646818
leaf_count=25 20 67 314 20 89 37 22 41 44 21 1627 178 21 72 78 24 35 20 20 36
internal_value=1.22642e-05 0.00336672 0.00119504 0.0173834 0.0210568 -0.0151897 -0.0026311 -0.018927 -0.00839243 0.0333249 -0.000989773 -0.0181473 -0.0314409 -0.0353096 -0.0424389 0.0213181 0.0504696 0.00476479 -0.00824244 0.0607353
internal_weight=683.272 561.422 524.738 101.224 96.3452 121.85 423.515 113.005 70.1671 36.6841 401.997 53.6035 21.5173 42.8375 36.6995 16.5636 22.1366 14.5475 9.73245 17.0908
internal_count=2811 2312 2160 423 403 499 1737 462 287 152 1649 219 88 175 150 68 92 60 40 71
is_linear=0
shrinkage=0.05


Tree=6
num_leaves=17
num_cat=0
split_feature=51 38 54 5 17 56 23 69 53 85 63 72 74 42 83 84
split_gain=12.5884 11.3406 10.9106 10.6506 10.1796 8.3793 8.26526 10.7239 8.09832 9.38299 7.53335 7.10767 5.06556 2.97493 2.89827 2.44926
threshold=6.1500000000000012 3.7000000000000006 0.72500000000000009 7.166666666666667 2.2190200000000004 1.2846565000000003 1.8333333333333337 -1.083333333333333 12.950000000000001 0.77500000000000013 9.2500000000000018 1.1666666666666667 2.666666666666667 0.69465330000000025 2.1000000000000005 1.7750000000000001
decision_type=2 2 2 2 2 2 2 2 2 2 2 2 2 2 2 2
left_child=3 -2 -3 14 8 12 7 -6 10 -10 -5 -7 -4 -8 15 -1
right_child=1 2 5 4 6 11 13 -9 9 -11 -12 -13 -14 -15 -16 -17
leaf_value=0.063441430755861547 -0.042787502437295483 -0.044745470320111468 0.029692020511772978 0.019682679617172211 -0.051443352351234629 -0.053848998821163431 0.0043275541652112613 0.012631331778255149 0.015139078954441609 -0.035426909123060409 -0.0068057515144905175 0.01084647288833944 -0.00027983361995270988 0.057936738027790639 0 0.010766020221168782
leaf_weight=7.8992542475461978 7.7495929449796668 6.0972209423780432 94.773999750614166 28.02366578578949 7.1187994927167884 5.8921446353197124 4.7852512449026134 43.542672917246819 10.420798465609549 44.881609305739403 374.912792339921 11.115016877651213 14.606577619910238 11.274391517043112 4.8054860085248938 5.0793590843677521
leaf_count=33 32 25 396 115 29 24 20 181 43 183 1534 46 61 48 20 21
internal_value=1.84407e-05 0.0133815 0.0170036 -0.00339745 -0.0047416 0.0203441 0.0133057 0.00272434 -0.00743548 -0.0254003 -0.00487944 -0.0110371 0.025479 0.0440856 0.0339572 0.0458451
internal_weight=682.979 140.235 132.485 542.744 524.96 126.388 66.7211 50.6615 458.239 55.3024 402.936 17.0072 109.381 16.0596 17.7841 12.9786
internal_count=2811 584 552 2227 2153 527 278 210 1875 226 1649 70 457 68 74 54
is_linear=0
shrinkage=0.05


Tree=7
num_leaves=24
num_cat=0
split_feature=55 56 17 86 48 26 59 86 37 47 38 83 17 0 56 23 49 14 28 55 11 75 3
split_gain=11.5488 10.9629 9.15394 9.95982 8.22949 8.36148 6.36153 8.58458 7.07078 6.75931 5.76651 5.85951 5.30078 5.09306 7.2291 4.90474 4.9029 3.7719 4.59324 3.53305 3.52752 3.18421 0.112019
threshold=2.0456344500000001 1.2846565000000003 2.1985025000000005 0.60000000000000009 1.267857142857143 11.550000000000002 0.5277777777777779 -1.658333333333333 5.6750000000000007 1.3000000000000003 7.3000000000000016 1.7750000000000001 1.4869622500000002 1.4166666666666667 1.0745386500000003 1.6666666666666667 1.6333333333333335 6.166666666666667 5.9000000000000012 2.3400495000000006 1.5833333333333337 1.1666666666666667 5.8333333333333348
decision_type=2 2 2 2 2 2 2 2 2 2 2 2 2 2 2 2 2 2 2 2 2 2 2
left_child=2 10 3 4 16 -6 9 20 -9 -4 13 -12 21 22 -15 -14 -1 18 -3 -20 -8 -5 -2
right_child=1 17 6 12 5 -7 7 8 -10 -11 11 -13 15 14 -16 -17 -18 -19 19 -21 -22 -23 -24
leaf_value=-0.040227434622866064 0.071371150609354325 0.010352696101617251 -0.056429839887313087 -0.00061913816538732794 0.023994892453672759 -0.0090770950693009524 0.057933333662094466 -0.04378635418739503 0.014757649623206108 0.01431533139611051 -0.044315162620361066 0.025950908090855734 0.012469044483307247 0.031905134456952748 -0.0059312077814329773 -0.023843369110845447 0.0057469655603422549 0.022496153389547746 -0.057095889454778573 -0.0010963627501858646 0.0025510159389597912 -0.052845861591420643 0.032979692640846783
leaf_weight=30.616235315799713 7.008915498852728 5.7908830791711869 5.6955403089523298 8.5947581678628904 19.544798955321312 305.83693248033524 15.526986896991732 5.3683651238679877 36.689127713441849 6.2151252329349518 5.503859415650366 5.0271147489547729 114.73336409032345 45.652463927865028 15.764316231012343 9.2287261635065061 5.8616259396076194 4.7677278518676749 8.9896184504032117 5.3735118061304084 4.7445404380559912 4.9127961546182624 5.1440853625535965
leaf_count=124 30 24 23 35 80 1248 66 22 153 26 23 21 473 194 67 38 24 20 36 22 20 20 22
internal_value=2.11784e-05 0.0149361 -0.0027808 -0.00525506 -0.00963088 -0.00698007 0.0134502 0.0200345 0.00627081 -0.0184103 0.023646 -0.00885038 0.00607532 0.0286634 0.0218202 0.00947987 -0.0321859 -0.0133597 -0.0233916 -0.0385691 0.0465481 -0.0226074 0.0590421
internal_weight=682.591 109.022 573.569 499.329 361.86 325.382 74.2397 62.329 42.0575 11.9107 84.1008 10.531 137.47 73.5698 61.4168 123.962 36.4779 24.9217 20.154 14.3631 20.2715 13.5076 12.153
internal_count=2811 459 2352 2042 1476 1328 310 261 175 49 357 44 566 313 261 511 148 102 82 58 86 55 52
is_linear=0
shrinkage=0.05


Tree=8
num_leaves=20
num_cat=0
split_feature=12 32 39 28 3 51 32 80 65 45 83 13 75 77 21 59 23 14 7
split_gain=11.8791 12.8477 10.7362 8.05479 10.3216 6.56953 8.52367 8.45599 6.33086 5.61263 5.51595 5.39396 4.68436 5.21817 3.72448 3.6716 3.33071 2.80181 1.23689
threshold=13.16666666666667 0.70315163333333341 8.5500000000000025 3.5500000000000003 3.5000000000000004 6.1500000000000012 0.79482326666666669 1.7750000000000001 1.8519426000000003 -0.73333333333333306 2.3666666666666667 6.8333333333333348 1.1666666666666667 0.41666666666666669 -1.0000000180025095e-35 0.63333333333333341 1.166666666666667 7.8333333333333348 1.9257805000000003
decision_type=2 2 2 2 2 2 2 2 2 2 2 2 2 2 2 2 2 2 2
left_child=3 8 11 -1 -5 6 -4 -7 12 15 -11 14 13 -2 -3 -6 -14 -13 -10
right_child=1 2 5 4 9 7 -8 -9 18 10 -12 17 16 -15 -16 -17 -18 -19 -20
leaf_value=0.031484699667603179 0.0010315893810808245 -0.029054144164228413 -0.044862263393845019 -0.074617109542735441 -0.0088197005044041606 -0.0050881403847971695 -0.002463844974824853 0.024827902389423607 0.022759268035550478 -0.023435302340792025 0.0072917958261708195 0.065221884106122771 0.014053393100192758 0.062668452148830309 0.023010476326000034 0.039800483951557261 -0.030588824739761489 0.0199991446572549 0.068989648950852647
leaf_weight=8.1985552459955198 7.6180140227079409 4.8590882271528235 11.854499176144598 7.143976390361785 6.3429148495197278 42.04090927541256 378.84848685562611 49.91648006439209 4.7466002702713004 76.856119707226753 16.339005559682846 9.6662419140338915 9.2272737920284253 7.4085632562637329 8.6641593873500806 7.081398218870163 6.533836066722869 9.2810006439685804 9.3750797510147077
leaf_count=34 32 20 49 29 26 175 1553 210 20 314 67 41 39 31 36 29 27 39 40
internal_value=2.3813e-05 0.0031424 0.000844045 -0.0140467 -0.0176702 -0.000990614 -0.00386988 0.010927 0.0286554 -0.0132906 -0.0177712 0.0284752 0.0143998 0.0340701 0.00215128 0.0155405 -0.00328733 0.0454395 0.0564701
internal_weight=682.002 560.04 515.131 121.962 113.763 482.66 390.703 91.9574 44.9094 106.619 93.1951 32.4705 30.7877 15.0266 13.5232 13.4243 15.7611 18.9472 14.1217
internal_count=2811 2312 2123 499 465 1987 1602 385 189 436 381 136 129 63 56 55 66 80 60
is_linear=0
shrinkage=0.05


Tree=9
num_leaves=18
num_cat=0
split_feature=12 32 39 28 3 84 36 51 38 32 41 81 21 69 71 37 59
split_gain=10.7252 11.8248 9.8696 7.31995 9.31105 6.56922 10.2724 6.05722 9.20728 7.60174 5.91413 5.48308 6.68988 4.99455 3.37744 3.02761 2.82597
threshold=13.16666666666667 0.70315163333333341 8.9000000000000021 3.5500000000000003 3.5000000000000004 0.63333333333333341 13.900000000000002 6.1500000000000012 5.6750000000000007 0.79482326666666669 2.1064593333333339 1.3666666666666669 -1.0000000180025095e-35 -0.3000000000000001 0.82142857142857173 5.6750000000000007 1.1833333333333336
decision_type=2 2 2 2 2 2 2 2 2 2 2 2 2 2 2 2 2
left_child=3 10 11 -1 -5 14 -7 9 -9 -4 13 12 -3 -2 -6 -13 -15
right_child=1 2 7 4 5 6 -8 8 -10 -11 -12 15 -14 16 -16 -17 -18
leaf_value=0.030169389243642195 -0.023806912196794504 -0.032422446822975924 -0.04241965046344251 -0.070735629094848415 -0.065067986350727261 -0.015285527107959091 0.026268314348808403 -0.035098985964490195 0.015933224024827452 -0.0024826003908467943 0.059796706676646189 0.0076091646907617107 0.035983769274973203 0.033058645979944089 -0.017960059254564814 0.053085518650213728 -0.0014300523181574357
leaf_weight=8.1512108594179136 5.5720123648643485 6.9319686442613602 11.936817318201063 7.1854469627141944 7.6210175305604961 68.754450872540474 18.16229222714901 9.165561303496359 82.561242952942848 375.57247169315815 10.83731649816036 6.773991763591769 6.3828317672014219 22.036827936768535 12.246504902839659 15.587909445166586 6.1792136430740348
leaf_count=34 23 29 49 29 31 280 75 38 347 1539 47 28 27 93 50 66 26
internal_value=3.60488e-05 0.00300503 0.000803376 -0.0133203 -0.0167673 -0.01259 -0.00621579 -0.00104645 0.0104003 -0.00383033 0.0275646 0.0260137 0 0.015776 -0.0384115 0.0408708 0.0247418
internal_weight=681.659 559.538 514.913 122.121 113.97 106.784 86.9167 479.236 91.7268 387.509 44.6254 35.6767 13.3148 33.7881 19.8675 22.3619 28.216
internal_count=2811 2312 2123 499 465 436 355 1973 385 1588 189 150 56 142 81 94 119
is_linear=0
shrinkage=0.05


Tree=10
num_leaves=20
num_cat=0
split_feature=12 39 55 56 81 80 70 65 39 82 70 45 13 8 25 69 17 15 14
split_gain=9.71864 10.7719 9.57394 7.88664 7.62196 7.12135 7.48051 6.76384 9.89792 9.86434 6.36142 5.8311 5.55242 5.39456 3.25955 2.88606 2.30322 3.06748 0.582371
threshold=13.16666666666667 8.5500000000000025 1.9442330500000002 1.6848159 1.7750000000000001 3.1000000000000005 1.6500000000000001 1.7087236500000005 15.300000000000002 0.90000000000000013 1.0000000180025095e-35 -2.6999999999999997 6.8333333333333348 1.0670331666666668 0.90000000000000013 -1.083333333333333 2.1985025000000005 7.5000000000000009 7.8333333333333348
decision_type=2 2 2 2 2 2 2 2 2 2 2 2 2 2 2 2 2 2 2
left_child=5 12 10 4 -4 6 7 8 -1 -9 13 -12 16 -3 -8 -14 17 -2 -17
right_child=1 2 3 -5 -6 -7 14 9 -10 -11 11 -13 15 -15 -16 18 -18 -19 -20
leaf_value=-0.044616978039331602 0.015269994574405133 -0.064758546028973837 0.010265436735474863 -0.042717303938359472 0.045144826103020105 0.043037885458910831 0.034906539553791388 0.024080078723304331 0.012260599905100561 -0.021707403699435291 -0.050108115717503669 0 0.0050281021409956288 -0.0089828851829916682 -0.0083197821865972129 0.070596400339207499 0.031161312769512978 -0.036722471069002012 0.034811883197876169
leaf_weight=39.526779636740685 4.8000571429729444 6.6695793420076397 74.011248722672462 4.9030507802963248 20.769528105854988 4.7886335700750342 9.0756252557039243 16.105602219700813 8.4303233623504621 37.910608217120171 5.3961566388607016 396.44790832698345 4.9392279535531989 14.968284636735914 6.3550537228584281 8.0122567564249092 4.7249311059713355 4.8833532482385635 8.4533749371767026
leaf_count=160 20 27 314 20 89 20 38 66 34 155 22 1627 21 61 26 35 20 20 36
internal_value=2.8961e-05 0.0028602 0.000981922 0.0149155 0.0183678 -0.0126779 -0.0153353 -0.0203498 -0.0340793 -0.00750108 -0.00225268 -0.000750242 0.0292187 -0.0283786 0.0158323 0.045194 0.00308938 -0.00901056 0.0552658
internal_weight=681.172 558.979 523.166 99.6838 94.7808 122.193 117.404 101.973 47.9571 54.0162 423.482 401.844 35.8132 21.6379 15.4307 21.4049 14.4083 9.68341 16.4656
internal_count=2811 2312 2160 423 403 499 479 415 194 221 1737 1649 152 88 64 92 60 40 71
is_linear=0
shrinkage=0.05


Tree=11
num_leaves=22
num_cat=0
split_feature=48 62 65 65 32 8 80 1 75 85 62 73 29 56 20 46 55 55 61 79 12
split_gain=9.03422 10.0235 8.82723 10.3492 7.35665 10.4548 6.96246 6.50664 7.4998 5.80685 4.35864 4.0736 3.87873 5.61758 8.86287 5.39369 4.79796 3.87495 3.84895 2.75306 0.252181
threshold=2.2250000000000005 7.9500000000000011 1.7819259000000003 1.4494183000000003 2.0089983333333339 1.7581250000000004 2.2250000000000005 1.5000000000000002 1.4166666666666667 2.3666666666666667 8.9000000000000021 1.5833333333333337 13.550000000000002 0.90544215500000014 1.1254411666666668 1.1000000000000001 1.9496980000000004 1.7155488000000003 7.8444444444444459 -0.58333333333333315 16.833333333333339
decision_type=2 2 2 2 2 2 2 2 2 2 2 2 2 2 2 2 2 2 2 2 2
left_child=1 2 3 9 5 -4 -5 12 11 -1 18 -9 13 16 -15 -14 -2 -6 20 -10 -3
right_child=7 10 4 6 17 -7 -8 8 19 -11 -12 -13 15 14 -16 -17 -18 -19 -20 -21 -22
leaf_value=0.0047533331574213071 -0.011123334304547495 0.02701143419894534 -0.0018029844786603137 -0.02513997172519028 -0.006493539224250628 0.035922029881047216 -0.083979199560135262 -0.059215517891866465 -0.0057486841753153191 -0.040171368540536975 -0.0080052771403544259 -0.0052908987452836885 0.0065875729030844864 0.01151040581924993 -0.033982479222158177 0.069048594772056757 0.038549960258470316 -0.072436866627387367 0 0.03844183139415086 0.064078400835971744
leaf_weight=47.421026736497879 4.8265657573938396 4.8457682877779069 361.81722272932529 47.608386695384979 5.5952292978763563 18.842823639512062 5.8991167694330207 7.510781034827235 5.097884014248848 7.9049229919910422 5.0554637163877478 8.4526216834783536 8.1291446685790998 71.499793738126755 11.927557617425917 7.396078795194625 25.999742731451988 4.8852534890174866 4.9713512957096091 6.6507368087768537 8.3166235238313657
leaf_count=193 20 20 1489 194 23 78 24 31 21 32 21 35 34 298 50 31 113 20 21 28 35
internal_value=3.42261e-05 -0.00309066 -0.00463516 -0.0172105 -0.00105477 4.35018e-05 -0.0328072 0.0105498 -0.0107764 -0.00151995 0.0285494 -0.0332088 0.0153194 0.0117098 0.00454474 0.0391295 0.029921 -0.0414072 0.0400235 0.017774 0.0537499
internal_weight=680.654 523.163 499.974 108.833 391.141 380.66 53.5075 157.491 27.712 55.3259 23.1892 15.9634 129.779 114.254 83.4274 15.5252 30.8263 10.4805 18.1337 11.7486 13.1624
internal_count=2811 2150 2053 443 1610 1567 218 661 115 225 97 66 546 481 348 65 133 43 76 49 55
is_linear=0
shrinkage=0.05


Tree=12
num_leaves=20
num_cat=0
split_feature=12 32 39 28 3 84 45 65 32 84 82 81 21 75 47 81 85 75 7
split_gain=8.50295 10.3102 8.24228 6.37577 8.35162 5.79194 9.59102 5.47425 5.47184 10.4993 5.48686 5.07883 5.95689 4.20561 3.16408 2.75768 2.32597 1.98116 1.05342
threshold=13.16666666666667 0.70315163333333341 8.9000000000000021 3.5500000000000003 3.5000000000000004 0.63333333333333341 -0.73333333333333306 1.8519426000000003 0.79482326666666669 1.7750000000000001 0.36666666666666675 1.3666666666666669 -1.0000000180025095e-35 1.1666666666666667 1.0750000000000004 1.3666666666666669 2.1000000000000005 0.58333333333333337 1.9257805000000003
decision_type=2 2 2 2 2 2 2 2 2 2 2 2 2 2 2 2 2 2 2
left_child=3 7 11 -1 -5 15 -7 13 9 -4 -10 12 -3 17 -15 -6 -13 -2 -9
right_child=1 2 8 4 5 6 -8 18 10 -11 -12 16 -14 14 -16 -17 -18 -19 -20
leaf_value=0.028858453852560029 0.0009662498440834639 -0.031599925550940676 -0.056663596044996524 -0.066101110919157144 -0.058227544225412847 0.037650227680524277 -0.011636576799840995 0.020335905636165653 -0.015704084745925422 0.025751925646937582 0.0018488008684448701 0.049036514964116588 0.033239317622935506 0.015090138353902105 -0.027892519119828502 -0.015666213463554794 0.0075476715395627232 0.044540047500493687 0.064186106145087948
leaf_weight=8.0852357149124128 5.1962942183017757 6.9358234256505966 10.965763941407202 7.203453615307807 8.1506860256195086 10.692537590861319 76.27365118265152 4.6686421036720267 49.382586359977722 4.9863370805978766 413.53178519010544 15.469077795743944 6.2584915906190854 8.1269603222608549 7.5145624577999106 11.782764405012129 6.5027889758348456 9.5769639462232572 8.9534530788660032
leaf_count=34 22 29 45 29 33 44 311 20 202 21 1705 66 27 35 31 48 28 41 40
internal_value=2.58344e-05 0.00268033 0.000630267 -0.0118558 -0.0150722 -0.0111091 -0.00511033 0.0257732 -0.00104577 -0.0293827 0 0.0238489 0 0.0124849 -0.00423531 -0.0352918 0.0383111 0.0313838 0.0521799
internal_weight=680.258 558.07 514.033 122.188 114.103 106.9 86.9662 44.0369 478.866 15.9521 462.914 35.1662 13.1943 30.4148 15.6415 19.9335 21.9719 14.7733 13.6221
internal_count=2811 2312 2123 499 465 436 355 189 1973 66 1907 150 56 129 66 81 94 63 60
is_linear=0
shrinkage=0.05


Tree=13
num_leaves=22
num_cat=0
split_feature=51 30 10 5 17 23 69 83 53 85 5 52 8 37 52 37 35 34 30 56 5
split_gain=8.2873 9.27549 8.37736 7.59018 8.26264 8.72872 7.76878 7.29074 7.20651 8.42107 6.89848 5.68626 6.50695 6.44867 5.15422 3.48708 3.48387 3.13788 3.06628 2.48148 2.474
threshold=6.2428571428571438 1.1000000000000003 0.83333333333333337 7.166666666666667 2.2190200000000004 1.8333333333333337 -1.083333333333333 1.7750000000000001 12.950000000000001 0.77500000000000013 12.41666666666667 6.4222222222222234 1.2735795000000003 5.9000000000000012 7.6500000000000012 8.9000000000000021 0.90000000000000013 2.1000000000000005 0.70000000000000007 1.1767906500000003 10.833333333333334
decision_type=2 2 2 2 2 2 2 2 2 2 2 2 2 2 2 2 2 2 2 2 2
left_child=3 7 -3 17 8 6 -6 14 10 -10 -5 12 -4 -13 16 -7 -2 19 -9 -1 -20
right_child=1 2 11 4 5 15 -8 18 9 -11 -12 13 -14 -15 -16 -17 -18 -19 20 -21 -22
leaf_value=0.064249725011806383 -0.073026825401006204 -0.030734554124563163 0.048443213876716532 -0.0055583998648120105 -0.043666875419032851 0.056730554931070265 0.010112697356142189 -0.0096692430374871515 0.015760063025535918 -0.031500191766244363 0.019150310013842993 0.022071056275782402 0 -0.023499763666798588 0.0077148198486853489 0.00033384388259893069 -0.019307829599123277 -0.00091935958116266228 0.058367743832192731 0.015012531429172563 0.003797356395728365
leaf_weight=6.1419629901647586 5.8118703216314378 6.4946473389863959 32.474868506193161 378.65766502916813 7.3937069773674002 12.23071174323559 43.24403540790081 5.4717852920293781 10.592091277241705 48.187352657318115 29.681228250265121 31.587982624769211 8.101083502173422 9.3295701295137388 6.3944886773824683 4.6594001054763785 10.409000381827353 5.152498483657836 4.679193526506424 7.6653033941984177 5.4176803082227707
leaf_count=26 24 27 139 1549 30 54 182 23 44 196 122 134 34 39 27 20 44 22 20 32 23
internal_value=3.33595e-05 0.0116073 0.0205866 -0.00256743 -0.0037219 0.0124452 0.00142119 -0.00843626 -0.00612332 -0.022501 -0.00368001 0.0251441 0.0385731 0.0109186 -0.0267517 0.0430672 -0.0416584 0.0279618 0.0166179 0.0401423 0.0330068
internal_weight=679.778 126.172 87.9882 553.606 534.646 67.5279 50.6377 38.184 467.118 58.7794 408.339 81.4935 40.576 40.9176 22.6154 16.8901 16.2209 18.9598 15.5687 13.8073 10.0969
internal_count=2811 534 373 2277 2197 286 212 161 1911 240 1671 346 173 173 95 74 68 80 66 58 43
is_linear=0
shrinkage=0.05


Tree=14
num_leaves=21
num_cat=0
split_feature=48 62 65 65 46 73 80 1 75 77 39 8 56 54 62 73 8 69 25 12
split_gain=7.54969 9.01059 7.44086 9.42527 6.95989 7.43618 6.22154 5.65492 6.78418 5.60022 5.04459 4.98559 4.34274 5.17943 4.05353 3.50869 2.49732 1.70138 0.868759 0.595588
threshold=2.2250000000000005 7.9500000000000011 1.7819259000000003 1.4494183000000003 -0.54999999999999982 1.8333333333333337 2.2250000000000005 1.5000000000000002 1.4166666666666667 0.41666666666666669 8.3000000000000025 1.1996325000000001 1.2960366000000001 1.8444444444444448 8.9000000000000021 1.5833333333333337 1.1500837500000001 -0.69999999999999951 0.77500000000000013 15.500000000000002
decision_type=2 2 2 2 2 2 2 2 2 2 2 2 2 2 2 2 2 2 2 2
left_child=1 2 3 9 11 -6 -5 10 15 -1 18 -4 13 -12 17 -9 -10 -3 -2 -19
right_child=7 14 4 6 5 -7 -8 8 16 -11 12 -13 -14 -15 -16 -17 -18 19 -20 -21
leaf_value=-0.049397518908048312 0.020916659084653278 0.0063642378190330836 -0.068977415945503537 -0.02337219010868433 -0.0048475741998466907 0.0098886842156574156 -0.078924818064314423 -0.055460255679599606 0 0.0038911641100011322 0.0073690561063490785 0 -0.020121119419006211 0.033530598603616332 -0.0077767371956429998 -0.0051685918452989933 0.042378813575971543 0.022506376993914542 0.066284470138956303 0.060442989399228923
leaf_weight=4.9372135847806922 4.8045904487371427 4.9691193252801957 5.8537767231464368 47.715755790472031 250.66525411605835 129.30125121772289 5.9374641180038443 7.5773849934339585 6.7369915246963483 50.380027711391449 83.927048861980438 4.8987061381340027 9.2649455815553647 25.810888081789017 5.0570285320281974 8.4505188614130002 4.9533754289150238 5.307164713740347 4.9921856671571732 7.6854319721460342
leaf_count=20 21 21 24 194 1033 533 24 31 28 205 355 20 38 110 21 35 21 22 22 33
internal_value=3.9806e-05 -0.00280891 -0.00427175 -0.0158087 -0.000974136 0.000107819 -0.0306535 0.00969126 -0.0101418 -0.000816993 0.0141755 -0.0397354 0.0109444 0.0138733 0.0272991 -0.0314157 0.0170668 0.0384719 0.048559 0.0482079
internal_weight=679.226 522.708 499.689 108.97 390.719 379.967 53.6532 156.518 27.7183 55.3172 128.8 10.7525 119.003 109.738 23.0187 16.0279 11.6904 17.9617 9.79678 12.9926
internal_count=2811 2150 2053 443 1610 1566 218 661 115 225 546 44 503 465 97 66 49 76 43 55
is_linear=0
shrinkage=0.05


Tree=15
num_leaves=19
num_cat=0
split_feature=12 32 39 80 79 79 68 66 8 2 20 80 84 81 12 56 37 53
split_gain=7.35298 9.15999 7.26783 6.07022 6.42218 7.70427 6.73204 5.17211 7.99342 4.97678 5.76287 4.90418 4.77141 4.64649 5.15133 3.92135 2.62236 2
threshold=13.16666666666667 0.70315163333333341 8.9000000000000021 3.1000000000000005 -2.1666666666666661 -1.4166666666666667 1.2422450500000002 1.4824418000000004 1.0449968333333335 14.833333333333334 1.3488833333333334 1.7750000000000001 1.1000000000000003 1.3666666666666669 18.833333333333339 0.55623100000000003 5.6750000000000007 12.738888888888892
decision_type=2 2 2 2 2 2 2 2 2 2 2 2 2 2 2 2 2 2
left_child=3 9 13 4 -1 12 -7 11 -9 17 15 -4 -6 14 -3 -11 -15 -2
right_child=1 2 7 -5 5 6 -8 8 -10 10 -12 -13 -14 16 -16 -17 -18 -19
leaf_value=0.038842729907275109 0.062392783413831233 -0.037216080805844196 -0.0060007756294389019 0.040758538244573095 -0.073815071521275935 -0.014360518580576798 0.038261350064863003 -0.031323307298932831 0.034599298144900328 -0.038602464534105325 0.048797966805390773 0.0049733052862504026 -0.0056112494746634817 0.0053729617459554561 0.024154250669673649 0.0097014833290703113 0.048113423868490414 0.012633333466208966
leaf_weight=4.8648502379655829 9.560134604573248 5.2896531522274 301.57572522759438 4.7135392874479285 8.4231778383254987 93.360053151845932 5.7977694422006598 5.0570677369833019 20.851296976208687 4.9661576151847902 7.0966749191284171 150.93497729301453 4.9072520881891242 6.6818492263555553 7.8291412442922592 17.210083320736885 14.985729694366453 4.6772994548082343
leaf_count=20 42 22 1237 20 34 380 25 21 86 21 32 629 20 28 34 74 66 20
internal_value=3.53992e-05 0.00251086 0.000583006 -0.0110148 -0.0134705 -0.016116 -0.0108563 -0.000981131 0.0204357 0.0244169 0.0111346 -0.00228373 -0.0516258 0.0225122 0 -0.000625901 0.0364794 0.0487253
internal_weight=678.782 556.716 513.205 122.067 117.353 112.488 99.1578 478.419 25.9084 43.5103 29.2729 452.511 13.3304 34.7864 13.1188 22.1762 21.6676 14.2374
internal_count=2811 2312 2123 499 479 459 405 1973 107 189 127 1866 54 150 56 95 94 62
is_linear=0
shrinkage=0.05


Tree=16
num_leaves=18
num_cat=0
split_feature=51 54 5 23 69 65 85 69 41 81 17 75 26 78 75 34 56
split_gain=6.87299 9.49403 6.78693 7.33605 8.11724 9.93542 9.18746 6.6757 8.90607 7.12807 6.39616 5.01339 4.48782 4.26145 3.37993 2.96923 2.21811
threshold=6.2428571428571438 0.72500000000000009 7.166666666666667 2.5000000000000004 -1.1499999999999997 1.9953325000000004 1.3666666666666669 -0.38749999999999968 1.797389866666667 1.1000000000000003 2.2921750000000007 1.5833333333333337 22.550000000000004 -0.33333333333333343 1.5833333333333337 2.1000000000000005 1.1767906500000003
decision_type=2 2 2 2 2 2 2 2 2 2 2 2 2 2 2 2 2
left_child=2 -2 15 4 6 -6 -4 9 11 -3 14 -9 -10 -11 -5 16 -1
right_child=1 7 3 10 5 -7 -8 8 12 13 -12 -13 -14 -15 -16 -17 -18
leaf_value=0.06185566346142838 -0.046000124157598486 -0.060251133579691321 0.017877939324944244 0.02913247444770703 -0.0057527267523019626 0.01479054018900056 -0.03850957614075206 -0.034690055256928157 0.030324822538106068 0.029158335398813136 0.05794370486450922 0.013563161853084782 -0.010655614819418598 -0.023628588843892032 -0.020223681909291559 -0.0013362893636118985 0.014599606691915665
leaf_weight=6.0225972235202807 6.3211096674203864 5.0690078437328365 8.3017407953739148 5.8223029524087924 405.00469082593918 67.913187608122826 31.846655145287514 9.8902059346437472 73.756215050816536 8.2211662977933884 8.2713971436023694 9.8606293499469739 6.1405051052570334 5.9989893287420246 7.0483983010053635 5.1320771425962439 7.6467554271221161
leaf_count=26 26 21 34 24 1657 286 130 41 318 35 37 42 26 25 29 22 32
internal_value=4.86399e-05 0.010636 -0.00231169 -0.00340263 -0.00464242 -0.00273731 -0.0261584 0.0140353 0.0193328 -0.0118654 0.024941 -0.00962498 0.0268176 0.00514483 0.000488226 0.0266754 0.0386326
internal_weight=678.268 125.258 553.01 534.208 513.066 472.918 40.1484 118.937 99.6476 19.2892 21.1421 19.7508 79.8967 14.2202 12.8707 18.8014 13.6694
internal_count=2811 534 2277 2197 2107 1943 164 508 427 81 90 83 344 60 53 80 58
is_linear=0
shrinkage=0.05


Tree=17
num_leaves=18
num_cat=0
split_feature=12 32 63 51 60 14 28 54 27 70 86 2 63 65 83 15 0
split_gain=6.49325 8.22432 5.86036 6.42473 8.83509 6.41869 5.38781 7.46525 5.27463 5.09619 5.06438 4.8262 4.38996 4.07638 8.31472 5.26386 3.27899
threshold=13.16666666666667 0.70315163333333341 9.2500000000000018 6.1500000000000012 19.350000000000005 4.5000000000000009 3.5500000000000003 2.0500000000000003 6.1000000000000005 0.30000000000000016 -1.8583333333333332 14.833333333333334 9.0500000000000025 1.7087236500000005 2.3666666666666667 13.16666666666667 2.5000000000000004
decision_type=2 2 2 2 2 2 2 2 2 2 2 2 2 2 2 2 2
left_child=6 9 10 4 -4 -5 -1 13 -9 -2 -3 -11 -12 14 -8 -15 -13
right_child=1 2 3 5 -6 -7 7 8 -10 11 12 16 -14 15 -16 -17 -18
leaf_value=0.027270969233041922 -0.021772129303682192 0.054643143008765938 -0.0020956224797341327 -0.036979087084361498 -0.039732339000796778 0.014806990119433497 -0.028167267285683608 -0.06705688799628283 0 0.055991507917034757 -0.00054226487660285799 0 0.043911843040992563 -0.010647646684416798 0.027011949632496469 0.02148628768417862 0.03491283185234343
leaf_weight=7.9864889979362479 4.5992598682641974 7.8027491122484198 369.26268132030964 5.7264838367700568 15.928415998816488 83.954387158155441 39.25438679754734 9.6672514379024488 4.856052190065383 12.050066307187079 23.562988027930263 14.796611949801447 6.3735390007495871 32.903912514448166 7.3788453489541999 19.940978959202766 11.63505446910858
leaf_count=34 19 34 1513 24 66 359 159 39 20 54 100 64 27 135 30 82 52
internal_value=4.73585e-05 0.00237903 0.000555655 -0.000909513 -0.00376628 0.0110363 -0.0103364 -0.0132969 -0.0465341 0.0232461 0.0194164 0.0294781 0.0086666 -0.00798596 -0.0187118 0.00109716 0.0156474
internal_weight=677.68 555.692 512.611 474.872 385.191 89.6809 121.988 114.001 14.5233 43.081 37.7393 38.4817 29.9365 99.4781 46.6332 52.8449 26.4317
internal_count=2811 2312 2123 1962 1579 383 499 465 59 189 161 170 127 406 189 217 116
is_linear=0
shrinkage=0.05


Tree=18
num_leaves=17
num_cat=0
split_feature=5 48 4 65 51 69 17 10 23 38 85 30 71 7 7 51
split_gain=6.1094 7.3358 7.39898 6.87513 8.39652 7.89621 6.3735 5.38488 7.61189 3.83351 7.99936 3.59885 3.19783 2.85402 0.781598 0.498452
threshold=6.166666666666667 1.267857142857143 4.416666666666667 1.9953325000000004 6.9500000000000011 -0.59999999999999964 1.7489516666666669 2.8333333333333335 1.166666666666667 7.3000000000000016 1.9000000000000001 0.90000000000000013 0.14999999999999999 1.7894200000000002 1.5144618333333337 6.5500000000000007
decision_type=2 2 2 2 2 2 2 2 2 2 2 2 2 2 2 2
left_child=11 6 9 4 -4 -5 12 8 -8 10 -3 -1 -2 -11 -13 -16
right_child=1 2 3 5 -6 -7 7 -9 -10 13 -12 14 -14 -15 15 -17
leaf_value=-0.0068476119666908662 -0.0089840248749805812 0.010295494485577525 -0.0063760919437669903 -0.014070965634590749 0.015474984978463797 0.019851901673532273 -0.003162768635352379 0.028719392156390522 -0.057843863458730743 0.015558148698873744 0.054098200561743463 0.011313468521830147 -0.064514364290802845 -0.031630277521065585 0.060602528572842353 0.021666179389852335
leaf_weight=4.6912135332822826 5.4378876388072959 50.018228575587273 382.44068562984467 21.63063882291317 48.669745475053787 67.788648054003716 31.511082097887993 7.6313651502132407 7.8957748562097541 4.770085394382475 13.650233194231985 4.6972522884607306 8.8845445215702039 6.4344380348920822 5.9297120869159681 4.9714093655347824
leaf_count=20 22 210 1568 91 208 290 129 32 32 20 58 20 36 27 26 22
internal_value=4.58591e-05 -0.00076131 0.000900756 -0.00117364 -0.00383625 0.0113353 -0.0171699 -0.00743317 -0.0153329 0.0155661 0.0204246 0.0267659 -0.0461317 -0.00959846 0.0383269 0.0467674
internal_weight=677.053 656.763 595.403 520.53 431.11 89.4193 61.3607 47.0382 39.4069 74.873 63.6685 20.2896 14.3224 11.2045 15.5984 10.9011
internal_count=2811 2723 2472 2157 1776 381 251 193 161 315 268 88 58 47 68 48
is_linear=0
shrinkage=0.05


Tree=19
num_leaves=20
num_cat=0
split_feature=12 39 63 66 82 69 61 79 79 39 41 38 39 34 64 42 14 18 64
split_gain=5.75381 7.81099 7.84644 6.22775 6.08831 7.75432 7.13618 5.19976 6.98393 5.74892 8.18558 5.57144 4.96858 4.73262 5.0939 4.72761 2.7035 2.50472 2.29188
threshold=13.16666666666667 9.3000000000000025 10.750000000000002 1.4627566000000003 0.36666666666666675 -0.69999999999999951 6.3166666666666673 -2.1666666666666661 -1.2499999999999998 11.450000000000001 1.3717703666666667 4.4500000000000011 12.900000000000002 2.4500000000000006 1.2500000000000002 1.9635371333333334 8.1666666666666696 1.3114300000000003 2.3166666666666669
decision_type=2 2 2 2 2 2 2 2 2 2 2 2 2 2 2 2 2 2 2
left_child=7 2 13 4 6 -6 -3 -1 17 11 -11 -10 15 14 -2 -5 -15 18 -9
right_child=1 3 -4 12 5 -7 -8 8 9 10 -12 -13 -14 16 -16 -17 -18 -19 -20
leaf_value=0.037565530050061913 0.036735335123812003 -0.025091283109192883 -0.033301691402650296 0.02500137639694467 -0.016773143220851185 0.003440157892809572 0.032595761130641686 -0.067209489620747229 0.0034363700618727762 -0.024214706724260345 0.015202160752793487 -0.035859399871760837 0.064216765107456705 0.061112748783330353 -0.0071541007485874282 -0.021081408327184869 0.013884266376976956 -0.0066824267809386471 -0.014644498134533657
leaf_weight=4.8321949988603583 11.124076113104822 42.472645238041878 5.0404543131589881 17.857461541891105 53.689235746860504 374.2279336899519 5.3370353877544394 8.653777629137041 12.467905744910238 18.251562267541885 42.692364826798439 23.871018096804619 5.457636445760726 12.709103152155878 13.3872794508934 7.0117539316415778 6.4157560616731635 6.1141387820243827 4.9286936074495307
leaf_count=20 48 173 21 75 221 1558 22 35 51 74 176 98 23 57 57 29 28 25 20
internal_value=4.63806e-05 0.00224561 0.0212788 0.000346275 -0.00101375 0.000829097 -0.0178634 -0.00973273 -0.0120509 -0.0061546 0.00288969 -0.0218347 0.022162 0.0284557 0.012101 0.0108637 0.0473005 -0.039062 -0.0511076
internal_weight=676.542 554.73 48.6767 506.054 475.727 427.917 47.8097 121.812 116.979 97.2829 60.9439 36.3389 30.3269 43.6362 24.5114 24.8692 19.1249 19.6966 13.5825
internal_count=2811 2312 211 2101 1974 1779 195 499 479 399 250 149 127 190 105 104 85 80 55
is_linear=0
shrinkage=0.05


Tree=20
num_leaves=16
num_cat=0
split_feature=5 12 72 80 0 23 15 65 75 32 4 38 30 7 51
split_gain=5.56225 5.67372 9.31675 7.39856 6.78555 7.35217 5.83664 5.78305 5.40975 5.21346 5.04172 4.28376 3.85544 0.739622 0.300996
threshold=6.166666666666667 10.16666666666667 0.58333333333333337 2.6333333333333337 3.166666666666667 0.66666666666666696 16.166666666666668 1.1400238 1.4166666666666667 2.0697258333333339 5.166666666666667 7.4500000000000011 0.70000000000000007 1.5144618333333337 6.5500000000000007
decision_type=2 2 2 2 2 2 2 2 2 2 2 2 2 2 2
left_child=12 2 -2 7 6 8 9 -4 -6 -3 -7 -8 -1 -14 -15
right_child=1 4 3 -5 5 10 11 -9 -10 -11 -12 -13 13 14 -16
leaf_value=-0.01033140829002499 0.037966807131414808 -0.0013471127733119678 0.0052820398794873819 0.028203535341094745 -0.044497367418084625 0.059102907409317645 0.037553176500729479 -0.04087933516415878 0.016179231399071223 -0.04020911268640593 0.016204453539673046 -0.010830291231287151 0.010921002502460676 0.058710952426190871 0.022613096454237501
leaf_weight=4.4665420502424267 6.0690017789602271 524.06707680225372 7.2008210569620124 4.9735084772109976 6.5062400549650174 10.400214195251463 15.770025551319124 33.317932918667793 6.5577327907085419 8.3448468148708326 27.589258044958115 5.11788485944271 4.6866800040006629 5.8147446066141111 5.1524112969636917
leaf_count=19 25 2172 29 21 27 46 65 136 28 34 119 21 20 26 23
internal_value=4.52032e-05 -0.00072106 -0.0165767 -0.0247304 0.000602937 0.0179781 -0.000969929 -0.0321019 -0.0127227 -0.00204029 0.0292133 0.0245535 0.0256492 0.0374652 0.0456576
internal_weight=676.035 655.915 51.5613 45.4923 604.353 51.0534 553.3 40.5188 13.064 532.412 37.9895 20.8879 20.1204 15.6538 10.9672
internal_count=2811 2723 211 186 2512 220 2292 165 55 2206 165 86 88 69 49
is_linear=0
shrinkage=0.05


Tree=21
num_leaves=23
num_cat=0
split_feature=55 56 4 29 12 74 50 28 30 78 55 37 79 59 61 84 12 70 60 7 31 10
split_gain=5.39911 8.1859 5.62776 7.95281 7.34619 11.0511 5.81224 5.63347 6.81192 6.73162 5.46503 5.27926 5.25438 4.87167 4.99036 4.75272 4.68288 4.55288 3.14714 3.16966 2.71967 2.62992
threshold=2.0456344500000001 1.2846565000000003 4.416666666666667 14.900000000000002 10.16666666666667 0.58333333333333337 10.100000000000001 5.5500000000000007 3.1000000000000005 1.5833333333333333 1.8356026000000003 6.3000000000000016 1.8333333333333337 0.73888888888888904 6.9500000000000011 0.70833333333333337 7.166666666666667 0.85000000000000031 15.350000000000003 1.9779736666666667 2.5678284333333337 1.5000000000000002
decision_type=2 2 2 2 2 2 2 2 2 2 2 2 2 2 2 2 2 2 2 2 2 2
left_child=2 11 3 6 5 21 -1 9 -9 -6 -8 12 15 -13 -15 -2 -7 -5 19 -3 -21 -4
right_child=1 18 4 17 7 16 10 8 -10 -11 -12 13 -14 14 -16 -17 -18 -19 -20 20 -22 -23
leaf_value=-0.020598949535218077 -0.0029794563269955423 0.0049132490530863944 0.042561291566426601 -0.04934020338749745 -0.027590469146717242 -0.010957610395462836 0.031003081171043056 0.00065449090922574448 -0.049098862782778099 0.026468402853413033 -0.0089763492040269514 -0.037587316887030063 -0.0087096474794199335 -0.02028761718738091 0.043809145322230438 0.036728781950368002 -0.056753211593356334 0.0011328480022094697 0.014332380487884454 -0.056604423921631647 -0.0060636274178445604 -0.0027021590037126105
leaf_weight=7.3397374898195258 7.5138899385929099 5.0465467274189058 4.8668446242809278 6.8958774656057349 36.548811927437782 10.662546411156656 47.32682703435421 403.02388632297516 6.4955515861511222 5.946649268269538 9.0689988881349546 6.7536040097475079 8.5870726108551008 4.5928135812282544 6.1271101534366608 47.064218118786812 17.726915970444679 8.9399736225604993 5.9217010885477057 7.5632985830306989 6.0144239515066147 5.5868736952543259
leaf_count=30 33 21 20 28 151 43 198 1660 27 25 38 29 37 20 28 210 72 37 25 31 25 23
internal_value=5.49466e-05 0.0104716 -0.00182954 0.0103804 -0.00386828 -0.0246492 0.0184539 -0.00200199 -0.000132606 -0.0192244 0.0241122 0.0182813 0.0250365 -0.00476459 0.0144392 0.0308307 -0.0409059 -0.0201532 -0.0140394 -0.0245064 -0.0370031 0.0170693
internal_weight=675.614 105.185 570.429 79.5714 490.858 38.8432 63.7356 452.015 409.519 42.4955 56.3958 80.6387 63.1652 17.4735 10.7199 54.5781 28.3895 15.8359 24.546 18.6243 13.5777 10.4537
internal_count=2811 459 2352 331 2021 158 266 1863 1687 176 236 357 280 77 48 243 115 65 102 77 56 43
is_linear=0
shrinkage=0.05


Tree=22
num_leaves=16
num_cat=0
split_feature=54 55 55 62 56 38 31 69 26 8 7 56 42 23 14
split_gain=5.92907 19.1969 6.53754 7.58816 6.43375 7.05112 6.64683 5.72479 5.12205 7.52555 5.67605 4.39217 4.2512 4.1777 3.87553
threshold=2.8500000000000001 1.6031695500000003 2.0456344500000001 7.9500000000000011 1.0688877000000001 7.3000000000000016 2.1037766666666671 0.29999999999999977 15.450000000000001 1.3016250000000003 1.9119672500000002 1.35923935 0.60664300000000015 0.50000000000000022 9.8333333333333339
decision_type=2 2 2 2 2 2 2 2 2 2 2 2 2 2 2
left_child=2 -2 3 8 5 12 11 -8 10 -10 -1 -6 -4 -5 -15
right_child=1 -3 4 13 6 -7 7 -9 9 -11 -12 -13 -14 14 -16
leaf_value=-0.0066288571907496532 0.031762116459711907 -0.071258054848268138 -0.0099406267509791462 -0.010396896503814607 0.049453363135922308 -0.014903946170249281 0 -0.046035238251416283 0.00288705230293028 0.050808519488296011 0.013885642153433596 -0.0037875773610164276 0.035737079392724511 0.049328349083850545 0
leaf_weight=402.09286785125732 7.0039454698562649 10.287721261382101 4.5995172262191764 5.3122387975454357 7.9899773895740491 8.9973592758178693 21.094909206032757 9.4806561917066556 83.074611142277718 8.809904992580412 35.640159785747528 5.5322063714265823 44.575322359800339 14.202351018786432 6.2178859561681739
leaf_count=1648 29 42 20 22 35 39 90 40 349 37 147 23 202 61 27
internal_value=3.69405e-05 -0.0284049 0.000843799 -0.00125805 0.0124512 0.0233265 -0.00143528 -0.0148355 -0.00259866 0.0080025 -0.00488759 0.0265301 0.0309043 0.0249045 0.035312
internal_weight=674.912 17.2917 657.62 555.35 102.27 58.1722 44.0977 30.5756 529.618 91.8845 437.733 13.5222 49.1748 25.7325 20.4202
internal_count=2811 71 2740 2291 449 261 188 130 2181 386 1795 58 222 110 88
is_linear=0
shrinkage=0.05


Tree=23
num_leaves=15
num_cat=0
split_feature=54 55 20 4 51 27 55 29 46 80 42 8 46 29
split_gain=5.34012 17.3689 5.95588 6.13997 7.49945 9.54613 7.09722 6.10697 13.411 7.1476 3.4485 4.14317 3.1418 0.023631
threshold=2.8500000000000001 1.6031695500000003 1.6130228333333334 4.416666666666667 4.5500000000000007 4.5500000000000007 1.1610788166666668 12.900000000000002 1.1000000000000001 0.90000000000000013 0.69927233333333338 0.93961816666666687 1.9000000000000006 14.225000000000001
decision_type=2 2 2 2 2 2 2 2 2 2 2 2 2 2
left_child=2 -2 3 7 6 -6 -5 9 -9 -1 12 -12 -4 -3
right_child=1 13 10 4 5 -7 -8 8 -10 -11 11 -13 -14 -15
leaf_value=0.068888115425681476 0.030425285206363908 -0.084245243838264566 0.026819722833546694 0.014174982027185713 0.031332068246844626 -0.0021478891858257255 -0.039087930450536525 -0.021897030952111943 0.051627114494879292 0.014325304909179408 0.05860515750332837 0 -0.024059126190993894 -0.040552736575717979
leaf_weight=6.9091288596391669 6.9689698517322567 5.1565043032169324 5.8744485527277011 7.3109820485115078 21.726371720433235 489.21076487004757 23.875356256961823 26.177529141306877 7.5122264921665183 49.112089946866035 9.4811493009328824 4.7151378244161597 5.1623201370239258 5.1821369081735611
leaf_count=29 29 21 25 30 92 2029 98 108 32 211 44 20 22 21
internal_value=3.85966e-05 -0.0269387 0.00080716 -0.00011372 -0.00216081 -0.000646113 -0.0257859 0.0119231 -0.00425597 0.0220468 0.0243916 0.0403463 0.000843431 -0.0675324
internal_weight=674.375 17.3076 657.068 631.834 542.123 510.937 31.1863 89.711 33.6898 56.0212 25.2331 14.1963 11.0368 10.3386
internal_count=2811 71 2740 2629 2249 2121 128 380 140 240 111 64 47 42
is_linear=0
shrinkage=0.05


Tree=24
num_leaves=21
num_cat=0
split_feature=62 84 79 26 22 84 5 76 49 83 87 17 15 15 80 45 34 14 15 73
split_gain=5.13446 7.61917 7.33156 6.23962 7.38669 6.24511 6.20723 6.5119 6.11164 5.67772 5.61075 4.33953 4.12037 6.84988 4.80678 4.71689 2.97997 2.51661 3.50081 1.69428
threshold=7.2500000000000009 0.63333333333333341 -2.1666666666666661 15.450000000000001 1.4166666666666672 1.1000000000000003 6.166666666666667 2.416666666666667 0.68333333333333346 1.1000000000000003 -0.48333333333333334 1.3306308333333337 7.5000000000000009 11.833333333333334 1.9000000000000001 -0.19999999999999993 1.4500000000000002 8.8333333333333339 9.1666666666666696 1.1666666666666667
decision_type=2 2 2 2 2 2 2 2 2 2 2 2 2 2 2 2 2 2 2 2
left_child=1 2 -1 6 8 -6 -3 -8 -5 19 16 -11 -12 14 -14 -15 -2 -18 -19 -4
right_child=10 3 9 4 5 -7 7 -9 -10 11 12 -13 13 15 -16 -17 17 18 -20 -21
leaf_value=0.034047665119680312 0 0.040665329585881482 0.028993579182718717 -0.0029419059189414324 0.028560658273803802 -0.022714077315560556 -0.0054977261706798475 0.012891264428314545 0.027117339050855768 -0.065002929536712911 0.041016305735501274 -0.021873599358951609 -0.043897549833054883 -0.011614712995027665 0.00055446908345976062 0.045337600499727009 0.052572948251528341 -0.011199173569886402 0.0431775297967157 -0.0055023570519732038
leaf_weight=5.6914052069187155 5.2598550915718105 7.7384883463382712 4.8644314408302289 21.304472416639328 7.163064673542979 22.879736021161079 361.04574494063854 54.458506911993027 60.386695429682732 7.5339624881744376 5.0074812024831763 44.90869052708149 11.839888483285906 5.0891553163528442 9.8504278510808927 7.9824145287275297 13.02675421535969 5.0666430592536909 4.921197384595871 7.9559886008501053
leaf_count=24 22 34 20 92 31 97 1488 227 258 31 22 187 49 21 42 34 56 22 21 33
internal_value=4.36171e-05 -0.00138531 -0.0167334 0.000617352 0.0111352 -0.00940277 -0.00211018 -0.00301486 0.0190037 -0.0217672 0.0130503 -0.0290972 0.000238408 -0.00542501 -0.0230259 0.0217113 0.0298846 0.0375458 0.0139907 0.00630657
internal_weight=673.975 605.931 70.9545 534.977 111.734 30.0428 423.243 415.504 81.6912 65.2631 68.0438 52.4427 39.7694 34.7619 21.6903 13.0716 28.2744 23.0146 9.98784 12.8204
internal_count=2811 2522 295 2227 478 128 1749 1715 350 271 289 218 168 146 91 55 121 99 43 53
is_linear=0
shrinkage=0.05


Tree=25
num_leaves=13
num_cat=0
split_feature=54 55 55 62 72 12 72 26 47 78 23 14
split_gain=4.85642 15.7178 5.43317 6.62881 5.19107 4.70548 8.37895 5.02637 4.6977 4.03329 3.78721 3.51156
threshold=2.8500000000000001 1.6031695500000003 2.0456344500000001 7.9500000000000011 0.83333333333333337 10.16666666666667 0.58333333333333337 15.450000000000001 -0.34999999999999981 -0.33333333333333343 0.50000000000000022 9.8333333333333339
decision_type=2 2 2 2 2 2 2 2 2 2 2 2
left_child=2 -2 3 5 -4 6 -1 -7 -6 -10 -5 -12
right_child=1 -3 4 10 8 7 -8 -9 9 -11 11 -13
leaf_value=0.033768186842622207 0.029034839224357806 -0.06419709895398884 -0.024308976591997378 -0.0099435373346701272 -0.026716762562861058 -0.0033270800859742551 -0.027650113230977758 0.0099249781906299225 0.039232783310607471 0.011807855496785293 0.047030171262224751 0
leaf_weight=5.7641860693693152 6.922911390662196 10.36445179581642 8.3300109356641752 5.3156676739454296 5.42467938363552 401.21251177787781 36.298740044236183 86.163601592183113 18.283915743231773 69.314214512705803 13.949444636702539 6.2106753289699546
leaf_count=24 29 42 36 22 23 1645 148 364 81 309 61 27
internal_value=4.93718e-05 -0.0256892 0.000784482 -0.00112194 0.011422 -0.00237264 -0.0183483 -0.000925225 0.0150018 0.0180061 0.0234531 0.0334965
internal_weight=673.555 17.2874 656.268 554.915 101.353 529.439 42.0629 487.376 93.0228 87.5981 25.4758 20.1601
internal_count=2811 71 2740 2291 449 2181 172 2009 413 390 110 88
is_linear=0
shrinkage=0.05


Tree=26
num_leaves=16
num_cat=0
split_feature=54 55 55 56 74 49 31 28 7 0 32 56 71 56 29
split_gain=4.38398 14.2864 4.90868 5.84516 6.76161 6.04786 6.00795 5.11469 5.36111 6.92434 5.17228 5.02824 4.36522 4.05962 0.157643
threshold=2.8500000000000001 1.6031695500000003 2.0456344500000001 1.0688877000000001 2.666666666666667 0.68333333333333346 2.1037766666666671 2.166666666666667 1.5009089166666671 1.4166666666666667 1.2101108333333335 1.1567671000000004 1.6125000000000003 1.35923935 14.225000000000001
decision_type=2 2 2 2 2 2 2 2 2 2 2 2 2 2 2
left_child=2 -2 7 4 12 -6 13 -1 9 -9 -10 -8 -4 -5 -3
right_child=1 14 3 6 5 -7 11 8 10 -11 -12 -13 -14 -15 -16
leaf_value=0.040727599562723683 0.027825396143039915 -0.077354588076838093 0.039226330627668442 0.046828234161038394 -0.054872875017764999 0.014624300866438417 -0.051787672270914381 -0.0030265106988830825 -0.0011509349012424185 -0.034257476439758454 0.01759620161987659 -0.0027553056700577771 0.001264495643325743 -0.0045741071530124352 -0.035217082444799992
leaf_weight=6.682469278573989 6.8853299319744137 5.1684042215347272 33.838981971144676 7.8241388946771604 4.4052648544311506 7.4077200144529343 6.7418657839298275 58.665499553084373 423.18750828504562 26.41484209895134 39.714656442403793 23.728315606713295 11.540870875120161 5.5029501616954803 5.1992287486791611
leaf_count=28 29 21 157 35 19 33 29 242 1747 109 165 101 52 23 21
internal_value=4.74803e-05 -0.024429 0.000747782 0.0108803 0.0213839 -0.0104379 -0.00235792 -0.0010602 -0.00165203 -0.0131584 0.000420776 -0.0150724 0.0302359 0.0243975 -0.0611161
internal_weight=672.908 17.253 655.655 100.99 57.1928 11.813 43.7973 554.665 547.983 85.0803 462.902 30.4702 45.3799 13.3271 10.3676
internal_count=2811 71 2740 449 261 52 188 2291 2263 351 1912 130 209 58 42
is_linear=0
shrinkage=0.05


Tree=27
num_leaves=15
num_cat=0
split_feature=5 48 83 26 51 26 84 69 46 85 21 7 30 83
split_gain=4.36353 5.99334 6.1628 7.22108 7.39152 7.17069 6.16278 6.85265 6.17138 5.77153 7.24858 6.58757 3.51028 0.916358
threshold=6.166666666666667 1.267857142857143 2.3666666666666667 11.550000000000002 6.8166666666666673 9.6500000000000021 0.63333333333333341 -0.050000000000000017 1.3000000000000003 0.55000000000000016 -2.4999999999999996 1.1712857500000002 0.70000000000000007 1.7750000000000001
decision_type=2 2 2 2 2 2 2 2 2 2 2 2 2 2
left_child=12 9 3 5 -5 -3 8 -8 -4 -2 -11 -12 -1 -14
right_child=1 2 6 4 -6 -7 7 -9 -10 10 11 -13 13 -15
leaf_value=-0.011217096722421743 0.022486979440928007 -0.0047503909060036585 -0.028659530720776313 -0.0054572473367328657 0.012809665104292732 0.03931513162775023 -0.00091522510163223592 0.031303939346093504 0.030347335165545941 0.017225219214829859 -0.057420789664862186 -0.014835539850422859 0.045306334941999045 0.011081268910539682
leaf_weight=4.4320947676897076 7.6646531373262397 14.707060918211935 14.271888971328737 404.5949459373951 63.07249091565609 20.450518473982811 23.321921110153198 45.76867850124836 5.5457590371370307 8.8669384419918043 14.737749904394148 29.77343013882637 9.4002774804830533 5.7998702079057685
leaf_count=19 32 62 60 1670 275 87 99 195 24 37 60 122 42 27
internal_value=3.81484e-05 -0.000631221 0.000872593 -0.00123167 -0.00292921 0.0203725 0.0129933 0.0201405 -0.0105762 -0.0155037 -0.0215809 -0.0299722 0.0229995 0.0346083
internal_weight=672.408 652.776 591.733 502.825 467.667 35.1576 88.9082 69.0906 19.8176 61.0428 53.3781 44.5112 19.6322 15.2001
internal_count=2811 2723 2472 2094 1945 149 378 294 84 251 219 182 88 69
is_linear=0
shrinkage=0.05


Tree=28
num_leaves=23
num_cat=0
split_feature=62 84 71 5 14 63 16 72 5 87 2 63 62 10 15 15 45 80 78 38 38 22
split_gain=4.24968 6.55092 5.49715 6.7578 6.78954 5.24383 12.6917 6.64014 6.64965 5.17301 5.00018 4.83368 4.74722 4.32703 3.69596 6.08665 4.3386 4.27082 2.83949 3.90247 1.1072 0.694988
threshold=7.2500000000000009 0.63333333333333341 0.82142857142857173 9.1666666666666696 5.166666666666667 14.15 2.5000000000000004 2.8333333333333335 9.1666666666666696 -0.48333333333333334 20.166666666666668 15.725000000000001 4.8285714285714292 2.166666666666667 7.5000000000000009 11.833333333333334 -0.19999999999999993 1.9000000000000001 -0.33333333333333359 9.4500000000000011 7.1000000000000005 1.4166666666666672
decision_type=2 2 2 2 2 2 2 2 2 2 2 2 2 2 2 2 2 2 2 2 2 2
left_child=1 2 12 -4 -5 7 11 8 -3 18 -9 -7 -1 -8 -11 17 -17 -16 19 20 -2 -14
right_child=9 5 3 4 -6 6 13 10 -10 14 -12 -13 21 -15 15 16 -18 -19 -20 -21 -22 -23
leaf_value=0 0.01870693684754483 0.017263616977796218 -0.051740931135757021 -0.030076358859401471 0.013545923842173659 -0.058441372116390382 0.035921956186669123 0.029205402025870297 -0.0018080115085326043 0.038712566958822851 -0.022389263975600749 -0.00019470854272931839 -0.033742858291118935 -0.017841396823382698 -0.041844330475152937 -0.011807627882851239 0.042994770765089507 0 -0.0016539548240330684 0 0.056421568914961286 -0.071480800348359297
leaf_weight=5.6680543124675777 5.894188195467005 50.873980730772018 6.4159482568502417 11.765493690967558 31.768610343337059 14.496623158454897 9.6408429741859418 32.887149065732956 410.51299221813679 4.9024029225110999 4.5290960520505896 5.8230039179325095 9.6440498381853086 4.8455783426761618 11.875677764415743 5.0651866644620895 7.8517327755689603 9.7966621667146665 4.91318655014038 5.07681980729103 12.058192715048788 5.6197715252637854
leaf_count=24 26 220 27 49 132 60 40 142 1701 22 20 24 40 20 49 21 34 42 21 22 52 23
internal_value=4.06504e-05 -0.00125352 -0.0154926 -0.00574094 0.000981211 0.000603854 -0.0179501 0.00196528 0.000257172 0.0119337 0.0220878 -0.0433559 -0.0369199 0.0162752 0 -0.00570864 0.0200023 -0.0222656 0.028193 0.035523 0.0462362 -0.0510495
internal_weight=671.925 604.491 70.8819 49.9501 43.5341 533.609 34.806 498.803 461.387 67.434 37.4162 20.3196 20.9319 14.4864 39.4917 34.5893 12.9169 21.6723 27.9424 23.0292 17.9524 15.2638
internal_count=2811 2522 295 208 181 2227 144 2083 1921 289 162 84 87 60 168 146 55 91 121 100 78 63
is_linear=0
shrinkage=0.05


Tree=29
num_leaves=24
num_cat=0
split_feature=76 4 51 85 26 62 81 26 5 86 48 71 51 80 86 5 46 71 84 1 55 76 79
split_gain=4.10026 7.18743 7.10134 10.3267 10.207 6.95547 6.22331 7.08123 7.25022 5.84331 7.72012 5.41799 5.38573 5.13164 5.04844 5.00876 4.25594 4.21191 4.2061 3.95316 3.77686 3.76753 2.86927
threshold=2.166666666666667 4.8333333333333348 4.5500000000000007 1.7083333333333337 11.300000000000002 7.1500000000000012 2.3666666666666667 14.900000000000002 12.833333333333334 0.19999999999999998 2.0500000000000003 1.1500000000000001 7.1214285714285728 1.7750000000000001 1.5166666666666668 10.833333333333334 1.2 1.6125000000000003 1.7083333333333337 0.83333333333333337 1.2957907000000002 1.1666666666666667 -0.24999999999999992
decision_type=2 2 2 2 2 2 2 2 2 2 2 2 2 2 2 2 2 2 2 2 2 2 2
left_child=1 9 3 20 -4 -6 7 8 13 15 19 18 -12 -2 -10 21 -17 -13 -9 -11 -3 -1 -8
right_child=6 2 4 -5 5 -7 22 11 14 10 12 17 -14 -15 -16 16 -18 -19 -20 -21 -22 -23 -24
leaf_value=0.015476264349175478 -0.058751714137633429 0.028540646924688069 0.046764430262493162 -0.058190495514428522 -0.0062088684337137457 0.013255953447714472 0.0055103028112359316 -0.0095508663659670708 -0.0096979997761860431 -0.053545216457697289 0.043987608070994604 -0.034307231283542829 -0.012843575451568334 0.0015525523337098985 0.0521091904360724 0.0013631519642682416 0.043039777572082528 0.021017718906720634 0.030885241694060157 -0.0039964010590014332 -0.018473495406307727 0.071295940249536061 -0.031526787986541627
leaf_weight=7.7294210493564588 8.0020207166671771 6.3069476932287278 9.6791398525238019 14.056028217077253 371.53168869018555 51.225851327180862 7.0072089135646847 5.9638320803642264 6.2085663825273496 7.5271552652120617 9.3422060161828977 6.8075066804885846 5.9938417226076117 4.6626286506652823 5.2914128601551056 30.625678613781929 7.6453512310981742 5.5641796886920929 59.019920274615288 10.731891945004461 10.920335054397581 7.4851488173007965 12.123491838574408
leaf_count=34 34 26 42 58 1539 220 29 25 26 31 41 29 26 20 23 128 33 24 250 45 45 33 50
internal_value=2.90339e-05 -0.00176386 -0.00428013 -0.0271753 -0.00253663 -0.00377836 0.00839391 0.0134634 -0.00931564 0.0112982 -0.0044045 0.0209145 0.0204932 -0.0354353 0.0176439 0.0215738 0.0107813 -0.00763265 0.0267479 -0.026638 0 0.0459236 -0.0168925
internal_weight=671.451 550.801 463.72 31.2833 432.437 422.758 120.651 101.52 24.1646 87.0807 33.5951 77.3554 15.336 12.6646 11.5 53.4856 38.271 12.3717 64.9838 18.259 17.2273 15.2146 19.1307
internal_count=2811 2301 1930 129 1801 1759 510 431 103 371 143 328 67 54 49 228 161 53 275 76 71 67 79
is_linear=0
shrinkage=0.05


Tree=30
num_leaves=12
num_cat=0
split_feature=54 55 20 28 55 83 53 42 8 24 29
split_gain=3.87995 12.8125 4.84468 5.03695 4.36927 7.58345 4.7695 3.28125 3.88328 3.06383 0.16057
threshold=2.8500000000000001 1.6031695500000003 1.6130228333333334 2.166666666666667 1.4111222000000003 1.3666666666666669 11.535714285714286 0.69927233333333338 0.93961816666666687 2.1000000000000005 14.225000000000001
decision_type=2 2 2 2 2 2 2 2 2 2 2
left_child=2 -2 3 -1 5 -5 -6 9 -9 -4 -3
right_child=1 10 7 4 6 -7 -8 8 -10 -11 -12
leaf_value=0.040563148432884694 0.026611538366439525 -0.073570076230810466 0.030602811579828477 0.0098268328992431077 -0.001597253711970997 -0.028240779673046185 0.009978538969709308 0.056114740333579466 0 -0.020551389164996374 -0.03278045065215214
leaf_weight=6.9962106794118872 6.8102454841136959 5.1406853646039945 4.6092195659875888 19.28031513094902 458.58358393609524 34.654634281992912 109.5255168825388 9.1318119466304761 4.6761404722928992 6.3061272352933884 5.1856111735105515
leaf_count=30 29 21 20 80 1913 142 464 44 20 27 21
internal_value=3.44215e-05 -0.0230672 0.000695341 -0.000126641 -0.000656653 -0.0142081 0.000597284 0.0221883 0.0379636 0 -0.0578557
internal_weight=670.9 17.1365 653.764 629.04 622.044 53.9349 568.109 24.7233 13.808 10.9153 10.3263
internal_count=2811 71 2740 2629 2599 222 2377 111 64 47 42
is_linear=0
shrinkage=0.05


Tree=31
num_leaves=19
num_cat=0
split_feature=32 41 73 65 42 62 10 87 62 50 76 35 84 72 42 8 68 85
split_gain=3.90009 4.91722 4.84074 8.45652 6.86513 6.19128 8.62597 5.60367 8.48405 5.20081 5.0025 3.82348 3.66272 5.47791 4.38798 2.85735 2.48561 3.26395
threshold=0.70315163333333341 2.2016175000000007 1.8333333333333337 1.9810812500000001 0.4155956666666667 5.7250000000000005 1.8333333333333337 -0.74166666666666659 6.1500000000000012 18.350000000000005 2.166666666666667 0.63333333333333341 1.3666666666666669 0.83333333333333337 1.2542581333333336 0.52401185000000006 0.76295020000000002 1.4500000000000002
decision_type=2 2 2 2 2 2 2 2 2 2 2 2 2 2 2 2 2 2
left_child=1 11 4 5 -2 6 -4 8 -6 -7 -9 15 14 -14 -5 -1 -13 -18
right_child=2 -3 3 12 7 9 -8 10 -10 -11 -12 16 13 -15 -16 -17 17 -19
leaf_value=0.0018868794807853639 -0.050834813754805287 0.047441023964030167 0.0050590022186697697 -0.0023339877647191405 -0.027075185860959305 0.0023097528743693508 -0.044990995522118521 -0.0032631276153666311 0.0093818010658627202 0.044495093075550149 0.01261691526570129 -0.0079928150994244967 0 0.060476910249999773 0.045863127858472748 -0.045404736561555907 0.0073855964118712814 0.049597212439973191
leaf_weight=5.4843947887420637 7.2882702350616446 8.4873818010091764 16.255045041441917 15.933950841426851 50.414740487933159 123.4427705258131 15.9303061068058 279.6706056445837 21.691609442234039 7.4288349896669379 59.637525886297226 7.182871267199519 5.54695035517216 12.463697239756582 5.7355418354272834 4.8979147374629974 15.469511553645136 7.5305089354515067
leaf_count=24 30 42 67 69 207 509 65 1162 91 33 253 30 24 54 25 21 70 35
internal_value=3.42175e-05 0.0135694 -0.00100402 0.00527604 -0.00410714 5.88138e-05 -0.0192579 -0.00315796 -0.0157745 0.00505491 -0.000383988 0.00538238 0.0258254 0.0426805 0.0100419 -0.019187 0.0148235 0.0230313
internal_weight=670.492 49.0526 621.44 202.737 418.703 163.057 32.1854 411.414 72.1063 130.872 339.308 40.5652 39.6801 18.0106 21.6695 10.3823 30.1829 23
internal_count=2811 222 2589 846 1743 674 132 1713 298 542 1415 180 172 78 94 45 135 105
is_linear=0
shrinkage=0.05


Tree=32
num_leaves=16
num_cat=0
split_feature=32 32 47 73 87 83 48 65 10 84 49 83 75 85 11
split_gain=3.74352 5.60675 7.27961 7.50613 8.48345 6.36926 9.44466 6.49549 6.0766 5.58435 5.46776 5.25598 4.0333 2.9815 2.80892
threshold=2.0697258333333339 1.4787672000000003 0.50000000000000022 1.8333333333333337 -0.65833333333333321 2.291666666666667 1.7750000000000001 1.7305844500000001 1.8333333333333337 0.90000000000000013 1.7250000000000003 1.7750000000000001 1.4166666666666667 2.1000000000000005 0.83333333333333337
decision_type=2 2 2 2 2 2 2 2 2 2 2 2 2 2 2
left_child=1 2 3 4 -1 7 -7 -4 13 -5 14 -12 -2 -3 -10
right_child=12 8 5 9 -6 6 -8 -9 10 -11 11 -13 -14 -15 -16
leaf_value=-0.066088531224225353 0 0.054819039651480994 -0.014774039920666979 -0.021524260340099254 -0.014247880855406694 -0.020563734313161011 0.022058268385686832 0.0014161884940338716 -0.0094503573231744693 0.03977027843455759 -0.058236348915176185 0.007755230723391307 -0.05580668776599057 0.004274645148404599 0.024370857146484862
leaf_weight=9.9098012000322324 4.9967966824769956 11.395002350211145 73.214560478925705 5.2449654191732398 44.505033746361732 15.074034333229063 67.339572012424469 379.05320146679878 6.8537382036447552 8.7240322530269605 5.3897352367639524 4.8164904415607452 5.6749047785997391 5.4896740168333045 22.241936728358269
leaf_count=41 21 48 302 22 185 63 291 1590 29 37 22 20 23 23 94
internal_value=4.41294e-05 0.000567284 -0.000805859 -0.0161287 -0.0246599 0.00112041 0.0138839 -0.00116294 0.0156237 0.0150796 0.00396913 -0.0258509 -0.0286153 0.0404193 0.0155342
internal_weight=669.923 659.252 603.065 68.3838 54.4148 534.681 82.4136 452.268 56.1866 13.969 39.3019 10.2062 10.6717 16.8847 29.0957
internal_count=2811 2767 2531 285 226 2246 354 1892 236 59 165 42 44 71 123
is_linear=0
shrinkage=0.05


Tree=33
num_leaves=21
num_cat=0
split_feature=39 39 32 45 61 39 21 12 74 66 60 13 24 0 46 82 64 42 86 41
split_gain=3.66043 6.65402 5.16306 5.044 6.55628 7.49453 4.80837 7.57135 7.2834 6.00798 4.68399 4.53117 4.24171 3.72166 3.51814 3.8182 3.27153 2.47825 1.79392 0.733482
threshold=8.9000000000000021 10.900000000000002 0.99260216666666667 -2.4999999999999996 6.7500000000000009 11.550000000000002 -0.99999999999999956 16.166666666666668 0.83333333333333337 1.0980164250000002 18.050000000000004 6.8333333333333348 1.6333333333333335 1.8333333333333337 1.2 1.7083333333333337 1.6500000000000001 0.9144775666666668 -1.0000000180025095e-35 2.0196056666666666
decision_type=2 2 2 2 2 2 2 2 2 2 2 2 2 2 2 2 2 2 2 2
left_child=2 6 19 -3 10 -6 7 18 16 -10 -5 13 -9 -4 15 -13 -8 -15 -2 -1
right_child=1 3 11 4 5 -7 8 12 9 -11 -12 14 -14 17 -16 -17 -18 -19 -20 -21
leaf_value=0.020282379796569411 -0.046788253808544095 -0.034670981940163513 -0.044023479549707333 -0.00047907790638015833 0.063567248449284533 0.0090167112661525186 0.028166298418826938 0 -0.045752312620163903 -0.005470964748500947 0.040222831727548224 0.02750230154359324 0.05750708420722811 -0.025301741051126609 0.054659699238570461 -0.026882387852068992 -0.0134249556305828 0.015352153155722945 0 0.061935673642964595
leaf_weight=5.3707108199596387 4.7963526695966721 9.1462426483631116 5.5825421810150173 479.83974562585354 7.9216905832290641 32.557894438505173 8.1389474570751208 6.23472613096237 28.357360288500786 16.087871298193932 6.6711350828409186 7.6504862010478991 6.4496822953224182 5.0182574689388266 5.5086650252342215 4.5971278995275497 9.2359813898801786 10.82046093046665 4.68045622110367 4.7842616587877274
leaf_count=24 20 38 23 2004 34 137 34 26 118 68 28 35 28 21 26 20 38 46 20 23
internal_value=3.70971e-05 -0.000972363 0.0131103 0.0010385 0.00173793 0.0209474 -0.0140358 0.00497143 -0.0212358 -0.0319509 6.84239e-05 0.00395597 0.0306414 -0.0106564 0.0227629 0.00487418 0.00490195 0.000561362 -0.0266949 0.0442382
internal_weight=669.451 620.118 49.3325 536.137 526.99 40.4796 83.9814 22.1612 61.8202 44.4452 486.511 39.1775 12.6844 21.4213 17.7563 12.2476 17.3749 15.8387 9.47681 10.155
internal_count=2811 2593 218 2241 2203 171 352 94 258 186 2032 171 54 90 81 55 72 67 40 47
is_linear=0
shrinkage=0.05


Tree=34
num_leaves=13
num_cat=0
split_feature=5 32 32 56 31 7 10 49 30 12 75 32
split_gain=3.60428 4.18545 5.72253 6.94682 6.471 6.04393 5.75349 4.77526 3.2775 2.87202 2.22602 0.636043
threshold=6.166666666666667 2.0697258333333339 1.4787672000000003 1.2804422000000002 2.6632820000000001 2.1455775000000004 1.8333333333333337 1.7250000000000003 0.70000000000000007 13.16666666666667 1.5833333333333337 1.2040046666666668
decision_type=2 2 2 2 2 2 2 2 2 2 2 2
left_child=8 2 3 4 -2 -5 9 -8 -1 -4 -3 -10
right_child=1 10 6 5 -6 -7 7 -9 11 -11 -12 -13
leaf_value=-0.011892227388873113 -0.0010702663932101184 -0.0015018566174919139 0.0048968564925063168 -0.0068683476952185228 0.026737112139069361 -0.048931958360945021 0.015211094950066874 -0.024477487322724312 0.043667552584024674 0.055271085463436391 -0.054508450503492761 0.013183878254579921
leaf_weight=4.3996673673391369 524.3806239515543 4.7807970494031888 5.498046517372134 28.695696428418159 21.288840368390083 13.022072881460188 26.784492492675781 9.758260175585745 8.2379298210144025 10.606293275952337 4.9595368653535843 6.6121302396059027
leaf_count=19 2190 20 23 119 99 54 113 40 39 45 20 30
internal_value=4.08044e-05 -0.000560905 -1.43944e-05 -0.00147372 0 -0.0210146 0.0156577 0.00375055 0.0211173 0.0402442 -0.0322765 0.0325946
internal_weight=669.024 649.775 640.034 587.387 545.669 41.7178 52.6471 36.5428 19.2497 16.1043 9.74033 14.8501
internal_count=2811 2723 2683 2462 2289 173 221 153 88 68 40 69
is_linear=0
shrinkage=0.05


Tree=35
num_leaves=9
num_cat=0
split_feature=61 53 4 54 50 29 46 80
split_gain=3.56283 4.18641 3.87767 7.38252 6.19641 4.6238 9.50235 6.21894
threshold=3.1000000000000005 16.738888888888891 4.416666666666667 0.72500000000000009 16.350000000000005 12.900000000000002 1.2 0.90000000000000013
decision_type=2 2 2 2 2 2 2 2
left_child=-1 2 5 -4 -5 7 -7 -2
right_child=1 -3 3 4 -6 6 -8 -9
leaf_value=0.031454629133429994 0.060620949349673707 -0.043399052705547884 -0.052110549121237984 -0.0031803603070136213 0.011504530302026826 -0.017146273581337534 0.046013044909606879 0.010976705907716091
leaf_weight=8.4215837419033033 7.1844354867935172 5.0997611284255973 6.6560654491186133 467.27963139116764 84.076921015977859 29.797440320253372 6.8281071633100501 53.318058758974075
leaf_count=35 31 21 28 1940 368 124 30 234
internal_value=3.62952e-05 -0.000350119 0 -0.00158921 -0.00088735 0.00921132 -0.00423697 0.0177301
internal_weight=668.662 660.24 655.141 558.013 551.357 97.128 36.6255 60.5025
internal_count=2811 2776 2755 2336 2308 419 154 265
is_linear=0
shrinkage=0.05


Tree=36
num_leaves=21
num_cat=0
split_feature=32 56 2 44 73 65 42 62 10 87 38 41 54 5 64 8 38 49 56 8
split_gain=3.43507 5.06433 5.19462 6.02492 4.08149 7.43166 6.10869 5.57276 7.763 4.92972 7.55342 4.53186 4.27968 4.04268 3.88345 3.34935 2.89836 2.85352 0.638961 0.244311
threshold=0.70315163333333341 0.69553250000000011 14.833333333333334 1.0452683 1.8333333333333337 1.9810812500000001 0.4155956666666667 5.7250000000000005 1.8333333333333337 -0.74166666666666659 7.1000000000000005 2.7625111666666671 1.3875000000000002 9.8333333333333339 2.3166666666666669 0.50971066666666676 8.9000000000000021 0.77500000000000013 0.57084200000000018 0.56606216666666676
decision_type=2 2 2 2 2 2 2 2 2 2 2 2 2 2 2 2 2 2 2 2
left_child=1 2 18 15 6 7 -2 8 -6 10 -8 -11 -9 -3 16 -4 -7 -15 -1 -19
right_child=4 13 3 -5 5 14 9 12 -10 11 -12 -13 -14 17 -16 -17 -18 19 -20 -21
leaf_value=0.04320165831825229 -0.047901485415536245 -0.0050319490118447604 -0.0053229598000278664 0.025910770411547976 0.0047009897004035503 0.037050731301455302 -0.022231448783427202 0.034698669621165343 -0.042736389638657474 0.00054353873981260201 0.019392343541927134 -0.037708679622693093 0.0017526610652726451 0.0064745965741890652 -0.0087495989190512491 -0.059770745453224153 -0.00065204426424057729 0.028766358869519948 0.0062241080714366594 0.068960462504677231
leaf_weight=4.3966781198978442 7.2762502431869498 4.8169523924589184 6.8419191539287585 4.9270853847265235 16.196573421359062 28.47454933822155 59.802498072385788 10.499323084950445 15.956588894128798 331.27754805982113 12.264565140008925 7.4167988896369925 120.00185416638851 5.5448691546916988 6.1146316528320304 6.4595433920621872 4.606653779745101 4.601827919483183 4.2813971042633057 6.6352726817131042
leaf_count=21 30 23 30 24 67 125 246 46 65 1383 52 32 496 25 26 28 21 21 20 30
internal_value=3.68861e-05 0.0128162 -0.000844078 -0.0167892 -0.000932304 0.00484496 -0.00378405 0 -0.018369 -0.00288448 -0.0147185 -0.000274763 0.00471645 0.0305986 0.0242424 -0.0347831 0.0311245 0.042122 0.0290153 0.0565568
internal_weight=668.393 48.5055 26.9066 18.2285 619.888 201.85 418.038 162.654 32.1532 410.761 72.0671 338.694 130.501 21.5989 39.1958 13.3015 33.0812 16.782 8.67808 11.2371
internal_count=2811 222 123 82 2589 846 1743 674 132 1713 298 1415 542 99 172 58 146 76 41 51
is_linear=0
shrinkage=0.05


Tree=37
num_leaves=20
num_cat=0
split_feature=63 56 72 84 23 8 80 22 2 31 56 26 36 53 79 60 85 34 20
split_gain=3.3651 5.88171 6.43259 4.41137 4.96879 5.28501 4.83438 6.57115 6.50931 4.52118 5.31503 4.38031 3.92828 3.77966 3.68052 3.24466 2.8646 2.32215 2.20776
threshold=9.2500000000000018 0.97330440000000007 1.8333333333333337 0.63333333333333341 1.8333333333333337 1.0465820833333337 2.1000000000000005 1.166666666666667 21.833333333333339 2.5512198333333336 0.96845371000000002 15.900000000000002 16.300000000000001 10.450000000000001 1.4166666666666672 16.133333333333336 1.9000000000000001 2.6333333333333337 0.84254958333333352
decision_type=2 2 2 2 2 2 2 2 2 2 2 2 2 2 2 2 2 2 2
left_child=1 -1 13 4 5 18 9 11 -9 14 -11 -8 -7 -3 -5 -4 -15 -6 -2
right_child=3 2 15 6 17 12 7 8 -10 10 -12 -13 -14 16 -16 -17 -18 -19 -20
leaf_value=0.050703059493517548 -0.070418772218352882 -0.019440002120798907 -0.053476327123656964 -0.0012215261439531835 0.042534215499145822 -0.0010742524076621368 0.010299315957385752 0.001436311389149634 -0.058612727517250197 0.0558056506304066 -0.00024193604936811739 0.039407721401006006 -0.037075863144146244 0.0078166300400615112 -0.019095718731149097 -0.00033169530341317996 0.044025314872931487 -0.00086451890917611123 -0.02321330637924178
leaf_weight=7.9709800928831092 5.4110882133245459 4.7825795710086849 5.0280949920415869 398.18657892942429 4.7912940084934217 40.133663102984428 48.857664063572884 24.298249319195751 4.850286900997161 6.8297179639339429 7.9661768674850464 19.543697252869606 9.3494097888469678 14.590244680643083 31.020963668823242 8.0633383542299253 11.292850524187086 4.8373757749795914 10.100158631801603
leaf_count=37 23 21 21 1651 21 165 208 107 21 34 35 88 39 62 129 35 50 21 43
internal_value=4.20573e-05 0.0122633 0.00420233 -0.000952487 -0.0123224 -0.0174999 0.000578024 0.0106604 -0.00853253 -0.00159038 0.0249735 0.0192047 -0.00867946 0.0171485 -0.00259228 -0.023799 0.0250971 0.0192964 -0.0429271
internal_weight=667.904 51.7281 43.7571 616.176 74.623 64.9943 541.553 97.5499 29.1485 444.003 14.7959 68.4014 49.4831 30.6657 429.208 13.0914 25.8831 9.62867 15.5112
internal_count=2811 226 189 2585 312 270 2273 424 128 1849 69 296 204 133 1780 56 112 42 66
is_linear=0
shrinkage=0.05


Tree=38
num_leaves=14
num_cat=0
split_feature=61 12 39 63 66 70 52 54 8 65 22 53 29
split_gain=3.27958 4.48775 5.71651 7.9293 5.96431 4.93322 4.6582 6.53774 4.34205 3.93278 3.90448 3.84097 1.80443
threshold=3.1000000000000005 13.16666666666667 9.1000000000000014 10.750000000000002 1.4627566000000003 1.0000000180025095e-35 4.9500000000000011 2.0500000000000003 1.0449968333333335 1.5896603500000004 0.83333333333333326 11.950000000000001 13.266666666666667
decision_type=2 2 2 2 2 2 2 2 2 2 2 2 2
left_child=-1 6 3 10 5 -4 11 9 -6 -8 -3 -2 -9
right_child=1 2 4 -5 8 -7 7 12 -10 -11 -12 -13 -14
leaf_value=0.030237427964792493 0.042529042996694022 0.00069480794364133768 -0.030413180573731536 -0.037586556151305683 -0.0065578206098067977 -0.00042793606374484243 -0.021590272807458871 -0.063086052738814735 0.033772633880054678 0 0.036835954182484698 -0.0087796290246373258 -0.013301650869467309
leaf_weight=8.3856618702411634 6.8956326693296415 12.221299499273298 13.720996737480162 4.7640808671712866 8.1112957745790499 458.18262664973736 32.65726600587368 7.4802998602390272 20.971967652440071 56.375418111681938 27.266466662287712 5.6558953374624252 4.6963193863630295
leaf_count=35 30 54 56 20 36 1923 134 31 88 234 126 24 20
internal_value=3.09688e-05 -0.000338129 0.0015093 0.0186313 0 -0.00138397 -0.00937925 -0.0130978 0.0217587 -0.00792559 0.0264242 0.0180425 -0.0471392
internal_weight=667.385 659 545.239 44.2518 500.987 471.904 113.761 101.209 29.0833 89.0327 39.4878 12.5515 12.1766
internal_count=2811 2776 2303 200 2103 1979 473 419 124 368 180 54 51
is_linear=0
shrinkage=0.05


Tree=39
num_leaves=20
num_cat=0
split_feature=76 4 54 22 51 86 48 29 5 59 62 22 13 59 5 37 76 79 59
split_gain=3.20531 5.92201 6.59474 6.55016 5.42234 5.40304 6.57956 5.54061 4.31742 3.90487 4.9079 4.53852 4.40998 3.6858 3.41706 3.38043 3.36362 2.92841 1.15518
threshold=2.166666666666667 4.8333333333333348 0.72500000000000009 2.8333333333333339 4.5500000000000007 0.19999999999999998 2.0500000000000003 11.266666666666667 10.833333333333334 1.6333333333333335 5.5277777777777786 0.33333333333333315 4.8333333333333348 0.5277777777777779 13.16666666666667 6.9000000000000012 1.1666666666666667 0.58333333333333348 0.95000000000000007
decision_type=2 2 2 2 2 2 2 2 2 2 2 2 2 2 2 2 2 2 2
left_child=1 5 -3 4 -4 8 14 -8 16 10 12 -12 -2 -13 -7 -10 -1 -14 -5
right_child=9 2 3 18 -6 6 7 -9 15 -11 11 13 17 -15 -16 -17 -18 -19 -20
leaf_value=0.014274611762879755 0.06810929777594428 -0.057175649885823923 -0.024288532372827812 0.040724480682790776 -0.0026114488355449637 -0.0047938863870446774 -0.0048831643015166213 0.052955171107829491 0.018015453745371966 -0.033608206978765709 -0.034392819368152923 -0.028246921277973031 -0.0094607009612430876 0.010799715656023961 -0.051551640987455474 -0.017639703519300866 0.068035747241851283 0.039252139269171281 0.0017960515111230789
leaf_weight=7.5864433497190458 5.9700876921415356 5.281008541584014 31.055417388677597 9.0285614579915983 411.86393795907497 11.131074577569963 8.8038207888603193 6.2477299720048896 30.477180048823357 4.791256070137023 6.1336116045713416 5.7149768769741049 5.7657256424427015 86.394701510667801 7.0991254448890677 7.372030481696128 7.1801133155822754 4.7727069556713104 4.2121148109436026
leaf_count=34 25 22 129 41 1718 47 39 28 129 20 26 24 24 370 29 32 33 21 20
internal_value=2.1712e-05 -0.00156209 -0.00384752 -0.00311346 -0.0042134 0.010377 -0.00475435 0.018448 0.0203736 0.00745787 0.00952779 0.00490905 0.0345921 0.00796768 -0.0252269 0.0102794 0.0434252 0.0111145 0.030676
internal_weight=666.882 547.339 461.441 456.16 442.919 85.8975 33.2818 15.0516 52.6158 119.543 114.752 98.2433 16.5085 92.1097 18.2302 37.8492 14.7666 10.5384 13.2407
internal_count=2811 2301 1930 1908 1847 371 143 67 228 510 490 420 70 394 76 161 67 45 61
is_linear=0
shrinkage=0.05


Tree=40
num_leaves=15
num_cat=0
split_feature=32 8 85 74 31 52 72 32 56 84 55 7 56 84
split_gain=3.13389 5.58918 5.94199 7.50946 5.62216 7.38079 5.4053 4.79561 5.68827 4.7931 4.18988 3.15129 2.06331 1.96046
threshold=2.0089983333333339 1.6338565 1.3666666666666669 1.1666666666666667 1.2329576666666668 5.1055555555555561 2.166666666666667 1.6087933333333335 1.3212871500000003 1.7750000000000001 1.7703979999999999 1.06515275 1.3492358000000002 1.1000000000000003
decision_type=2 2 2 2 2 2 2 2 2 2 2 2 2 2
left_child=1 4 9 -4 5 11 -5 8 -6 -3 -2 -1 -11 -7
right_child=10 2 3 6 7 13 -8 -9 -10 12 -12 -13 -14 -15
leaf_value=0.021126784925241032 0 0.071866954889418175 -0.037430676991129612 0.040525935801822344 0.001133148315111228 -0.014230062545993195 -0.016316970193560078 0.036865822637284704 -0.021055201951956974 -0.0029517606179381229 -0.051628104634012684 -0.021826730497384782 0.036015810521508013 -0.056536676365499576
leaf_weight=9.8844259679317492 7.8969487696886045 6.9167044609785107 7.7139703780412701 11.204809069633486 537.83811819553375 6.6501113921403912 5.4053126126527777 8.4336578249931318 30.018537864089012 5.5267545431852323 6.2898035496473312 6.5184870213270178 5.3400333225727081 10.74300381541252
leaf_count=42 33 30 32 48 2270 28 23 36 125 24 26 27 23 44
internal_value=1.8131e-05 0.000569481 0.0180976 0.000827304 -0.000613181 -0.0202994 0.0206306 0.000514554 -1.32963e-05 0.0396839 -0.0227828 0.00243739 0.0147398 -0.0426079
internal_weight=666.381 652.194 42.1076 24.3241 610.086 33.796 16.6101 576.29 567.857 17.7835 14.1868 16.4029 10.8668 17.3931
internal_count=2811 2752 180 103 2572 141 71 2431 2395 77 59 69 47 72
is_linear=0
shrinkage=0.05


Tree=41
num_leaves=13
num_cat=0
split_feature=54 55 32 8 55 55 65 85 74 84 55 29
split_gain=3.1034 11.6716 3.52706 5.78068 5.76568 5.19264 5.11528 4.70833 6.09298 3.71809 2.96389 0.230672
threshold=2.8500000000000001 1.6031695500000003 2.0089983333333339 1.6338565 1.3956391500000003 0.99753720000000012 1.9953325000000004 1.3666666666666669 1.1666666666666667 2.4500000000000006 1.7703979999999999 14.225000000000001
decision_type=2 2 2 2 2 2 2 2 2 2 2 2
left_child=2 -2 3 4 5 -1 -6 9 -9 -5 -4 -3
right_child=1 11 10 7 6 -7 -8 8 -10 -11 -12 -13
leaf_value=0.02594989103554159 0.026657203931410113 -0.069881230566092953 0 0.054574887605954893 -0.00089422254862449335 -0.025537153579841224 0.01174946287297148 -0.031998738382952134 0.021277129634037651 0 -0.048596568133083301 -0.029678735815778165
leaf_weight=4.8064753115177146 6.7600799202919033 5.0597166121005994 6.502892926335333 11.620900660753252 460.85605688393116 34.709078729152679 95.703267246484756 7.2451919913291958 16.281502991914749 5.271185651421546 6.1011855602264404 5.1353156119585037
leaf_count=20 29 21 27 51 1927 143 424 30 70 23 25 21
internal_value=1.31029e-05 -0.0207524 0.000609561 0.00117484 -3.1271e-05 -0.0184038 0.00124364 0.019356 0.00350551 0.039259 -0.0249844 -0.0543027
internal_weight=666.053 16.9551 649.098 636.494 596.075 39.5156 556.559 40.4188 23.5267 16.8921 12.6041 10.195
internal_count=2811 71 2740 2688 2514 163 2351 174 100 74 52 42
is_linear=0
shrinkage=0.05


Tree=42
num_leaves=11
num_cat=0
split_feature=53 30 45 5 12 72 66 30 28 53
split_gain=3.05807 3.43131 4.29141 3.1819 3.4744 6.94197 3.77819 3.12292 2.0509 1.20764
threshold=16.738888888888891 3.4500000000000006 -0.89999999999999991 6.166666666666667 10.16666666666667 0.58333333333333337 1.5426039000000002 0.70000000000000007 5.9000000000000012 8.6500000000000004
decision_type=2 2 2 2 2 2 2 2 2 2
left_child=1 3 -3 7 5 -5 -6 -1 -4 -9
right_child=-2 2 8 4 6 -7 -8 9 -10 -11
leaf_value=-0.010761634135869272 -0.036029898046759441 -0.050890574086636955 0.012485642069884978 0.035102387575233117 0.00049880026725764091 -0.019569174849848228 0.018422011795650815 0.005010248773890431 -0.026386132721223289 0.043389313077152256
leaf_weight=4.397439211606982 5.3221553713083258 6.7171497195959118 8.1685939729213697 5.9487266391515723 541.47376585006714 43.514870822429657 30.854992508888245 4.7884368598461142 4.9342392534017554 9.4250537157058698
leaf_count=19 22 28 35 25 2279 182 132 23 21 45
internal_value=7.82341e-06 0.000363212 -0.0198052 0.00104138 0.00038244 -0.0122083 0.00152394 0.0211624 -0.00074658 0.0327684
internal_weight=665.545 660.223 19.82 640.403 621.792 49.4636 572.329 18.6109 13.1028 14.2135
internal_count=2811 2789 84 2705 2618 207 2411 87 56 68
is_linear=0
shrinkage=0.05


Tree=43
num_leaves=24
num_cat=0
split_feature=32 56 2 44 76 81 26 79 79 32 56 8 7 62 48 8 8 48 79 33 78 56 32
split_gain=3.09142 4.60383 4.79838 5.27452 3.20145 5.48106 9.09197 4.36889 3.81588 3.80995 5.50711 4.6922 6.09999 4.56644 3.92995 3.70118 3.03644 2.96305 2.62017 2.47384 2.31574 0.522139 0.0466075
threshold=0.70315163333333341 0.69553250000000011 14.833333333333334 1.0452683 2.166666666666667 2.3666666666666667 14.900000000000002 0.75000000000000011 0.4166666666666668 1.223431766666667 1.3780426000000003 1.3476977500000002 2.0343933333333339 7.9500000000000011 1.7750000000000001 1.0449968333333335 0.48239633333333337 1.5277777777777779 -0.24999999999999992 4.5000000000000009 -1.0000000180025095e-35 0.57084200000000018 0.57593133333333346
decision_type=2 2 2 2 2 2 2 2 2 2 2 2 2 2 2 2 2 2 2 2 2 2 2
left_child=1 2 21 16 9 6 8 -8 -6 10 13 14 -13 -2 -11 -12 -4 -3 -7 -20 -19 -1 -22
right_child=4 17 3 -5 5 18 7 -9 -10 11 15 12 -14 -15 -16 -17 -18 20 19 -21 22 -23 -24
leaf_value=0.041504021714025674 -0.0048782124365190803 0 -0.0011132500558868558 0.024149318308034434 -0.038879745410279692 0.0045923845299567709 0.034048555706341098 0.0075999478809391369 0.0013940968912685078 0.0015177204328218983 -0.068481414259341331 0.0079916352899687248 -0.026428909559656266 0.020750270192885549 0.042083368491811504 -0.0033801717439474869 -0.053406935170444696 0.0092047303972401118 -0.051942769256489031 -0.0022456153473895935 0.026785551922535778 0.0063251883675179968 0.065907063170398392
leaf_weight=4.2950581610202807 387.32209238409996 5.0220376104116466 5.887275844812395 4.809961423277854 9.2820883989334124 6.9563907682895687 33.654205679893494 35.019153043627739 11.896233201026915 12.62741442024708 5.1759700626134855 50.347937718033791 16.694851487874985 17.397830218076706 13.804208159446715 5.0552219897508621 7.4033455550670624 6.2069868296384874 6.1807086169719678 5.89305280148983 4.0331147909164375 4.2320017516613007 5.9927577823400497
leaf_count=21 1608 22 26 24 39 29 143 151 51 52 21 214 71 78 61 21 32 29 25 25 20 20 28
internal_value=6.72719e-06 0.0122144 -0.000811982 -0.0161808 -0.000908838 0.00678973 0.0121171 0.0210752 -0.0155936 -0.0026117 -0.00470084 0.00637205 -0.000341754 -0.00369057 0.0240198 -0.0403008 -0.0329357 0.0293264 -0.0167499 -0.0307283 0.0395077 0.0281315 0.0545647
internal_weight=665.19 47.8825 26.6276 18.1006 617.307 108.882 89.8517 68.6734 21.1783 508.426 414.951 93.4744 67.0428 404.72 26.4316 10.2312 13.2906 21.2549 19.0302 12.0738 16.2329 8.52706 10.0259
internal_count=2811 222 123 82 2589 463 384 294 90 2126 1728 398 285 1686 113 42 58 99 79 50 77 41 48
is_linear=0
shrinkage=0.05


Tree=44
num_leaves=14
num_cat=0
split_feature=61 12 39 63 66 82 39 52 54 45 14 53 59
split_gain=3.0691 3.75756 5.09643 7.15818 5.08171 4.69245 4.20458 4.16175 5.6386 4.36745 3.46038 3.40663 1.77269
threshold=3.1000000000000005 13.16666666666667 9.1000000000000014 10.750000000000002 1.4627566000000003 0.36666666666666675 12.900000000000002 4.9500000000000011 2.0500000000000003 -0.73333333333333306 7.8333333333333348 11.950000000000001 0.95000000000000007
decision_type=2 2 2 2 2 2 2 2 2 2 2 2 2
left_child=-1 7 3 10 5 -4 -6 11 9 -9 -3 -2 -10
right_child=1 2 4 -5 6 -7 -8 8 12 -11 -12 -13 -14
leaf_value=0.029302285021756049 0.040698201072589167 0.037804236726732061 -0.016119618173496966 -0.035609672788397037 0.0094738648283892602 0.00028028423124343038 0.060373246647017036 0.021105500592662065 -0.016008872919853145 -0.01168278483582552 0.0054476887735606444 -0.0076861531742509013 -0.063730835705194736
leaf_weight=8.3472373038530332 6.7857773303985578 22.654765009880066 47.814620688557625 4.7714372128248206 23.733768090605739 422.82361802458763 5.0379049181938163 10.744408860802649 5.8888856470584852 77.984508186578751 16.288411840796471 5.606946662068367 6.1632092148065567
leaf_count=35 30 106 196 20 102 1783 22 45 25 323 74 24 26
internal_value=1.52635e-05 -0.000341188 0.0013481 0.0176207 -4.24748e-05 -0.00134814 0.0201194 -0.00863832 -0.0121595 -0.00733617 0.0251452 0.0174191 -0.0439712
internal_weight=664.645 656.298 543.125 43.7146 499.41 470.638 28.7717 113.174 100.781 88.7289 38.9432 12.3927 12.0521
internal_count=2811 2776 2303 200 2103 1979 124 473 419 368 180 54 51
is_linear=0
shrinkage=0.05


Tree=45
num_leaves=12
num_cat=0
split_feature=53 5 62 85 23 28 34 61 49 1 74
split_gain=2.88585 3.84655 4.01832 5.26543 5.25337 6.12155 6.02772 2.475 1.65338 1.53162 0.898291
threshold=7.2500000000000009 6.166666666666667 7.9500000000000011 1.7750000000000001 2.5000000000000004 7.9000000000000012 2.3000000000000003 7.7250000000000005 1.1833333333333336 0.83333333333333337 2.166666666666667
decision_type=2 2 2 2 2 2 2 2 2 2 2
left_child=-1 8 4 7 6 -6 -3 -4 10 -5 -2
right_child=1 2 3 9 5 -7 -8 -9 -10 -11 -12
leaf_value=-0.034571149507121951 0.049178145189078648 0.00018836859345040095 0.011346424892901552 0.0078524374390814815 0.032579413599379048 -0.022635301027230471 -0.012905306275270902 -0.029815667686749481 0 0.052313073173052962 0.0087385122822095686
leaf_weight=5.4612726122140876 5.9881317615509051 480.63025139272213 10.24218872189522 4.5211614668369284 21.526377633214 5.5617524087429038 106.11883962154388 4.9201592355966559 5.9257452785968772 8.997031629085539 4.3002491593360901
leaf_count=24 29 2013 44 21 98 24 446 21 27 43 21
internal_value=1.91487e-05 0.000369849 -0.000207452 0.0178724 -0.00110676 0.0201317 -0.00214614 -0.000939848 0.0240641 0.0400371 0.0357812
internal_weight=664.193 658.732 642.518 28.6805 613.837 27.0881 586.749 15.1623 16.2141 13.5182 10.2884
internal_count=2811 2787 2710 129 2581 122 2459 65 77 64 50
is_linear=0
shrinkage=0.05


Tree=46
num_leaves=13
num_cat=0
split_feature=61 12 39 66 62 26 54 52 45 39 78 7
split_gain=2.79052 3.39153 4.56548 4.63698 4.65912 4.2182 3.94668 6.93311 4.18776 3.88586 3.68544 1.17406
threshold=3.1000000000000005 13.16666666666667 9.3000000000000025 1.4627566000000003 5.7250000000000005 15.450000000000001 2.5500000000000003 4.9500000000000011 -0.73333333333333306 12.900000000000002 -3.1666666666666661 1.8656650000000001
decision_type=2 2 2 2 2 2 2 2 2 2 2 2
left_child=-1 6 5 4 -4 10 7 -2 -9 -5 -3 -7
right_child=1 2 3 9 -6 11 -8 8 -10 -11 -12 -13
leaf_value=0.027993571528652079 0.035478549690052999 0.044062040789533005 -0.016680861346425428 0.0090059452503658127 0.00024770980344664692 0.062266199177787619 -0.040995468064605411 0.016216556784710491 -0.013589939381620817 0.058343231849510707 0 0.01578175540054488
leaf_weight=8.321823447942732 8.811784476041792 5.2049407213926306 44.168642446398735 23.691982641816143 423.82557967305183 5.3385211527347547 8.2115593701601011 12.559145361185072 83.470635071396828 4.9464506953954688 30.649274528026581 4.7228915393352509
leaf_count=35 39 26 184 102 1784 26 35 53 346 22 135 24
internal_value=2.65023e-05 -0.000311454 0.00129234 -5.9072e-05 -0.00131272 0.0162912 -0.0082001 -0.00521174 -0.00936894 0.0192404 0.00715734 0.0445934
internal_weight=663.923 655.601 542.548 496.633 467.994 45.9156 113.053 104.842 96.0298 28.6384 35.8542 10.0614
internal_count=2811 2776 2303 2092 1968 211 473 438 399 124 161 50
is_linear=0
shrinkage=0.05


Tree=47
num_leaves=22
num_cat=0
split_feature=84 71 29 82 14 83 69 54 10 26 22 26 31 29 49 53 66 14 8 21 0
split_gain=2.81024 7.38254 6.77714 7.20422 5.01118 4.78356 8.14167 7.20871 6.36955 4.68285 6.82839 6.36527 6.16479 6.04726 5.62046 5.38463 4.19197 3.98353 3.76999 2.18534 1.72843
threshold=0.63333333333333341 0.82142857142857173 11.675000000000002 2.1000000000000005 5.166666666666667 2.3666666666666667 -0.050000000000000017 1.8444444444444448 3.166666666666667 15.450000000000001 1.4166666666666672 11.550000000000002 1.2329576666666668 9.4500000000000011 0.77500000000000013 13.633333333333335 0.81909573000000002 5.8333333333333348 1.3476977500000002 -0.33333333333333331 1.8333333333333337
decision_type=2 2 2 2 2 2 2 2 2 2 2 2 2 2 2 2 2 2 2 2 2
left_child=1 17 3 4 -3 9 8 16 18 11 14 15 -13 -12 -11 -2 -8 -1 -7 -19 -4
right_child=5 2 20 -5 -6 6 7 -9 -10 10 13 12 -14 -15 -16 -17 -18 19 -20 -21 -22
leaf_value=-5.5027283370019276e-05 0.024822566938792309 -0.029587348231577694 0.010458064873769005 -0.056280475261336727 0.010100753021718249 -0.0020123007931995922 -0.0030818547269128344 -0.017034703997779881 0.030481272131151323 -0.0025940504296337388 -0.044013845742382152 -0.035087748067440881 -0.0036996580554978925 0.0037973508798705355 0.026839616788816009 -0.013027863835156911 0.039963269078892499 -0.011121157332336895 -0.043336769796552682 -0.061150637866676821 0.057239538466374119
leaf_weight=7.7548872083425548 33.558950245380402 10.087580472230909 6.114561125636099 6.0276672244071952 31.447520405054092 15.802057191729547 5.3650954961776725 7.3456980288028708 8.0311316698789579 21.760907396674156 8.9460375458002108 16.202699899673462 339.83062808215618 19.290201559662819 49.265853226184845 11.657252520322798 35.908664539456367 4.7970192134380367 9.379057437181471 9.9986243993043846 4.9585456550121307
leaf_count=34 147 43 26 25 132 68 24 32 37 95 39 67 1410 85 218 49 157 20 39 41 23
internal_value=4.35718e-05 -0.00860223 0.000400358 -0.00744744 0 0.00129815 0.0124787 0.025515 -0.005959 -0.000490557 0.00914512 -0.00294492 -0.00524542 -0.0109829 0.0175172 0.0144817 0.0337995 -0.0325962 -0.0189217 -0.0474584 0.0351349
internal_weight=663.531 81.1864 58.6359 47.5628 41.5351 582.344 81.8317 48.6195 33.2122 500.513 99.263 401.25 356.033 28.2362 71.0268 45.2162 41.2738 22.5505 25.1811 14.7956 11.0731
internal_count=2811 344 249 200 175 2467 357 213 144 2110 437 1673 1477 124 313 196 181 95 107 61 49
is_linear=0
shrinkage=0.05


Tree=48
num_leaves=10
num_cat=0
split_feature=53 30 5 3 32 32 58 68 55
split_gain=2.74807 2.86456 3.60531 3.42192 3.09918 6.08271 5.39391 4.61634 1.65441
threshold=16.738888888888891 3.4500000000000006 12.833333333333334 3.8333333333333335 2.0697258333333339 1.4787672000000003 1.4142857142857144 0.73656790000000016 1.7155488000000003
decision_type=2 2 2 2 2 2 2 2 2
left_child=1 4 -3 -4 5 7 -7 -1 -6
right_child=-2 2 3 -5 8 6 -8 -9 -10
leaf_value=-0.013740843013863397 -0.03417188326817451 -0.041220412207604668 -0.029584964361881235 0.024263683177194902 0 0.057115233500968789 0.010258606320566214 0.0014627788939149389 -0.045754784659290663
leaf_weight=54.684946194291115 5.3086189776659003 8.7035725414752978 4.6660984605550748 6.3504914492368698 4.7549674957990629 7.3184948414564124 42.636917635798454 523.56014649569988 4.8284865617752075
leaf_count=233 22 37 20 27 20 31 184 2217 20
internal_value=2.54008e-05 0.000365256 -0.0181005 0 0.000989114 0.00146712 0.0181166 0 -0.0263839
internal_weight=662.813 657.504 19.7202 11.0166 637.784 628.201 49.9554 578.245 9.58345
internal_count=2811 2789 84 47 2705 2665 215 2450 40
is_linear=0
shrinkage=0.05


Tree=49
num_leaves=24
num_cat=0
split_feature=32 56 2 44 5 76 4 81 26 5 51 87 26 86 48 37 79 8 49 79 9 30 8
split_gain=2.78853 4.12663 4.33662 4.65221 3.72272 2.88207 5.3258 4.95914 8.07503 7.27884 4.93033 7.62938 7.24436 4.74034 4.69598 4.60007 3.9735 2.67312 2.6414 2.43552 2.13534 0.523123 0.176703
threshold=0.70315163333333341 0.69553250000000011 14.833333333333334 1.0452683 9.8333333333333339 2.166666666666667 4.8333333333333348 2.3666666666666667 14.900000000000002 13.833333333333334 4.5500000000000007 0.19999999999999998 11.300000000000002 0.19999999999999998 2.0500000000000003 6.9000000000000012 0.75000000000000011 0.50971066666666676 0.77500000000000013 -0.24999999999999992 2.5000000000000004 1.9000000000000001 0.56606216666666676
decision_type=2 2 2 2 2 2 2 2 2 2 2 2 2 2 2 2 2 2 2 2 2 2 2
left_child=1 2 21 17 -3 6 13 8 9 -7 11 -8 -12 15 -15 -2 -10 -4 -6 -9 -21 -1 -20
right_child=5 4 3 -5 18 7 10 19 16 -11 12 -13 -14 14 -16 -17 -18 -19 22 20 -22 -23 -24
leaf_value=0.040192347031722322 0.027380639082085663 -0.0064081952029758282 -0.0040346889968423559 0.022920834730991536 0.0048745015387828012 -0.037285626454667729 -0.045129517371168631 0.0046004626244854031 0.032524214512527364 0.020681143079803298 0.0432147111272074 0.0068467157246817657 -0.0042025960805016326 -0.022657856534766267 0.016179765661373826 -0.0099766379952880846 0.0071648745880860624 -0.053044581801272965 0.026713217783395207 -0.04910004070020535 -0.0024058765690447327 0.0052521024408069654 0.065493328599879233
leaf_weight=4.273340508341791 37.569351091980934 4.6877070516347912 6.7851001471281069 4.7080193608999243 5.447404786944392 13.266292676329615 17.279709190130237 6.9503408670425442 33.328346088528633 7.9268231987953177 7.6504418998956671 10.278630852699278 394.83060805499554 17.234405323863033 12.820295646786688 9.1114001125097257 34.876168355345726 6.5296643227338791 4.4696415811777097 6.2042072862386686 5.8658564537763596 4.1337271481752396 6.3272440433502197
leaf_count=21 162 23 30 24 25 56 72 29 143 34 34 43 1645 72 57 41 151 28 21 25 25 20 30
internal_value=1.6266e-05 0.0116778 -0.000620798 -0.0152734 0.0280254 -0.000849673 -0.00246931 0.00646799 0.0115654 -0.014475 -0.00467504 -0.025076 -0.00318674 0.00951855 -0.0052792 0.0195307 0.0200672 -0.0309291 0.0393498 -0.015892 -0.0293946 0.0270783 0.0535452
internal_weight=662.555 47.3618 26.4299 18.0228 20.932 615.193 506.775 108.418 89.3976 21.1931 430.039 27.5583 402.481 76.7355 30.0547 46.6808 68.2045 13.3148 16.2443 19.0204 12.0701 8.40707 10.7969
internal_count=2811 222 123 82 99 2589 2126 463 384 90 1794 115 1679 332 129 203 294 58 76 79 50 41 51
is_linear=0
shrinkage=0.05


Tree=50
num_leaves=13
num_cat=0
split_feature=46 39 62 87 80 12 38 41 62 62 86 12
split_gain=2.69148 2.73054 3.85786 6.71773 6.96073 5.02429 6.93231 4.42132 3.5331 2.87579 5.18251 2.51271
threshold=3.100000000000001 15.900000000000002 5.1055555555555561 -1.0000000180025095e-35 1.3666666666666669 9.3333333333333339 4.6750000000000007 1.6976342000000002 4.6500000000000012 6.5500000000000007 -0.39999999999999952 12.16666666666667
decision_type=2 2 2 2 2 2 2 2 2 2 2 2
left_child=1 2 3 4 -1 7 -7 -4 -5 10 -3 -12
right_child=-2 9 5 8 -6 6 -8 -9 -10 -11 11 -13
leaf_value=-0.0075568221223461379 0.029609171819987696 -0.0038182667753371377 -0.045388095531364359 0.016434369583274017 -0.05048120654551063 0.027597853899408442 5.6310968545077075e-05 0.005059019121535533 -0.016070941635021773 -0.0078301073122255885 0.013999175835696371 0.070451468994877919
leaf_weight=26.565970793366432 7.1170440763235083 7.0933474451303526 10.475922212004663 22.566779315471649 16.030733808875084 23.509025365114212 512.31809528172016 5.6885958611965171 12.104579478502272 7.4374746829271308 5.2895742505788803 5.7410094738006592
leaf_count=111 33 29 44 95 67 101 2177 24 51 32 22 25
internal_value=2.60107e-05 -0.000279716 -0.000973223 -0.0114122 -0.0246892 0.000451784 0.00133589 -0.0265155 0.00430807 0.0155246 0.0264039 0.0473296
internal_weight=661.938 654.821 629.26 77.2681 42.5967 551.992 535.827 16.1645 34.6714 25.5614 18.1239 11.0306
internal_count=2811 2778 2670 324 178 2346 2278 68 146 108 76 47
is_linear=0
shrinkage=0.05


Tree=51
num_leaves=16
num_cat=0
split_feature=61 84 71 62 48 83 5 87 69 54 84 10 82 23 34
split_gain=2.5938 3.07809 7.94355 8.1726 5.55271 4.47373 6.64927 7.41775 6.60723 6.41019 5.89096 5.51788 2.89908 2.80934 1.60689
threshold=3.1000000000000005 0.63333333333333341 0.82142857142857173 5.5277777777777786 2.5500000000000003 2.3666666666666667 9.1666666666666696 0.92500000000000004 -0.050000000000000017 1.8444444444444448 1.9000000000000001 3.166666666666667 1.3666666666666669 -1.0000000180025095e-35 2.4500000000000006
decision_type=2 2 2 2 2 2 2 2 2 2 2 2 2 2 2
left_child=-1 2 12 14 -5 6 7 -3 11 -10 -8 -7 -2 -14 -4
right_child=1 5 3 4 -6 8 10 -9 9 -11 -12 -13 13 -15 -16
leaf_value=0.02709850824874523 0 0.027518184640262996 -0.012353713688174461 0.0010455785263439865 0.04856100802443656 -0.016954177941273921 -0.0067429194745719295 -0.010855395203916415 0.031704875418334923 -0.016193552780271705 0.0058438147360455007 0.029296212203249988 -0.0073614163425134846 -0.059915413407848228 -0.06043956244339891
leaf_weight=8.2521590739488584 5.3815583139658001 38.662736877799034 5.5050117373466474 40.080226093530655 7.0429031997919074 24.922541886568069 307.34950040280819 17.114348202943802 40.385201141238213 7.3551769852638236 130.82756181061268 7.9389929771423331 4.9699842184782055 10.944089546799654 4.8606795519590378
leaf_count=35 23 174 23 170 32 106 1281 77 179 32 555 37 21 46 20
internal_value=2.63506e-05 -0.000297816 -0.00956202 0 0.00910736 0.000936249 -0.00080265 0.0153078 0.0118403 0.0237158 -0.0029255 -0.00475961 -0.0352666 -0.04575 -0.0389466
internal_weight=661.593 653.341 78.7845 57.4888 47.1231 574.556 493.954 55.7771 80.6019 47.7404 438.177 32.8615 21.2956 15.9141 10.3657
internal_count=2811 2776 335 245 202 2441 2087 251 354 211 1836 143 90 67 43
is_linear=0
shrinkage=0.05


Tree=52
num_leaves=11
num_cat=0
split_feature=53 5 48 87 21 83 82 26 49 8
split_gain=2.5836 3.37341 3.34656 4.82526 4.61861 3.67567 5.16995 4.71822 2.55493 2.72435
threshold=7.2500000000000009 6.166666666666667 1.267857142857143 1.1166666666666669 -2.4999999999999996 2.3666666666666667 0.70833333333333337 11.550000000000002 1.3166666666666669 0.85499375000000011
decision_type=2 2 2 2 2 2 2 2 2 2
left_child=-1 8 3 4 -3 7 -7 -4 9 -2
right_child=1 2 5 -5 -6 6 -8 -9 -10 -11
leaf_value=-0.032663143755809247 0 0.013157649129675401 0.017099723282036645 0.020721355391301419 -0.024666832965841136 0.038258753860066018 0.0046036630838976727 -0.0020523111439072826 -0.0051912065429194632 0.051654517643448618
leaf_weight=5.4763924032449713 4.083917558193205 8.6908142715692502 33.961321324110031 8.7672052979469282 42.084617838263512 13.760519638657568 71.884980008006096 460.38955526053905 4.2840025573968878 7.5823446214199066
leaf_count=24 20 37 149 37 176 62 314 1935 19 38
internal_value=2.02354e-05 0.000356092 -0.000180072 -0.0114497 -0.01764 0.000942669 0.0104919 -0.00067012 0.0227258 0.0348242
internal_weight=660.966 655.489 639.539 59.5426 50.7754 579.996 85.6455 494.351 15.9503 11.6663
internal_count=2811 2787 2710 250 213 2460 376 2084 77 58
is_linear=0
shrinkage=0.05


Tree=53
num_leaves=15
num_cat=0
split_feature=53 65 65 35 8 84 51 10 84 13 30 27 23 34
split_gain=2.4507 2.52356 7.57953 5.25782 5.04412 5.48178 4.94302 4.7755 5.31603 4.4352 4.29848 3.90667 3.48676 3.15438
threshold=16.738888888888891 1.9953325000000004 2.1621019000000006 0.63333333333333341 0.58299391666666678 1.3666666666666669 6.9500000000000011 0.83333333333333337 1.9000000000000001 5.5000000000000009 0.90000000000000013 6.9000000000000012 0.66666666666666696 2.1000000000000005
decision_type=2 2 2 2 2 2 2 2 2 2 2 2 2 2
left_child=1 6 3 13 -4 -6 7 9 -9 -1 -8 -12 -5 -3
right_child=-2 2 4 12 5 -7 10 8 -10 -11 11 -13 -14 -15
leaf_value=0 -0.032313664500426657 0.022229733654362472 0.0405094910325903 0.00068740203414398033 -0.016510473480403035 0.010909822333262072 -0.018755184153735421 -0.0076829570138530522 0.0045245425123032852 0.036150246974081292 -0.0032344483178026262 0.025540461134581523 0.051508255988540579 -0.028258198469214464
leaf_weight=23.556432455778122 5.2914543002843848 6.2593826055526716 6.0751772075891486 5.4536151736974743 43.627842247486115 29.607800051569939 8.5757603794336301 321.66937071084976 120.17532724142075 13.738428488373755 14.471262186765669 39.848467245697975 17.038702800869942 5.1926439106464386
leaf_count=99 22 27 32 24 193 132 37 1336 508 57 65 181 75 23
internal_value=2.53382e-05 0.000349035 0.00714809 0.0267642 -0.00104928 -0.0050871 -0.00103079 -0.00280652 -0.00430482 0.014105 0.0120178 0.0174589 0.0405562 0
internal_weight=660.582 655.29 113.255 33.9443 79.3108 73.2356 542.035 479.14 441.845 37.2949 62.8955 54.3197 22.4923 11.452
internal_count=2811 2789 506 149 357 325 2283 2000 1844 156 283 246 99 50
is_linear=0
shrinkage=0.05


Tree=54
num_leaves=17
num_cat=0
split_feature=20 54 59 70 36 17 8 86 15 36 80 60 59 44 38 12
split_gain=2.51078 3.62882 3.6187 7.70741 4.9129 4.45981 5.04898 6.16134 4.67462 6.16692 4.75749 3.57542 3.78221 3.24535 2.71026 0.487304
threshold=1.6288688333333334 1.9500000000000002 0.45000000000000007 1.6500000000000001 12.100000000000001 2.2190200000000004 1.4830615 -0.40000000000000008 11.16666666666667 19.700000000000006 2.1000000000000005 16.738888888888891 1.1833333333333336 0.68897133333333349 6.4500000000000011 16.166666666666668
decision_type=2 2 2 2 2 2 2 2 2 2 2 2 2 2 2 2
left_child=2 11 3 4 -1 8 7 -7 9 -4 -10 12 -2 -8 -5 -6
right_child=1 -3 5 14 15 6 13 -9 10 -11 -12 -13 -14 -15 -16 -17
leaf_value=0.0036689820679248323 0.055640619414354664 -0.018020794764674997 -0.015218963248780621 -0.0024046345442884491 -0.054391825274123423 0.033511165559331535 0.0051577434950028731 0 -0.0011754580468692837 0.022410965693272625 0.012704385541243098 -0.0067252184631255906 0 -0.04516981649061045 0.038517548117253123 -0.025611225171711823
leaf_weight=6.2055467814207104 9.697179198265081 4.9347955286502829 90.760700821876526 8.6610968410968763 10.707575783133509 31.032927602529526 5.713654100894928 24.448601305484772 354.27173480391502 11.42696864902973 73.794116958975792 4.6259694248437873 4.2386137247085562 4.9908675849437696 5.6988335698842993 8.9054611027240735
leaf_count=26 45 23 384 37 45 145 25 109 1475 50 322 22 20 21 25 37
internal_value=3.18669e-05 0.0159436 -0.000528221 -0.0149747 -0.0313802 0.000414799 0.0126318 0.0189052 -0.00107349 -0.010679 0.00117098 0.0265206 0.0391391 -0.0170443 0.0129028 -0.0435283
internal_weight=660.115 23.4966 636.618 40.1785 25.8186 596.44 66.1861 55.4815 530.254 102.188 428.066 18.5618 13.9358 10.7045 14.3599 19.613
internal_count=2811 110 2701 170 108 2531 300 254 2231 434 1797 87 65 46 62 82
is_linear=0
shrinkage=0.05


Tree=55
num_leaves=16
num_cat=0
split_feature=2 31 6 26 82 29 7 84 55 7 80 49 69 6 43
split_gain=2.53211 4.73687 6.51807 4.60598 4.85333 4.73767 4.52172 4.07959 3.71886 3.3302 3.15239 2.84698 2.82963 1.94856 1.57746
threshold=22.500000000000004 2.6131233333333337 1.1666666666666667 15.450000000000001 2.8000000000000003 6.1000000000000005 2.4942291666666674 0.63333333333333341 1.7365300500000005 2.2459751666666672 1.5500000000000003 0.95000000000000007 0.60000000000000009 2.416666666666667 4.5000000000000009
decision_type=2 2 2 2 2 2 2 2 2 2 2 2 2 2 2
left_child=3 2 11 4 6 -5 9 10 -9 -1 -7 -2 -8 -4 -6
right_child=1 -3 13 5 14 7 12 8 -10 -11 -12 -13 -14 -15 -16
leaf_value=-0.00072314937099354423 -0.082979598567433546 0.022483269794935434 0.023690480903558415 -0.042131537317697747 -0.0049241524256014779 -0.040604629167489671 0.0058818474875583053 0.040663240727369855 0.011158968557608031 -0.022859073387815801 0.0040993502908340538 -0.018087834527902632 0.044424345971877346 -0.019830899888654795 -0.048108509914650176
leaf_weight=466.99063915759325 4.8274805545806938 5.2026169598102561 4.7043173760175687 3.5684672296047202 5.2087486535310727 5.4207430183887473 15.696821019053461 13.072533577680586 84.334473416209221 17.306028559803963 9.1861295849084836 4.7939276099205017 7.9702486991882315 4.4598848074674606 6.710787296295166
leaf_count=1956 20 25 21 16 22 23 69 57 379 74 41 21 39 20 28
internal_value=2.76094e-05 -0.0157088 -0.027891 0.000672838 -0.00129434 0.00970393 -0.00048881 0.0117574 0.0155614 -0.00158849 -0.0116306 -0.0556077 0.0205467 0 -0.0322082
internal_weight=659.454 23.9882 18.7856 635.466 519.883 115.582 507.964 112.014 97.407 484.297 14.6069 9.62141 23.6671 9.1642 11.9195
internal_count=2811 107 82 2704 2188 516 2138 500 436 2030 64 41 108 41 50
is_linear=0
shrinkage=0.05


Tree=56
num_leaves=13
num_cat=0
split_feature=61 41 11 36 11 36 80 82 24 64 84 69
split_gain=2.37595 2.75503 5.75793 5.44105 5.02682 4.72647 4.26538 5.74143 4.59685 4.04802 2.97085 2.05314
threshold=3.1000000000000005 1.5397354666666667 1.5833333333333337 9.1000000000000014 2.8333333333333335 13.900000000000002 2.5500000000000003 2.1000000000000005 3.4500000000000006 1.9500000000000002 1.7750000000000001 0.35000000000000014
decision_type=2 2 2 2 2 2 2 2 2 2 2 2
left_child=-1 2 3 -2 6 -5 8 -8 -3 10 -4 -11
right_child=1 4 9 5 -6 -7 7 -9 -10 11 -12 -13
leaf_value=0.025995244273838588 0.028769970977602439 -0.00064693965964701769 0.036075261493683675 -0.039045168596382067 -0.040886187659022494 -0.0082783924683974986 0.034356855601753777 0.00027182430221997522 0.030075871044304078 -0.036781460825162475 -0.0032077728974655435 0.0031555587899298899
leaf_weight=8.2078990489244443 4.9691626280546179 489.65366415679455 13.204464554786687 23.752839490771294 6.5404235422611228 31.962358415126801 21.814936369657516 31.101481974124908 11.980321601033209 4.8391876965761167 5.6151782870292655 5.4798412173986435
leaf_count=35 21 2076 56 100 27 134 99 139 57 20 24 23
internal_value=1.65908e-05 -0.000292319 -0.00842622 -0.0172976 0.000971636 -0.0220704 0.00154674 0.0149816 6.62307e-05 0.00918606 0.0232808 -0.0140968
internal_weight=659.122 650.914 89.823 60.6844 561.091 55.7152 554.55 52.9164 501.634 29.1387 18.8196 10.319
internal_count=2811 2776 378 255 2398 234 2371 238 2133 123 80 43
is_linear=0
shrinkage=0.05


Tree=57
num_leaves=19
num_cat=0
split_feature=79 18 84 71 14 5 62 83 69 30 5 29 84 3 57 59 72 82
split_gain=2.38094 7.8111 4.11926 5.20447 6.68539 4.92299 3.7057 3.39402 6.28634 5.36934 5.17995 6.1292 4.36595 3.41556 2.43026 1.71764 1.47916 0.896118
threshold=-2.1666666666666661 1.096604166666667 0.63333333333333341 0.82142857142857173 5.166666666666667 9.1666666666666696 4.8285714285714292 2.3666666666666667 -1.083333333333333 1.9000000000000001 9.1666666666666696 9.3000000000000025 1.9000000000000001 4.8333333333333348 6.5000000000000009 0.89444444444444449 0.58333333333333337 0.55000000000000016
decision_type=2 2 2 2 2 2 2 2 2 2 2 2 2 2 2 2 2 2
left_child=1 16 3 6 14 -6 -2 10 13 -10 11 -4 -12 -9 -5 -8 -1 -18
right_child=2 -3 7 4 5 -7 15 8 9 -11 12 -13 -14 -15 -16 -17 17 -19
leaf_value=0.018089270946352036 0.00030495346862921205 0.070006921326674895 0 -0.055443119880060281 -0.035066938599282602 0.014591926435927806 -0.018283376564508558 -0.048969332112237231 0.026678577718853985 -0.0080097101239259179 -0.0057578521434380149 0.033082027519856866 0.0050531708271522964 0 -0.0059421292828008296 -0.059370272012600617 -0.027320744160308011 0
leaf_weight=5.6285437643528011 5.211997956037524 4.6690659373998633 31.793190747499466 6.2619071304798108 5.1315213143825522 34.50543224811554 7.3878012448549297 4.7814703285694113 45.830402486026287 13.118447050452231 303.23082606494427 23.138409987092018 132.23231393098831 11.183416172862051 6.1618107557296753 9.027270168066023 4.7688774913549405 4.6879879683256149
leaf_count=24 23 21 145 26 22 147 31 20 206 58 1266 105 563 49 27 38 20 20
internal_value=1.73723e-05 0.0169304 -0.000479225 -0.0115825 -0.00240047 0.00718332 -0.032002 0.000932856 0.0108244 0.0185361 -0.000536752 0.0137941 -0.00241561 -0.0158302 -0.0340062 -0.0434436 0 -0.0130378
internal_weight=658.751 19.7545 638.996 73.6877 52.0607 39.637 21.6271 565.308 74.9137 58.9488 490.395 54.9316 435.463 15.9649 12.4237 16.4151 15.0854 9.45687
internal_count=2811 85 2726 314 222 169 92 2412 333 264 2079 250 1829 69 53 69 64 40
is_linear=0
shrinkage=0.05


Tree=58
num_leaves=9
num_cat=0
split_feature=54 46 5 59 13 32 7 7
split_gain=2.38788 4.32393 3.42656 3.67054 6.43176 4.80267 1.83391 2.35293
threshold=0.72500000000000009 3.100000000000001 6.5000000000000009 0.45000000000000007 3.416666666666667 0.70315163333333341 1.4791660000000002 2.0192775000000003
decision_type=2 2 2 2 2 2 2 2
left_child=-1 2 6 4 -4 -5 -2 -8
right_child=1 -3 3 5 -6 -7 7 -9
leaf_value=-0.025320563434311584 -0.00033391720277600474 0.040659868355217704 0.033745873835242489 0.017831385685139246 -0.02270315970172973 -0.00076405809135395681 0.049328687471527646 1.5603913305135773e-05
leaf_weight=8.647063195705412 4.5141029059886959 6.1023148000240317 5.0751492232084265 36.502958804368973 36.489503756165504 548.49082250148058 7.2240047156810743 5.0478580445051193
leaf_count=38 20 30 22 175 155 2309 37 25
internal_value=7.56242e-06 0.000402478 0 -0.000616031 -0.0148971 0.000367815 0.02195 0.0317966
internal_weight=658.094 649.447 643.344 626.558 41.5647 584.994 16.786 12.2719
internal_count=2811 2773 2743 2661 177 2484 82 62
is_linear=0
shrinkage=0.05


Tree=59
num_leaves=15
num_cat=0
split_feature=4 54 51 85 27 31 55 45 86 79 26 81 27 51
split_gain=2.32388 5.74653 3.91291 9.58491 5.48766 6.57418 4.56013 4.24984 3.75236 3.37246 3.39663 7.80775 4.21466 0.911909
threshold=4.416666666666667 0.72500000000000009 4.5500000000000007 1.7083333333333337 4.5500000000000007 1.2228750666666668 1.2957907000000002 -1.6653345369377346e-16 -1.8583333333333332 -1.2499999999999998 12.900000000000002 0.77500000000000013 6.5500000000000007 4.2500000000000009
decision_type=2 2 2 2 2 2 2 2 2 2 2 2 2 2
left_child=8 -2 3 6 7 -6 -3 -4 -1 -10 11 -11 -12 -5
right_child=1 2 4 13 5 -7 -8 -9 9 10 12 -13 -14 -15
leaf_value=0.042804724545626609 -0.045908987858931771 0.035353183733320616 -0.0014665308687604988 -0.030347896325412724 -0.03624852326259996 0.00030780866501446132 -0.011947405172920752 0.040819067682429717 -0.02964947813098048 -0.053719084858678268 0.026599864004041931 0.0058800601600519746 -0.0046261039166514365 -0.070684933417536053
leaf_weight=6.5230593457818022 6.6062871366739264 7.3387936949729946 8.1288344115018862 9.4439248740673047 12.094880700111387 485.35503672063351 13.274310946464537 14.075679004192351 6.0970498695969573 6.0223027914762488 31.205266416072845 32.484959989786148 14.322890087962149 4.8160387128591529
leaf_count=30 28 31 35 41 50 2058 56 63 27 25 139 141 67 20
internal_value=1.13587e-05 -0.00118566 -0.000566938 -0.0166788 0.000481234 -0.000566313 0.00414714 0.0245463 0.00718833 0.00411294 0.00701913 -0.00336908 0.0162897 -0.0475977
internal_weight=657.789 561.134 554.527 34.8731 519.654 497.45 20.6131 22.2045 96.6555 90.1325 84.0354 38.5073 45.5282 14.26
internal_count=2811 2382 2354 148 2206 2108 87 98 429 399 372 166 206 61
is_linear=0
shrinkage=0.05


Tree=60
num_leaves=21
num_cat=0
split_feature=39 39 86 61 69 3 64 30 21 82 12 76 66 78 24 81 15 86 38 78
split_gain=2.3423 5.44085 4.45495 4.50921 11.1919 4.19946 4.50546 4.04232 3.99966 6.74466 5.82431 5.59242 4.34404 3.71201 3.51377 3.11123 2.06176 1.4454 0.904866 0.524945
threshold=8.9000000000000021 10.900000000000002 -3.3666666666666658 6.7500000000000009 -0.7333333333333335 6.166666666666667 1.0500000000000003 1.1000000000000003 -0.99999999999999956 0.90000000000000013 16.166666666666668 1.5833333333333337 1.0980164250000002 0.33333333333333365 1.6333333333333335 1.3666666666666669 6.8333333333333348 -1.0000000180025095e-35 6.5500000000000007 -3.8333333333333326
decision_type=2 2 2 2 2 2 2 2 2 2 2 2 2 2 2 2 2 2 2 2
left_child=5 8 19 7 -5 6 18 -4 10 11 17 -10 -11 15 -12 -8 -7 -2 -1 -3
right_child=1 2 3 4 -6 16 13 -9 9 12 14 -13 -14 -15 -16 -17 -18 -19 -20 -21
leaf_value=0.04816653783062344 -0.040987571660738922 -0.011774680614851927 -0.01248352218312735 -0.013852489072721342 0.037575858059463153 0.0021810147189099331 -0.045764485001079408 0.0020007419578807685 0.029952031949967768 -0.041994303357199572 0 -0.024446034917432427 -0.0064981291698259199 0.023341403347561799 0.053123938381544167 -0.0029457392819548255 0.056713641712182454 0 0.0089029971556009273 -0.044415582627920468
leaf_weight=4.5027716904878599 4.7201066762208939 5.9858675450086594 53.783404767513275 16.320288047194481 26.112581253051758 3.7953844517469388 6.6150277256965699 421.25843250006437 10.202273815870287 27.547548711299896 6.1001401394605619 7.6667807549238196 15.387561261653898 6.2181714475154868 6.1261712312698364 14.319950103759764 6.0084740817546844 4.5326335430145281 5.2723997086286545 4.8325865119695646
leaf_count=21 20 25 236 69 114 20 29 1777 43 116 26 32 67 29 28 64 30 20 25 20
internal_value=0 -0.000792426 0.00103056 0.00175331 0.0172825 0.0107635 0.0021347 0.000296886 -0.0127343 -0.0193326 0.00482204 0.00522125 -0.0300696 -0.00768302 0.0279132 -0.0183938 0.0391589 -0.0229933 0.0308859 -0.0298821
internal_weight=657.309 610.576 528.293 517.475 42.4329 46.7322 36.9283 475.042 82.2832 60.8042 21.4791 17.8691 42.9351 27.1531 12.2263 20.935 9.80386 9.25274 9.77517 10.8185
internal_count=2811 2593 2241 2196 183 218 168 2013 352 258 94 75 183 122 54 93 50 40 46 45
is_linear=0
shrinkage=0.05


Tree=61
num_leaves=19
num_cat=0
split_feature=54 81 8 30 3 20 68 81 41 39 7 62 22 28 7 30 2 56
split_gain=2.28509 7.39359 4.31716 4.04328 8.66834 4.06329 3.38591 3.68466 2.928 2.56813 2.55489 2.40045 2.04374 1.78976 1.55487 3.4765 0.972219 0.647129
threshold=2.5500000000000003 1.3666666666666669 0.90087875000000006 2.7000000000000006 3.5000000000000004 1.6130228333333334 1.5023797099999998 1.3666666666666669 2.0196056666666666 11.300000000000002 2.0192775000000003 5.9500000000000011 0.50000000000000022 5.7000000000000002 1.8835107500000003 2.7000000000000006 13.16666666666667 1.0015912500000002
decision_type=2 2 2 2 2 2 2 2 2 2 2 2 2 2 2 2 2 2
left_child=3 9 -3 5 -5 6 7 -1 17 -2 13 -10 -4 -6 15 -11 -14 -7
right_child=1 2 12 4 10 8 -8 -9 11 14 -12 -13 16 -15 -16 -17 -18 -19
leaf_value=-0.0052568302885615398 -0.018744034721055323 0.0069878286349836539 -0.0086196685305054751 -0.018736088676244492 0.071250674677660372 0.054503194412291657 -0.033570647310909717 0.002991443599610206 -0.025412185056204562 0 0.0018910565503068859 0.019487312618905489 -0.024556221602013449 0.021701116805261524 0 0.051497713715836613 -0.068549069842446214 0.01501232408746217
leaf_weight=228.23224909603596 5.2148370593786266 4.5928048491477993 5.1730871051549938 8.3874665498733538 6.7864497005939501 5.3989320397377032 7.3103512525558463 329.72846449911594 4.0625154227018339 5.3695421665906924 4.5033880472183219 7.6067692339420319 5.213990390300749 5.7378958314657211 5.2235517203807822 6.5367853194475174 7.2287953943014145 4.5899848341941833
leaf_count=973 24 20 22 36 30 27 33 1397 19 23 21 38 22 25 23 28 30 20
internal_value=0 -0.010833 -0.0311964 0.000833315 0.0201611 0 -0.000842647 -0.000339409 0.0209836 0.00855192 0.0407352 0.00139989 -0.0424498 0.0521741 0.0185756 0.0283488 -0.0537068 0.040321
internal_weight=656.898 44.5534 22.2087 612.344 25.4152 586.929 565.271 557.961 21.6582 22.3447 17.0277 11.6693 17.6159 12.5243 17.1299 11.9063 12.4428 9.98892
internal_count=2811 192 94 2619 112 2507 2403 2370 104 98 76 57 74 55 74 51 52 47
is_linear=0
shrinkage=0.05


Tree=62
num_leaves=17
num_cat=0
split_feature=39 39 86 30 87 51 78 36 26 63 17 38 12 12 63 73
split_gain=2.2509 6.96518 4.69361 4.60088 6.60288 5.60463 4.59998 4.38631 4.44101 4.3777 4.17556 4.83824 4.90598 3.05861 3.04752 0.820689
threshold=9.3000000000000025 10.550000000000002 -3.3666666666666658 1.1000000000000003 1.4833333333333336 6.3500000000000005 -2.8333333333333326 18.450000000000003 14.700000000000001 10.850000000000003 2.2190200000000004 4.4500000000000011 19.166666666666668 21.500000000000004 8.7500000000000018 3.166666666666667
decision_type=2 2 2 2 2 2 2 2 2 2 2 2 2 2 2 2
left_child=9 6 15 4 -4 -5 -2 8 -8 10 11 -1 -13 -9 -12 -3
right_child=1 2 3 5 -6 -7 7 13 -10 -11 14 12 -14 -15 -16 -17
leaf_value=0.046371395545717238 0.028006353417902037 -0.044290551914114615 -0.00485230528551156 0.0010626299033372449 -0.058126512143569745 0.017066290363477649 0.00021961404356413288 0.023342926657040304 -0.037076030336619402 -0.022797361198768133 0.0061319191575445603 -0.015141029584908159 0.02483088469629231 -0.024040204407113699 0.058023811395808027 -0.0082823558163051484
leaf_weight=5.6148007810115805 4.3314910084009162 5.8451849669218046 54.12959523499012 399.98182688653469 6.2793415039777747 63.759075649082661 8.6748643368482572 7.7756565660238248 33.839394211769104 8.2308408319950086 6.2751885205507261 22.85079850256443 10.817225024104117 5.0786722898483276 7.8830470442771912 5.2434965074062347
leaf_count=25 19 24 237 1671 27 291 38 34 142 35 32 101 49 22 42 22
internal_value=0 -0.000910737 0.000857671 0.00159743 -0.0112322 0.00333281 -0.017056 -0.0212479 -0.0289707 0.00908665 0.0146266 0.00530413 -0.00139131 0.0025509 0.0377236 -0.0305127
internal_weight=656.61 594.939 535.239 524.15 60.4089 463.741 59.7001 55.3686 42.5143 61.6719 53.4411 39.2828 33.668 12.8543 14.1582 11.0887
internal_count=2811 2527 2272 2226 264 1962 255 236 180 284 249 175 150 56 74 46
is_linear=0
shrinkage=0.05


Tree=63
num_leaves=8
num_cat=0
split_feature=61 70 61 48 25 71 16
split_gain=2.19957 2.69067 2.84857 4.31366 3.1317 4.32827 2.52978
threshold=3.1000000000000005 -0.74999999999999978 3.8444444444444446 2.0500000000000003 2.5000000000000004 -1.0000000180025095e-35 2.8333333333333335
decision_type=2 2 2 2 2 2 2
left_child=-1 -2 3 6 5 -4 -3
right_child=1 2 4 -5 -6 -7 -8
leaf_value=0.025097052905845907 -0.034724574987896405 -0.049136451488366206 0.026963350380945592 0.015042884979054198 -0.034100356961842333 0.00030292254694170868 -0.0033853525308118731
leaf_weight=8.1386876255273801 5.1265015751123419 8.808537885546686 15.194186851382254 5.8389365673065177 5.886159896850585 600.63415009528399 6.4651017338037482
leaf_count=35 22 37 64 25 25 2576 27
internal_value=0 -0.000298395 0 -0.017842 0.000622767 0.00102261 -0.0320768
internal_weight=656.092 647.954 642.827 21.1126 621.714 615.828 15.2736
internal_count=2811 2776 2754 89 2665 2640 64
is_linear=0
shrinkage=0.05


Tree=64
num_leaves=15
num_cat=0
split_feature=2 22 26 82 7 56 20 7 56 86 6 27 19 8
split_gain=2.19745 4.58999 3.89737 4.28106 3.71193 4.1012 3.29645 3.00689 3.0058 2.92332 2.66063 1.97683 1.36444 0.824643
threshold=22.500000000000004 1.6666666666666667 15.450000000000001 2.8000000000000003 2.4942291666666674 1.1263202500000002 0.65191066666666686 2.2459751666666672 1.4251066000000001 -2.2249999999999996 1.1666666666666667 7.4500000000000011 1.5000000000000002 0.85088025000000012
decision_type=2 2 2 2 2 2 2 2 2 2 2 2 2 2
left_child=2 10 3 4 7 -6 13 -1 9 -8 -2 -12 -5 -4
right_child=1 -3 6 12 5 -7 8 -9 -10 -11 11 -13 -14 -15
leaf_value=-0.00061075125650831121 -0.022277607959131349 -0.048353750176411643 0.011481935048818181 -0.0044709302361870843 0.035807043621594085 -0.0044958511900385547 -0.024802886893807812 -0.02164082461660094 -0.025857613244166994 0.010732096644670515 -0.0019816566268390542 0.037774885773544216 -0.045104467766357258 0.055220147867479433
leaf_weight=465.31887537240982 7.4805714935064378 6.6603633165359488 4.1109658330678922 5.2057048231363279 13.877347096800806 9.3235978186130506 5.3121229261159888 17.315270885825157 6.0227505266666403 94.507336318492889 4.8854770064353925 4.8343422561883926 6.7027972191572189 4.371814489364624
leaf_count=1956 33 29 20 22 68 40 23 74 26 427 22 23 28 20
internal_value=0 -0.0147034 0.000599133 -0.00120557 -0.000443168 0.0188028 0.00895949 -0.0014386 0.00617636 0.00847762 0 0.0162265 -0.0302525 0.0386256
internal_weight=655.929 23.8608 632.069 517.744 505.835 23.2009 114.325 482.634 105.842 99.8195 17.2004 9.71982 11.9085 8.48278
internal_count=2811 107 2704 2188 2138 108 516 2030 476 450 78 45 50 40
is_linear=0
shrinkage=0.05


Tree=65
num_leaves=21
num_cat=0
split_feature=62 85 42 64 82 10 65 84 82 11 76 40 25 48 58 87 14 60 74 35
split_gain=2.21065 4.07922 4.03736 3.8117 3.44913 6.27645 7.92755 5.09427 4.64163 4.93991 4.04636 3.38457 2.58463 2.32815 2.73701 2.13712 1.82169 1.58644 1.39512 0.0808544
threshold=7.2500000000000009 1.9000000000000001 0.43827430000000006 1.7388888888888892 0.36666666666666675 1.8333333333333337 1.7150569000000002 1.7083333333333337 0.90000000000000013 2.416666666666667 1.4166666666666667 1.1000000000000003 1.1000000000000003 1.7250000000000003 1.8444444444444448 -1.0000000180025095e-35 8.8333333333333339 18.750000000000004 1.8333333333333337 0.90000000000000013
decision_type=2 2 2 2 2 2 2 2 2 2 2 2 2 2 2 2 2 2 2 2
left_child=2 3 18 11 5 6 -4 -7 10 -10 -6 12 -2 -3 -15 -13 -16 19 -1 -5
right_child=1 13 4 17 8 7 -8 -9 9 -11 -12 15 -14 14 16 -17 -18 -19 -20 -21
leaf_value=-0.0079681409620994265 -0.011591260083748306 0 -0.016672593980984286 0.041111051368270181 0.020118874463920456 -0.037761291485117018 0.051136879573564137 -0.0018017574032692435 -0.00027734818580348383 -0.032218775459953844 0 -0.001178473739417473 0.035196700411745808 0 0.05837454032697359 -0.04410445058217536 0.0086917089418472229 0 -0.050189930281499498 0.012705439761099058
leaf_weight=6.1620323508977872 5.8758471906185168 6.9061613529920605 8.452834412455557 4.5915283858776075 52.577721759676933 22.954593241214752 7.3267202824354163 19.725357472896576 411.91067069023848 12.036462262272833 45.450668945908546 6.1654417216777793 4.4460596591234207 5.262557506561282 8.9035953432321531 8.5294658690690976 4.1544883847236624 4.6050664633512488 4.9081178903579712 4.6163088381290436
leaf_count=26 26 31 35 20 222 95 31 81 1767 52 191 27 21 24 43 36 20 21 22 20
internal_value=0 0.0088052 -0.000938521 -0.000799739 -0.000311725 -0.0118073 0.0138804 -0.0219342 0.000937953 -0.00128 0.0107416 -0.0129685 0.0069471 0.0242893 0.0334023 -0.028371 0.0453151 0.0191757 -0.0302085 0.0308331
internal_weight=655.562 64.0565 591.505 38.8297 580.435 58.4595 15.7796 42.68 521.976 423.947 98.0284 25.0168 10.3219 25.2268 18.3206 14.6949 13.0581 13.8129 11.0702 9.20784
internal_count=2811 289 2522 171 2474 242 66 176 2232 1819 413 110 47 118 87 63 63 61 48 40
is_linear=0
shrinkage=0.05


Tree=66
num_leaves=16
num_cat=0
split_feature=54 81 8 30 3 23 20 28 84 78 61 59 27 30 4
split_gain=2.16606 6.7254 4.06797 3.71981 7.90698 5.51119 3.68618 3.15009 2.99873 2.85806 3.51213 2.42331 3.6317 1.82319 0.225283
threshold=2.5500000000000003 1.3666666666666669 0.90087875000000006 2.7000000000000006 3.5000000000000004 0.66666666666666696 1.6130228333333334 2.166666666666667 1.7750000000000001 1.5833333333333333 5.9500000000000011 1.0500000000000003 4.9000000000000012 2.9000000000000004 5.166666666666667
decision_type=2 2 2 2 2 2 2 2 2 2 2 2 2 2 2
left_child=3 11 -3 6 -5 -6 7 -1 -9 10 -8 12 -2 -4 -14
right_child=1 2 13 4 5 -7 9 8 -10 -11 -12 -13 14 -15 -16
leaf_value=0.037518666755208485 -0.0047516439749712121 0.0070086304810829895 -0.016995986033351024 -0.017638256345407815 -0.00073946300938139864 0.057073335898767501 0.046638093407459308 -0.0037890541434765245 0.0039783512536078498 -0.0092831838891871844 0 -0.016168596263902948 0.016903804652365299 -0.056855089956858632 0.052295959572695665
leaf_weight=4.7723517417907706 7.2445794939994874 4.5720897912979153 8.0502786338329333 8.3629181385040301 4.9023552536964443 11.9233161509037 10.679004594683652 377.04438783973455 182.48662860691547 4.8287489712238303 5.8354064524173728 6.0264337658882132 4.3747499138116819 9.5320783853530866 4.5653349310159683
leaf_count=22 31 20 34 36 21 55 53 1598 783 22 29 27 20 40 20
internal_value=0 -0.010591 -0.0300227 0.000791113 0.019414 0.0392507 0 -0.000805129 -0.00120985 0.0201279 0.030217 0.00792457 0.0186098 -0.0409623 0.039438
internal_weight=655.201 44.3655 22.1544 610.835 25.1886 16.8257 585.647 564.303 559.531 21.3432 16.5144 22.2111 16.1847 17.5824 8.94008
internal_count=2811 192 94 2619 112 76 2507 2403 2381 104 82 98 71 74 40
is_linear=0
shrinkage=0.05


Tree=67
num_leaves=19
num_cat=0
split_feature=79 18 84 71 48 38 83 69 30 5 87 76 7 59 41 60 80 85
split_gain=2.15951 7.02355 3.60658 4.52961 5.47765 5.29681 3.15449 5.35493 5.05648 4.45811 6.28101 3.62448 3.14297 2.64447 2.95304 2.36651 1.91173 1.85557
threshold=-2.1666666666666661 1.096604166666667 0.63333333333333341 0.82142857142857173 2.5500000000000003 5.5500000000000007 2.3666666666666667 -1.083333333333333 1.9000000000000001 9.1666666666666696 0.92500000000000004 2.166666666666667 1.8208392500000001 0.89444444444444449 1.4743753000000004 15.350000000000003 1.5500000000000003 2.4500000000000006
decision_type=2 2 2 2 2 2 2 2 2 2 2 2 2 2 2 2 2 2
left_child=1 15 3 13 5 -5 9 12 -9 10 -4 -11 -8 16 -15 17 -2 -1
right_child=2 -3 6 4 -6 -7 7 8 -10 11 -12 -13 -14 14 -16 -17 -18 -19
leaf_value=-0.032471419451116167 -0.030926337251792658 0.067311462043287168 0.024334656705127525 -0.039464536752018435 0.035853944490209372 0 -0.037199700592247871 0.025570336663052581 -0.0082529191269877355 -0.0047802508696219732 -0.011316428817059236 0.0062106303510839145 0.0043238158879264138 -0.0096702582142301902 -0.069814114704970329 0.027900102963356023 0.0082088124991815913 0.0048898622113570048
leaf_weight=5.7534418255090731 4.8681649565696734 4.5325808972120276 37.375980660319328 10.565152093768118 7.2620492428541175 33.785813130438328 7.435175508260726 45.260010957717896 12.979162782430647 339.6725170314312 16.874645844101906 94.165265664458275 8.3905819058418256 4.7814578264951688 6.1834229230880737 4.4254142343997946 5.5562646687030792 4.8366927206516266
leaf_count=24 21 21 173 44 34 144 32 206 58 1424 77 405 37 21 26 20 24 20
internal_value=0 0.0161715 -0.000495183 -0.0109354 -0.00229895 -0.00943358 0.000824686 0.0104219 0.0176008 -0.000589656 0.0127867 -0.0023327 -0.014195 -0.0301048 -0.0473333 0 -0.00835768 -0.0137025
internal_weight=654.704 19.5481 635.156 73.0023 51.613 44.351 562.153 74.0649 58.2392 488.088 54.2506 433.838 15.8258 21.3893 10.9649 15.0155 10.4244 10.5901
internal_count=2811 85 2726 314 222 188 2412 333 264 2079 250 1829 69 92 47 64 45 44
is_linear=0
shrinkage=0.05


Tree=68
num_leaves=13
num_cat=0
split_feature=58 69 53 10 49 17 4 26 2 79 57 34
split_gain=2.17999 2.62594 5.06437 4.9592 6.89344 3.80034 3.78761 5.97063 4.06042 4.01469 5.22173 4.00115
threshold=3.6500000000000008 -1.1499999999999997 10.725000000000001 2.8333333333333335 1.4500000000000002 2.2345975000000005 2.8333333333333335 12.900000000000002 10.833333333333334 1.0833333333333337 7.5000000000000009 3.5000000000000004
decision_type=2 2 2 2 2 2 2 2 2 2 2 2
left_child=1 2 -1 4 -4 -5 7 8 -3 11 -11 -8
right_child=-2 6 3 5 -6 -7 9 -9 -10 10 -12 -13
leaf_value=-0.044095530608648383 0.030109530282782255 0.017237882547971095 -0.039689783610043272 0 0.01037947953381735 0.048828204652638381 0.0020919331890030929 0.049554385162468927 -0.031710546323087493 -0.036977909337935516 -0.0036820032333005057 -0.028738999657836797
leaf_weight=9.0603553354740125 5.4622544199228278 12.552564725279813 14.790906846523287 12.924527853727342 11.056816935539244 5.4670193493366233 484.45191308110952 9.5294492021203023 5.7381241396069518 15.138332352042196 57.629820302128792 10.18069142103195
leaf_count=39 25 56 62 54 48 26 2071 46 25 62 252 45
internal_value=0 -0.0002624 -0.0108684 -0.00308788 -0.0175324 0.0158161 0.000653687 0.0185094 0.000116241 -0.000193295 -0.011155 0.00137849
internal_weight=653.983 648.521 53.2996 44.2393 25.8477 18.3915 595.221 27.8201 18.2907 567.401 72.7682 494.633
internal_count=2811 2786 229 190 110 80 2557 127 81 2430 314 2116
is_linear=0
shrinkage=0.05


Tree=69
num_leaves=11
num_cat=0
split_feature=39 39 11 53 46 5 35 18 10 75
split_gain=2.1653 3.6109 3.40379 3.0668 3.36627 3.38884 2.76073 2.41274 2.47574 2.96653
threshold=15.300000000000002 14.900000000000002 1.8333333333333337 7.2500000000000009 3.100000000000001 7.416666666666667 0.90000000000000013 0.66091008333333345 1.5000000000000002 1.4166666666666667
decision_type=2 2 2 2 2 2 2 2 2 2
left_child=1 3 7 -1 5 -5 -3 -2 -9 -10
right_child=2 6 -4 4 -6 -7 -8 8 9 -11
leaf_value=-0.037282492292552927 0.034285446068866535 0 0.047216912462028783 0.016822707831325501 0.037109905041169504 -0.0010133734977926525 -0.052473085822532073 0.017177372261960207 0.0008453328048943124 -0.04125318273292615
leaf_weight=5.0039796084165564 4.9647651314735439 5.5034125149250013 5.4089483171701422 27.405974604189396 5.6190059036016455 570.60992704331875 5.382654681801796 8.9125969409942645 8.911213815212248 5.9072761833667746
leaf_count=22 21 24 23 133 29 2434 23 38 38 26
internal_value=0 -0.000665702 0.0121857 -0.000102472 0.00019496 -0.000140838 -0.0285728 0.00403073 -0.00184396 -0.0151036
internal_weight=653.63 619.525 34.1048 608.639 603.635 598.016 10.8861 28.6959 23.7311 14.8185
internal_count=2811 2665 146 2618 2596 2567 47 123 102 64
is_linear=0
shrinkage=0.05


Tree=70
num_leaves=15
num_cat=0
split_feature=53 3 56 54 81 65 65 79 8 29 12 51 23 2
split_gain=2.08003 2.22605 8.29302 5.23582 5.49994 3.60974 7.98205 6.37947 4.2761 6.77598 4.58521 3.23385 2.62053 0.19168
threshold=16.738888888888891 8.1666666666666696 1.2846565000000003 1.4500000000000002 1.3666666666666669 1.9953325000000004 2.1543585000000003 1.0833333333333337 1.6338565 13.900000000000002 10.16666666666667 6.5500000000000007 0.66666666666666696 19.833333333333339
decision_type=2 2 2 2 2 2 2 2 2 2 2 2 2 2
left_child=1 5 3 4 -3 8 12 -8 10 -10 -1 -5 -7 -4
right_child=-2 2 13 11 -6 6 7 -9 9 -11 -12 -13 -14 -15
leaf_value=-0.019032974503672608 -0.029950855618986708 -0.038987416037001565 -0.065072107509435151 -0.011912315243637612 0.015420720728538515 0.0044653861433043467 0.0051106400049005744 -0.052325332010564544 0.025169108586044094 -0.025839448571937842 -0.00042009796890165284 0.028506832259989186 0.042539833013967118 -0.025745883603527277
leaf_weight=35.718871474266052 5.2393737584352484 11.99369651079178 4.8404157310724241 5.7077823728323009 6.2433203607797614 8.0241310298442858 67.590692788362503 4.6888085752725592 32.45148703455925 7.2314596474170676 423.65854246169329 16.049671396613121 19.392720565199852 4.633129358291626
leaf_count=153 22 53 20 25 30 35 311 20 142 31 1782 78 88 21
internal_value=0 0.000281891 -0.00980526 0 -0.0191124 0.00116447 0.00983846 0.000707354 -0.000526379 0.0150458 -0.00194082 0.0167508 0.0325716 -0.0506008
internal_weight=653.464 648.225 49.468 39.9945 18.237 598.757 99.6964 72.2795 499.06 39.6829 459.377 21.7575 27.4169 9.47355
internal_count=2811 2789 227 186 83 2562 454 331 2108 173 1935 103 123 41
is_linear=0
shrinkage=0.05


Tree=71
num_leaves=10
num_cat=0
split_feature=61 47 49 55 27 31 8 53 36
split_gain=2.16499 2.42866 4.59939 4.37234 3.9837 3.5083 7.57745 2.95857 1.71673
threshold=3.1000000000000005 -0.34999999999999981 1.3166666666666669 1.0181313000000001 5.7000000000000002 1.2329576666666668 1.6067525000000002 7.2500000000000009 13.450000000000001
decision_type=2 2 2 2 2 2 2 2 2
left_child=-1 2 8 -3 -4 6 -5 -7 -2
right_child=1 3 4 5 -6 7 -8 -9 -10
leaf_value=0.024927333773693015 -0.061942757792501225 0.03542834118667737 -0.022180763394034759 -0.029400032155213741 0.027285142882693677 -0.035715916570775184 0.02715287453415843 0.0010377356249736314 -0.010670741405170853
leaf_weight=8.0997002124786359 5.0515727549791354 8.2200957834720594 7.8276479095220548 25.042890504002575 7.3764913231134415 5.0030287057161322 6.8501023501157752 574.77711042016745 4.6638122648000717
leaf_count=35 21 35 34 107 32 22 31 2474 20
internal_value=0 -0.000326649 -0.0154914 0.000254666 0.00033097 -0.000205735 -0.01625 0.000646998 -0.0415042
internal_weight=652.912 644.813 24.9195 619.893 15.2041 611.673 31.893 579.78 9.71539
internal_count=2811 2776 107 2669 66 2634 138 2496 41
is_linear=0
shrinkage=0.05


Tree=72
num_leaves=19
num_cat=0
split_feature=39 39 83 74 32 86 61 60 49 6 12 37 64 63 73 16 82 73
split_gain=2.01742 6.04729 4.25726 4.46406 4.2363 4.22864 4.33067 9.71503 3.94644 3.81348 3.1236 3.69913 3.05748 2.56044 3.86623 2.15075 1.79069 0.7457
threshold=9.3000000000000025 10.550000000000002 2.7333333333333338 0.83333333333333337 0.99260216666666667 -3.3666666666666658 6.7500000000000009 18.133333333333336 0.68333333333333346 1.5000000000000002 13.500000000000002 4.4500000000000011 1.7388888888888892 10.450000000000001 2.5833333333333335 1.1666666666666667 1.9000000000000001 3.166666666666667
decision_type=2 2 2 2 2 2 2 2 2 2 2 2 2 2 2 2 2 2
left_child=4 2 3 12 16 17 8 -8 -7 -5 11 -6 -2 14 -12 -13 -1 -3
right_child=1 5 -4 9 10 6 7 -9 -10 -11 13 15 -14 -15 -16 -17 -18 -19
leaf_value=0.049311028709743993 0.027738040009418742 -0.042221236285383629 0.018742458257897204 6.6062189460248168e-05 0.01330324294799768 -0.011059869480104907 0.034317347397736536 -0.012240131405290459 0.0019144809717725004 -0.037299705545566691 0.0063257865639789511 -0.059538023456209871 -0.016826099764560978 -0.014545885367148487 0.054754013109890975 -0.0050333536507867378 0.0037928383285185255 -0.007559241805265517
leaf_weight=7.5119939893484098 6.2538183331489554 5.8361028879880887 6.6673045158386222 7.0178671181201926 4.9294963032007209 67.902361534535885 28.027701050043106 17.111538082361221 408.50116474926472 31.18533793091774 22.026728935539726 4.574041396379469 8.2037661522626859 6.9472182989120475 5.1795401424169532 4.7284059673547745 4.8451429381966591 5.2150386869907379
leaf_count=38 27 24 30 32 21 299 122 75 1730 132 104 20 34 30 26 20 25 22
internal_value=0 -0.000889442 -0.0159814 -0.0209829 0.00864298 0.000758237 0.00146527 0.0161797 3.15317e-06 -0.0298776 0.00130848 -0.0173898 0.00106215 0.00996005 0.0172696 -0.0360537 0.0342497 -0.0290637
internal_weight=652.665 591.922 59.3281 52.6608 60.7426 532.594 521.543 45.1392 476.404 38.2032 48.3854 14.2319 14.4576 34.1535 27.2063 9.30245 12.3571 11.0511
internal_count=2811 2527 255 225 284 2272 2226 197 2029 164 221 61 61 160 130 40 63 46
is_linear=0
shrinkage=0.05


Tree=73
num_leaves=11
num_cat=0
split_feature=18 11 22 79 11 39 34 47 32 65
split_gain=2.03314 3.31419 3.62921 3.36767 3.06248 6.43353 4.21074 3.91248 4.47163 3.75736
threshold=2.5063925000000005 2.416666666666667 -1.1666666666666663 -0.24999999999999992 1.8333333333333337 9.6750000000000025 2.3000000000000003 0.50000000000000022 1.4787672000000003 2.81098106
decision_type=2 2 2 2 2 2 2 2 2 2
left_child=1 4 -3 -4 7 -6 -7 8 -1 -9
right_child=-2 2 3 -5 5 6 -8 9 -10 -11
leaf_value=-0.018656311447343671 0.02627195152031548 -0.057467955012506317 0.024961558095930012 -0.02903255986107749 0.060320052923693794 0.01360403005779706 -0.028809245037103672 4.6411773631209258e-05 0.010271219602219557 0.025573139293590615
leaf_weight=54.35113263130188 6.7855742871761313 4.7275032997131339 4.5331179499626151 5.9027240276336661 5.8097677156329146 27.047914803028107 6.7408282905817023 505.88291703909636 16.089493900537491 14.403626084327696
leaf_count=235 29 20 20 25 28 115 29 2171 70 69
internal_value=0 -0.000289776 -0.0230262 -0.00322362 0.000235365 0.0136356 0.0041168 -0.000631383 -0.0116707 0.000824973
internal_weight=652.275 645.489 15.1633 10.4358 630.326 39.5985 33.7887 590.727 70.4406 520.287
internal_count=2811 2782 65 45 2717 172 144 2545 305 2240
is_linear=0
shrinkage=0.05


Tree=74
num_leaves=12
num_cat=0
split_feature=61 62 15 42 63 16 39 61 21 58 39
split_gain=2.00671 2.41054 4.16457 4.12735 4.30371 8.24165 5.61898 3.73338 4.23591 4.03658 2.94904
threshold=3.1000000000000005 7.2500000000000009 13.833333333333334 0.40858966666666674 14.15 2.5000000000000004 15.300000000000002 7.7250000000000005 -1.4999999999999998 1.4142857142857144 14.550000000000002
decision_type=2 2 2 2 2 2 2 2 2 2 2
left_child=-1 3 7 -2 6 -6 -5 9 -9 -3 -4
right_child=1 2 10 4 5 -7 -8 8 -10 -11 -12
leaf_value=0.024062840814077533 -0.037005313353216468 -0.028002791544167072 0.063221820507477475 -0.00033830135096258522 -0.03613948953038789 0.0099457894410753169 0.038409196515026674 0.017830835458515978 -0.035661669789345395 0.017995187196340173 0.0050816995274555639
leaf_weight=8.0599574297666532 7.538592964410781 4.739382103085517 5.0852883309125883 526.45078632980585 22.570258185267448 15.26629403233528 9.0143492221832258 4.5349150449037543 10.36452781409025 32.897183552384377 5.4549342393875122
leaf_count=35 33 20 24 2257 95 65 38 21 48 150 25
internal_value=0 -0.000306115 0.00888656 -0.00135418 -0.000809982 -0.0170057 0.000302576 0.00248135 -0.0177065 0.0112562 0.0369896
internal_weight=651.976 643.917 63.0762 580.84 573.302 37.8366 535.465 52.536 14.8994 37.6366 10.5402
internal_count=2811 2776 288 2488 2455 160 2295 239 69 170 49
is_linear=0
shrinkage=0.05


Tree=75
num_leaves=16
num_cat=0
split_feature=32 32 10 7 68 17 42 85 80 5 53 72 54 11 85
split_gain=1.97969 4.08721 5.01055 4.67168 4.34764 7.29984 6.61367 5.39545 3.25759 3.22751 3.2463 3.12196 2.9759 2.56212 2.28791
threshold=2.0089983333333339 1.4787672000000003 1.8333333333333337 1.6969883333333335 0.73656790000000016 2.2300580000000005 1.0322498333333334 2.3666666666666667 1.4500000000000002 6.166666666666667 8.6500000000000004 1.5833333333333337 2.8500000000000001 0.83333333333333337 2.1000000000000005
decision_type=2 2 2 2 2 2 2 2 2 2 2 2 2 2 2
left_child=1 4 14 11 5 6 -1 -7 -2 10 -6 -4 -11 -5 -3
right_child=8 2 3 13 9 7 -8 -9 -10 12 -12 -13 -14 -15 -16
leaf_value=-0.056869181143775628 0.0080554956978833043 0.052945955575544747 -0.0298252012578923 0 0 0.034130939867793982 -0.011257942221045742 -0.024246227547813168 -0.037495143697175159 0.00067322973028298731 0.051386366449100288 0.0062052840654797719 -0.025595366903049865 0.040290930215968038 0.0042039871630646947
leaf_weight=11.387045890092848 5.39746469259262 9.4249021708965284 10.642582878470423 5.2797381728887549 5.0153657272458059 10.983221158385279 31.461561769247055 5.128521353006362 8.4563634544610959 507.24616102129221 5.7241277992725372 10.877468615770338 10.508620157837866 9.3026570528745633 4.8693575859069815
leaf_count=48 23 43 45 23 25 51 135 24 36 2172 31 47 45 41 22
internal_value=0 0.000431571 0.0140483 0.00319529 -0.000705016 -0.0135446 -0.024472 0.0138735 -0.0183445 0.000691591 0.0272065 -0.0107506 6.76504e-05 0.0251077 0.038735
internal_weight=651.705 637.851 50.3967 36.1024 587.455 58.9604 42.8486 16.1117 13.8538 528.494 10.7395 21.5201 517.755 14.5824 14.2943
internal_count=2811 2752 221 156 2531 258 183 75 59 2273 56 92 2217 64 65
is_linear=0
shrinkage=0.05


Tree=76
num_leaves=17
num_cat=0
split_feature=49 76 32 78 78 69 50 68 17 42 5 32 31 31 53 2
split_gain=1.98351 2.97048 2.69752 3.90609 4.64936 5.29638 5.20816 3.71231 5.96075 6.01259 3.76011 3.57232 3.02011 2.6573 2.23166 0.740867
threshold=1.8500000000000003 1.1666666666666667 1.4787672000000003 -1.0833333333333328 1.2500000000000002 0.04999999999999992 12.050000000000002 0.73656790000000016 2.2300580000000005 1.0322498333333334 6.166666666666667 1.0820333000000002 2.7208333333333337 1.6016096666666668 8.6500000000000004 13.833333333333334
decision_type=2 2 2 2 2 2 2 2 2 2 2 2 2 2 2 2
left_child=2 -2 7 15 5 -5 -6 8 9 -1 14 -10 -12 -3 -9 -4
right_child=1 13 3 4 6 -7 -8 10 11 -11 12 -13 -14 -15 -16 -17
leaf_value=-0.053874240951234512 0.0055007302892017404 -0.00046708625365884037 0.013267361192797542 -0.017228473540142123 -0.0088529584586440249 0.032391071971480299 0.051715172058981733 0 0.033837425033643433 -0.0097647791662630636 -0.00055703388762094904 -0.01096839204196531 0.019726889228555866 -0.055083387003197606 0.050168345630638371 0.052257788640085838
leaf_weight=11.058921486139296 7.3112070709466961 5.0203647762536985 4.766716852784155 24.71497513353825 4.684420406818389 6.1363644897937766 8.3470309376716596 4.8000986352562887 8.6686722189187986 30.52612279355526 492.51967933028936 7.1437830179929724 18.537822209298611 5.6425914317369461 5.5856248885393143 5.6624716222286224
leaf_count=47 31 21 21 106 20 27 39 24 43 131 2096 31 93 24 31 26
internal_value=0 -0.0161288 0.000491282 0.0111122 0.00376659 -0.0062025 0.0285726 -0.00047085 -0.0125098 -0.0225898 0.000817148 0.0123467 0.000148426 -0.032781 0.0299086 0.0381467
internal_weight=651.127 17.9742 633.153 54.312 43.8828 30.8513 13.0315 578.841 57.3975 41.585 521.443 15.8125 511.058 10.663 10.3857 10.4292
internal_count=2811 76 2735 239 192 133 59 2496 252 178 2244 74 2189 45 55 47
is_linear=0
shrinkage=0.05


Tree=77
num_leaves=16
num_cat=0
split_feature=39 58 39 85 4 38 83 87 28 35 26 88 39 62 60
split_gain=1.91148 3.96242 3.13014 2.78391 5.40997 6.61506 3.39888 5.6702 2.76208 2.52126 2.4823 2.41933 2.39736 2.25153 3.21094
threshold=15.300000000000002 1.7250000000000003 14.900000000000002 2.2250000000000005 4.416666666666667 7.3000000000000016 2.3666666666666667 0.11666666666666667 6.5500000000000007 0.90000000000000013 10.650000000000002 1.0000000180025095e-35 16.300000000000001 4.9500000000000011 15.350000000000003
decision_type=2 2 2 2 2 2 2 2 2 2 2 2 2 2 2
left_child=2 11 3 6 10 -6 8 -8 -1 -4 -5 -2 -13 -3 -15
right_child=1 13 9 4 5 -7 7 -9 -10 -11 -12 12 -14 14 -16
leaf_value=-0.0017234172962653988 0.054707448733595877 0.019994098220878651 0 -0.0050408710143017808 -0.021532102902054436 0.016684214160773522 0.025508352405562054 -0.011674940482441991 0.008517606227619632 -0.049390520986672654 0.037637933553602461 0.034198514656779463 -0.0072309657752713564 -0.042465195880180363 0.005881061006487694
leaf_weight=399.10831470787525 5.6950923651456842 4.9004465490579632 5.4756599664688093 4.0707020014524442 57.610608629882336 12.92480646073818 32.626653604209423 13.436161756515501 78.319179035723209 5.3849694579839706 7.727874755859375 5.6637587547302246 6.0822383910417557 5.9831858873367292 5.4772526174783707
leaf_count=1694 24 22 24 18 249 60 149 61 349 23 38 25 26 25 24
internal_value=0 0.0115134 -0.00061266 -8.35527e-05 -0.00863922 -0.0141093 0.00122132 0.0141165 0 -0.0266239 0.021274 0.0279868 0.0112849 -0.00487401 -0.0179891
internal_weight=650.487 33.802 616.685 605.824 82.334 70.5354 523.49 46.0628 477.427 10.8606 11.7986 17.4411 11.746 16.3609 11.4604
internal_count=2811 146 2665 2618 365 309 2253 210 2043 47 56 75 51 71 49
is_linear=0
shrinkage=0.05


Tree=78
num_leaves=13
num_cat=0
split_feature=2 22 6 48 74 23 81 38 50 74 39 27
split_gain=1.87047 4.07477 2.42213 2.30448 2.48859 8.05541 4.66045 4.53575 5.6962 3.97005 2.23942 1.71181
threshold=22.500000000000004 1.6666666666666667 1.1666666666666667 0.75000000000000011 1.4166666666666667 2.8333333333333339 0.90000000000000013 7.4500000000000011 15.837500000000002 2.166666666666667 10.550000000000002 7.4500000000000011
decision_type=2 2 2 2 2 2 2 2 2 2 2 2
left_child=3 2 -2 -1 5 6 -5 8 -6 -9 -7 -4
right_child=1 -3 11 4 7 10 -8 9 -10 -11 -12 -13
leaf_value=-0.029371220354459174 -0.020948742973906174 -0.045427428014137822 -0.00060044396363686972 -0.022338553715469965 0.0032011930479679557 0.0034293384066418926 -0.0011296770694557935 0.0024679344313952331 0.02385639936475779 -0.032847473194893555 0.060590590622183228 0.036262013052925424
leaf_weight=5.820431873202323 7.4410427063703599 6.6090997755527487 4.8322534114122373 27.872490964829922 166.31608148664236 3.7705800831317884 344.92930893599987 15.883136555552484 42.719348840415478 13.309834644198416 5.94467793405056 4.7078742831945419
leaf_count=25 33 29 22 121 715 20 1467 71 199 59 27 23
internal_value=0 -0.0136427 0 0.000553933 0.000898181 -0.00155056 -0.00281012 0.0049298 0.00758854 -0.0130733 0.0421068 0.0160004
internal_weight=650.156 23.5903 16.9812 626.566 620.745 382.517 372.802 238.228 209.035 29.193 9.71526 9.54013
internal_count=2811 107 78 2704 2679 1635 1588 1044 914 130 47 45
is_linear=0
shrinkage=0.05


Tree=79
num_leaves=14
num_cat=0
split_feature=53 3 56 4 4 12 72 82 32 73 1 43 2
split_gain=1.86525 1.99843 7.34463 6.13663 3.9371 5.60168 5.32785 3.99607 4.34043 3.84584 2.2854 1.87356 0.243711
threshold=16.738888888888891 8.1666666666666696 1.2846565000000003 6.8333333333333348 6.5000000000000009 22.500000000000004 0.83333333333333337 2.8000000000000003 1.2463491666666668 1.8333333333333337 0.50000000000000011 4.5000000000000009 19.833333333333339
decision_type=2 2 2 2 2 2 2 2 2 2 2 2 2
left_child=1 4 3 10 7 6 -6 8 -1 -5 -3 -9 -4
right_child=-2 2 12 9 5 -7 -8 11 -10 -11 -12 -13 -14
leaf_value=-0.001858192124897619 -0.028450007132314721 0 -0.062034032945616761 -0.025106632373121607 -0.02006183423762449 0.063293152445778919 0.013279257399473081 0 0.01078758699850587 0.020063815604382213 0.037902185871842443 -0.042052957293459772 -0.023291014823519977
leaf_weight=415.15428417921066 5.2000903189182273 4.3268421888351432 4.8292746394872648 19.877768307924274 13.51912312209606 4.4579088240861884 69.06411899626255 4.9734423011541349 80.513448908925056 5.1108090579509726 10.335510179400442 7.8695380166172981 4.5973824709653854
leaf_count=1766 22 22 20 89 59 21 309 21 352 25 50 34 21
internal_value=0 0.000276868 -0.00931582 0 0.00111647 0.0109241 0.00743243 -0.00052227 0.000154331 -0.0146749 0.0254912 -0.0275362 -0.0477824
internal_weight=649.83 644.629 49.0776 39.6509 595.552 87.0412 82.5832 508.511 495.668 24.9886 14.6624 12.843 9.42666
internal_count=2811 2789 227 186 2562 389 368 2173 2118 114 72 55 41
is_linear=0
shrinkage=0.05


Tree=80
num_leaves=18
num_cat=0
split_feature=79 18 84 71 14 5 14 52 24 49 83 79 56 21 57 87 82
split_gain=1.99125 6.3091 2.89159 3.92247 5.65926 3.4669 3.07505 2.90971 5.65794 3.32173 2.92807 2.73946 2.57605 2.25553 1.88641 1.67089 0.644161
threshold=-2.1666666666666661 1.096604166666667 0.63333333333333341 0.82142857142857173 5.166666666666667 9.8333333333333339 5.8333333333333348 4.0500000000000007 1.3666666666666669 1.8500000000000003 2.3666666666666667 -1.0000000180025095e-35 1.1915831000000001 -0.33333333333333331 6.5000000000000009 -1.6333333333333331 0.29166666666666669
decision_type=2 2 2 2 2 2 2 2 2 2 2 2 2 2 2 2 2
left_child=1 15 3 6 14 -6 -2 8 -4 10 -9 -11 -10 -8 -5 16 -1
right_child=2 -3 7 4 5 -7 13 9 12 11 -12 -13 -14 -15 -16 -17 -18
leaf_value=0 0 0.064937132003779569 -0.011988038492370599 -0.05051705323345286 -0.027429950570649481 0.013477803827754471 -0.0052456879584167442 -0.00083182475841313936 0.057942457400876113 -0.046218340382369383 0.010323630822272716 0 0.012481165828621124 -0.054897445499067977 -0.0054660158923547407 -0.021582197093389606 0.024349913896011259
leaf_weight=4.8787654042243958 6.8899673670530346 4.3873058632016173 9.0948168784379977 6.123745918273924 5.3248539268970481 33.741723239421844 4.6724586784839657 452.41551291942596 7.026799529790881 6.5167360901832581 66.793252654373646 7.1420176625251752 9.0461821556091291 9.4262907207012123 5.9800948724150658 5.4046365618705758 4.6226122975349426
leaf_count=21 32 21 39 26 23 146 20 1935 33 27 306 31 41 40 27 23 20
internal_value=0 0.0156312 -0.000474383 -0.00988054 -0.00180577 0.00699398 -0.0279033 0.000704917 0.0171517 -4.03561e-05 0.000563709 -0.0239773 0.0350129 -0.0408981 -0.0313422 0 0.0119444
internal_weight=649.488 19.2933 630.194 72.1591 51.1704 39.0666 20.9887 558.035 25.1678 532.868 519.209 13.6588 16.073 14.0987 12.1038 14.906 9.50138
internal_count=2811 85 2726 314 222 169 92 2412 113 2299 2241 58 74 60 53 64 41
is_linear=0
shrinkage=0.05


Tree=81
num_leaves=12
num_cat=0
split_feature=18 18 58 60 36 66 66 77 40 21 37
split_gain=1.83499 3.03667 3.37095 2.5817 4.19735 4.13521 3.99772 3.97692 2.28607 1.34613 0.99499
threshold=2.5063925000000005 1.9802580833333334 1.4142857142857144 11.100000000000001 11.300000000000002 1.5426039000000002 0.94146640000000026 1.8333333333333337 2.6750000000000003 0.75000000000000022 3.9000000000000004
decision_type=2 2 2 2 2 2 2 2 2 2 2
left_child=1 3 -3 7 6 -6 -5 8 -1 -4 -9
right_child=-2 2 9 4 5 -7 -8 10 -10 -11 -12
leaf_value=0.012383162190557181 0.025046267010790314 0.0010456846896769198 -0.01190832141662551 0.0048240018954741294 -0.00017016574784455826 0.024081548907511498 -0.033833328109181611 -0.022530224495239184 0.058618755585824189 -0.056300785532592934 0.0060792443731104142
leaf_weight=9.0316212028265017 6.7350262552499762 8.7771026045084017 5.4210236817598325 8.9564350396394747 555.20705737173557 17.599785983562469 17.102388694882393 4.9098860472440702 5.3805218040943137 5.3448465615510941 4.5164153277873993
leaf_count=38 29 38 23 39 2402 80 74 21 23 24 20
internal_value=0 -0.000275611 -0.0194521 0.000301233 -0.000306359 0.000551726 -0.0197648 0.016285 0.0327076 -0.0376872 -0.00668828
internal_weight=648.982 642.247 19.543 622.704 598.866 572.807 26.0588 23.8384 14.4121 10.7659 9.4263
internal_count=2811 2782 85 2697 2595 2482 113 102 61 47 41
is_linear=0
shrinkage=0.05


Tree=82
num_leaves=10
num_cat=0
split_feature=61 47 64 11 55 56 31 52 22
split_gain=1.85269 2.17505 4.94527 4.92679 4.04587 3.91183 3.11832 6.74402 2.5994
threshold=3.1000000000000005 -0.34999999999999981 1.5500000000000003 1.8333333333333337 1.0181313000000001 1.3780426000000003 1.2329576666666668 4.5500000000000007 -1.1666666666666663
decision_type=2 2 2 2 2 2 2 2 2
left_child=-1 2 -2 5 -3 -4 7 -6 -8
right_child=1 4 3 -5 6 -7 8 -9 -10
leaf_value=0.023231948110501045 0.023181777627099307 0.034229922191194008 -0.063431988356769206 0.010319096708190043 0.019997854994147326 -0.0039713044432807595 -0.027620806670501076 -0.029826950676725972 0.0010475506891612278
leaf_weight=7.9771006107330313 5.5046980232000378 8.1463835239410383 8.4469799995422381 5.0842740684747687 8.5432087033987063 5.487457573413848 7.4790380895137778 22.93379034101963 569.19355751574039
leaf_count=35 25 35 36 22 38 24 33 100 2463
internal_value=0 -0.000296626 -0.0147653 -0.0273419 0.000250077 -0.0426967 -0.000191766 -0.0154209 0.000608822
internal_weight=648.796 640.819 24.5234 19.0187 616.296 13.9344 608.15 31.477 576.673
internal_count=2811 2776 107 82 2669 60 2634 138 2496
is_linear=0
shrinkage=0.05


Tree=83
num_leaves=19
num_cat=0
split_feature=79 18 84 71 14 5 62 80 22 59 53 65 7 0 36 21 87 86
split_gain=1.80713 5.87958 2.62547 3.51511 5.15863 3.83816 2.97906 2.56972 6.12955 3.32879 5.60567 4.1854 3.21553 2.60788 1.9311 1.54972 1.53623 1.88185
threshold=-2.1666666666666661 1.096604166666667 0.63333333333333341 0.82142857142857173 5.166666666666667 9.1666666666666696 4.8285714285714292 2.5500000000000003 1.166666666666667 0.63333333333333341 13.950000000000001 2.0051585000000003 1.8585025000000004 1.8333333333333337 13.700000000000001 -0.33333333333333331 -1.6333333333333331 -2.8499999999999996
decision_type=2 2 2 2 2 2 2 2 2 2 2 2 2 2 2 2 2 2
left_child=1 16 3 6 14 -6 -2 9 13 10 -4 -11 -10 -9 -5 -8 17 -1
right_child=2 -3 7 4 5 -7 15 8 12 11 -12 -13 -14 -15 -16 -17 -18 -19
leaf_value=-0.0061878769276278263 0.002719910452568025 0.063149435733165324 -0.005717331529173331 0 -0.03058136656891048 0.013304875190247282 -0.0089717967958012849 0.03765741729106814 -0.041441617694624129 -0.00060165894633186891 -0.057196605781677692 0.014132243916135363 0.0014059807824717083 0.0078505698568516139 -0.045208945061414554 -0.049072115368576537 -0.020711161589285293 0.03368140085244864
leaf_weight=4.8660731464624405 4.9566405564546612 4.2864191532135001 63.446808159351349 4.6445181369781476 5.099478915333747 33.893370121717453 5.6660408526659038 16.97660967707634 5.644068822264674 382.1719523742795 5.5222949236631385 54.283397905528545 11.65874110907316 17.743797764182091 7.4037395268678665 10.237856805324549 5.412988856434823 4.6156119778752327
leaf_count=21 23 21 278 20 22 147 24 79 25 1619 24 252 55 80 33 45 23 20
internal_value=0 0.0149327 -0.000452975 -0.00943409 -0.0017585 0.0066179 -0.0265634 0.000668051 0.0112107 -0.000377696 -0.0105811 0.00118771 -0.0119377 0.0234622 -0.0300436 -0.0370186 0 0.0114306
internal_weight=648.53 19.1811 629.349 71.9016 51.0411 38.9928 20.8605 557.448 52.0232 505.424 68.9691 436.455 17.3028 34.7204 12.0483 15.9039 14.8947 9.48169
internal_count=2811 85 2726 314 222 169 92 2412 239 2173 302 1871 80 159 53 69 64 41
is_linear=0
shrinkage=0.05


Tree=84
num_leaves=14
num_cat=0
split_feature=58 69 85 48 45 44 4 26 79 57 34 2 59
split_gain=1.82417 2.27663 4.42196 8.72951 5.37462 4.6026 3.20687 5.41209 3.5717 4.65015 3.76942 3.54915 3.03003
threshold=3.6500000000000008 -1.1499999999999997 1.3666666666666669 1.7250000000000003 -1.6999999999999995 0.30238039999999983 2.8333333333333335 12.900000000000002 1.0833333333333337 7.5000000000000009 3.5000000000000004 10.833333333333334 0.73888888888888904
decision_type=2 2 2 2 2 2 2 2 2 2 2 2 2
left_child=1 2 4 5 -1 -4 7 11 10 -10 -8 -3 -5
right_child=-2 6 3 12 -6 -7 8 -9 9 -11 -12 -13 -14
leaf_value=0.04312505060426039 0.027796494577830462 0.016037292430618275 0.0017479038845775929 0.037052520380935004 -0.019643541638834694 -0.043449819860761872 0.0020129511729745941 0.047481143271011259 -0.034849440344803542 -0.003400706256510515 -0.028040743571413253 -0.029937140085057282 -0.010862957873933191
leaf_weight=6.9955953359603882 5.3508822172880164 12.297300472855573 6.0131407976150504 6.9716609716415388 5.2257383614778501 22.753036126494411 480.55548104643822 9.1453205868601781 15.188894614577292 57.114626660943031 10.088014721870421 5.7277159616351119 4.4819579571485519
leaf_count=31 25 56 27 31 22 98 2071 46 62 252 45 25 20
internal_value=0 -0.000248696 -0.0102086 -0.0184488 0.0146034 -0.0332792 0.000601964 0.0172302 -0.000170796 -0.0105445 0.0013162 0 0.016541
internal_weight=647.909 642.558 52.4411 40.2198 12.2213 28.7662 590.117 27.1703 562.947 72.3035 490.643 18.025 11.4536
internal_count=2811 2786 229 176 53 125 2557 127 2430 314 2116 81 51
is_linear=0
shrinkage=0.05


Tree=85
num_leaves=19
num_cat=0
split_feature=39 63 83 69 17 62 41 14 16 66 11 54 73 40 34 17 7 84
split_gain=1.78772 5.22411 3.82656 4.12598 2.84793 5.33849 4.77453 5.67453 4.54731 3.70555 4.30802 4.01276 3.51695 2.56535 2.12781 1.82183 1.81462 0.655855
threshold=15.300000000000002 13.844444444444447 1.1000000000000003 1.0000000180025095e-35 1.7745747500000004 6.3375000000000012 1.1585438000000001 6.8333333333333348 0.83333333333333337 1.5003545 2.416666666666667 0.8500000000000002 1.1666666666666667 2.2250000000000005 1.2666666666666668 1.3958779166666668 1.8972500000000003 1.1000000000000003
decision_type=2 2 2 2 2 2 2 2 2 2 2 2 2 2 2 2 2 2
left_child=4 15 -3 13 5 6 7 -1 -8 10 11 -6 -7 -4 -14 -2 17 -11
right_child=1 2 3 -5 9 12 8 -9 -10 16 -12 -13 14 -15 -16 -17 -18 -19
leaf_value=0.016414966299942619 0.0087709861592574333 0.02708859125599903 -0.053661221894037547 0.01882122014287067 -0.024873997306517431 -0.015747082367119612 -0.063783528195913639 -0.038422582943588142 -0.014170097609906843 0.04664561498042169 -0.043994835288306527 0.0016130519629165394 0 -0.0015703238503429664 0.044290157225005559 0.060520795465462518 0 0.014798316325971009
leaf_weight=23.648824930191044 4.5193042010068876 7.2912767976522472 5.9793821126222628 4.9207598865032187 14.214996039867399 4.8075122982263592 4.8954117000102988 5.2293712347745887 76.031179010868073 6.0624907687306422 4.9465875625610343 447.21734347939491 5.0135423988103858 5.423873633146286 8.7362900301814062 5.356918640434742 5.7688134834170333 7.4218934923410416
leaf_count=101 20 32 25 22 64 22 21 22 328 28 21 1933 22 23 40 24 29 34
internal_value=0 0.0111668 -0.000784313 -0.015155 -0.000612672 -0.00724689 -0.01158 0.00514888 -0.0178516 0.00109511 0.00014254 0.000716924 0.0167116 -0.0320916 0.0299692 0.0408135 0.0223162 0.0320602
internal_weight=647.486 33.4915 23.6153 16.324 613.994 128.362 109.805 28.8782 80.9266 485.632 466.379 461.432 18.5573 11.4033 13.7498 9.87622 19.2532 13.4844
internal_count=2811 146 102 70 2665 556 472 123 349 2109 2018 1997 84 48 62 44 91 62
is_linear=0
shrinkage=0.05


Tree=86
num_leaves=19
num_cat=0
split_feature=54 81 55 20 54 48 65 29 24 29 10 41 79 50 73 6 26 1
split_gain=1.72189 6.06062 3.67741 2.66225 3.02219 5.25353 6.02749 4.57119 3.92452 4.47751 4.01538 2.70087 2.28358 5.08146 1.83835 1.46763 2.24647 0.988861
threshold=2.5500000000000003 1.3666666666666669 1.4967269000000003 1.6130228333333334 1.8444444444444448 2.0500000000000003 1.9900389000000003 14.900000000000002 2.2250000000000005 11.675000000000002 0.50000000000000011 2.0196056666666666 -1.0000000180025095e-35 13.65 0.83333333333333337 3.166666666666667 13.675000000000002 0.83333333333333337
decision_type=2 2 2 2 2 2 2 2 2 2 2 2 2 2 2 2 2 2
left_child=3 12 -3 4 8 7 -7 -6 10 -10 -1 17 -2 -14 -13 16 -4 -5
right_child=1 2 15 11 5 6 -8 -9 9 -11 -12 14 13 -15 -16 -17 -18 -19
leaf_value=0.030172412569897306 -0.010546857139069866 0.0012470804355458128 0 0.053024846093724709 0.0057691038021382172 0.034828664337613183 -0.016902760484941222 -0.031299838335133959 -0.016165271667097272 0.011370498162437384 -0.00017752503450531984 -0.018461771964796491 0.048767651512475294 -0.0082115764430803883 0.018785293556907393 -0.06282401740825598 -0.043669713134009816 0.0099971466932110634
leaf_weight=10.673882424831389 8.0390689074993151 6.0489719063043621 4.6695377528667432 5.0798724740743655 46.120854496955872 26.541401475667953 6.0686576962470999 9.5898268818855268 74.819379210472107 16.88230150192976 391.14733449369669 5.5512449741363508 7.2803830057382566 6.3850942403078079 6.678997591137886 5.8835266083478919 5.2292958050966263 4.4012916684150696
leaf_count=46 36 26 21 26 204 124 28 41 334 77 1656 26 33 29 36 25 22 21
internal_value=0 -0.00953812 -0.0281153 0.000703007 1.1404e-05 0.0085446 0.0243366 -0.000388706 -0.00147219 -0.0107906 0.00060304 0.0176942 0.00823404 0.0210295 0 -0.0405973 -0.0225969 0.0370569
internal_weight=647.091 43.5359 21.8313 603.555 581.844 88.3207 32.6101 55.7107 493.523 91.7017 401.821 21.7114 21.7045 13.6655 12.2302 15.7824 9.89883 9.48116
internal_count=2811 192 94 2619 2510 397 152 245 2113 411 1702 109 98 62 62 68 43 47
is_linear=0
shrinkage=0.05


Tree=87
num_leaves=10
num_cat=0
split_feature=25 80 80 84 80 65 80 15 52
split_gain=1.73958 2.22943 3.95686 3.03926 2.66026 14.4023 3.21654 2.62108 1.75449
threshold=2.5000000000000004 3.1000000000000005 2.9000000000000004 1.3666666666666669 2.5500000000000003 1.8506265000000002 2.2250000000000005 11.41666666666667 6.1214285714285728
decision_type=2 2 2 2 2 2 2 2 2
left_child=1 2 4 -4 6 -6 -1 8 -3
right_child=-2 7 3 -5 5 -7 -8 -9 -10
leaf_value=0.00036057682434224977 -0.025388340486949396 -0.012112359563510989 -0.057015157373277309 -0.00057544694983535725 -0.049556861433163041 0.032026873940077298 -0.01732547674416577 0.046105892008309814 0.023558160997242436
leaf_weight=554.50748755782843 6.172672063112258 6.766472592949869 4.8680767416954023 6.007355660200119 6.2174135074019459 24.965020097792149 26.380431264638901 5.1812258511781684 5.6177691072225571
leaf_count=2393 27 30 21 27 27 118 116 25 27
internal_value=0 0.000273503 -0.000188836 -0.0294324 0.00031356 0.0144456 -0.000413826 0.0176053 0.00241452
internal_weight=646.684 640.511 622.946 10.8754 612.07 31.1824 580.888 17.5655 12.3842
internal_count=2811 2784 2702 48 2654 145 2509 82 57
is_linear=0
shrinkage=0.05


Tree=88
num_leaves=17
num_cat=0
split_feature=39 39 86 30 85 51 32 83 41 74 63 12 22 41 45 83
split_gain=1.74471 5.25714 3.84715 3.86226 7.31036 4.04962 3.83718 3.73889 4.00184 3.76874 2.61709 4.18028 3.4234 1.34828 1.0836 0.654154
threshold=9.3000000000000025 10.550000000000002 -3.3666666666666658 1.1000000000000003 1.7083333333333337 6.3500000000000005 0.99260216666666667 2.7333333333333338 2.2943770000000003 0.58333333333333337 10.850000000000003 13.500000000000002 0.83333333333333326 1.8376716666666668 -1.0000000180025095e-35 2.5500000000000003
decision_type=2 2 2 2 2 2 2 2 2 2 2 2 2 2 2 2
left_child=6 7 15 4 -4 -5 14 8 9 -2 11 13 -13 -8 -1 -3
right_child=1 2 3 5 -6 -7 10 -9 -10 -11 -12 12 -14 -15 -16 -17
leaf_value=0.049432282615982544 0.01090086200359348 -0.009950424961693554 -0.02352443250509928 0.0010550873403992003 0.012326351988846924 0.014851311364553883 -0.034808675037951466 0.017759229997081887 -0.054388863697454215 -0.021391117639374516 -0.026502612088204616 -0.0076370590725972328 0.027266729767363704 0 0.011131163722644577 -0.043334203507221482
leaf_weight=5.7924821153283119 10.727222725749014 6.2347064763307554 38.464849054813385 395.8144543915987 20.988294951617718 62.007870718836784 5.5106105208396894 6.5329390317201605 7.1471971571445456 34.199288435280323 6.5219835788011542 8.6648683995008486 21.328976050019264 5.5000698864459991 6.2007582783699018 4.7466721534729004
leaf_count=30 46 26 168 1671 96 291 24 30 32 147 28 40 105 24 33 20
internal_value=0 -0.00082666 0.000709859 0.00139002 -0.0104541 0.00299237 0.00812311 -0.014988 -0.0197017 -0.0130952 0.00108083 0.00633688 0.0164037 -0.0184353 0.0328689 -0.0278167
internal_weight=646.383 586.863 528.257 517.275 59.4531 457.822 59.5197 58.6066 52.0737 44.9265 47.5265 41.0045 29.9938 11.0107 11.9932 10.9814
internal_count=2811 2527 2272 2226 264 1962 284 255 225 193 221 193 145 48 63 46
is_linear=0
shrinkage=0.05


Tree=89
num_leaves=8
num_cat=0
split_feature=61 70 55 75 31 52 66
split_gain=1.67694 2.03277 2.25762 3.38556 2.26143 5.96038 2.68002
threshold=3.1000000000000005 -0.74999999999999978 1.0181313000000001 1.5833333333333337 1.2329576666666668 4.5500000000000007 0.49361308000000009
decision_type=2 2 2 2 2 2 2
left_child=-1 -2 3 -3 5 -4 -6
right_child=1 2 4 -5 6 -7 -8
leaf_value=0.022185163585473875 -0.030715214030589574 0.052980921901735839 0.019244230192197599 -0.0015835019053517703 0.032359410007882748 -0.025980231245937881 -2.6295605896397153e-05
leaf_weight=7.9076173305511466 4.944225162267684 4.4857827275991422 9.2040691673755628 4.640229120850563 5.9438331127166739 24.705319061875343 583.99490769952536
leaf_count=35 22 20 41 20 28 108 2537
internal_value=0 -0.000291584 0 0.0239987 -0.000400327 -0.0128771 0.000284787
internal_weight=645.826 637.918 632.974 9.12601 623.848 33.9094 589.939
internal_count=2811 2776 2754 40 2714 149 2565
is_linear=0
shrinkage=0.05


Tree=90
num_leaves=16
num_cat=0
split_feature=62 31 3 2 86 42 82 10 65 81 82 74 24 78 37
split_gain=1.6493 4.18156 7.33074 4.07919 5.36174 3.24941 3.16422 5.04066 6.71351 4.6635 3.87367 4.42716 4.0163 1.98101 0.0609948
threshold=7.2500000000000009 1.5750461666666669 4.8333333333333348 14.833333333333334 -0.56666666666666632 0.43827430000000006 0.36666666666666675 1.8333333333333337 1.7150569000000002 2.9000000000000004 0.90000000000000013 1.5833333333333337 1.4500000000000002 0.3333333333333332 6.4500000000000011
decision_type=2 2 2 2 2 2 2 2 2 2 2 2 2 2 2
left_child=5 14 -3 -4 -5 13 7 8 -7 -9 12 -12 -8 -1 -2
right_child=1 2 3 4 -6 6 10 9 -10 -11 11 -13 -14 -15 -16
leaf_value=-0.0040613038130319131 0.052180376162147518 -0.044539482422110581 0.050638172658085928 0.020544798264707592 -0.014537895070679549 -0.016115835812503261 -0.014715369984343002 -0.032293839907609659 0.046880785532555688 0.00084324734088800943 -0.0066194993438286488 0.0036558260393848591 0.014107587520704297 -0.051934843590001084 0.01826521444192182
leaf_weight=6.3382493853569013 4.0998642742633802 6.6895007342100135 4.9350484758615485 22.371576607227322 19.756418094038967 8.349084258079527 12.869312658905981 27.776612520217896 7.1116901338100424 14.671987831592558 195.27390917390585 222.74613043665886 83.914426952600479 4.4391138106584549 4.3082066774368286
leaf_count=28 19 30 25 105 88 35 56 115 31 61 838 981 357 20 22
internal_value=0 0.00771228 0.00194296 0.00947431 0.00352834 -0.000823722 -0.000256033 -0.011319 0.011856 -0.0203817 0.000949679 -0.00108663 0.00996209 -0.0274252 0.0396097
internal_weight=645.651 62.1606 53.7525 47.063 42.128 583.491 572.713 57.9094 15.4608 42.4486 514.804 418.02 96.7837 10.7774 8.40807
internal_count=2811 289 248 218 193 2522 2474 242 66 176 2232 1819 413 48 41
is_linear=0
shrinkage=0.05


Tree=91
num_leaves=15
num_cat=0
split_feature=4 54 52 51 85 27 29 46 80 80 73 31 54 53
split_gain=1.6462 4.25248 3.32925 5.38392 8.41433 3.96692 2.89002 8.24587 5.34155 5.05474 4.10045 3.64258 3.82934 3.63401
threshold=4.416666666666667 0.72500000000000009 4.0500000000000007 4.5500000000000007 1.7750000000000001 4.5500000000000007 12.900000000000002 1.2 0.90000000000000013 2.1000000000000005 1.1666666666666667 1.9582900000000001 1.5500000000000003 9.3500000000000032
decision_type=2 2 2 2 2 2 2 2 2 2 2 2 2 2
left_child=6 -2 -3 4 -4 -5 8 9 -1 10 -8 13 -13 -10
right_child=1 2 3 5 -6 -7 7 -9 11 -11 -12 12 -14 -15
leaf_value=0.054469681841816525 -0.039852033582542523 0.03123788520801293 0 0.021374982244441162 -0.053925882373088832 -0.00071914552816565122 0 0.042681676540424054 -0.01976550046606141 0.027202581762707859 -0.042575032669009027 0.017899207256104995 -0.029474479080228596 0.023666728289181538
leaf_weight=6.5944826006889334 6.483816757798194 7.5959420353174201 17.988883286714557 20.67919809371233 11.549354553222654 487.4305003657937 11.035375744104391 6.7989664971828452 4.7424873858690253 4.6723509877920142 14.420588016510008 5.8125301152467754 10.671891413629053 28.733972668647766
leaf_count=31 28 34 78 94 52 2096 47 33 21 21 62 29 51 134
internal_value=0 -0.00103613 -0.000492651 -0.00101601 -0.0215916 0.000151023 0.00612224 -0.00422167 0.0132922 -0.0161464 -0.0254369 0.00687574 -0.0112631 0.0165777
internal_weight=645.21 551.728 545.244 537.648 29.5382 508.11 93.4826 36.9273 56.5554 30.1283 25.456 49.9609 16.4844 33.4765
internal_count=2811 2382 2354 2320 130 2190 429 163 266 130 109 235 80 155
is_linear=0
shrinkage=0.05


Tree=92
num_leaves=17
num_cat=0
split_feature=79 15 34 85 81 41 4 83 87 48 38 69 8 29 6 86
split_gain=1.60872 3.07424 2.72678 2.52293 6.46116 5.65772 4.44084 2.99408 4.50214 3.38862 2.79395 2.59569 2.39261 5.87963 2.61804 0.238646
threshold=-2.1666666666666661 10.41666666666667 1.7750000000000001 2.3666666666666667 0.45000000000000007 1.4608391333333335 3.8333333333333335 2.2250000000000005 0.11666666666666667 1.7750000000000001 5.5500000000000007 0.19999999999999976 1.7581250000000004 13.900000000000002 3.8333333333333335 -2.6833333333333331
decision_type=2 2 2 2 2 2 2 2 2 2 2 2 2 2 2 2
left_child=1 -1 -3 7 -5 11 -7 12 9 -9 -10 -6 14 -14 -2 -4
right_child=3 2 15 4 5 6 -8 8 10 -11 -12 -13 13 -15 -16 -17
leaf_value=0.049663535579841565 -0.00055792939800749445 0.031891257330510202 -0.019510006263471151 0.036668638927614794 -0.068833555762052787 0.032953861640365768 -0.012126781470329858 -0.0039305927485896132 0.017482764914400591 0.030434290465535942 -0.025741640409882451 -0.0091686733984333111 0.023566230775628083 -0.030773337862560635 -0.019853447581781092 0
leaf_weight=4.1905700191855457 454.25981304049492 4.7616037726402274 4.9720713198184967 6.2273518145084372 5.9605120122432691 5.4019106328487387 51.099409364163876 7.873162016272544 4.7976066768169394 27.388798490166664 9.7299125492572767 4.3000417202711105 25.30613632500172 5.3726951926946631 17.983434960246086 5.0467333644628507
leaf_count=22 1950 21 21 30 26 26 227 35 22 128 44 20 115 23 80 21
internal_value=0 0.0141603 0.00116252 -0.000433372 -0.0091615 -0.0140489 -0.00712692 0.000681283 0.0123315 0.0221147 -0.00969674 -0.0477401 -0.000433538 0.0129072 -0.00136582 -0.0118868
internal_weight=644.672 18.971 14.7804 625.701 72.9892 66.7619 56.5013 552.712 49.7895 35.262 14.5275 10.2606 502.922 30.6788 472.243 10.0188
internal_count=2811 85 63 2726 329 299 253 2397 229 163 66 46 2168 138 2030 42
is_linear=0
shrinkage=0.05


Tree=93
num_leaves=18
num_cat=0
split_feature=32 65 35 56 8 8 80 26 82 22 81 84 87 32 59 83 85
split_gain=1.62491 3.52245 3.03273 2.40399 2.40029 8.00043 3.01498 2.51363 3.66059 3.63919 4.61074 4.40311 2.52996 1.98467 3.12214 0.863652 0.53992
threshold=0.70315163333333341 1.8519426000000003 0.63333333333333341 0.60002820000000001 0.65152250000000012 0.58299391666666678 1.5500000000000003 15.450000000000001 2.8000000000000003 1.4166666666666672 1.7750000000000001 0.63333333333333341 0.68333333333333346 0.5683214000000002 1.1833333333333336 1.3666666666666669 1.5500000000000003
decision_type=2 2 2 2 2 2 2 2 2 2 2 2 2 2 2 2 2
left_child=1 2 -1 -3 5 6 -2 8 12 11 -11 -9 -6 14 -4 -15 -10
right_child=4 3 13 -5 7 -7 -8 9 16 10 -12 -13 -14 15 -16 -17 -18
leaf_value=-0.024194157848383288 -0.019954054955405944 0 0.012482023280082603 0.05187964060669023 -0.0026873764708873538 -0.057463787624045075 0.027035233886709316 -0.017567606207636612 -0.040528798568427921 -0.017011170794223242 0.028879878446323278 0.017308441732753085 0.0069844209721189364 0.035312513129985838 -0.036397295217229488 0.0015024151010101777 -0.007698367601321374
leaf_weight=8.3149936348199827 5.219071142375471 4.2312286123633367 9.3626198619604128 6.4079677686095238 379.24021924287081 7.3468991518020621 7.2030982971191406 9.3260062485933286 6.2741358131170255 25.469772845506672 6.1792253851890555 67.848122626543045 81.017154276371002 7.1105379611253721 4.2663767784833899 4.7843277081847191 4.6263185292482376
leaf_count=37 23 24 46 38 1611 31 34 41 26 114 31 312 346 35 19 23 20
internal_value=0 0.00916936 0.000379668 0.0336095 -0.000683788 -0.017602 0.00535022 -4.9386e-05 -0.0016753 0.0067369 -0.00696386 0.0126861 -0.000924901 0.00965686 -0.00179615 0.0243396 -0.0297367
internal_weight=644.228 44.4781 33.8389 10.6392 599.75 19.7691 12.4222 579.981 471.158 108.823 31.649 77.1741 460.257 25.5239 13.629 11.8949 10.9005
internal_count=2811 222 160 62 2589 88 57 2501 2003 498 145 353 1957 123 65 58 46
is_linear=0
shrinkage=0.05


Tree=94
num_leaves=13
num_cat=0
split_feature=58 69 53 85 48 13 4 26 79 57 79 2
split_gain=1.61189 1.9189 3.99245 3.03865 6.63328 3.64512 2.87737 4.81934 3.30246 4.09391 3.56961 3.10454
threshold=3.6500000000000008 -1.1499999999999997 10.725000000000001 1.3666666666666669 1.7250000000000003 7.166666666666667 2.8333333333333335 12.900000000000002 1.0833333333333337 7.5000000000000009 0.4166666666666668 10.833333333333334
decision_type=2 2 2 2 2 2 2 2 2 2 2 2
left_child=1 2 -1 5 -5 -4 7 11 10 -10 -8 -3
right_child=-2 6 3 4 -6 -7 8 -9 9 -11 -12 -13
leaf_value=-0.039358760032785524 0.026321772983521997 0.015329376246495045 0.042655014925062885 -0.025522521991118444 0.023228085075719222 -0.010397067738871373 -0.00078955047677547801 0.045579595149424758 -0.032966696712041568 -0.0034021619476608312 0.0099823391223751081 -0.027811227149750834
leaf_weight=8.7960121780633909 5.2649670839309684 12.126468062400823 6.470549136400221 22.743176601827148 9.054880425333975 4.6413941085338593 393.7867513820529 8.8353557139635068 15.222789630293844 56.788596451282501 94.212203949689865 5.6984376385807982
leaf_count=39 25 56 29 100 41 20 1703 46 62 252 413 25
internal_value=0 -0.0002359 -0.00944889 -0.00235912 -0.0107215 0.018849 0.000540862 0.0164458 -0.000185712 -0.0101809 0.00124696 0
internal_weight=643.642 638.377 51.706 42.91 31.7981 11.1119 586.671 26.6603 560.01 72.0114 487.999 17.8249
internal_count=2811 2786 229 190 141 49 2557 127 2430 314 2116 81
is_linear=0
shrinkage=0.05


Tree=95
num_leaves=22
num_cat=0
split_feature=49 80 49 22 2 60 87 51 49 52 0 22 32 56 50 3 27 38 69 51 74
split_gain=1.61678 5.29344 5.48071 4.78487 6.96988 6.8683 4.40288 4.19396 3.80452 3.29426 2.90417 3.10796 2.63456 3.14721 2.57678 5.98645 4.3155 4.17884 3.55616 3.03936 1.5403
threshold=0.77500000000000013 1.6333333333333335 0.53571428571428581 0.83333333333333326 13.833333333333334 15.65 1.3750000000000002 6.8166666666666673 0.53571428571428581 5.5500000000000007 1.4166666666666667 1.8333333333333337 0.70315163333333341 0.69553250000000011 16.828571428571433 8.1666666666666696 8.3000000000000025 3.9000000000000004 0.49999999999999972 5.8166666666666673 2.166666666666667
decision_type=2 2 2 2 2 2 2 2 2 2 2 2 2 2 2 2 2 2 2 2 2
left_child=1 3 6 5 -5 8 9 -6 -1 -3 -4 -12 13 -2 15 18 -17 -16 -14 -19 -15
right_child=12 2 10 4 7 -7 -8 -9 -10 -11 11 -13 14 20 17 16 -18 19 -20 -21 -22
leaf_value=-0.013992060833245144 -0.0046127786600074624 0.034441796249519117 0.048302761627521555 0.034758573880364407 -0.02702275455856833 0.0060315908201982174 -0.049487650972986165 0.012626343376912867 -0.079930843702275239 -0.010532358165688524 -0.00036747663958280641 0.040147770391131175 -0.00098524053710678512 0.045183622064130208 -0.032458734817705878 -0.05164590710627355 0.003190700499857087 0.046787591433060868 0.015988927622671394 0.0094938719272061739 0.0016268927182508997
leaf_weight=4.7877796739339846 7.2960517331957844 4.8008423224091592 7.007995247840884 7.6731443926692 24.122443608939651 5.1701149046421042 5.1891191303730002 7.8334365338087073 7.5113650858402252 17.05697313696146 16.267217829823498 5.5763919726014128 413.21627425402403 8.6886025667190534 4.1830840408802024 9.221638008952139 4.3126684725284568 6.7078042775392523 32.79245638102293 39.54192628711462 4.2574324756860724
leaf_count=21 37 24 32 36 102 24 23 36 32 79 72 29 1754 45 18 41 20 31 147 186 22
internal_value=0 -0.00541547 0.00516967 -0.0161672 -0.00563329 -0.0378503 -0.0103056 -0.0164884 -0.057765 0 0.0204571 0.00952362 0.00115939 0.0186554 0.000398364 -0.000732598 -0.0328999 0.0111005 0.000223289 0.0158801 0.033312
internal_weight=643.215 112.997 55.8985 57.0983 39.629 17.4693 27.0469 31.9559 12.2991 21.8578 28.8516 21.8436 530.218 20.2421 509.976 459.543 13.5343 50.4328 446.009 46.2497 12.946
internal_count=2811 510 259 251 174 77 126 138 53 103 133 101 2301 104 2197 1962 61 235 1901 217 67
is_linear=0
shrinkage=0.05


Tree=96
num_leaves=12
num_cat=0
split_feature=18 18 76 66 65 10 59 12 59 10 49
split_gain=1.57112 2.64234 3.08721 2.11945 4.57533 3.72364 2.82908 8.62324 4.14052 2.04109 1.04991
threshold=2.5063925000000005 1.9802580833333334 1.1666666666666667 1.5426039000000002 1.5896603500000004 1.5000000000000002 1.2250000000000003 17.500000000000004 1.1833333333333336 1.5000000000000002 0.95000000000000007
decision_type=2 2 2 2 2 2 2 2 2 2 2
left_child=1 3 -3 6 5 -5 8 -8 -1 -4 -6
right_child=-2 2 9 4 10 -7 7 -9 -10 -11 -12
leaf_value=-0.00013544209424573255 0.023309738607629724 0.0013920926335854128 -0.056815222046666329 0.020349748748858587 0.010453923097664367 -0.029508289661751209 -0.017199099120477703 0.023330698415524525 0.017467845225379652 -0.0065133718055615103 0.050701592997130951
leaf_weight=475.58023615181446 6.6528847217559806 8.6702047660946864 5.4349508285522443 6.5975939631462115 4.8966797441244108 7.0455081462860107 65.096124716103077 15.513875454664229 35.228089883923531 5.2274184674024582 6.7247236222028732
leaf_count=2069 29 38 23 28 23 30 280 72 161 24 34
internal_value=0 -0.000254828 -0.0182394 0.000282789 0.0143415 -0.00376302 -0.000287148 -0.00899494 0.00104558 -0.0357899 0.0369364
internal_weight=642.668 636.015 19.3326 616.683 25.2645 13.6431 591.418 80.61 510.808 10.6624 11.6214
internal_count=2811 2782 85 2697 115 58 2582 352 2230 47 57
is_linear=0
shrinkage=0.05


Tree=97
num_leaves=12
num_cat=0
split_feature=53 30 62 28 0 7 28 12 25 66 24
split_gain=1.59846 1.68829 2.83728 3.09043 2.58063 5.50817 5.4669 5.42784 3.65655 3.0661 1.17788
threshold=16.738888888888891 3.4500000000000006 5.9500000000000011 6.4500000000000011 1.4166666666666667 1.5009089166666671 5.4500000000000011 21.500000000000004 1.6333333333333335 0.49361308000000009 1.4500000000000002
decision_type=2 2 2 2 2 2 2 2 2 2 2
left_child=1 4 -3 10 7 6 -6 8 -1 -7 -4
right_child=-2 2 3 -5 5 9 -8 -9 -10 -11 -12
leaf_value=0.00014399737344886294 -0.026572624509139817 -0.044705330087976836 0 -0.034048447276735325 0 0.036103871453119052 -0.042345382906135903 0.049681565804968561 0.023334561806334801 -1.3596554295994349e-05 0.03223394904685685
leaf_weight=101.67795928567648 5.1047019213438025 5.0127842575311687 4.8100439310073835 4.4024906307458869 13.473646841943266 5.436175473034381 14.971494644880293 6.6690075546503058 20.47844959795475 456.03067409992218 4.3002087324857712
leaf_count=451 22 23 21 20 61 26 63 32 90 1982 20
internal_value=0 0.000246131 -0.0143627 -0.000128931 0.000735147 -0.000877167 -0.0220515 0.00703964 0.00431479 0.000396374 0.0145798
internal_weight=642.368 637.263 18.5255 13.5127 618.737 489.912 28.4451 128.825 122.156 461.467 9.11025
internal_count=2811 2789 84 61 2705 2132 124 573 541 2008 41
is_linear=0
shrinkage=0.05


Tree=98
num_leaves=11
num_cat=0
split_feature=25 4 69 28 87 54 28 79 52 81
split_gain=1.59463 2.30241 3.75635 2.55214 2.60938 2.46314 2.48147 6.02344 3.52691 0.897143
threshold=2.5000000000000004 2.8333333333333335 -0.88749999999999973 3.4500000000000006 -1.0000000180025095e-35 0.72500000000000009 4.5500000000000007 0.24999999999999997 4.2500000000000009 1.3666666666666669
decision_type=2 2 2 2 2 2 2 2 2 2
left_child=1 2 -1 4 -4 -3 7 -7 -8 -5
right_child=-2 5 3 9 -6 6 8 -9 -10 -11
leaf_value=-0.017855826197013619 -0.02440395867890122 -0.027652410651512718 -0.019751303134820694 0.018810804259593715 0.02426498643069265 0.0031192319027833946 0.032739131597162262 -0.031146802705266013 0.00043190308518619379 0.059335061187782562
leaf_weight=6.1384194344282177 6.1182331740856162 7.6586397886276236 4.8983848690986633 6.2639379650354368 7.5264474451541918 29.743008159101009 8.1297733932733518 20.563918821513653 540.16424173116684 4.8729046881198883
leaf_count=28 27 34 22 31 35 137 37 93 2340 27
internal_value=0 0.000266065 0.0137628 0.0232392 0.0048849 -0.000364723 0 -0.0105643 0.000985881 0.0404781
internal_weight=642.078 635.96 29.7001 23.5617 12.4248 606.26 598.601 50.3069 548.294 11.1368
internal_count=2811 2784 143 115 57 2641 2607 230 2377 58
is_linear=0
shrinkage=0.05


Tree=99
num_leaves=16
num_cat=0
split_feature=39 58 16 39 85 62 66 68 79 58 83 35 36 12 60
split_gain=1.56048 3.32864 3.14888 2.70597 2.26413 4.68898 6.18707 4.78766 3.57712 3.77359 3.13376 2.21599 2.08237 1.29419 1.00917
threshold=15.300000000000002 1.7250000000000003 1.8333333333333337 14.900000000000002 2.2250000000000005 5.7250000000000005 1.3471722000000004 0.54480850000000003 -1.5833333333333333 2.0500000000000003 2.7333333333333338 0.90000000000000013 12.300000000000002 12.833333333333334 14.050000000000002
decision_type=2 2 2 2 2 2 2 2 2 2 2 2 2 2 2
left_child=3 12 -3 4 8 6 -6 -7 9 -1 -10 -5 -2 -4 -14
right_child=1 2 13 11 5 7 -8 -9 10 -11 -12 -13 14 -15 -16
leaf_value=0.0039943339920082309 0.0026975237407737686 -0.03424552862056722 -0.0046180276517709612 0 -0.043613784131736569 -0.037665938819831601 0.018740878137058419 0.0043839616117823726 -0.00069176603718936792 0.041704788327097196 0.022629096399905794 -0.04630750163780218 0.060233902309448785 0.026431044619543133 0.014836180101651357
leaf_weight=22.470033943653107 7.7354477047920254 5.5782472342252758 4.942528769373892 5.3598862141370756 15.537183627486231 7.2159900069236746 4.3330977112054816 53.419595010578632 470.65261245518923 10.220741622149943 14.358997158706186 5.3269849419593811 4.5216175317764264 5.5098896995186806 4.6997394114732742
leaf_count=98 34 24 21 24 69 33 21 242 2042 46 67 23 20 26 21
internal_value=0 0.0105231 -0.00450308 -0.000562658 -6.50397e-05 -0.00787738 -0.0286626 -0.000478421 0.00110801 0.0169883 0 -0.0249347 0.0258828 0.00992602 0.0416213
internal_weight=641.883 32.9875 16.0307 608.895 598.208 80.5059 19.8703 60.6356 517.702 32.6908 485.012 10.6869 16.9568 10.4524 9.22136
internal_count=2811 146 71 2665 2618 365 90 275 2253 144 2109 47 75 47 41
is_linear=0
shrinkage=0.05


Tree=100
num_leaves=18
num_cat=0
split_feature=39 39 86 61 60 63 0 87 12 26 13 17 38 50 63 37 78
split_gain=1.50074 4.72596 3.50453 3.49088 8.68969 3.3358 3.33213 5.11145 3.87446 3.29322 3.2903 3.10067 4.47093 3.52819 3.02642 2.92256 0.594595
threshold=9.3000000000000025 10.550000000000002 -3.3666666666666658 6.7500000000000009 18.133333333333336 10.850000000000003 1.8333333333333337 -1.0249999999999997 17.166666666666668 14.700000000000001 3.416666666666667 2.2190200000000004 4.4500000000000011 14.050000000000002 8.7500000000000018 6.1000000000000005 -3.8333333333333326
decision_type=2 2 2 2 2 2 2 2 2 2 2 2 2 2 2 2 2
left_child=5 6 16 15 -5 11 8 -8 9 -2 -9 12 -1 -14 -13 -4 -3
right_child=1 2 3 4 -6 -7 7 10 -10 -11 -12 14 13 -15 -16 -17 -18
leaf_value=0.044942457456416514 0.015431639607019005 -0.0084886068863467175 0.0010990768541318712 0.032283291655934618 -0.012336341586936467 -0.020378781445097863 0.0092638745629840275 0 0.037395125471479891 -0.033695644865856605 -0.038817953510581912 0.0016453413972118713 0.030289208279479542 -0.010718794703580404 0.054636728788495008 -0.015416198215021477 -0.040514627301587863
leaf_weight=5.3438830822706214 5.0282729193568247 5.894668236374855 442.21324335038662 27.128702417016029 16.676720768213272 8.0018939673900586 8.7522940635681135 5.7534746527671841 5.3507923036813727 7.0398846566677094 26.228914394974709 5.8018817305564863 5.9169858992099753 26.234488971531391 7.1280022189021111 27.997442923486233 5.040264740586279
leaf_count=25 23 25 1908 122 75 35 38 25 24 32 113 32 29 121 42 121 21
internal_value=0 -0.000747112 0.000710928 0.00136497 0.0147848 0.00762504 -0.0142289 -0.0220595 0.00279258 -0.0114377 -0.0314117 0.0127163 0.00448587 -0.00205798 0.0336665 4.72767e-05 -0.0265628
internal_weight=641.532 583.105 524.951 514.016 43.8054 58.4271 58.1536 40.7347 17.4189 12.0682 31.9824 50.4252 37.4954 32.1515 12.9299 470.211 10.9349
internal_count=2811 2527 2272 2226 197 284 255 176 79 55 138 249 175 150 74 2029 46
is_linear=0
shrinkage=0.05


Tree=101
num_leaves=17
num_cat=0
split_feature=49 76 31 32 78 86 73 78 47 73 87 25 84 45 46 85
split_gain=1.51965 2.5832 2.34185 2.17392 3.61578 4.39081 5.01958 3.54312 3.02918 4.69332 7.62184 3.62619 5.62677 4.79894 3.21144 0.756102
threshold=1.8500000000000003 1.1666666666666667 1.6016096666666668 1.4787672000000003 -1.0833333333333328 -0.16666666666666666 1.1666666666666667 0.50000000000000022 0.50000000000000022 1.8333333333333337 -0.65833333333333321 1.6333333333333335 1.5500000000000003 -2.4999999999999996 1.2 2.1000000000000005
decision_type=2 2 2 2 2 2 2 2 2 2 2 2 2 2 2 2
left_child=3 -2 -3 8 15 6 -6 -7 9 10 -1 13 -13 -10 -11 -5
right_child=1 2 -4 4 5 7 -8 -9 11 14 -12 12 -14 -15 -16 -17
leaf_value=-0.058834329790399667 0.0059886362745586522 0 -0.050983084368066291 0.05048207997736659 0.014755269288433764 0.041844328542136086 -0.042927911539064001 0.0020890387069010742 -0.041230513941160438 0.034408904190247745 -0.0076699230543136295 0.063095816342461794 -0.0018882678081951502 0.00073193802074249356 -0.014757525417887708 0.011118512480424754
leaf_weight=8.9614836126565915 7.1626889854669598 4.9533881396055204 5.546189621090889 5.5369874536991102 5.3468514680862418 8.0278671309351939 8.438171058893202 20.999492049217224 6.4053971767425528 7.9294864386320096 40.171892374753952 5.3860989063978177 6.0028306692838669 491.48834653943777 4.262445904314518 4.4693896174430847
leaf_count=40 31 21 24 26 24 36 36 96 29 36 176 24 26 2145 20 21
internal_value=0 -0.0142304 -0.0299416 0.000440759 0.0101154 0.00298601 -0.0190707 0.0144529 -0.000419083 -0.0108991 -0.0180042 0.000803286 0.0281025 0.000101109 0.0153458 0.0366455
internal_weight=641.089 17.6623 10.4996 623.427 52.8188 42.8124 13.785 29.0274 570.608 61.3253 49.1334 509.283 11.3889 497.894 12.1919 10.0064
internal_count=2811 76 45 2735 239 192 60 132 2496 272 216 2224 50 2174 56 47
is_linear=0
shrinkage=0.05


Tree=102
num_leaves=11
num_cat=0
split_feature=61 62 15 31 61 42 63 6 39 39
split_gain=1.51065 1.75255 3.72587 4.24468 4.98656 3.36413 3.40086 4.15739 3.92897 2.46729
threshold=3.1000000000000005 7.2500000000000009 13.833333333333334 1.5750461666666669 7.7250000000000005 0.4155956666666667 14.15 1.5000000000000002 15.300000000000002 14.550000000000002
decision_type=2 2 2 2 2 2 2 2 2 2
left_child=-1 5 3 -3 -5 -2 8 -8 -7 -4
right_child=1 2 9 4 -6 6 7 -9 -10 -11
leaf_value=0.021218780804009997 -0.031803917844128171 0.038546438023520299 0.059785124590748945 0.0065225741373972877 -0.029624517395751195 -0.00015905695375648696 0.015445151116433782 -0.023873396016912764 0.032853428506703676 0.0045025414004805529
leaf_weight=7.7999970614910117 8.3457998633384687 6.3645988553762427 4.7876181751489622 31.842272005975246 12.758354321122168 517.87817310541868 7.4716324359178534 29.577411040663719 8.6538645178079587 5.1795831993222237
leaf_count=35 38 32 24 148 59 2252 33 127 38 25
internal_value=0 -0.00025024 0.00772364 0.00160863 -0.00347706 -0.00114945 -0.00062339 -0.0151782 0.000366741 0.0350326
internal_weight=640.659 632.859 60.9324 50.9652 44.6006 571.927 563.581 37.049 526.532 9.9672
internal_count=2811 2776 288 239 207 2488 2450 160 2290 49
is_linear=0
shrinkage=0.05


Tree=103
num_leaves=16
num_cat=0
split_feature=32 32 10 7 47 73 87 25 84 56 84 46 49 87 11
split_gain=1.50903 2.94832 4.12906 3.89566 3.11186 3.96008 5.91589 3.56717 6.55733 4.0935 2.92864 2.84509 2.70872 2.17634 2.1666
threshold=2.0089983333333339 1.4787672000000003 1.8333333333333337 1.6969883333333335 0.50000000000000022 1.8333333333333337 -0.65833333333333321 1.6333333333333335 1.6333333333333335 1.4251066000000001 0.90000000000000013 0.59999999999999998 1.5500000000000003 -0.48333333333333334 0.83333333333333337
decision_type=2 2 2 2 2 2 2 2 2 2 2 2 2 2 2
left_child=1 4 13 12 5 6 -1 9 -9 -6 -7 -2 -4 -3 -5
right_child=11 2 3 14 7 10 -8 8 -10 -11 -12 -13 -14 -15 -16
leaf_value=-0.053264441731484972 0.010394272882709417 0.0047962385921978649 0.0050004421135731274 0 0.00069049626128550373 -0.013840892221891603 -0.008427941416042738 0.052111325358713871 -0.014700780885879453 -0.029419146187980916 0.031522602033982022 -0.033292206330217573 -0.028735233840418206 0.051602597275951206 0.037036196811177244
leaf_weight=9.1160032451152784 4.790485054254531 5.4746457040309897 10.870676115155222 5.0760987773537627 489.40313602238894 4.8683280944824201 42.270814031362534 8.4644518643617612 5.127840429544448 11.054399490356444 7.9285456314682961 8.7154014930129033 10.236001074314116 8.0396532565355283 8.9441266953945142
leaf_count=41 21 26 48 23 2138 22 185 38 22 48 37 38 44 39 41
internal_value=0 0.000398505 0.0121795 0.00222276 -0.000558983 -0.0109189 -0.0173004 0.00069531 0.0255044 0 0.0125133 -0.0161939 -0.0104895 0.0352728 0.0227843
internal_weight=640.381 626.875 48.6412 35.1269 578.234 64.1837 51.3868 514.05 13.5923 500.458 12.7969 13.5059 21.1067 13.5143 14.0202
internal_count=2811 2752 221 156 2531 285 226 2246 60 2186 59 59 92 65 64
is_linear=0
shrinkage=0.05


Tree=104
num_leaves=17
num_cat=0
split_feature=53 10 81 82 59 23 32 82 81 81 84 79 17 85 80 41
split_gain=1.47941 1.53859 5.06988 9.88688 5.29163 4.57582 4.39916 3.94529 6.047 4.36352 4.57328 3.67175 3.63854 3.54721 3.1148 2.52364
threshold=16.738888888888891 1.8333333333333337 2.2250000000000005 0.90000000000000013 1.0500000000000003 0.50000000000000022 1.5018658000000003 0.36666666666666675 2.4500000000000006 2.9000000000000004 1.4500000000000002 -1.2499999999999998 1.4174095000000002 1.5500000000000003 0.22500000000000003 1.8387896666666668
decision_type=2 2 2 2 2 2 2 2 2 2 2 2 2 2 2 2
left_child=1 2 3 5 15 -1 -5 9 12 14 -11 -6 -9 -10 -3 -4
right_child=-2 7 4 6 11 -7 -8 8 13 10 -12 -13 -14 -15 -16 -17
leaf_value=0 -0.025620025722160641 -0.053285712364866948 -0.0094051550727624819 -0.0015350691665409648 0 0.043385602849680821 0.027768387392932282 -0.027360342484022211 0.04277076019889027 -0.029141381752599824 0.024683458439631226 -0.054521055769141284 -0.00018042660453633784 0 -0.014433447750043227 0.033798953385896828
leaf_weight=8.2743557393550891 5.0688237994909278 8.0034355670213717 7.0688176006078738 124.85578568279743 5.7885711416602126 23.363637462258339 13.668834909796713 12.336181491613386 12.336902588605883 5.3983337357640293 10.654118984937666 9.1053682714700681 357.82433047890663 8.4924707710742933 22.628972411155701 4.9955357015132904
leaf_count=36 22 33 30 551 26 104 66 53 54 23 45 39 1573 37 96 23
internal_value=0 0.000260858 0.00395583 0.00725583 -0.0157164 0.0322759 0.00126608 -0.00134885 0.000236209 -0.0150155 0.00473867 -0.0354751 -0.00118937 0.0261764 -0.0260803 0.0071279
internal_weight=639.864 634.796 197.121 170.163 26.9583 31.638 138.525 437.675 390.99 46.6849 16.0525 14.8939 370.161 20.8294 30.6324 12.0644
internal_count=2811 2789 875 757 118 140 617 1914 1717 197 68 65 1626 91 129 53
is_linear=0
shrinkage=0.05


Tree=105
num_leaves=17
num_cat=0
split_feature=32 44 35 70 48 73 41 87 62 59 2 26 80 69 80 78
split_gain=1.48682 3.13037 3.81445 3.10089 2.7922 2.03088 3.89711 4.03339 5.00864 3.79444 3.73289 4.50676 4.40744 2.57416 1.73522 1.33065
threshold=0.70315163333333341 1.093582386666667 0.63333333333333341 0.14999999999999999 2.6500000000000008 1.8333333333333337 2.7404720000000005 -0.74166666666666659 6.1500000000000012 0.31666666666666671 19.500000000000004 17.266666666666669 2.2250000000000005 -0.11250000000000024 1.3666666666666669 1.0000000180025095e-35
decision_type=2 2 2 2 2 2 2 2 2 2 2 2 2 2 2 2
left_child=1 2 -1 -4 -5 6 7 8 -2 -9 11 12 -7 -8 -12 -3
right_child=5 15 3 4 -6 10 13 9 -10 -11 14 -13 -14 -15 -16 -17
leaf_value=-0.029087427684903168 -0.021681776086664779 0.0044697764228916219 -0.025343702055117774 0.028220996052278621 -0.0096215841199618121 0.0057044499108125455 -0.044499853344186102 0.038900664567083104 0.0079763739729470564 -0.00013338106461441727 0 -0.03250411767563554 -0.02631412309283776 0 0.04405757136096726 0.049521938939890514
leaf_weight=7.3544097840785971 47.125906437635422 4.2988507971167547 4.0742920488119152 17.298660658299926 5.2478242218494406 162.02446878701448 8.5892463773488981 5.8302420526742926 18.514663435518742 317.24421177059412 4.2914293557405454 8.5893839448690397 10.817545443773268 5.1963874101638785 7.5517197921872139 5.4182766973972321
leaf_count=33 200 24 19 87 26 701 39 26 82 1371 20 39 48 25 38 33
internal_value=0 0.00887333 0.000800538 0.0103634 0.0183105 -0.000631149 -0.00268862 -0.00167536 -0.0129413 0.000552793 0.00352046 0.00156025 0.00348618 -0.0284508 0.0302448 0.0332319
internal_weight=639.468 43.6923 33.9752 26.6208 22.5465 595.775 402.501 388.715 65.6406 323.074 193.275 181.431 172.842 13.7856 11.8431 9.71713
internal_count=2811 222 165 132 113 2589 1743 1679 282 1397 846 788 749 64 58 57
is_linear=0
shrinkage=0.05


Tree=106
num_leaves=24
num_cat=0
split_feature=59 78 46 80 60 21 16 69 32 64 2 72 39 39 61 59 78 60 64 62 27 7 78
split_gain=1.40861 4.64019 4.41518 4.09186 4.33395 3.94374 4.51976 5.26329 3.78098 3.55777 2.89647 2.84542 2.6303 6.17725 3.84648 3.89071 3.15217 2.56118 2.53103 1.78229 1.78019 1.49657 1.4731
threshold=0.63333333333333341 1.4166666666666672 1.4000000000000004 0.90000000000000013 14.450000000000001 -1.4999999999999998 1.8333333333333337 -0.69999999999999951 1.4907900333333335 1.3166666666666669 14.16666666666667 1.5833333333333337 10.450000000000001 9.3000000000000025 6.7500000000000009 0.89444444444444449 -1.9166666666666663 18.133333333333336 1.2500000000000002 5.5277777777777786 4.9000000000000012 1.5910400000000002 2.0833333333333344
decision_type=2 2 2 2 2 2 2 2 2 2 2 2 2 2 2 2 2 2 2 2 2 2 2
left_child=1 2 3 19 -5 6 8 10 20 -4 -8 -11 13 18 15 -14 -15 -16 -7 -1 -2 -9 -3
right_child=5 22 9 4 -6 12 7 21 -10 11 -12 -13 14 16 17 -17 -18 -19 -20 -21 -22 -23 -24
leaf_value=-0.02415786805483125 0.014823361204032742 0.046124571925745289 0.036749236909778736 0.00048420802122910411 -0.036468784393883354 0.023162712698075301 0.0057260381671006312 0.0019878621777415779 0 0.015996745043523979 -0.039597238353472883 -0.019335950974109263 0.014589974830634895 0 0.029387649534542593 -0.0016256521322972216 -0.034978126316109588 0 -0.0043090164682959382 0.0092436434896012165 0.065098712406937181 0.048092925195952957 0
leaf_weight=4.8196534216403988 4.6320817023515719 4.4989423155784589 6.728813178837302 9.0890091955661756 28.566087454557419 11.512010395526884 4.6744400560855883 4.6833744794130308 4.5512146502733222 9.3316704109311122 7.361967533826828 12.315819874405859 40.586456447839737 7.2776202410459545 18.822049461305145 370.63378051668406 22.923342235386372 9.6848183348774892 24.480535268783569 15.31315542757511 7.635602779686451 4.5254746079444885 4.3469733595848083
leaf_count=21 22 22 33 41 124 57 21 20 21 43 32 57 176 32 85 1596 100 45 119 67 36 21 20
internal_value=0 -0.00557716 -0.00937619 -0.0173741 -0.0270046 0.00100571 0.0164241 0 0.035399 0.00606456 -0.020475 -0.00295886 -0.000120039 -0.00941751 0.00123186 0 -0.0260147 0.0188294 0.00398956 0 0.0493975 0.02853 0.0272744
internal_weight=638.995 95.0101 86.1642 57.7879 37.6551 543.985 38.0642 21.2453 16.8189 28.3763 12.0364 21.6475 505.921 66.1935 439.727 411.22 30.201 28.5069 35.9925 20.1328 12.2677 9.20885 8.84592
internal_count=2811 428 386 253 165 2383 173 94 79 133 53 100 2210 308 1902 1772 132 130 176 88 58 41 42
is_linear=0
shrinkage=0.05


Tree=107
num_leaves=12
num_cat=0
split_feature=18 18 58 65 60 77 36 18 66 40 37
split_gain=1.40554 2.32072 2.97606 2.81219 2.17405 3.29954 3.26294 3.72592 3.36575 1.92433 0.77203
threshold=2.5063925000000005 1.9802580833333334 1.4142857142857144 1.9953325000000004 11.100000000000001 1.8333333333333337 11.100000000000001 1.6235617500000001 0.94146640000000026 2.6750000000000003 3.9000000000000004
decision_type=2 2 2 2 2 2 2 2 2 2 2
left_child=1 4 -3 -4 5 9 8 -8 -6 -1 -7
right_child=-2 2 3 -5 6 10 7 -9 -10 -11 -12
leaf_value=0.011227937299732971 0.022210049705052928 0.00223698328301568 -0.058541823489988778 -0.0022952748934570882 0.0047499990796127231 -0.020169151607164718 -0.0002432862827860107 0.021728181346791282 -0.031158105409932042 0.054615203414308568 0.0050356444308217174
leaf_weight=8.8974573761224764 6.5686920285224906 8.5882839635014552 5.3853050470352155 5.2358672022819519 8.7283564805984515 4.7777878642082197 545.02562138438225 19.446544595062733 16.257301688194275 5.1943023502826682 4.3323675990104675
leaf_count=38 29 38 23 24 39 21 2394 90 72 23 20
internal_value=2.2095e-06 -0.0002065 -0.0171172 -0.034412 0.000296476 0.0151631 -0.000258676 0.000487959 -0.0177861 0.0302575 -0.00594313
internal_weight=638.438 631.869 19.2095 10.6212 612.66 23.2019 589.458 564.472 24.9857 14.0918 9.11016
internal_count=2811 2782 85 47 2697 102 2595 2484 111 61 41
is_linear=0
shrinkage=0.05


Tree=108
num_leaves=17
num_cat=0
split_feature=54 63 48 30 2 20 68 28 87 21 87 18 5 30 4 28
split_gain=1.40109 3.82233 4.33712 3.38606 6.2288 2.73649 2.72693 2.6783 2.40204 3.1472 2.30889 1.97855 1.69987 1.30951 0.286256 0.250644
threshold=2.5500000000000003 11.550000000000002 1.8166666666666669 2.7000000000000006 10.833333333333334 1.6130228333333334 1.5023797099999998 4.9000000000000012 -0.22500000000000001 0.33333333333333359 -2.3749999999999996 1.0931380000000004 12.833333333333334 3.4500000000000006 4.8333333333333348 5.9000000000000012
decision_type=2 2 2 2 2 2 2 2 2 2 2 2 2 2 2 2
left_child=3 2 7 5 -5 6 10 -2 -7 -10 -1 15 -4 -9 -3 -6
right_child=1 14 12 4 11 8 -8 13 9 -11 -12 -13 -14 -15 -16 -17
leaf_value=0.027081847793159992 -0.0071835145189120819 -0.014702607834516114 0 -0.016392636581497942 0.057740044274344371 0.041935397239494805 -0.030388617582343364 0.037241317549550679 -0.019367884240546245 0.026789912549802467 -0.00073554303237870428 0 -0.040593591810582946 0 -0.050358698590198592 0.023744336228582543
leaf_weight=7.0426625013351432 8.5760064721107501 4.273757338523863 5.352424278855322 7.3307536244392422 6.8145473226904887 6.5368619412183788 7.1812512874603263 8.7745856419205648 6.3610331341624242 7.0811024159193039 537.53414371609688 4.1747624278068534 6.6193099766969681 4.6243740171194068 4.4176351577043533 5.509226530790329
leaf_count=32 39 20 24 33 33 34 33 39 31 39 2338 20 29 21 20 26
internal_value=4.59514e-06 -0.00865642 -0.000162254 0.000673342 0.0189463 -6.04534e-05 -0.000769388 0.0122305 0.0178381 0.00324293 -0.000305421 0.0361394 -0.0244929 0.0262665 -0.0372993 0.0460104
internal_weight=638.204 42.6381 33.9467 595.566 23.8293 571.737 551.758 21.975 19.979 13.4421 544.577 16.4985 11.9717 13.399 8.69139 12.3238
internal_count=2811 192 152 2619 112 2507 2403 99 104 70 2370 79 53 60 40 59
is_linear=0
shrinkage=0.05


Tree=109
num_leaves=15
num_cat=0
split_feature=2 22 26 20 82 86 85 83 86 69 6 54 32 19
split_gain=1.38019 3.20611 2.57202 2.93133 2.72585 2.82747 3.76876 3.52858 2.32691 2.75388 2.14636 3.28684 1.13302 1.03472
threshold=22.500000000000004 1.6666666666666667 15.450000000000001 0.65191066666666686 2.8000000000000003 0.60000000000000009 0.29166666666666669 2.291666666666667 -2.2249999999999996 -0.7333333333333335 1.1666666666666667 1.9500000000000002 0.86869466666666673 1.5000000000000002
decision_type=2 2 2 2 2 2 2 2 2 2 2 2 2 2
left_child=2 10 4 12 5 7 -7 -1 -5 -10 -2 -12 -4 -6
right_child=1 -3 3 8 13 6 -8 -9 9 -11 11 -13 -14 -15
leaf_value=-0.0049736304974769083 -0.01937522350356112 -0.040306681409391795 0.0073999939296577654 -0.025014172889641858 -0.0018287787259152568 -0.0078799226674521935 0.01142126505374871 0.0074421984303577595 -0.013812912191747137 0.010302549046142041 0.041893841153676614 -0.012650999463055659 0.055974203415486284 -0.037505151499488888
leaf_weight=300.45140506327152 7.3213182091713014 6.4642740637063971 3.8360670804977408 5.3269587308168402 5.2082642763853055 32.909480109810829 91.534234255552292 68.906312204897404 12.522918090224264 83.848926186561584 5.148811146616934 4.0780168920755386 3.8568007126450539 6.4658560454845428
leaf_count=1280 33 29 20 24 22 140 403 315 57 395 26 19 20 28
internal_value=2.68449e-06 -0.0118453 0.000496007 0.00745574 -0.000966641 -0.000338664 0.00610582 -0.00258285 0.00482753 0.0068557 0 0.0158051 0.0367338 -0.0243709
internal_weight=637.88 23.0124 614.867 109.392 505.476 493.801 124.444 369.358 101.699 96.3718 16.5481 9.22683 7.69287 11.6741
internal_count=2811 107 2704 516 2188 2138 543 1595 476 452 78 45 40 50
is_linear=0
shrinkage=0.05


Tree=110
num_leaves=16
num_cat=0
split_feature=63 56 63 72 60 72 84 64 12 13 84 49 26 40 35
split_gain=1.37666 4.21191 4.37778 3.93613 3.83301 4.16763 3.71793 2.99269 2.59671 2.27076 3.71098 2.60329 6.52105 2.63216 0.510639
threshold=9.2500000000000018 0.97330440000000007 9.0500000000000025 1.5833333333333337 19.450000000000003 1.5833333333333337 1.3666666666666669 1.0500000000000003 19.416666666666668 9.1666666666666696 1.3666666666666669 0.68333333333333346 14.450000000000001 1.4500000000000002 1.1000000000000003
decision_type=2 2 2 2 2 2 2 2 2 2 2 2 2 2 2
left_child=1 -1 3 6 9 8 -3 -5 -6 11 -11 12 -2 -13 -4
right_child=4 2 14 7 5 -7 -8 -9 -10 10 -12 13 -14 -15 -16
leaf_value=0.043211333858541423 0.013768370540876007 0.031140169694647279 0.046750171694533202 0 -0.0045630018026381258 0.0017211717761536707 -0.013868100731621459 -0.043102997763129418 -0.060954245898377613 0 0.056102645225491334 -0.0096279758899757914 -0.017965746965252445 0.0023169694599640771 0.010040164731102762
leaf_weight=6.8308214768767348 21.405397370457649 8.682532683014875 4.1812572777271253 5.5247681662440291 4.4256942868232745 8.4543136358261091 7.8928308486938468 8.9987441748380643 6.6561431735754013 6.6930865198373777 4.2347234189510345 50.672495372593403 55.972837850451469 432.36886857450008 4.4158504903316498
leaf_count=37 99 45 21 27 21 39 36 40 29 31 20 222 253 1871 20
internal_value=0 0.00826621 0.00116824 -0.00700173 -0.000621322 -0.0221231 0.00846559 -0.0260125 -0.0417614 8.88729e-05 0.0221863 -0.000316835 -0.00883398 0.00100355 0.0322306
internal_weight=637.41 46.5268 39.696 31.0989 590.884 19.5362 16.5754 14.5235 11.0818 571.347 10.9278 560.42 77.3782 483.041 8.59711
internal_count=2811 226 189 148 2585 89 81 67 50 2496 51 2445 352 2093 41
is_linear=0
shrinkage=0.05


Tree=111
num_leaves=18
num_cat=0
split_feature=32 65 47 32 36 8 8 8 49 1 3 3 64 77 56 56 75
split_gain=1.40206 3.16002 3.07837 2.62749 2.40354 2.09403 6.71198 2.87658 2.15214 5.31481 5.87855 5.21017 6.61329 3.59257 3.35181 1.92374 1.77595
threshold=0.70315163333333341 1.8519426000000003 1.2 0.63086816666666679 15.450000000000001 0.65152250000000012 0.58299391666666678 0.52401185000000006 1.1833333333333336 0.83333333333333337 5.166666666666667 5.166666666666667 1.4142857142857144 1.5833333333333337 0.84911482500000013 0.60002820000000001 1.1666666666666667
decision_type=2 2 2 2 2 2 2 2 2 2 2 2 2 2 2 2 2
left_child=1 2 3 16 -4 6 7 -2 11 10 -10 12 -7 -11 -13 -3 -1
right_child=5 15 4 -5 -6 8 -8 -9 9 13 -12 14 -14 -15 -16 -17 -18
leaf_value=0.017721863083544172 -0.012345524578958067 0 -0.032891926593641395 0.043283629268333124 0.0066264231669380946 -0.017891372656272966 -0.052984885620472849 0.034435662152455082 -0.055511753578743099 -0.0086715223668132335 -0.0056111145367364196 0.023163771441854483 0.024540195841186777 0.0086290501156506116 -0.0013367455906587919 0.049717782683385517 -0.015632666400213897
leaf_weight=7.9862468242645281 7.4119693040847796 4.0874931812286359 8.55278532207012 4.9643465578556052 4.9048891216516486 10.426958106458185 7.3189913034439078 4.7800838500261307 9.7098133414983767 64.200180977582932 17.465852573513985 13.992474004626272 44.88635191321373 55.132772587239742 358.54373694956303 5.9726141765713692 6.7962083071470261
leaf_count=39 35 24 39 26 23 49 31 22 41 282 78 66 202 250 1533 38 33
internal_value=0 0.00867498 0.000323435 0.0134762 -0.0169762 -0.000596708 -0.016498 0.00466006 0 -0.00526203 -0.0250246 0.00174867 0.016005 -0.000467243 -0.000319673 0.0325523 0.000741564
internal_weight=637.134 43.2646 33.2045 19.7468 13.4577 593.869 19.511 12.1921 574.358 146.509 27.1757 427.85 55.3133 119.333 372.536 10.0601 14.7825
internal_count=2811 222 160 98 62 2589 88 57 2501 651 119 1850 251 532 1599 62 72
is_linear=0
shrinkage=0.05


Tree=112
num_leaves=11
num_cat=0
split_feature=61 47 49 55 31 8 45 53 17 36
split_gain=1.3763 1.8292 3.40097 3.12304 2.38441 6.18021 2.38344 2.11772 1.17614 1.09324
threshold=3.1000000000000005 -0.34999999999999981 1.3166666666666669 1.0181313000000001 1.2329576666666668 1.6067525000000002 -0.73333333333333306 7.2500000000000009 1.2800950833333335 13.450000000000001
decision_type=2 2 2 2 2 2 2 2 2 2
left_child=-1 2 9 -3 5 -5 -4 -6 -8 -2
right_child=1 3 6 4 7 -7 8 -9 -10 -11
leaf_value=0.020364978535770139 -0.05361929125944831 0.030716374201458448 -0.02395026239610849 -0.025822874924983908 -0.030474658382911204 0.026303594197891494 0 0.00092720607645357912 0.033148994033451791 -0.0094232521221427109
leaf_weight=7.7179225236177436 4.8402176201343554 7.8145412504672995 5.1705083176493636 24.032218970358375 4.8895874768495551 6.5325806587934485 4.5566913038492185 561.94840116798878 4.6383778601884842 4.4910503700375557
leaf_count=35 21 35 24 107 22 31 20 2474 22 20
internal_value=0 -0.000227302 -0.0137294 0.000270988 -0.000110805 -0.0136331 7.81367e-05 0.000585647 0.0167066 -0.0364521
internal_weight=636.632 628.914 23.6968 605.217 597.403 30.5648 14.3656 566.838 9.19507 9.33127
internal_count=2811 2776 107 2669 2634 138 66 2496 42 41
is_linear=0
shrinkage=0.05


Tree=113
num_leaves=11
num_cat=0
split_feature=25 4 81 78 54 0 15 39 52 48
split_gain=1.37522 2.03026 3.43724 4.22883 2.20851 2.41068 5.35223 2.87907 1.62845 1.40346
threshold=2.5000000000000004 2.8333333333333335 0.77500000000000013 -0.24999999999999981 0.72500000000000009 3.166666666666667 14.833333333333334 15.900000000000002 3.5500000000000003 1.4500000000000002
decision_type=2 2 2 2 2 2 2 2 2 2
left_child=1 2 -1 9 -3 7 -7 -6 -5 -4
right_child=-2 4 3 8 5 6 -8 -9 -10 -11
leaf_value=-0.020869981527244175 -0.022751529562080583 -0.026329985295288794 -0.018464778749324371 0.0044754062863822221 -0.0016587083090003143 0.017250915914098077 -0.036227738677226083 0.016982537893124077 0.050489594958712081 0.016366458311815792
leaf_weight=4.9852977916598347 6.0523431003093711 7.5515782684087744 5.7294516563415581 4.0685716047882989 527.18005123734474 40.979635186493397 4.5529171228408805 20.918852791190147 9.6264978870749456 4.6790550723671913
leaf_count=23 27 34 27 19 2293 199 21 94 49 25
internal_value=0 0.000271058 0.0130788 0.021398 -0.000317464 0 0.0110249 -0.000886842 0.0392199 -0.000482436
internal_weight=636.324 630.272 29.0889 24.1036 601.183 593.631 45.5326 548.099 13.6951 10.4085
internal_count=2811 2784 143 120 2641 2607 220 2387 68 52
is_linear=0
shrinkage=0.05


Tree=114
num_leaves=24
num_cat=0
split_feature=49 80 49 25 26 73 87 70 80 64 28 52 49 13 86 87 87 71 10 28 28 55 61
split_gain=1.36597 4.78105 4.7727 4.14289 4.5987 4.59218 3.90401 3.423 4.51246 2.89555 3.5381 2.74422 2.19538 5.501 4.18156 4.14896 4.05434 3.1594 3.08245 3.87303 3.78565 3.01075 2.0395
threshold=0.77500000000000013 1.6333333333333335 0.53571428571428581 0.63333333333333341 14.266666666666667 0.83333333333333337 1.3750000000000002 0.54285714285714304 1.5500000000000003 1.5500000000000003 7.9000000000000012 5.5500000000000007 0.95000000000000007 5.166666666666667 0.99999999999999978 0.92500000000000004 1.3750000000000002 2.0500000000000003 2.166666666666667 7.1000000000000005 7.3000000000000016 1.7226384000000003 5.3375000000000012
decision_type=2 2 2 2 2 2 2 2 2 2 2 2 2 2 2 2 2 2 2 2 2 2 2
left_child=1 3 6 7 -5 -6 11 -1 -9 -4 -11 -3 13 14 22 21 -17 18 19 -14 -20 -15 -2
right_child=12 2 9 4 5 -7 -8 8 -10 10 -12 -13 17 15 -16 16 -18 -19 20 -21 -22 -23 -24
leaf_value=-0.035602026812067394 -0.0065634723963959299 0.032512842372432085 -0.013467320454768457 0.0033054688869476948 -0.0023105218763843998 -0.070062253150078843 -0.045985488334471768 0.012126466221276812 -0.032081313178138275 0.0359502404957079 -0.0085228608101972376 -0.0090428384796024178 0 -0.00056702537756947522 0.022091589138405022 -0.043788828883892184 0.012109001525989038 0.032540234233702836 -0.0048106879073915934 0.019971387063943306 -0.037874915298493315 0.029300727937255491 -0.05218805277501061
leaf_weight=7.0135253965854636 6.7945363968610781 4.6470868289470735 4.2802281677722958 4.5470439791679409 4.5577283650636664 8.7666003257036191 5.226741060614585 24.689482390880588 6.9166860282421103 19.550723709166054 4.4579249322414389 16.860657796263695 305.59076574444771 8.7171369791030866 4.3734469413757315 4.5858725905418378 7.5463235527276993 6.7265869528055182 101.27883015573025 25.865708895027637 9.4280189201235753 37.909695319831371 5.6853616386651993
leaf_count=31 31 24 20 21 20 37 23 111 31 92 21 79 1311 38 21 21 35 33 445 119 42 181 24
internal_value=0 -0.0049816 0.00515469 -0.0152518 -0.0350677 -0.0496172 -0.00928933 -0.00511186 0.00132443 0.0195977 0.026667 0 0.00109989 0.00895934 -0.0151566 0.0163677 -0.00793777 -0.00017684 -0.000767231 0.00158462 -0.00800894 0.0232395 -0.030484
internal_weight=636.017 111.514 55.0234 56.4911 17.8714 13.3243 26.7345 38.6197 31.6062 28.2889 24.0086 21.5077 524.502 75.6124 16.8533 58.759 12.1322 448.89 442.163 331.456 110.707 46.6268 12.4799
internal_count=2811 510 259 251 78 57 126 173 142 133 113 103 2301 351 76 275 56 1950 1917 1430 487 219 55
is_linear=0
shrinkage=0.05


Tree=115
num_leaves=23
num_cat=0
split_feature=54 81 8 5 48 7 74 83 3 87 16 63 35 80 17 34 76 79 50 22 31 86
split_gain=1.36876 4.84261 2.99098 2.12248 7.30476 7.97429 3.9712 3.80694 3.39174 3.06859 2.93948 5.01956 4.87005 5.85749 4.51633 3.72367 2.62591 1.87585 3.34822 1.69374 1.40052 0.243189
threshold=2.5500000000000003 1.3666666666666669 0.90087875000000006 12.16666666666667 1.7750000000000001 1.555128166666667 0.58333333333333337 1.3666666666666669 5.416666666666667 -0.79999999999999993 2.166666666666667 14.15 1.3 1.1000000000000003 1.2147135000000002 3.5000000000000004 1.1666666666666667 -0.33333333333333331 14.550000000000002 0.50000000000000022 1.4296133333333334 -1.0000000180025095e-35
decision_type=2 2 2 2 2 2 2 2 2 2 2 2 2 2 2 2 2 2 2 2 2 2
left_child=3 17 -3 10 5 7 -6 -5 -7 -8 11 15 13 -12 -14 -1 -13 -2 20 -4 -19 -21
right_child=1 2 19 4 6 8 9 -9 -10 -11 12 16 14 -15 -16 -17 -18 18 -20 21 -22 -23
leaf_value=0 -0.01131768602248375 0.0065295603988221448 -0.0038079800129020968 0.046656976334911872 -0.01362525422769691 -0.011261266648770163 -0.0025319300797750142 -0.00027289186125609285 -0.056995892991723376 0.030406290327489233 0.042006435852796037 0 0.023789183590098829 0.004198541567096075 -0.02500146450685849 -0.026208014452376211 -0.040589097064879148 0.0062988311864243937 -0.012644625752455479 -0.027813152198452429 0.052655945389439074 -0.06235350677250754
leaf_weight=401.95383883267641 6.8879258334636715 4.3304370939731625 4.9483871608972576 5.8239039629697826 6.53054355084896 12.974282890558245 6.8430789336562148 10.458787649869917 7.318676494061946 39.45879515260458 16.248628400266171 7.3229717463254955 5.8739139288663891 31.280091114342213 15.336415976285933 13.552687108516691 12.112437292933462 4.4599656239151937 4.4709390476346007 7.3432197868824041 5.203816682100296 4.6606124043464607
leaf_count=1759 32 20 22 26 29 56 32 48 32 188 70 32 26 140 67 62 52 21 21 32 24 20
internal_value=0 -0.00862093 -0.0254392 0.00063663 0.00773354 -0.00890898 0.0196993 0.015913 -0.0299318 0.0250291 -0.000579972 -0.00214745 0.00892093 0.0179472 -0.0101013 -0.000908092 -0.026702 0.00743923 0.0183622 -0.0349912 0.0350836 -0.0451803
internal_weight=635.394 42.3053 21.2827 593.089 89.4081 36.5757 52.8324 16.2827 20.293 46.3019 503.681 434.942 68.739 47.5287 21.2103 415.507 19.4354 21.0226 14.1347 16.9522 9.66378 12.0038
internal_count=2811 192 94 2619 411 162 249 74 88 220 2208 1905 303 210 93 1821 84 98 66 74 45 52
is_linear=0
shrinkage=0.05


Tree=116
num_leaves=14
num_cat=0
split_feature=63 56 63 86 60 72 72 12 18 61 25 37 35
split_gain=1.3632 3.85862 4.01136 3.87535 3.38162 3.70399 2.48477 2.29666 2.14338 2.05564 3.67424 3.36193 0.468563
threshold=9.2500000000000018 0.97330440000000007 9.0500000000000025 -1.8583333333333332 19.450000000000003 1.5833333333333337 1.8333333333333337 19.416666666666668 2.5063925000000005 6.7500000000000009 0.45000000000000007 6.1000000000000005 1.1000000000000003
decision_type=2 2 2 2 2 2 2 2 2 2 2 2 2
left_child=1 -1 3 -3 8 7 -5 -6 9 11 -11 -2 -4
right_child=4 2 12 6 5 -7 -8 -9 -10 10 -12 -13 -14
leaf_value=0.0421560155270813 -6.2216357749298442e-06 0.026119410256111628 0.04551910477285398 -0.0016751396529637386 -0.0039874681786035513 0.0015543074663539038 -0.035902784052198398 -0.057351383373640409 0.029325449786429727 -0.028471972294281545 0.014292968339095439 -0.015004131795722726 0.0096443743779266577
leaf_weight=6.6590246930718413 473.53387828916311 6.2323858439922324 4.1109253019094449 15.525058493018156 4.424103721976282 8.4128284305334073 9.2240869253873807 6.6770711615681648 5.6855507940053931 4.8538126125931731 44.651516981422901 40.386748798191547 4.3916367441415787
leaf_count=37 2065 33 21 72 21 39 43 29 25 22 206 178 20
internal_value=0 0.00822711 0.00142411 -0.00635674 -0.000652673 -0.0208552 -0.0158804 -0.0393279 1.38519e-05 -0.000263339 0.00935731 -0.00124688 0.0313313
internal_weight=634.769 46.1431 39.4841 30.9815 588.626 19.514 24.7491 11.1012 569.112 563.426 49.5053 513.921 8.50256
internal_count=2811 226 189 148 2585 89 115 50 2496 2471 228 2243 41
is_linear=0
shrinkage=0.05


Tree=117
num_leaves=12
num_cat=0
split_feature=53 65 65 35 65 71 51 10 48 14 59
split_gain=1.30486 1.4949 5.75062 4.30345 3.96259 3.91644 3.0145 3.90692 3.56947 2.24269 0.0263636
threshold=16.738888888888891 1.9953325000000004 2.0545051000000005 0.50000000000000011 1.9598770000000003 2.0500000000000003 6.9500000000000011 0.83333333333333337 2.2250000000000005 4.8333333333333348 1.0500000000000003
decision_type=2 2 2 2 2 2 2 2 2 2 2
left_child=1 4 10 9 6 -5 7 -1 -8 -4 -3
right_child=-2 2 3 5 -6 -7 8 -9 -10 -11 -12
leaf_value=0.014234668139681415 -0.024247633241694773 0.05262244630397607 -0.041336204086343899 0.0027620157626734561 -0.034665019657106395 0.036846630368191365 -0.0068990843484493707 -0.0030112792491864306 0.01893527275115249 -0.0049654381644236543 0.019676013493301385
leaf_weight=34.77086740732193 5.0001335591077796 5.1763114333152753 6.2971578314900425 62.186251521110535 8.0280922353267652 9.7189696133136732 18.000453151762486 423.99718660861254 39.601696379482746 17.356597125530243 4.3311548978090286
leaf_count=153 22 24 29 299 35 51 85 1818 192 83 20
internal_value=0 0.000212176 0.00567225 0.00161401 -0.000838518 0.00793693 -0.000231219 -0.00163567 0.010442 -0.0163384 0.0418447
internal_weight=634.465 629.465 105.066 95.559 524.398 71.9052 516.37 458.768 57.6021 23.6538 9.50747
internal_count=2811 2789 506 462 2283 350 2248 1971 277 112 44
is_linear=0
shrinkage=0.05


Tree=118
num_leaves=15
num_cat=0
split_feature=3 27 10 51 78 0 76 69 5 24 5 53 86 4
split_gain=1.32207 4.06994 4.30329 3.54083 2.78891 2.78864 2.59908 3.33896 2.3998 2.14765 3.07505 5.34689 3.81071 1.90548
threshold=8.1666666666666696 7.2666666666666675 2.166666666666667 6.9500000000000011 -8.3266726846886716e-17 3.416666666666667 1.5833333333333337 0.69999999999999996 10.833333333333334 3.3000000000000003 10.833333333333334 9.7500000000000018 0.60000000000000009 6.166666666666667
decision_type=2 2 2 2 2 2 2 2 2 2 2 2 2 2
left_child=5 13 3 -3 -4 9 7 -7 -5 10 11 -1 -12 -2
right_child=1 2 4 8 -6 6 -8 -9 -10 -11 12 -13 -14 -15
leaf_value=-0.0069995525367307814 -0.0018951239414041661 -0.0153672781685706 0 0.0064881078610790404 -0.051594718769174021 -0.017559502393405022 0.04087425867816321 0.032329476845808336 0.046971887074114399 -0.024782775815114247 -0.0037605524231891698 0.019336769731037467 0.0063944371895993946 -0.048576128369005815
leaf_weight=28.838199250400066 4.7833585068583471 7.1206039339303997 5.6506276577711105 11.353515036404135 4.8247334733605367 7.182287663221361 7.6800163611769667 5.2729586809873581 6.8011538609862319 8.1107152104377729 355.40989676862955 50.661309145390987 123.29475089162588 7.1166104525327682
leaf_count=136 23 32 27 57 22 34 39 27 35 38 1531 240 538 32
internal_value=0 -0.00796259 0 0.0117457 -0.0256168 0.000655617 0.0187103 0.002064 0.0238469 0 0.000379664 0.00948681 -0.00108893 -0.0326612
internal_weight=634.101 47.6506 35.7506 25.2753 10.4754 586.45 20.1353 12.4552 18.1547 566.315 558.204 79.4995 478.705 11.9
internal_count=2811 228 173 124 49 2583 100 61 92 2483 2445 376 2069 55
is_linear=0
shrinkage=0.05


Tree=119
num_leaves=24
num_cat=0
split_feature=49 80 0 87 45 22 53 60 87 82 49 26 48 32 56 26 35 26 29 12 74 51 74
split_gain=1.32367 4.25379 4.69769 5.56003 5.37758 3.90683 6.15683 5.86624 3.15366 2.74563 2.62741 2.44954 2.06092 2.00771 2.64967 2.15133 5.41892 7.37125 3.42189 3.0847 4.82928 3.6039 1.50149
threshold=0.77500000000000013 1.6333333333333335 1.8333333333333337 1.3750000000000002 -1.0000000180025095e-35 0.83333333333333326 11.65 15.350000000000003 0.77500000000000013 1.3666666666666669 0.53571428571428581 15.900000000000002 2.1055555555555561 0.70315163333333341 0.69553250000000011 13.900000000000002 1.1000000000000003 11.900000000000002 13.266666666666667 10.16666666666667 0.58333333333333337 8.1214285714285719 2.166666666666667
decision_type=2 2 2 2 2 2 2 2 2 2 2 2 2 2 2 2 2 2 2 2 2 2 2
left_child=1 5 11 4 -4 7 8 10 -7 -8 -1 12 -3 14 -2 16 17 -15 -18 20 -17 -21 -16
right_child=13 2 3 -5 -6 6 9 -9 -10 -11 -12 -13 -14 15 22 19 18 -19 -20 21 -22 -23 -24
leaf_value=-0.015524227306836978 -0.0046531459395369882 0.047007915027339246 -0.042572803901634197 -0.040334856070215891 0.015151011849438456 -0.02631618985128677 0.047501005498882976 0.0021111866720528198 0.010616703745552436 0 -0.075341559404138767 -0.0035618539440997105 0.00061530363193483713 0.00094990060343657853 0.04253011330773418 0.018142129764145913 0.02920638946784437 -0.032064176250909397 -0.0089769354002183759 0.0023451859208755178 -0.02398349429011137 0.032066646376437906 0
leaf_weight=4.5350470244884509 7.0811300501227405 9.942398354411127 4.2523012906312969 8.3104663491249067 23.304513290524483 22.543822519481186 5.8869811892509443 5.900622382760047 6.2950010746717444 4.4211081117391586 6.7133595049381256 4.1827373802661887 4.5852642953395835 34.562460213899612 8.200088255107401 8.2562702447175962 13.823119528591635 30.119295552372932 8.2906456738710386 373.62675184756517 24.560326114296913 10.183157764375208 4.1001894101500502
leaf_count=20 37 46 21 37 113 101 26 28 27 20 29 21 21 158 45 36 64 132 36 1610 110 51 22
internal_value=0 -0.00495178 0.00463527 -0.00541765 0.00475263 -0.0146454 -0.00501123 -0.0344562 -0.0173587 0.0264251 -0.0550399 0.0248472 0.0345366 0.00105121 0.0166673 0.000384444 -0.00669064 -0.0141677 0.0139036 0.00192458 -0.0125216 0.00323949 0.0305967
internal_weight=633.677 110.874 54.5777 35.8673 27.5568 56.2959 39.1469 17.149 28.8388 10.3081 11.2484 18.7104 14.5277 522.803 19.3814 503.422 86.7955 64.6818 22.1138 416.627 32.8166 383.81 12.3003
internal_count=2811 510 259 171 134 251 174 77 128 46 49 88 67 2301 104 2197 390 290 100 1807 146 1661 67
is_linear=0
shrinkage=0.05


Tree=120
num_leaves=18
num_cat=0
split_feature=39 63 48 17 18 62 65 34 66 18 54 85 17 7 10 75 74
split_gain=1.28445 3.84695 2.89174 2.25421 4.8302 4.83302 4.29057 3.99784 2.81846 4.13472 2.68911 1.85434 1.81893 1.71214 1.24529 0.827251 0.454545
threshold=15.300000000000002 13.844444444444447 2.0500000000000003 1.7745747500000004 0.51448175000000018 6.3375000000000012 1.4758985000000002 1.2666666666666668 1.5003545 1.7113825000000003 0.8500000000000002 1.7750000000000001 1.3958779166666668 1.8972500000000003 1.8333333333333337 1.1666666666666667 1.8333333333333337
decision_type=2 2 2 2 2 2 2 2 2 2 2 2 2 2 2 2 2
left_child=3 12 11 4 16 6 -6 -7 9 10 -5 15 -2 14 -10 -3 -1
right_child=1 2 -4 8 5 7 -8 -9 13 -11 -12 -13 -14 -15 -16 -17 -18
leaf_value=-0.018941745194571424 0.0040025794456157206 0.015712972582218061 0.025930431308966842 -0.020483227666522528 0.003359444620800376 -0.0092230011930503307 -0.017151841645188001 0.039310084758086096 0.047320050424528984 -0.039318171113915827 0.0015355518233260345 -0.031515755583762982 0.055497072732792155 0 0.0096331688225518228 -0.011882982840303334 -0.055082671796706097
leaf_weight=5.8785173892974836 4.2677095681428892 4.7751062810421043 6.2921027690172187 13.730224050581453 44.756078213453293 5.4836067110300091 53.640132784843445 10.543225489556788 5.8404567688703555 6.0125469341874114 437.90546527504921 6.854351431131362 5.0614614337682724 5.4129332304000846 7.1262511387467384 4.9227204620838165 4.4559235125780106
leaf_count=27 20 21 30 63 196 25 237 51 28 27 1928 30 24 29 34 21 20
internal_value=0 0.00965682 -0.000522881 -0.000522569 -0.00651817 -0.00324256 -0.00759956 0.0214151 0.00100149 0.000165126 0.000788952 -0.0125103 0.0358858 0.0199466 0.0295912 0 -0.038655
internal_weight=632.959 32.1735 22.8443 600.785 124.757 114.423 98.3962 16.0268 476.028 457.648 451.636 16.5522 9.32917 18.3796 12.9667 9.69783 10.3344
internal_count=2811 146 102 2665 556 509 433 76 2109 2018 1991 72 44 91 62 42 47
is_linear=0
shrinkage=0.05


Tree=121
num_leaves=15
num_cat=0
split_feature=54 64 44 86 79 27 30 2 20 68 60 59 87 10
split_gain=1.2974 3.00679 3.36383 2.53876 4.3724 2.88582 2.34646 4.97644 2.3062 2.35134 2.1694 4.58269 2.07278 1.49185
threshold=2.4142857142857146 2.1547619047619051 0.76336036666666651 0.99999999999999978 1.0000000180025095e-35 5.2666666666666675 2.7000000000000006 10.833333333333334 1.6130228333333334 1.5023797099999998 16.738888888888891 0.95000000000000007 -2.3749999999999996 1.8333333333333337
decision_type=2 2 2 2 2 2 2 2 2 2 2 2 2 2
left_child=6 2 -2 4 -4 -5 8 -8 9 12 11 -10 -1 -9
right_child=1 -3 3 5 -6 -7 7 13 10 -11 -12 -13 -14 -15
leaf_value=0.025933708202394146 0.029249503211824426 -0.036909433241239548 -0.0024785483891259733 -0.0097336650119304591 -0.051999246898536633 0.039497749145170957 -0.014972550398291089 0.0013129519501231975 0.05209312740009743 -0.028148739122558199 -0.0076844356844753686 0 -0.00058220952576555423 0.042505158452336531
leaf_weight=6.9600439369678488 6.4074809998273841 7.1353513449430457 16.043902397155765 5.9105664417147619 6.4333498179912558 4.4056283682584763 7.2017511278390911 4.3785298764705649 7.652373671531679 7.1533574759960166 4.9476637616753569 6.854300893843174 530.18871982395649 10.870960623025892
leaf_count=32 31 32 73 26 28 22 33 21 40 33 28 36 2322 54
internal_value=0 -0.00800548 -0.00171609 -0.00886573 -0.0185633 0.00983368 0.000642053 0.0163135 0 -0.000607446 0.0166991 0.0266603 -0.000168336 0.0326823
internal_weight=632.544 46.3363 39.2009 32.7934 22.4773 10.3162 586.208 22.4512 563.756 544.302 19.4543 14.5067 537.149 15.2495
internal_count=2811 212 180 149 101 48 2599 108 2491 2387 104 76 2354 75
is_linear=0
shrinkage=0.05


Tree=122
num_leaves=15
num_cat=0
split_feature=86 86 58 86 32 62 65 87 11 56 41 70 65 63
split_gain=1.29218 2.38982 5.37752 4.51292 4.2372 3.29159 3.04066 2.31476 4.45176 2.76103 2.36804 3.40502 2.81138 2.20558
threshold=-3.3666666666666658 -1.7749999999999997 2.0500000000000003 -2.9749999999999996 1.1510896666666672 7.1500000000000012 2.1346614000000002 -0.94166666666666665 1.8333333333333337 1.2532555000000003 2.7404720000000005 0.85000000000000031 2.5706566500000005 11.350000000000003
decision_type=2 2 2 2 2 2 2 2 2 2 2 2 2 2
left_child=13 2 4 -4 5 -2 -5 8 9 -3 12 -12 -9 -1
right_child=1 7 3 6 -6 -7 -8 10 -10 -11 11 -13 -14 -15
leaf_value=0.0061401038845948618 -0.013152943416277095 -0.010724547578913148 -0.010042405324047163 0.049928189201642784 0.041018133275449765 0.023393640921533551 0.010481892796642141 0.00029646464067389401 0.030210287600531505 -0.049495870293472299 0.011657251707961643 -0.03623629108600588 0.030952883792812465 -0.029795430579528021
leaf_weight=5.7737525627017012 37.217752739787102 37.442414186894894 6.148899674415591 13.9497636705637 4.5937481224536887 6.5100268796086302 10.738583721220492 468.9259142652154 4.8968895822763434 5.5646443068981162 4.5089975818991652 9.7286103740334493 7.1447190791368476 8.9961660951375944
leaf_count=29 158 164 27 64 21 32 53 2074 22 24 25 45 35 38
internal_value=0 0.000354116 0.00846495 0.0246506 -0.00149879 -0.00694381 0.0343116 -0.000799146 -0.0112398 -0.0168269 0.000180393 -0.0194913 0.000840997 -0.0143695
internal_weight=632.141 617.371 79.1588 30.8372 48.3215 43.7278 24.6883 538.212 47.9039 43.0071 490.308 14.2376 476.071 14.7699
internal_count=2811 2744 355 144 211 190 117 2389 210 188 2179 70 2109 67
is_linear=0
shrinkage=0.05


Tree=123
num_leaves=19
num_cat=0
split_feature=3 56 4 54 53 30 7 87 81 46 62 85 38 83 48 30 79 74
split_gain=1.24202 5.92686 4.81563 3.35885 3.2557 2.77976 4.07823 3.85999 3.36289 3.20543 3.05822 5.23639 3.18322 3.05641 2.43338 2.42161 2.38256 1.71361
threshold=8.1666666666666696 1.2846565000000003 6.8333333333333348 0.95000000000000007 10.535714285714286 1.5500000000000003 2.684455666666667 1.3750000000000002 2.5500000000000003 0.19999999999999998 7.9500000000000011 1.7750000000000001 9.3000000000000025 1.1000000000000003 2.8375000000000004 1.1000000000000003 0.24999999999999997 1.8333333333333337
decision_type=2 2 2 2 2 2 2 2 2 2 2 2 2 2 2 2 2 2
left_child=5 2 16 -4 -5 7 10 8 9 -1 12 -12 -7 15 17 -9 -2 -8
right_child=1 -3 3 4 -6 6 14 13 -10 -11 11 -13 -14 -15 -16 -17 -18 -19
leaf_value=0.037504002685980739 0.04237067501170444 -0.043222486839921817 -0.047146179873848858 0.020917663246221161 -0.019466679750060348 -0.0020544420128109247 0.059620077446888353 -0.021673678779929276 -0.020655710193699522 0.010026304135857563 -0.0020543170009159006 0.048283346827050662 -0.035622407041428626 -0.044379918528566882 -0.0027921565631420764 0.026904275534862427 0 0.01137709739507909
leaf_weight=13.734694287180899 7.3914930745959264 8.9620424360036832 4.9890312552452114 8.0393378660082835 11.195971876382826 442.68750554323196 4.742947079241274 4.5571150034666044 6.1113754063844672 67.03791232407093 11.686154440045359 7.636527642607688 6.8004464954137793 5.0264722257852545 4.0862767398357382 4.5824998021125793 6.7463848367333412 5.799628272652626
leaf_count=65 39 41 22 40 52 1908 24 20 27 320 52 42 29 23 22 21 34 30
internal_value=0 -0.00773943 0.000356148 -0.0124511 -0.00121907 0.000641095 -0.000891201 0.00818632 0.0122957 0.0152082 -0.00176373 0.0172946 -0.00265688 -0.0148731 0.0245525 0.00022145 0.0236842 0.0370617
internal_weight=631.814 47.3243 38.3622 24.2243 19.2353 584.49 483.439 101.05 86.884 80.7726 468.811 19.3227 449.488 14.1661 14.6289 9.13961 14.1379 10.5426
internal_count=2811 228 187 114 92 2583 2107 476 412 385 2031 94 1937 64 76 41 73 54
is_linear=0
shrinkage=0.05


Tree=124
num_leaves=14
num_cat=0
split_feature=32 55 8 85 83 5 1 72 0 22 16 45 78
split_gain=1.29831 2.84592 2.58244 3.90408 3.0388 2.08565 2.08269 8.54659 5.62793 4.0037 3.50925 3.33889 0.164097
threshold=2.0089983333333339 1.7703979999999999 1.7581250000000004 1.5500000000000003 1.7750000000000001 10.833333333333334 1.5000000000000002 1.5833333333333337 2.166666666666667 -1.1666666666666663 1.1666666666666667 -1.7999999999999998 0.99999999999999978
decision_type=2 2 2 2 2 2 2 2 2 2 2 2 2
left_child=2 -2 6 5 -5 -4 9 11 -9 -1 -11 -8 -7
right_child=1 -3 3 4 -6 12 7 8 -10 10 -12 -13 -14
leaf_value=-0.035497203590000366 0.0027746136291677353 -0.039982192664694861 0 -0.030687424396586185 0.015959493351364935 0.024166648335057234 0.0042851961919051695 0.024096650385781047 -0.015898436130253057 -0.0075316833947914278 0.0032382842274227145 -0.033958499601063959 0.06024713760837476
leaf_weight=6.975524127483367 7.3657806515693647 5.8973789140582085 4.583548545837405 5.6407849192619306 7.1343585252761841 5.2571308463811857 5.6395966559648505 21.678387835621834 13.429499343037604 90.664731301367283 424.92530501633883 27.480967059731483 4.5591318607330322
leaf_count=32 33 26 23 25 35 24 26 98 61 421 1864 121 22
internal_value=0 -0.0151823 0.000344311 0.0152917 -0.00313401 0.0328729 -0.000313297 -0.00852507 0.00808719 0.000718197 0.00129052 -0.0267361 0.0454553
internal_weight=631.232 13.2632 617.969 27.175 12.7751 14.3998 590.794 68.2285 35.1079 522.566 515.59 33.1206 9.81626
internal_count=2811 59 2752 129 60 69 2623 306 159 2317 2285 147 46
is_linear=0
shrinkage=0.05


Tree=125
num_leaves=7
num_cat=0
split_feature=58 61 37 7 74 42
split_gain=1.26233 1.62157 2.26332 1.57542 3.61242 1.66309
threshold=3.6500000000000008 9.0500000000000025 9.5500000000000025 0.77701375000000017 1.5833333333333337 0.48111300000000007
decision_type=2 2 2 2 2 2
left_child=1 2 3 4 -1 -5
right_child=-2 -3 -4 5 -6 -7
leaf_value=0.0038486668553501056 0.02377832991290452 -0.027224338097330998 0.032030955918913119 -0.016642288355649345 -0.048251007490854342 0.00051654957848944411
leaf_weight=6.2501525133848173 5.0366666093468657 5.0038485527038565 4.9786412417888632 13.951699696481226 5.042709156870842 590.60736825317144
leaf_count=28 25 24 26 66 22 2620
internal_value=0 -0.000201151 0 -0.000246021 -0.0183554 6.58232e-05
internal_weight=630.871 625.834 620.831 615.852 11.2929 604.559
internal_count=2811 2786 2762 2736 50 2686
is_linear=0
shrinkage=0.05


Tree=126
num_leaves=10
num_cat=0
split_feature=61 47 64 11 56 55 31 8 66
split_gain=1.2188 1.69554 3.91584 3.86577 2.82439 2.77026 2.11208 5.39799 2.04045
threshold=3.1000000000000005 -0.34999999999999981 1.5500000000000003 1.8333333333333337 1.3780426000000003 1.0181313000000001 1.2329576666666668 1.6067525000000002 0.49361308000000009
decision_type=2 2 2 2 2 2 2 2 2
left_child=-1 2 -2 4 -4 -3 7 -7 -8
right_child=1 5 3 -5 -6 6 8 -9 -10
leaf_value=0.019276580096445589 0.021270391769063358 0.029150226422361997 -0.057035464239097625 0.0086294914315752751 -0.0039939594539216364 -0.024399019314917565 0.029403649512013914 0.024768118782052692 0.00017291086346691534
leaf_weight=7.6024818345904341 5.136631108820441 7.6798439919948569 8.019502058625223 4.8820689767599097 5.2127268686890593 23.717397622764114 5.5655096396803847 6.3582333773374549 556.55923872441053
leaf_count=35 25 35 36 22 24 107 28 31 2468
internal_value=0 -0.000240997 -0.0133634 -0.024835 -0.038867 0.000236681 -0.000120374 -0.012952 0.000532628
internal_weight=630.734 623.131 23.2509 18.1143 13.2322 599.88 592.2 30.0756 562.125
internal_count=2811 2776 107 82 60 2669 2634 138 2496
is_linear=0
shrinkage=0.05


Tree=127
num_leaves=15
num_cat=0
split_feature=32 55 32 28 68 17 42 85 78 78 5 53 15 82
split_gain=1.21567 2.59244 2.42458 2.7668 2.72466 4.5598 4.58862 4.08928 2.71212 3.62927 2.22759 2.52305 2.27977 1.56632
threshold=2.0089983333333339 1.7703979999999999 1.4787672000000003 6.4500000000000011 0.73656790000000016 2.2300580000000005 1.0322498333333334 2.1000000000000005 -1.0833333333333328 1.2500000000000002 6.166666666666667 8.6500000000000004 12.16666666666667 1.7750000000000001
decision_type=2 2 2 2 2 2 2 2 2 2 2 2 2 2
left_child=2 -2 4 8 5 6 -1 -7 -4 -10 11 -6 -12 -5
right_child=1 -3 3 13 10 7 -8 -9 9 -11 12 -13 -14 -15
leaf_value=-0.047949083907950218 0.0023004352748878429 -0.038410775137845569 0.045449975196945255 -0.029207486119968748 0 0.033062103599473723 -0.0085147279973701948 -0.017332925344799389 -0.00049342690190184795 0.036106889634815446 -0.0015066933820158872 0.046637369325944339 0.007101253957486767 0.0057343407731851809
leaf_weight=10.58002933859825 7.3556552529335004 5.8744966387748718 7.1302271932363501 5.1184980869293195 4.7987022623419744 8.901680685579775 29.952201783657074 5.9275725111365309 21.229800119996074 8.6454926952719671 410.71909832954407 5.0375554040074348 94.037471622228622 5.1268152147531509
leaf_count=48 33 26 35 23 25 45 135 30 96 42 1800 31 417 25
internal_value=0 -0.014696 0.000345756 0.0111925 -0.000518666 -0.0110298 -0.0198763 0.0113789 0.017765 0.00969516 0.000573224 0.0235588 5.29503e-05 -0.00994258
internal_weight=630.435 13.2302 617.205 47.2508 569.954 55.3615 40.5322 14.8293 37.0055 29.8753 514.593 9.83626 504.757 10.2453
internal_count=2811 59 2752 221 2531 258 183 75 173 138 2273 56 2217 48
is_linear=0
shrinkage=0.05


Tree=128
num_leaves=14
num_cat=0
split_feature=25 4 26 53 79 57 86 80 74 23 86 81 47
split_gain=1.21981 1.77639 4.20533 3.89799 2.20282 3.98082 3.60951 3.05972 2.8237 7.82779 5.81123 1.58983 1.29853
threshold=2.5000000000000004 2.8333333333333335 12.900000000000002 12.738888888888892 1.0833333333333337 7.5000000000000009 1.3166666666666669 1.4500000000000002 1.4166666666666667 2.8333333333333339 -0.40000000000000008 1.3666666666666669 1.2
decision_type=2 2 2 2 2 2 2 2 2 2 2 2 2
left_child=1 2 3 11 8 7 -7 -6 9 -3 -10 -1 -4
right_child=-2 4 12 -5 5 6 -8 -9 10 -11 -12 -13 -14
leaf_value=0 -0.021615365086516101 -0.002844096855462796 0.053504284538132545 -0.028731169914308498 0 -0.020289578633671208 0.0062464574987557619 -0.048551894622567426 -0.0071878074070409652 0.044897088535493915 0.012836839642372512 0.034247796638651476 0.0058307378356139868
leaf_weight=5.9288141056895309 5.9487397521734229 352.77641142904758 5.8009205386042577 7.3835132718086234 6.1401703953742972 18.162390738725662 38.971369162201881 9.1052357554435712 51.706478521227837 8.2624013498425466 110.32240781188011 5.6492976769804955 3.7107825949788094
leaf_count=29 27 1537 32 32 25 80 179 37 233 43 507 29 21
internal_value=0 0.000241796 0.012354 -0.00019231 -0.000305318 -0.00847933 -0.00185821 -0.030858 0.000785024 -0.00162181 0.00629032 0.0163734 0.0386226
internal_weight=629.869 623.92 28.4733 18.9616 595.447 72.3792 57.1338 15.2454 523.068 361.039 162.029 11.5781 9.5117
internal_count=2811 2784 143 90 2641 321 259 62 2320 1580 740 58 53
is_linear=0
shrinkage=0.05


Tree=129
num_leaves=17
num_cat=0
split_feature=49 17 87 85 85 69 21 50 29 41 12 18 86 50 37 49
split_gain=1.20912 3.16543 4.2635 2.88861 3.11009 1.75447 3.81953 3.5848 3.58353 3.24231 2.80473 3.76541 3.42431 2.27624 1.3139 1.28296
threshold=0.77500000000000013 2.5841975000000006 -1.2249999999999999 2.5500000000000003 2.3666666666666667 0.099999999999999964 1.5000000000000002 16.950000000000003 7.9000000000000012 1.4940909000000002 13.500000000000002 1.2547945000000003 1.175 17.550000000000004 5.5500000000000007 0.41428571428571431
decision_type=2 2 2 2 2 2 2 2 2 2 2 2 2 2 2 2
left_child=1 2 -1 4 -4 6 7 9 -7 -2 11 -10 -12 -9 -8 -3
right_child=5 15 3 -5 -6 8 14 13 10 -11 12 -13 -14 -15 -16 -17
leaf_value=-0.05210739898246624 -0.013976030654361258 0 -0.004514324517951601 0.025929258623477638 -0.043960863872538676 -0.034844224955916825 -0.045777577781785039 0.040575236550190671 -0.019083086063159997 0.00080886282411924901 0.026636944841405143 0.018765507196616016 -0.0047967130050132235 0.0075848200060829284 -0.0046969474603389795 0.043478046514202347
leaf_weight=4.6702985018491736 40.601285390555859 4.2825982272624952 85.814337514340878 6.3401263505220404 5.0785400867462149 3.7925553172826758 5.4891781508922559 7.5158576071262351 13.947900131344797 363.52286299318075 33.301916003227234 11.376245215535162 9.7774195373058301 24.734486177563667 5.3751051723957062 3.7716167643666267
leaf_count=20 176 24 390 30 23 19 24 37 63 1573 163 53 47 120 26 23
internal_value=0 -0.00473384 -0.00734293 -0.00468142 -0.00722035 0.0010262 -8.95813e-05 0.000598927 0.00823517 -0.000630185 0.011222 -0.00107832 0.0189558 0.0165386 -0.0287537 0.0238539
internal_weight=629.392 109.958 101.903 97.233 90.8929 519.435 447.239 436.374 72.196 404.124 68.4035 25.3241 43.0793 32.2503 10.8643 8.05421
internal_count=2811 510 463 443 413 2301 1956 1906 345 1749 326 116 210 157 50 47
is_linear=0
shrinkage=0.05


Tree=130
num_leaves=15
num_cat=0
split_feature=63 56 63 86 39 60 71 80 13 84 49 26 87 84
split_gain=1.18405 3.4707 3.48972 3.35922 3.96567 3.29516 3.46949 3.33618 1.91403 3.31836 2.18131 5.07177 2.22741 1.72624
threshold=9.2500000000000018 0.97330440000000007 9.0500000000000025 -1.8583333333333332 8.5500000000000025 19.450000000000003 1.591666666666667 1.7750000000000001 9.1666666666666696 1.3666666666666669 0.68333333333333346 14.450000000000001 2.0250000000000004 1.1000000000000003
decision_type=2 2 2 2 2 2 2 2 2 2 2 2 2 2
left_child=1 -1 3 -3 -5 8 7 -7 10 -10 11 -2 -12 -4
right_child=5 2 13 4 -6 6 -8 -9 9 -11 12 -13 -14 -15
leaf_value=0.040517011201916447 0.012025594615662862 0.024676325191834405 0 0.0036081243540297204 -0.034496499125081036 -0.051643657886602884 0.007930927465122915 0 0 0.05354127557560473 0.00042345229537429349 -0.016222900016169519 0.028155522929048483 0.049673079492058771
leaf_weight=6.4245927929878226 20.778734661638737 6.0411872193217269 3.9328702092170698 12.206729523837572 12.331386104226111 8.8960925936698931 5.806454509496688 4.621875435113906 6.5561092644929868 4.0462010949850082 470.56435219198465 55.407012030482292 6.9131761938333502 4.3619748800992966
leaf_count=37 99 33 19 61 54 39 29 21 31 20 2061 253 32 22
internal_value=0 0.00775336 0.00125794 -0.00596468 -0.014849 -0.000595246 -0.0206365 -0.0345358 6.4502e-05 0.020655 -0.00030296 -0.00816429 0.000906309 0.0295523
internal_weight=628.889 45.2987 38.8741 30.5793 24.5381 583.59 19.3244 13.518 564.266 10.6023 553.663 76.1857 477.478 8.29485
internal_count=2811 226 189 148 115 2585 89 60 2496 51 2445 352 2093 41
is_linear=0
shrinkage=0.05


Tree=131
num_leaves=9
num_cat=0
split_feature=16 18 11 73 47 71 82 22
split_gain=1.22266 1.64892 2.36599 4.35834 1.83998 5.03926 2.47156 1.34279
threshold=4.166666666666667 2.5063925000000005 2.416666666666667 1.1666666666666667 -0.34999999999999981 -0.15714285714285697 0.36666666666666675 -1.0000000180025095e-35
decision_type=2 2 2 2 2 2 2 2
left_child=1 2 4 -4 5 -1 -6 -5
right_child=-2 -3 3 7 6 -7 -8 -9
leaf_value=0.0064861115177244901 0.017871308511795931 0.024359456442081949 -0.055592090010474153 -0.016762805423424947 -0.0090148914459057105 -0.039943963169609575 0.0016233590191718399 0.020215479696352776
leaf_weight=11.431652933359148 8.9557928442954999 6.1938056573271743 4.9998619854450217 4.5778112262487403 60.255371905863285 9.8863431513309461 518.04788159579039 4.2230668962001792
leaf_count=52 39 28 22 21 259 48 2323 19
internal_value=0 -0.000243061 -0.000551835 -0.0206554 -3.06528e-05 -0.0143222 0.000464901 0
internal_weight=628.572 619.616 613.422 13.8007 599.621 21.318 578.303 8.80088
internal_count=2811 2772 2744 62 2682 100 2582 40
is_linear=0
shrinkage=0.05


Tree=132
num_leaves=19
num_cat=0
split_feature=10 78 29 32 71 82 62 80 77 30 24 87 70 7 11 77 71 86
split_gain=1.16847 3.25967 3.908 3.34156 3.83797 3.16259 3.92486 3.38192 4.30918 3.12802 5.59547 4.89209 6.40086 3.48361 3.14999 1.89094 1.09763 0.11545
threshold=1.8333333333333337 2.7500000000000004 15.100000000000001 1.4907900333333335 0.55000000000000027 0.36666666666666675 6.1500000000000012 0.22500000000000003 1.4166666666666667 1.1000000000000003 2.9000000000000004 1.4833333333333336 1.2142857142857146 2.2154450000000003 2.416666666666667 1.5833333333333337 0.45000000000000001 -2.1166666666666658
decision_type=2 2 2 2 2 2 2 2 2 2 2 2 2 2 2 2 2 2
left_child=1 2 3 4 -1 6 7 17 -9 11 14 12 -7 -12 -11 -5 -4 -2
right_child=5 -3 16 15 -6 9 -8 8 -10 10 13 -13 -14 -15 -16 -17 -18 -19
leaf_value=-0.008801291245284287 -0.023800667274097437 -0.027099717045307888 -0.00094602322315886383 0.05342288110678417 0.0086978869324238796 0.0067076974793218586 0.017784813647922153 0.0011680308945518369 -0.03923969819976883 0.0006675059228620461 0.039646104245998355 -0.053591749689375724 -0.035753484209372299 0 -0.03701577393189736 0.01112786386053375 -0.042409351105653241 -0.058710809729077454
leaf_weight=40.371426932513714 5.1353006362915039 7.7424936890602103 4.2873562127351743 5.2636351212859145 122.33702477067709 29.901955932378769 7.1396440044045439 20.922970578074459 8.449138790369032 311.93570096790791 14.60732436925173 5.7537410706281653 11.762404970824717 8.6891306191682798 5.1458593457937232 9.3954798579215986 4.6156244575977325 4.9210498332977277
leaf_count=185 21 34 20 27 549 141 34 87 36 1369 71 25 55 47 23 47 20 20
internal_value=0 0.00324851 0.00471299 0.00647519 0.00418913 -0.00141323 -0.013654 -0.0201244 -0.0100809 7.99766e-06 0.00175356 -0.0118879 -0.00496857 0.0251375 0 0.029225 -0.0262129 -0.0452238
internal_weight=628.377 194.013 186.271 177.368 162.708 434.364 46.5681 39.4285 29.3721 387.796 340.378 47.4181 41.6644 23.2965 317.082 14.6591 8.90298 10.0564
internal_count=2811 882 848 808 734 1929 198 164 123 1731 1510 221 196 118 1392 74 40 41
is_linear=0
shrinkage=0.05


Tree=133
num_leaves=16
num_cat=0
split_feature=54 6 64 30 3 23 44 84 80 3 74 61 83 64 27
split_gain=1.17571 2.7169 2.8041 2.22094 4.68255 4.18014 2.21843 2.0612 4.80522 5.52476 4.78679 4.09636 3.75182 3.40507 1.73875
threshold=2.4142857142857146 4.166666666666667 2.1547619047619051 2.7000000000000006 3.5000000000000004 0.66666666666666696 0.76336036666666651 1.7750000000000001 0.77500000000000013 7.416666666666667 1.0000000180025095e-35 5.3375000000000012 2.7333333333333338 2.3166666666666669 4.9000000000000012
decision_type=2 2 2 2 2 2 2 2 2 2 2 2 2 2 2
left_child=3 2 6 7 -5 -6 -2 11 10 -10 -9 12 -1 -13 -8
right_child=1 -3 -4 4 5 -7 14 8 9 -11 -12 13 -14 -15 -16
leaf_value=0.0045204669499906286 0.030345086752621511 -0.039918948307903407 -0.031330430569504159 -0.012998064969465801 -0.003139880900793294 0.04987182413123304 -0.018743382815296548 0.0051242594296232484 0.01176528476842819 -0.016398147099543466 -0.034716096759181574 -0.0030802980120823811 0.045703491361922206 -0.023828519393058072 0.0061601971917676262
leaf_weight=66.375173330307007 5.6865042075514785 5.3196469694375983 6.5820240676403037 7.5976098626852062 4.3313814997673026 10.162988834083079 10.26993051916361 13.719560697674753 132.36958687752485 18.920378066599369 13.868804611265658 287.47397080808878 5.8446271717548361 21.376510925590992 17.981608763337135
leaf_count=300 28 24 30 36 20 52 47 58 587 91 59 1276 27 93 83
internal_value=0 -0.00764963 -0.00236878 0.000625079 0.015995 0.0327865 0.0028955 0 0.00442543 0.00803604 -0.0142751 -0.00207315 0.00848845 -0.00463335 -0.00219169
internal_weight=627.88 45.8397 40.5201 582.041 22.092 14.4944 33.938 559.949 178.878 151.29 27.5884 381.07 72.2198 308.85 28.2515
internal_count=2811 212 188 2599 108 72 158 2491 795 678 117 1696 327 1369 130
is_linear=0
shrinkage=0.05


Tree=134
num_leaves=10
num_cat=0
split_feature=46 48 80 41 80 58 5 59 28
split_gain=1.18961 2.10141 2.01916 5.46671 3.6205 2.84233 2.59319 2.47806 0.47886
threshold=3.100000000000001 3.5500000000000003 2.5500000000000003 1.6139366666666668 2.9000000000000004 1.5500000000000003 5.8333333333333348 0.63333333333333341 6.4500000000000011
decision_type=2 2 2 2 2 2 2 2 2
left_child=1 2 6 5 -5 -4 -1 -8 -3
right_child=-2 8 3 4 -6 -7 7 -9 -10
leaf_value=0.029724149711156708 0.021399786752575728 -0.037419521955665634 1.2848033271563125e-05 0.030556904304165241 0.00041790065731644153 -0.050277281505790195 -0.0092767889519432649 0.00016353679384381923 -0.0040384748815380286
leaf_weight=6.3403218612074843 5.9337178170680991 4.0681788027286512 4.2536761537194234 22.973948791623116 20.347343355417252 4.5033488571643829 80.024179704487324 474.85392618179321 4.1809886991977692
leaf_count=35 33 20 20 113 98 20 363 2088 21
internal_value=0 -0.000211043 9.54134e-05 0.0095003 0.0171379 -0.0244672 -0.000740487 -0.00116005 -0.0245558
internal_weight=627.48 621.546 613.297 52.0783 43.3213 8.75703 561.218 554.878 8.24917
internal_count=2811 2778 2737 251 211 40 2486 2451 41
is_linear=0
shrinkage=0.05


Tree=135
num_leaves=17
num_cat=0
split_feature=15 64 17 0 60 75 0 29 81 24 29 77 17 78 80 48
split_gain=1.18074 4.46007 3.83488 3.51497 5.17921 4.4183 2.92222 5.11848 3.87808 2.74619 2.70996 3.96968 3.86633 2.61301 1.29344 0.707178
threshold=12.16666666666667 0.95000000000000007 2.625539166666667 2.5000000000000004 19.150000000000002 2.166666666666667 3.166666666666667 8.9000000000000021 0.90000000000000013 3.3000000000000003 10.100000000000001 0.83333333333333337 1.7229605000000003 -3.3306690738754691e-16 1.9000000000000001 2.6500000000000008
decision_type=2 2 2 2 2 2 2 2 2 2 2 2 2 2 2 2
left_child=6 -2 3 4 -3 -5 9 14 15 10 11 -1 -12 -10 -8 -9
right_child=1 2 -4 5 -6 -7 7 8 13 -11 12 -13 -14 -15 -16 -17
leaf_value=-0.016129488490926852 0.04868150807669238 0.012658061822870185 -0.031331593401608432 -0.030930056970013192 -0.036859556129577684 0.017460531154029724 -0.040429119838195013 0.0064993260959825966 0.0064396998618931195 -0.038716800592282698 -0.013498545597783369 0.015089757931463428 -0.0008147561532897518 0.046108382304372475 0 -0.01864614182679809
leaf_weight=11.87315636128187 5.0079894512891761 80.871049992740154 7.2846891954541197 12.834409683942797 4.9482960402965537 6.1906169056892386 3.6861501857638341 4.1099073216319102 8.3777581453323382 4.6502815932035437 74.280964925885201 46.34894922375679 333.39811456948519 13.850796297192572 4.9840955510735512 4.4789101704955101
leaf_count=56 25 362 35 58 21 30 17 21 42 21 325 229 1450 69 28 22
internal_value=0 0.00452915 0.00212786 0.00482765 0.00931631 -0.0138598 -0.00102724 0.0118555 0.0217447 -0.00217283 -0.00171336 0.0082144 -0.00320075 0.0327281 -0.0198374 -0.00416734
internal_weight=627.176 117.137 112.129 104.844 85.8193 19.025 510.039 39.4876 30.8174 470.551 465.901 58.2221 407.679 22.2286 8.67025 8.58882
internal_count=2811 531 506 471 383 88 2280 199 154 2081 2060 285 1775 111 45 43
is_linear=0
shrinkage=0.05


Tree=136
num_leaves=16
num_cat=0
split_feature=32 55 32 10 7 68 22 69 80 72 76 81 15 11 30
split_gain=1.16358 2.41247 2.11932 3.17748 3.0859 2.47738 4.11727 3.99726 3.23169 2.30672 2.08249 5.47911 3.06879 1.82225 1.72668
threshold=2.0089983333333339 1.7703979999999999 1.4787672000000003 1.8333333333333337 1.6969883333333335 0.73656790000000016 0.33333333333333343 0.90000000000000036 1.9000000000000001 1.5833333333333337 2.166666666666667 2.3666666666666667 12.16666666666667 0.83333333333333337 1.9000000000000001
decision_type=2 2 2 2 2 2 2 2 2 2 2 2 2 2 2
left_child=2 -2 5 14 9 6 7 -1 -8 -5 12 -12 -7 -6 -4
right_child=1 -3 3 4 13 10 8 -9 -10 -11 11 -13 -14 -15 -16
leaf_value=-0.0060881810896266306 0.0019283089915320421 -0.037353432850903423 0.04540388376329945 -0.026125114969617554 0 -0.0030517993379842452 -0.010424540684025839 0.040558410489634052 -0.049621409739964095 0.0052304126966274261 0.01313497868286494 -0.017374261398846652 0.0077476162690264198 0.033895021862969492 0.00089402445746291801
leaf_weight=21.660774491727356 7.2816065698862058 5.8398477360606194 7.9352273494005185 10.363613843917848 4.9123403504490826 337.52129236608744 19.296360641717914 5.1867815107107154 8.5164400935173017 10.258517965674399 77.228347562253475 17.096421092748642 80.566588826477528 8.5777117311954498 4.5790301859378815
leaf_count=102 33 26 41 45 23 1488 94 24 38 47 352 73 360 41 24
internal_value=0 -0.0144485 0.000326168 0.0105386 0.00170786 -0.000478024 -0.0105701 0.00258626 -0.0239742 -0.00958907 0.000559033 0.00727906 -0.000904231 0.0204899 0.0316985
internal_weight=626.821 13.1215 613.699 46.6264 34.1122 567.073 54.6604 26.8476 27.8128 20.6221 512.413 94.3248 418.088 13.4901 12.5143
internal_count=2811 59 2752 221 156 2531 258 126 132 92 2273 425 1848 64 65
is_linear=0
shrinkage=0.05


Tree=137
num_leaves=16
num_cat=0
split_feature=65 65 32 81 26 64 65 51 10 13 26 29 26 56 18
split_gain=1.17966 4.76422 3.40185 4.40702 3.73144 3.6532 3.27237 2.43278 3.49191 4.89196 3.03656 3.90057 2.88866 1.99721 0.191005
threshold=1.9953325000000004 2.0545051000000005 0.70977876666666673 1.2250000000000003 15.900000000000002 2.3166666666666669 1.9598770000000003 6.9500000000000011 0.83333333333333337 5.5000000000000009 12.225000000000001 8.4500000000000011 11.900000000000002 0.60002820000000001 1.1427350000000003
decision_type=2 2 2 2 2 2 2 2 2 2 2 2 2 2 2
left_child=6 14 13 4 -4 -5 7 8 9 -1 -9 -12 -10 -3 -2
right_child=1 2 3 5 -6 -7 -8 10 12 -11 11 -13 -14 -15 -16
leaf_value=0 0.016710055475294094 0 -0.025379560103924909 0.01358479834833653 0.0082980324155864371 -0.022871405770680142 -0.03199008045132349 -0.023731523325254238 0.009341241662870519 0.037561344310228881 -0.012983475540893741 0.020222132332264865 -0.0043675729144345195 0.051464093638183189 0.049834666695515423
leaf_weight=21.804106272757053 4.6863434836268407 3.2280873656272879 25.652473442256451 43.019469514489174 10.321066103875635 7.2793738692998877 7.8829590231180182 5.3025971353054038 41.261656403541565 12.617020942270754 9.8599338531494123 41.615761950612068 382.40446749329567 4.5587158352136612 4.8525964245200157
leaf_count=99 22 20 117 212 51 33 35 25 192 55 48 206 1642 31 23
internal_value=0 0.00486714 0.00109192 -0.00156348 -0.0150505 0.00764344 -0.000960936 -0.000406773 -0.00166619 0.0134063 0.00924361 0.013317 -0.00296407 0.031848 0.0376941
internal_weight=626.347 103.598 94.0592 86.2724 35.9735 50.2988 522.749 514.866 458.087 34.4211 56.7783 51.4757 423.666 7.7868 9.53894
internal_count=2811 509 464 413 168 245 2302 2267 1988 154 279 254 1834 51 45
is_linear=0
shrinkage=0.05


Tree=138
num_leaves=22
num_cat=0
split_feature=44 10 11 20 81 44 66 23 87 32 54 81 30 3 77 44 78 20 29 73 81
split_gain=1.14714 4.46245 3.17537 3.12 3.27825 3.49942 3.06584 2.89224 2.68535 2.65342 2.24783 4.12064 2.97479 6.28249 2.28452 2.16333 2.12133 2.11038 1.94893 1.52706 1.34783
threshold=0.3074423 2.416666666666667 1.8333333333333337 0.83654075000000006 1.3666666666666669 0.73213766666666669 1.1765111500000005 0.33333333333333315 -0.28333333333333333 1.2748161666666669 2.5500000000000003 1.3666666666666669 2.7000000000000006 3.5000000000000004 0.83333333333333337 0.031483999999999908 -1.0833333333333328 0.074438100000000021 8.4500000000000011 0.83333333333333337 0.77500000000000013
decision_type=2 2 2 2 2 2 2 2 2 2 2 2 2 2 2 2 2 2 2 2 2
left_child=1 2 6 4 5 9 17 -4 16 -2 12 20 18 -14 -13 -8 -6 -1 -5 -7 -12
right_child=3 -3 7 10 8 19 15 -9 -10 -11 11 14 13 -15 -16 -17 -18 -19 -20 -21 -22
leaf_value=-0.0097419029431476262 -0.023804883520902643 0.041450336343227062 0.047090912493265705 -0.011782749052752665 0.0084837926924244966 -0.020327909547033698 -0.040598772603951117 -0.0017950930403938755 0.02768909824380433 0.021880222245001898 -0.015226428908795914 0 -0.026312851916555847 0.039479513257075216 -0.042717191762596925 0 -0.034845469691235274 0.034812720832666053 0.0012853843567019367 -0.07209687144917705 0.015014954732531874
leaf_weight=4.3816119879484177 8.01308925449848 7.5615554153919211 5.1704637557268125 29.710207231342793 4.0812137871980658 5.374098479747774 8.4239716529846191 4.4676896184682846 6.1102755963802329 4.1995075196027747 4.3224130943417576 5.3950570225715664 4.1335736364126232 12.708625361323355 10.787220001220701 4.8746258169412586 4.9993491917848578 4.2486714124679619 471.32162395864725 4.4509174227714539 11.068181097507475
leaf_count=21 39 38 24 143 21 26 39 22 31 20 20 24 19 64 48 23 22 20 2076 19 52
internal_value=0 0.00824609 0 -0.000543103 -0.0144694 -0.0266745 -0.010722 0.0229933 0.00192923 -0.00588604 0.000367331 -0.0124107 0.00120581 0.0215975 -0.029871 -0.0259621 -0.0133355 0.0101594 0.000449648 -0.0485572 0.00473661
internal_weight=625.804 39.1286 31.567 586.675 37.2285 22.0376 21.9289 9.63815 15.1908 12.2126 549.447 31.5729 517.874 16.8422 16.1823 13.2986 9.08056 8.63028 501.032 9.82502 15.3906
internal_count=2811 187 149 2624 178 104 103 46 74 59 2446 144 2302 83 72 62 43 41 2219 45 72
is_linear=0
shrinkage=0.05


Tree=139
num_leaves=18
num_cat=0
split_feature=49 75 46 73 87 32 71 56 56 1 83 50 55 45 75 70 28
split_gain=1.14806 2.90998 3.6338 3.53938 2.62644 2.56977 2.60052 3.01774 2.55728 2.86714 2.81168 2.54697 2.21786 3.19795 2.98665 1.7642 1.33578
threshold=1.7250000000000003 0.83333333333333337 0.49999999999999994 0.83333333333333337 -1.0000000180025095e-35 1.4787672000000003 0.65000000000000002 1.6848159 1.3212871500000003 1.1666666666666667 1.5500000000000003 13.250000000000002 1.3222999000000002 -2.2999999999999994 1.1666666666666667 0.92916666666666681 5.9000000000000012
decision_type=2 2 2 2 2 2 2 2 2 2 2 2 2 2 2 2 2
left_child=5 -2 -3 -4 -5 8 11 16 12 10 -10 -7 14 -14 -1 -11 -8
right_child=1 2 3 4 -6 6 7 -9 9 15 -12 -13 13 -15 -16 -17 -18
leaf_value=0.010041559668871446 0.018341261108542627 0.012056635568198276 0.0028570388518060802 -0.013483391950567797 -0.066057156892161253 0 0.029200644527551348 -0.022637201560605238 0 0.027656852299802505 -0.044482232324847298 0.048079598841131048 -0.029253937426242011 0.0015704730439856157 -0.029605684213730461 -0.011793166308101141 0.0022938376442070371
leaf_weight=5.8091180175542858 6.055124223232272 5.940958425402644 4.5783130452036884 6.3605561107397142 6.3922160118818203 4.3946797996759397 7.9262799695134225 7.2681709825992575 6.5996674448251786 4.3388277292251569 9.8531899303197843 7.7104010134935379 8.0028370693325979 499.61759345978498 13.095390051603315 5.5629128143191338 15.761346369981764
leaf_count=27 28 28 22 28 27 21 41 33 28 20 46 38 37 2226 61 26 74
internal_value=0 -0.0095681 -0.0181145 -0.029907 -0.0432199 0.000483634 0.012195 0.00341762 -0.000393517 -0.0154646 -0.0281736 0.0316316 0.00032737 0.001007 -0.0161894 0.00358842 0.0127484
internal_weight=625.268 29.3272 23.272 17.3311 12.7528 595.94 43.0609 30.9558 552.88 26.3546 16.4529 12.1051 526.525 507.62 18.9045 9.90174 23.6876
internal_count=2811 133 105 77 55 2678 207 148 2471 120 74 59 2351 2263 88 46 115
is_linear=0
shrinkage=0.05


Tree=140
num_leaves=15
num_cat=0
split_feature=63 56 63 86 73 18 16 21 59 36 62 12 40 84
split_gain=1.15262 3.11299 3.26767 3.07617 2.87918 1.90239 2.64675 5.86689 7.05069 6.35343 3.48727 3.94661 3.84034 1.57075
threshold=9.2500000000000018 0.97330440000000007 9.0500000000000025 -1.8583333333333332 0.83333333333333337 2.5063925000000005 1.1666666666666667 -1.1666666666666663 0.63333333333333341 15.225000000000001 7.2500000000000009 16.833333333333339 1.4500000000000002 1.1000000000000003
decision_type=2 2 2 2 2 2 2 2 2 2 2 2 2 2
left_child=1 -1 3 -3 -5 6 7 8 -2 -9 12 -12 -8 -4
right_child=5 2 13 4 -6 -7 10 9 -10 -11 11 -13 -14 -15
leaf_value=0.039198195019505257 -0.021791897451713043 0.023984502533312833 0 0.016267626978457333 -0.023119683308183897 0.027090083581719701 -0.02665103916682306 -0.0027500861512198948 0.038240513236233106 -0.035411447649681578 0 0.039549386023988393 0.00018667913304999147 0.048579771468537092
leaf_weight=6.2503435462713233 7.145768657326701 5.9635525345802298 3.903456397354601 4.8878014609217706 19.460340321063995 5.5824876651167861 13.193052448332308 38.393231280148029 11.808218374848364 26.03915997594595 15.731506243348123 11.348009087145327 450.79976491630077 4.2706349343061447
leaf_count=37 35 33 19 24 91 25 59 176 58 117 73 56 1986 22
internal_value=0 0.00769252 0.00149744 -0.0054786 -0.0140385 -0.000593817 -0.00092965 -0.00915158 0.0143445 -0.0165056 0.000423504 0.0177258 -0.000550462 0.0290732
internal_weight=624.777 44.7361 38.4858 30.3117 24.3481 580.041 574.459 83.3864 18.954 64.4324 491.072 27.0795 463.993 8.17409
internal_count=2811 226 189 148 115 2585 2560 386 93 293 2174 129 2045 41
is_linear=0
shrinkage=0.05


Tree=141
num_leaves=18
num_cat=0
split_feature=65 65 79 84 71 73 53 46 65 12 72 60 51 23 15 86 65
split_gain=1.12363 4.50112 3.57657 3.76831 4.28513 4.24892 3.13612 4.21635 2.92954 2.42836 4.02868 4.51703 2.6805 2.36369 2.11996 2.01582 1.90277
threshold=1.9953325000000004 2.1543585000000003 1.0833333333333337 1.3666666666666669 0.95000000000000007 1.5833333333333337 12.414285714285716 1.1000000000000001 1.9598770000000003 10.16666666666667 0.58333333333333337 12.750000000000002 8.3375000000000021 -1.0000000180025095e-35 11.16666666666667 0.17499999999999979 2.0867925000000005
decision_type=2 2 2 2 2 2 2 2 2 2 2 2 2 2 2 2 2
left_child=8 6 3 4 -3 -5 7 14 9 10 -1 -12 13 -11 -2 -14 -9
right_child=1 2 -4 5 -6 -7 -8 16 -10 12 11 -13 15 -15 -16 -17 -18
leaf_value=0.026658426064197979 0.0056014656567513494 -0.048379340509390495 -0.042774271698425535 -0.0063976128079540426 -0.0008704656567402767 0.032606096593068332 -0.012816228396018767 0.022501225280771781 -0.030351995714966353 0.014248076203589461 -0.004125930773397137 -0.044373724793546905 0 -0.00098189590874523097 0.055066155128595841 0.037547317573493048 -0.021169366318389959
leaf_weight=4.6940191537141791 4.2525706142187181 5.1361490488052359 4.4334435015916815 10.461197614669802 38.122678577899933 15.64709637314081 4.3818659968674174 4.5374297872185689 7.8451967760920516 26.531437881290913 21.199268512427807 11.34633471816778 4.1898097693920118 437.73985031247139 11.432157933712004 7.9190642684698105 4.423548735678196
leaf_count=21 21 24 20 53 190 81 21 24 35 122 96 56 21 1909 54 42 21
internal_value=0 0.00478363 -0.00149325 0.00107455 -0.00757088 0.0162118 0.0213439 0.0285456 -0.000922921 -0.000395704 -0.0126321 -0.0193731 0.00052066 -4.3376e-05 0.0437869 0.0232735 0
internal_weight=624.293 102.828 73.8006 69.3671 43.2588 26.1083 29.0276 24.6457 521.465 513.62 37.2396 32.5456 476.38 464.271 15.6847 12.1089 8.96098
internal_count=2811 509 368 348 214 134 141 120 2302 2267 173 152 2094 2031 75 63 45
is_linear=0
shrinkage=0.05


Tree=142
num_leaves=20
num_cat=0
split_feature=3 88 4 4 66 30 8 83 70 7 62 85 44 49 69 48 51 27 74
split_gain=1.12508 3.53845 4.55318 3.75231 2.69729 2.24498 3.69406 4.58053 4.05687 3.67448 2.58912 4.63784 2.64569 2.57285 2.68074 2.41267 2.22707 1.89813 1.46716
threshold=8.1666666666666696 1.0000000180025095e-35 6.8333333333333348 8.1666666666666696 1.1148461500000004 1.5500000000000003 0.9683120833333333 2.2250000000000005 0.92916666666666681 2.684455666666667 7.9500000000000011 1.7750000000000001 0.84447900000000031 1.7250000000000003 -1.1499999999999997 2.8375000000000004 7.3500000000000005 8.9000000000000021 1.8333333333333337
decision_type=2 2 2 2 2 2 2 2 2 2 2 2 2 2 2 2 2 2 2
left_child=5 -2 16 17 -5 6 7 8 -1 10 12 -12 -7 14 -8 18 -3 -4 -11
right_child=1 2 3 4 -6 9 13 -9 -10 15 11 -13 -14 -15 -16 -17 -18 -19 -20
leaf_value=0.015685711237518975 -0.036096932206275599 0 -0.053193127104926047 0.018282247647136953 -0.026363678953300836 -0.0011979060035102601 -0.010645806741857422 0.029715172249316097 -0.028184093466181327 0.058057380418095599 -0.0018211841552645634 0.04616079033057028 -0.015416825277469945 -0.011151759369024976 0.021286568618917326 -0.0037846102340143972 0.040230926993692545 -0.0022580658650186865 0.011625217616973542
leaf_weight=6.0762455239892068 8.2787661850452405 6.9638134241104108 6.1515757739543933 9.3307195678353292 4.5240804702043524 409.27432093024254 6.0523785054683676 6.0990866459906092 18.845892645418644 4.5721918419003469 11.57360050827265 7.2923651859164229 35.76723937690258 7.4411766603589049 54.61997052282095 3.971918672323226 7.0372519940137863 4.0916250646114349 5.644413597881794
leaf_count=32 37 35 28 46 22 1770 30 34 89 24 52 42 167 34 257 22 39 21 30
internal_value=0 -0.00743835 -0.000176357 -0.0139 0.0015517 0.000615688 0.00746729 -0.00621804 -0.0164067 -0.000759094 -0.00158758 0.0161476 -0.00241279 0.0140643 0.0176315 0.0237589 0.021385 -0.0362263 0.0364769
internal_weight=623.609 46.3778 38.0991 24.098 13.8548 577.231 99.1348 31.0212 24.9221 478.096 463.908 18.866 445.042 68.1135 60.6723 14.1885 14.0011 10.2432 10.2166
internal_count=2811 228 191 117 68 2583 476 155 121 2107 2031 94 1937 321 287 76 74 49 54
is_linear=0
shrinkage=0.05


Tree=143
num_leaves=22
num_cat=0
split_feature=32 65 47 32 25 24 29 5 27 3 14 32 56 51 34 44 80 73 75 56 31
split_gain=1.14216 2.75866 2.38104 2.24571 2.04024 1.79439 6.02822 5.00386 4.95315 4.67945 4.42567 4.35489 3.40772 3.40412 3.1499 2.87255 1.96832 1.75656 1.48187 1.40115 0.414294
threshold=0.70315163333333341 1.8519426000000003 1.2 0.63086816666666679 0.3000000000000001 2.2250000000000005 11.675000000000002 9.8333333333333339 5.9000000000000012 8.8333333333333339 4.8333333333333348 1.0934368000000003 0.87396319000000011 7.7071428571428582 2.3000000000000003 1.2686966666666668 1.5500000000000003 1.1666666666666667 1.1666666666666667 0.60002820000000001 2.0935823333333339
decision_type=2 2 2 2 2 2 2 2 2 2 2 2 2 2 2 2 2 2 2 2 2
left_child=1 2 3 18 -4 7 11 10 17 -10 -2 12 -7 15 -12 -9 -13 -8 -1 -3 -6
right_child=5 19 4 -5 20 6 8 13 9 -11 14 16 -14 -15 -16 -17 -18 -19 -20 -21 -22
leaf_value=0.016192892842069394 -0.016182353028530223 0.00071419292680940103 0.0084678298562779614 0.040535649737239804 -0.041639583727405373 0.0063966646563562331 0.0012665364417802478 -0.00087165144667779467 0.036438716022277884 -0.010513006140245928 0.031389622822930674 -0.013965133472338931 -0.024627111874991031 -0.040004769284315823 -0.0058640081611983468 0.028804779517959619 0.01726048782113548 -0.036506160481654538 -0.014770576382344476 0.047122897287464403 -0.0082465392165603051
leaf_weight=7.6710388436913508 6.9750956222414962 3.8661637976765615 4.2691956162452689 4.642378367483615 4.447239160537718 8.8855777159333211 4.2091944217681867 409.86060416698456 18.074626900255684 6.1473310589790335 29.238626375794411 6.6416920423507717 54.637245573103428 4.9727336913347235 5.5098367929458609 7.8046392425894728 13.643874853849409 5.0675299018621445 6.6610196679830551 5.3842666372656822 4.4125574082136154
leaf_count=39 33 24 21 26 20 44 21 1768 90 29 144 30 248 23 28 39 70 22 33 38 21
internal_value=0 0.00798646 0.000118459 0.0120666 -0.0151242 -0.00056497 -0.00610126 0.000784888 0.0113142 0.0235399 0.0172245 -0.0133847 -0.019881 -0.000797408 0.0247739 -0.000223543 0.00574415 -0.0176219 0.000103854 0.0313219 -0.0290084
internal_weight=623.022 41.3539 32.1034 18.9744 13.129 581.669 117.307 464.362 33.4987 24.222 41.7236 83.8084 63.5228 422.638 34.7485 417.665 20.2856 9.27672 14.3321 9.25043 8.8598
internal_count=2811 222 160 98 62 2589 554 2035 162 119 205 392 292 1830 172 1807 100 43 72 62 41
is_linear=0
shrinkage=0.05


Tree=144
num_leaves=10
num_cat=0
split_feature=61 47 64 32 66 55 31 8 29
split_gain=1.15032 1.62133 3.62308 2.84406 2.99772 2.55887 1.73753 4.31538 1.93608
threshold=3.1000000000000005 -0.34999999999999981 1.5500000000000003 1.4787672000000003 1.2419338500000003 1.0181313000000001 1.2329576666666668 1.6067525000000002 8.4500000000000011
decision_type=2 2 2 2 2 2 2 2 2
left_child=-1 2 -2 4 -4 -3 7 -7 -8
right_child=1 5 3 -5 -6 6 8 -9 -10
leaf_value=0.018854990337462473 0.020346716088551282 0.028322634754280252 -0.063618487801261212 0 -0.0034572821493305574 -0.022266027344824732 -0.011327197363666471 0.022139008299862734 0.0012514378803104081
leaf_weight=7.494224101305007 4.9905458912253406 7.5050105750560752 5.7717904597520846 7.1960630267858496 4.5924055725336075 23.196920603513721 31.810233078896999 6.1611123383045188 523.70414240285754
leaf_count=35 25 35 26 35 21 107 156 31 2340
internal_value=0 -0.000234264 -0.0132644 -0.0244996 -0.040648 0.000230371 -0.000111282 -0.0118952 0.000476651
internal_weight=622.422 614.928 22.5508 17.5603 10.3642 592.377 584.872 29.358 555.514
internal_count=2811 2776 107 82 47 2669 2634 138 2496
is_linear=0
shrinkage=0.05


Tree=145
num_leaves=13
num_cat=0
split_feature=71 66 65 4 24 42 59 48 32 54 24 69
split_gain=1.11197 2.11971 2.0625 2.67394 2.71098 1.47325 3.10518 1.62334 4.33555 2.74192 2.73913 3.13981
threshold=1.9222222222222223 1.1009987500000002 2.81098106 5.8333333333333348 2.2250000000000005 0.48111300000000007 0.73888888888888904 3.2500000000000004 0.90258766666666668 1.4500000000000002 3.4500000000000006 2.350000000000001
decision_type=2 2 2 2 2 2 2 2 2 2 2 2
left_child=5 2 3 -2 -5 6 -1 10 -9 -10 11 -7
right_child=1 -3 -4 4 -6 7 -8 8 9 -11 -12 -13
leaf_value=0.0011778041989347248 -0.028625532416101926 0.034189636167986273 0.032119165199107062 0.025019683318699745 -0.015323314711026778 -0.0004349365894829635 -0.044071105446841521 0.022670808995693723 -0.05326849423096737 0 0.029327189163770185 0.040782301525723763
leaf_weight=7.6436750665307027 7.1493346095085206 6.2359254732727996 4.2460893765091887 8.9659223705530149 6.2798407152295104 549.6610309407115 5.4593389630317688 4.0473422184586516 6.3212243020534498 4.4771163836121559 7.5323239639401427 4.1576171368360511
leaf_count=37 34 35 24 42 30 2447 26 26 28 23 38 21
internal_value=0 0.00888986 0.00152605 -0.0037572 0.00685548 -0.000490907 -0.0167642 -6.32811e-05 -0.0161428 -0.0332628 0.000331456 -4.3904e-05
internal_weight=622.177 32.8771 26.6412 22.3951 15.2458 589.3 13.103 576.197 14.8457 10.7983 561.351 553.819
internal_count=2811 165 130 106 72 2646 63 2583 77 51 2506 2468
is_linear=0
shrinkage=0.05


Tree=146
num_leaves=15
num_cat=0
split_feature=32 55 8 84 84 8 1 72 0 53 16 20 59 87
split_gain=1.10008 2.17575 1.75637 3.4155 4.59669 1.98791 1.75796 7.33216 4.90177 4.33598 2.50688 3.28385 3.23751 1.68751
threshold=2.0089983333333339 1.7703979999999999 1.7581250000000004 1.3666666666666669 1.7750000000000001 2.0740591666666668 1.5000000000000002 1.5833333333333337 2.166666666666667 11.535714285714286 1.1666666666666667 1.2143397499999999 1.8166666666666669 0.77500000000000013
decision_type=2 2 2 2 2 2 2 2 2 2 2 2 2 2
left_child=2 -2 6 5 -5 -4 10 9 -9 -8 11 -1 -12 -6
right_child=1 -3 3 4 13 -7 7 8 -10 -11 12 -13 -14 -15
leaf_value=-0.010175331739492907 0.0013116150628926125 -0.036077236089607917 0.01156695501987466 0.062216234922022967 -0.014639117886099806 -0.026649519928966942 -0.041003989372719041 0.022854065066578194 -0.014790760738758638 -0.0024340897576156902 0.0032303208113322736 0.019585713193504224 -0.021721435329426855 0.026831696772443209
leaf_weight=81.357306495308876 7.1792393177747709 5.7316060587763786 6.15844275057316 5.7261016368865958 4.5741159543395025 5.6978362575173378 18.0259148478508 21.18812195956707 13.177377022802828 14.53930279612541 412.41528888046741 9.498560927808283 12.720003873109816 3.9047902375459671
leaf_count=378 33 26 31 29 22 27 79 98 61 68 1832 51 56 20
internal_value=0 -0.0141488 0.000327876 0.0129181 0.0293282 -0.00511088 -0.000202744 -0.00782849 0.00769709 -0.0248371 0.000744631 -0.00670013 0.00240039 0.00210576
internal_weight=621.894 12.9108 608.983 26.0613 14.205 11.8563 582.922 66.9307 34.3655 32.5652 515.991 90.8559 425.135 8.47891
internal_count=2811 59 2752 129 71 58 2623 306 159 147 2317 429 1888 42
is_linear=0
shrinkage=0.05


Tree=147
num_leaves=12
num_cat=0
split_feature=38 59 36 36 53 53 65 5 12 31 14
split_gain=1.06889 2.80749 2.16305 2.56089 1.52086 3.1321 3.75986 2.58802 4.12047 3.31143 1.03181
threshold=9.3000000000000025 0.73888888888888904 21.900000000000002 22.900000000000002 9.7500000000000018 9.4500000000000011 2.2415025500000003 10.833333333333334 14.41666666666667 1.0362370000000003 9.8333333333333339
decision_type=2 2 2 2 2 2 2 2 2 2 2
left_child=2 -2 4 -4 5 6 -1 8 -6 -9 -3
right_child=1 10 3 -5 7 -7 -8 9 -10 -11 -12
leaf_value=0.0017132223500410564 -0.038375909591520936 -0.014657755881562391 0.047593336882222469 0 -0.010526262640112995 -0.037087158259740911 -0.045161758057381124 -0.024347704776322091 0.017284333615113816 0.00017915728353241515 0.016034362177659314
leaf_weight=42.208696886897087 6.006345070898532 3.7558236569166166 4.7472284957766515 5.654878742992878 16.528048053383827 7.5369027554988852 4.181245505809783 13.638546511530874 49.948243200778961 461.12873786687851 6.1057266667485237
leaf_count=209 27 19 25 29 79 34 20 63 249 2026 31
internal_value=0 -0.0125947 0.000353715 0.022427 -8.60226e-06 -0.00801644 -0.0024151 0.000749775 0.00996954 -0.000497693 0.00178909
internal_weight=621.44 15.8679 605.573 10.4021 595.17 53.9268 46.3899 541.244 66.4763 474.767 9.86155
internal_count=2811 77 2734 54 2680 263 229 2417 328 2089 50
is_linear=0
shrinkage=0.05


Tree=148
num_leaves=23
num_cat=0
split_feature=39 39 0 87 72 14 30 85 85 54 22 86 32 35 65 12 14 32 73 13 82 86
split_gain=1.07923 3.21184 2.74579 3.93642 3.33152 2.74738 2.65369 5.76548 4.58026 3.97458 5.38242 3.20562 2.57647 2.34096 2.15307 1.87232 2.44339 2.13601 2.12043 1.98749 1.37979 0.640851
threshold=9.3000000000000025 10.550000000000002 1.8333333333333337 -1.0249999999999997 1.5833333333333337 5.166666666666667 1.1000000000000003 1.7083333333333337 1.3666666666666669 1.3166666666666669 1.4166666666666672 -3.3666666666666658 0.99260216666666667 0.63333333333333341 1.8658901000000003 13.500000000000002 7.8333333333333348 1.2383116666666669 1.8333333333333337 6.8333333333333348 1.9000000000000001 -0.08333333333333319
decision_type=2 2 2 2 2 2 2 2 2 2 2 2 2 2 2 2 2 2 2 2 2 2
left_child=12 2 4 -4 -2 -5 7 8 -3 10 -8 -11 20 -9 -6 18 19 -18 21 -17 -1 -14
right_child=1 6 3 5 14 -7 9 13 -10 11 -12 -13 15 -15 -16 16 17 -19 -20 -21 -22 -23
leaf_value=0.042335366471808161 -0.017593851724466494 -0.0061450632919356728 0.0085748790091262333 -0.0066637126073892149 0.048996691013542946 -0.040024837440533319 0.041228155592203497 -0.015917243262984351 -0.043826108727229418 -0.026223429010088325 -0.00986643339935484 0.0015295294704324278 0.013766547662859403 0.021081357998984807 0 0 -0.018891389427909012 0.02042562476889102 -0.03934771573963794 0.037073085190653908 0 -0.0119161851648888
leaf_weight=6.3791977018117887 7.649305239319804 23.226067945361137 8.3856907486915571 12.549898333847525 4.2698096185922605 18.344721004366875 13.631104961037638 4.6655168980360058 13.873107567429541 10.111469820141791 6.7914301678538314 422.62752161175013 4.3616175204515448 15.444729961454867 4.2949524074792862 8.149726435542112 10.413836903870104 4.1474857330322257 4.6831091791391364 8.6406859681010229 4.188181534409523 4.2942645698785773
leaf_count=38 37 107 38 58 20 80 66 23 61 43 31 1866 20 75 22 37 51 22 21 50 25 20
internal_value=0 -0.000646389 -0.0120346 -0.0192312 0.00395808 -0.0275913 0.000553518 -0.00947505 -0.0212961 0.00188373 0.0232122 0.000793827 0.00664415 0.0111069 0.0258731 0.000707484 0.00788393 -0.00572657 -0.0140289 0.0209577 0.0283259 0
internal_weight=621.123 565.865 55.4944 39.2803 16.2141 30.8946 510.371 57.2094 37.0992 453.162 20.4225 432.739 55.2581 20.1102 8.56476 44.6907 31.3517 14.5613 13.339 16.7904 10.5674 8.65588
internal_count=2811 2527 255 176 79 138 2272 266 168 2006 97 1909 284 98 42 221 160 73 61 87 63 40
is_linear=0
shrinkage=0.05


Tree=149
num_leaves=16
num_cat=0
split_feature=79 51 87 82 82 86 86 69 32 81 20 5 73 78 78
split_gain=1.0748 2.94905 2.85286 2.91346 4.45779 2.72585 4.05064 3.83204 5.39698 2.89691 2.25847 1.93624 1.64229 0.876102 0.555644
threshold=1.4166666666666672 4.5500000000000007 2.0250000000000004 2.4500000000000006 2.1000000000000005 2.6250000000000004 1.2000000000000002 0.19999999999999976 1.5579507000000004 0.90000000000000013 1.9995745833333334 10.833333333333334 1.1666666666666667 0.33333333333333343 2.0833333333333344
decision_type=2 2 2 2 2 2 2 2 2 2 2 2 2 2 2
left_child=5 -2 3 4 -3 6 10 8 -8 -9 11 -1 -7 -12 -5
right_child=1 2 -4 14 -6 12 7 9 -10 -11 13 -13 -14 -15 -16
leaf_value=0.0063789120004873441 0.02608070534367974 -0.017336251795526905 0.013998564947880264 -0.016194945216713306 0.027822181465856008 -4.6460143685542033e-05 0.028336149497119125 -0.032993066391502124 -0.019783000165139411 0.0096418064045216533 0.043460510315254261 -0.0021188627256398455 -0.045603027143109487 0 -0.052985688919938649
leaf_weight=78.839873522520065 5.291204869747161 25.190886072814468 8.2171430587768537 5.138019844889639 6.16244152188301 5.1935505867004377 37.676669403910637 6.1218780651688567 5.8784489631652823 8.3237470388412458 3.537653785198926 411.81059511750937 4.5018455684185028 3.1534954980015755 5.4686995595693588
leaf_count=389 25 112 38 23 30 24 175 29 28 40 22 1812 20 20 24
internal_value=0 -0.00660224 -0.0107653 -0.0163114 -0.00737819 0.000661355 0.00117369 0.0136271 0.0211234 -0.00725291 -0.00024066 -0.000697398 -0.0248508 0.0274945 -0.0389461
internal_weight=620.506 55.4684 50.1772 41.96 31.3533 565.038 555.342 58.0007 43.5551 14.4456 497.342 490.65 9.6954 6.69115 10.6067
internal_count=2811 252 227 189 142 2559 2515 272 203 69 2243 2201 44 42 47
is_linear=0
shrinkage=0.05


Tree=150
num_leaves=24
num_cat=0
split_feature=49 80 0 87 45 22 53 60 17 82 26 7 49 26 35 26 49 87 59 34 66 59 15
split_gain=1.08288 3.47974 4.12938 4.49101 4.37554 3.37869 5.55488 5.05114 2.56045 2.32177 2.29085 1.98032 1.97519 1.82677 4.62712 7.54197 4.51222 3.82469 2.55867 4.23156 4.17302 7.75697 5.68075
threshold=0.77500000000000013 1.6333333333333335 1.8333333333333337 1.3750000000000002 -1.0000000180025095e-35 0.83333333333333326 11.65 15.350000000000003 1.9829650000000003 1.3666666666666669 15.900000000000002 1.2708420000000002 0.53571428571428581 13.900000000000002 1.1000000000000003 11.900000000000002 0.81666666666666676 -1.0000000180025095e-35 1.3166666666666669 1.6333333333333335 1.5520922000000001 1.6333333333333335 9.8333333333333339
decision_type=2 2 2 2 2 2 2 2 2 2 2 2 2 2 2 2 2 2 2 2 2 2 2
left_child=1 5 10 4 -4 7 8 12 -7 -8 11 -3 -1 14 15 17 -17 -2 19 -15 22 -22 -20
right_child=13 2 3 -5 -6 6 9 -9 -10 -11 -12 -13 -14 18 -16 16 -18 -19 20 -21 21 -23 -24
leaf_value=-0.015274834680410349 -0.014250895676673273 0 -0.038846503415653842 -0.036621711551047022 0.013796408605412659 -0.022805118168377943 0.045483208771288863 0.0019537167892487357 0.015341567837648257 0 -0.0041468407786822 0.044988017385222907 -0.070048725419922228 0.015316580991091417 0.013506851638247802 0.011905889516360089 -0.037811589338385382 0.018009029346998905 0.017879312706261148 0.0013630333689698317 0.0453229556110228 -0.014898166083808251 -0.022857383988567587
leaf_weight=4.4158225357532519 15.846524991095064 4.141741611063483 4.1545599028468159 8.2547193318605405 22.445838294923306 24.248664751648906 5.7171570360660535 5.7152118086814871 4.1665805764496318 4.3549891114234924 4.0295559465885153 9.8389813452959043 6.4419943690299988 68.265491172671318 22.415294289588928 4.3737753778696087 26.895557761192322 19.705632090568542 9.7814127057790738 285.38038501143456 9.2257997840642947 10.648473575711249 39.690328307449818
leaf_count=20 76 20 21 37 113 104 26 28 24 20 21 47 29 309 108 21 121 95 47 1257 44 48 175
internal_value=0 -0.00453361 0.00425969 -0.00522855 0.00408691 -0.0133887 -0.00435158 -0.0321691 -0.0161784 0.0258365 0.023618 0.0332138 -0.0516267 0.000966218 -0.00543142 -0.0122088 -0.0299925 0.00293828 0.00237975 0.00414495 -0.00622958 0.0122562 -0.0142045
internal_weight=620.154 107.926 52.8654 34.8551 26.6004 55.0604 38.4874 16.573 28.4152 10.0721 18.0103 13.9807 10.8578 512.229 89.2368 66.8215 31.2693 35.5522 422.992 353.646 69.346 19.8743 49.4717
internal_count=2811 510 259 171 134 251 174 77 128 46 88 67 49 2301 421 313 142 171 1880 1566 314 92 222
is_linear=0
shrinkage=0.05


Tree=151
num_leaves=17
num_cat=0
split_feature=71 17 4 71 81 81 34 10 65 14 63 45 20 48 42 76
split_gain=1.08791 2.43851 2.47383 2.23646 2.0025 2.73038 1.60737 5.11535 4.25979 3.18964 3.62528 2.90588 2.21566 3.32751 2.20647 1.10277
threshold=1.9222222222222223 2.2310375000000007 6.5000000000000009 2.4500000000000006 0.90000000000000013 1.5500000000000003 2.3000000000000003 2.8333333333333335 1.8172271500000001 2.8333333333333335 9.9500000000000011 -0.73333333333333306 1.6288688333333334 3.2500000000000004 0.71385816666666668 1.5833333333333337
decision_type=2 2 2 2 2 2 2 2 2 2 2 2 2 2 2 2
left_child=6 2 4 -3 -2 -6 7 12 11 -10 -11 -8 13 -1 -14 -13
right_child=1 3 -4 -5 5 -7 8 -9 9 10 -12 15 14 -15 -16 -17
leaf_value=0.0001679763834257137 0.011925636308170014 0.0495648522615511 0.025276198383764936 0 -0.041036196669554596 0.0039507050547250957 0.00047026194724628936 0.043660760182090863 0.037778545990756571 0.01587576785118822 -0.009025510268828774 -0.054627546283590782 0 -0.027153431839919535 0.039458602661107643 -0.013476892090164998
leaf_weight=448.37521029263735 5.025885805487639 5.3078262470662576 6.2298423945903769 4.6062315627932549 7.1349110156297666 4.2611332014203072 4.5467279255390194 6.3391954749822608 4.3167279213666907 17.38198433816433 71.193355545401573 7.337466284632681 4.9863149449229223 10.894286692142485 6.5401325225830078 5.0337339788675308
leaf_count=1994 22 32 32 26 32 21 21 28 20 87 323 32 25 53 41 22
internal_value=0 0.0088341 0 0.0288649 -0.0105542 -0.0226544 -0.000486926 0.000723384 -0.00595191 -0.00140494 -0.00379655 -0.0287259 4.64869e-05 -0.000454562 0.0212783 -0.041
internal_weight=619.511 32.5658 22.6518 9.91406 16.4219 11.396 586.945 477.135 109.81 92.8921 88.5753 16.9179 470.796 459.269 11.5264 12.3712
internal_count=2811 165 107 58 75 53 2646 2141 505 430 410 75 2113 2047 66 54
is_linear=0
shrinkage=0.05


Tree=152
num_leaves=11
num_cat=0
split_feature=25 4 26 53 50 79 57 74 81 78
split_gain=1.08121 1.55445 3.74089 3.28932 2.08516 2.34418 3.26977 2.56313 1.41888 1.29845
threshold=2.5000000000000004 2.8333333333333335 12.900000000000002 12.738888888888892 8.9000000000000021 1.0833333333333337 7.5000000000000009 1.5833333333333337 1.3666666666666669 0.24999999999999986
decision_type=2 2 2 2 2 2 2 2 2 2
left_child=1 2 3 8 -3 7 -7 -6 -1 -4
right_child=-2 4 9 -5 5 6 -8 -9 -10 -11
leaf_value=0 -0.02066767238348273 0.034607994045323574 0.0025507486572871919 -0.026520903014397409 -0.0017256912207956427 -0.029424660610851545 -0.0028418279691013629 0.0059342007728827601 0.03258402358744935 0.0513197170958756
leaf_weight=5.7358591258525902 5.7498142048716536 3.7309085279703131 3.2922889553010446 7.2570670396089545 355.97650869935751 15.224126592278479 55.043673001229763 155.91581501811743 5.4474608823657036 5.7455233931541443
leaf_count=29 27 18 19 32 1578 62 254 729 29 34
internal_value=0 0.000233295 0.0117691 -4.82655e-05 -0.000274672 -0.000570638 -0.0091217 0.000562137 0.0153903 0.0372404
internal_weight=619.119 613.369 27.4782 18.4404 585.891 582.16 70.2678 511.892 11.1833 9.03781
internal_count=2811 2784 143 90 2641 2623 316 2307 58 53
is_linear=0
shrinkage=0.05


Tree=153
num_leaves=10
num_cat=0
split_feature=61 47 64 11 55 56 48 50 52
split_gain=1.07428 1.44219 3.26174 3.00585 2.28413 2.15531 1.75205 2.57959 2.37486
threshold=3.1000000000000005 -0.34999999999999981 1.5500000000000003 1.8333333333333337 1.0181313000000001 1.3780426000000003 1.267857142857143 11.225000000000001 3.7500000000000004
decision_type=2 2 2 2 2 2 2 2 2
left_child=-1 2 -2 5 -3 -4 7 -6 -8
right_child=1 4 3 -5 6 -7 8 -9 -10
leaf_value=0.018311279653613375 0.019377199662512379 0.02700679517385933 -0.0523841548222507 0.0062066891274225348 -0.037838256936230774 -0.0039514150557431408 0.02526478692288657 -0.0037191266808919454 0.00016719362521482256
leaf_weight=7.4261063039302817 4.9167511165142086 7.3608861714601508 7.6422841995954531 4.6672825366258612 6.5155854970216742 5.0013957172632217 9.1504739224910718 39.457206636667252 526.70593860000372
leaf_count=35 25 35 36 22 30 24 45 188 2371
internal_value=0 -0.000214139 -0.012594 -0.0233673 0.000220788 -0.036007 -9.80559e-05 -0.00944775 0.000665533
internal_weight=618.844 611.418 22.2277 17.311 589.19 12.6437 581.829 45.9728 535.856
internal_count=2811 2776 107 82 2669 60 2634 218 2416
is_linear=0
shrinkage=0.05


Tree=154
num_leaves=19
num_cat=0
split_feature=54 6 64 2 77 27 12 69 63 21 87 27 37 16 37 8 27 24
split_gain=1.07197 2.32933 2.35852 1.9356 2.5375 1.82814 5.40189 4.5289 7.58717 2.88826 2.67508 3.48361 4.11576 3.44571 5.68915 3.13258 2.99684 0.951835
threshold=2.4142857142857146 4.166666666666667 2.1547619047619051 10.16666666666667 1.5833333333333337 5.1000000000000005 21.500000000000004 -0.99999999999999956 11.105555555555556 0.75000000000000022 -0.28333333333333333 5.7000000000000002 5.5500000000000007 2.5000000000000004 4.6333333333333337 1.7267825000000003 8.6750000000000025 1.4500000000000002
decision_type=2 2 2 2 2 2 2 2 2 2 2 2 2 2 2 2 2 2
left_child=5 2 3 17 -5 6 7 8 -1 -9 13 12 -12 16 -15 -13 -7 -2
right_child=1 -3 -4 4 -6 10 -8 9 -10 -11 11 15 -14 14 -16 -17 -18 -19
leaf_value=0.026252214027986387 0 -0.03759531498239034 -0.029146220994147421 -0.01695928028928392 0.015405657744430899 0 0.058732757083878866 0.014657099447424394 -0.044273375932323639 -0.013741322807747841 0.0095890516721017435 -0.0034856040527160717 -0.041980374183010524 -0.0067118748250849167 0.037796526244186973 0.020923997063915584 0.039689446638789608 0.037178325961711715
leaf_weight=5.0125354826450339 4.4653017818927747 5.2063707560300818 6.4634202346205702 15.383876256644728 8.7532958537340146 168.70305887237191 4.408596694469451 54.670407794415951 10.32560972869396 9.3893715515732747 4.4553870856761923 260.18628447502851 11.44886180013418 10.502103023231031 17.09698848798871 13.139062955975531 4.381084866821765 4.5663297548890114
leaf_count=25 21 24 30 71 42 752 23 261 49 45 20 1156 52 47 80 65 24 24
internal_value=0 -0.0073755 -0.00236374 0.00246802 -0.00413302 0.000609891 0.00743087 0.00391969 -0.0195459 0.0100333 -0.000512342 -0.00363223 -0.0261579 0.00385771 0.0201523 -0.00218484 0.00106488 0.0220237
internal_weight=618.558 44.8386 39.6322 33.1688 24.1372 573.719 83.8065 79.3979 15.3381 64.0598 489.913 289.23 15.9042 200.683 27.5991 273.325 173.084 9.03163
internal_count=2811 212 188 158 113 2599 403 380 74 306 2196 1293 72 903 127 1221 776 45
is_linear=0
shrinkage=0.05


Tree=155
num_leaves=14
num_cat=0
split_feature=39 58 66 75 39 35 36 85 81 85 87 37 41
split_gain=1.04205 2.83145 2.24211 2.88216 2.0904 1.8736 1.82088 1.71363 3.66981 3.9937 2.92124 3.8989 2.45292
threshold=15.300000000000002 1.7250000000000003 1.0029762500000003 1.4166666666666667 14.900000000000002 0.90000000000000013 12.300000000000002 2.2250000000000005 0.55000000000000016 2.8000000000000003 -0.28333333333333333 4.5500000000000007 2.7625111666666671
decision_type=2 2 2 2 2 2 2 2 2 2 2 2 2
left_child=4 6 -3 -4 7 -6 -2 10 -9 -10 11 -1 -12
right_child=1 2 3 -5 5 -7 -8 8 9 -11 12 -13 -14
leaf_value=-0.01385014357550917 0.0010407614788608796 0.022073097797302023 0.0017348934940369647 -0.044698560059356338 0 -0.042294103469408872 0.038678084731177738 0.029594787332859501 -0.018629076308303946 0.0059865975283079518 -0.00072234060946726119 0.0096318992642583923 -0.026442545206306102
leaf_weight=18.979233235120773 7.2237607985734966 4.1289460957050315 6.0653904378414136 4.9859737604856491 5.0547984242439252 5.1049672067165375 8.6486218050122243 5.4993950501084319 47.990716699510813 22.718602024018764 332.2521334066987 140.14956222474575 9.1561374217271787
leaf_count=86 34 21 28 22 24 23 41 29 229 107 1494 626 47
internal_value=0 0.00888165 -0.00520715 -0.0180779 -0.000444633 -0.0223863 0.0236306 0 -0.00699772 -0.0103826 0.00102635 0.00663998 -0.0015229
internal_weight=617.958 31.0527 15.1803 11.0514 586.906 10.1598 15.8724 576.746 76.2087 70.7093 500.537 159.129 341.408
internal_count=2811 146 71 50 2665 47 75 2618 365 336 2253 712 1541
is_linear=0
shrinkage=0.05


Tree=156
num_leaves=8
num_cat=0
split_feature=16 87 86 73 15 72 82
split_gain=1.05466 1.37083 1.90664 1.40169 1.39908 4.48726 3.64372
threshold=4.166666666666667 -2.3749999999999996 -3.3666666666666658 3.166666666666667 12.16666666666667 1.1666666666666667 0.36666666666666675
decision_type=2 2 2 2 2 2 2
left_child=1 -1 3 -3 6 -6 -4
right_child=-2 2 4 -5 5 -7 -8
leaf_value=0.02054761063654395 0.01677046288284325 -0.03610141818757729 -0.015201246480992057 0 0.017155794100679699 -0.003363919409706271 4.0723233837867646e-06
leaf_weight=7.2825647741556159 8.7655223309993726 5.9726175144314748 42.406688436865807 4.4974608421325684 44.397217199206352 61.634165465831757 442.70738016068935
leaf_count=34 39 27 181 20 202 290 2018
internal_value=0 -0.000224613 -0.000534435 -0.0212026 -0.000108506 0.00503357 -0.00128792
internal_weight=617.664 608.898 601.616 10.4701 591.145 106.031 485.114
internal_count=2811 2772 2738 47 2691 492 2199
is_linear=0
shrinkage=0.05


Tree=157
num_leaves=14
num_cat=0
split_feature=53 28 70 8 25 45 8 64 81 70 34 48 82
split_gain=1.02725 1.28888 4.36103 3.90004 3.09102 4.15971 2.99934 2.91692 2.67299 2.34068 2.85593 2.22645 2.22303
threshold=16.738888888888891 7.5500000000000007 1.2 1.4087700000000003 0.45000000000000007 2.2666666666666671 0.58299391666666678 1.3166666666666669 1.1000000000000003 1.9500000000000002 1.9000000000000001 3.2500000000000004 1.9000000000000001
decision_type=2 2 2 2 2 2 2 2 2 2 2 2 2
left_child=1 4 3 8 5 7 12 -1 -3 10 -4 -8 -6
right_child=-2 2 9 -5 6 -7 11 -9 -10 -11 -12 -13 -14
leaf_value=0.01557238966101634 -0.021835308991300619 0.047434756686600056 0.0037814780186992852 -0.019630315645078805 0.040256304534178805 0.025040555634777598 0.00048940026057794407 -0.02150352285062777 0.012152592016409069 0.011167379529246233 -0.039288007800265382 -0.027114394076891646 0
leaf_weight=4.8812563866376868 4.8238749653100959 10.223739877343183 4.9285771846771267 4.388206109404563 7.7197644598782045 5.7953894585371009 486.57909052073956 42.775662939995527 17.284108690917492 7.0783353447914115 8.4454663991928083 6.9127329513430587 5.7577439323067665
leaf_count=26 22 51 24 22 43 31 2169 200 83 38 39 33 30
internal_value=0 0.000220466 0.00771173 0.0194111 -0.000440966 -0.0118464 0.000722787 -0.0170646 0.0267711 -0.00936845 -0.0220499 2.5071e-05 0.023567
internal_weight=617.594 612.77 52.3484 31.8961 560.422 53.4523 506.969 47.6569 27.5078 20.4524 13.374 493.492 13.4775
internal_count=2811 2789 257 156 2532 257 2275 226 134 101 63 2202 73
is_linear=0
shrinkage=0.05


Tree=158
num_leaves=19
num_cat=0
split_feature=71 17 4 71 66 80 34 65 28 79 30 14 73 26 45 50 4 76
split_gain=1.04162 2.22915 2.3206 1.99756 1.85089 2.08612 1.4248 3.94232 3.07413 4.53572 7.79203 2.86174 3.28802 2.70403 2.69832 2.63128 2.25723 0.926169
threshold=1.9222222222222223 2.2310375000000007 5.8333333333333348 2.4500000000000006 1.0965330500000003 1.9000000000000001 2.3000000000000003 1.8172271500000001 7.9000000000000012 -0.41666666666666669 1.2666666666666668 2.8333333333333335 2.8333333333333335 21.100000000000005 -0.73333333333333306 18.550000000000004 8.5000000000000018 1.5833333333333337
decision_type=2 2 2 2 2 2 2 2 2 2 2 2 2 2 2 2 2 2
left_child=6 2 -2 -3 -4 -6 8 14 13 16 -11 -9 -13 15 -8 -1 -10 -16
right_child=1 3 4 -5 5 -7 7 11 9 10 -12 12 -14 -15 17 -17 -18 -19
leaf_value=-0.0005235075587321957 -0.023464149563687628 0.048167107268009136 -0.012250813731926317 0 0.00099204766629412233 0.048475334186869723 0.00044643525658764264 0.036049072298066524 0.0095908884635779994 -0.0049376376427330481 0.051192176015862789 -0.0069356125678846862 0.024592938503442602 -0.029733102003959313 -0.052292415227387201 0.021549672807238494 -0.036157503681358727 -0.01328050663939471
leaf_weight=423.27944561094046 6.8068606853485134 5.1262365430593473 4.542500138282775 4.5924494713544846 7.0199024677276594 4.1202454194426537 4.5221959501504925 4.2759134024381629 4.0393248051404971 9.5491695776581782 13.591700561344622 79.791924901306629 8.5006649047136289 7.1969636827707282 7.2733808457851392 13.429199315607546 4.6490516811609268 5.0254009366035461
leaf_count=1877 32 32 21 26 33 21 21 20 20 47 71 371 39 35 32 70 21 22
internal_value=0 0.00871897 0 0.0280836 0.0104837 0.0220296 -0.000448056 -0.00560545 0.000689971 0.0155935 0.0273579 -0.00121796 -0.00349715 -0.000338737 -0.0275751 0.000121951 -0.0128032 -0.0394466
internal_weight=617.333 32.2082 22.4895 9.71869 15.6826 11.1401 585.124 109.389 475.735 31.8292 23.1409 92.5685 88.2926 443.906 16.821 436.709 8.68838 12.2988
internal_count=2811 165 107 58 75 54 2646 505 2141 159 118 430 410 1982 75 1947 41 54
is_linear=0
shrinkage=0.05


Tree=159
num_leaves=8
num_cat=0
split_feature=25 7 50 76 44 10 6
split_gain=1.00705 1.51983 2.11242 2.00883 1.82537 4.23456 2.06321
threshold=2.5000000000000004 0.68935325000000014 8.9000000000000021 1.1666666666666667 0.3074423 2.416666666666667 3.8333333333333335
decision_type=2 2 2 2 2 2 2
left_child=1 3 -3 -1 5 -4 -6
right_child=-2 2 4 -5 6 -7 -8
leaf_value=-0.043264557727920427 -0.020010223051298053 0.034482562650942628 0.0015106160161342417 0 0.00021988711267123973 0.046638462050638436 -0.015371912817031165
leaf_weight=4.1217806041240674 5.6973535344004622 4.0744764655828467 26.294528037309647 4.2462547942996025 544.40373888239264 6.4287952780723563 21.496368333697319
leaf_count=19 27 20 128 21 2458 34 104
internal_value=0 0.00024308 0.000585306 -0.0202295 0.000284275 0.0116973 -0.000341294
internal_weight=616.763 611.066 602.698 8.36804 598.623 32.7233 565.9
internal_count=2811 2784 2744 40 2724 162 2562
is_linear=0
shrinkage=0.05


Tree=160
num_leaves=17
num_cat=0
split_feature=79 42 84 68 29 36 4 44 83 4 73 5 29 0 72 85
split_gain=1.00258 2.77007 1.6315 2.69436 3.31597 4.5937 3.13976 2.07468 1.96369 3.83633 2.75368 2.15909 3.78206 2.40047 1.23071 0.0718625
threshold=-2.1666666666666661 1.0805693333333335 0.63333333333333341 0.86924355000000009 11.450000000000001 17.450000000000003 7.8333333333333348 1.3569880000000001 2.6333333333333337 7.8333333333333348 1.1666666666666667 9.1666666666666696 9.3000000000000025 3.166666666666667 0.58333333333333337 2.4500000000000006
decision_type=2 2 2 2 2 2 2 2 2 2 2 2 2 2 2 2
left_child=1 14 3 4 6 -6 -2 -5 11 10 -10 12 -4 -13 -1 -16
right_child=2 -3 8 7 5 -7 -8 -9 9 -11 -12 13 -14 -15 15 -17
leaf_value=0.019128762653743237 -0.043047164615462437 0.043797490323279488 -0.0011734323103677008 -0.046079906165864486 0.010846735458095304 -0.032901159378843768 0.0030098068399276048 0 0 -0.021457363455436855 0.033014581660107588 -0.0023854909384152857 0.024771208117156811 0.012181348657939456 -0.016692637358659258 0
leaf_weight=4.7794151902198818 8.1193145215511304 4.386663742363452 32.058981992304325 6.7875107079744321 37.136521771550179 6.5065859854221335 4.7329562902450553 3.9773502349853516 9.7637652829289454 5.6741753071546546 16.663054902106524 415.50377152860165 22.324141852557659 29.476019538938999 4.2538620680570585 4.4740679822862148
leaf_count=22 40 23 163 34 166 30 23 21 47 28 85 1822 116 151 19 21
internal_value=1.49478e-06 0.0115376 -0.000310902 -0.00764456 -0.00267703 0.0034594 -0.0247364 -0.0302195 0.000576538 0.0124765 0.0209541 -0.000150139 0.00914991 -0.00135186 0 -0.011139
internal_weight=616.618 17.894 598.724 67.2602 56.4954 43.6431 12.8523 10.7649 531.464 32.101 26.4268 499.363 54.3831 444.98 13.5073 8.72793
internal_count=2811 85 2726 314 259 196 63 55 2412 160 132 2252 279 1973 62 40
is_linear=0
shrinkage=0.05


Tree=161
num_leaves=16
num_cat=0
split_feature=3 56 4 73 71 79 0 84 48 29 83 24 30 65 54
split_gain=0.984496 4.74817 3.66723 2.7526 3.14938 2.18753 1.95066 3.60932 3.71481 3.79228 3.71335 2.97414 2.28209 3.87194 2.04108
threshold=8.1666666666666696 1.2846565000000003 6.8333333333333348 1.8333333333333337 1.1500000000000001 0.24999999999999997 3.166666666666667 1.1000000000000003 3.1214285714285719 10.633333333333335 1.4500000000000002 3.3000000000000003 1.5500000000000003 2.0606152000000004 1.3875000000000002
decision_type=2 2 2 2 2 2 2 2 2 2 2 2 2 2 2
left_child=6 2 5 4 -4 -2 11 10 9 -9 -8 12 13 -1 -14
right_child=1 -3 3 -5 -6 -7 7 8 -10 -11 -12 -13 14 -15 -16
leaf_value=0.0027838469098653866 0.039855185100486523 -0.039538855740225962 0 0.019318833956128947 -0.042773420896182614 0 -0.036918214034007045 0 -0.0061111160544503529 0.054819839021949472 0.016260575840759732 -0.037551497657054983 0.029114960406305897 0.03288094998724627 -0.0015237688980935145
leaf_weight=69.65443779528141 6.9237540885806066 8.5324720516800863 10.731977522373205 4.7225472703576079 8.0557859092950803 6.5051992908120155 5.6589524149894697 5.1452766656875637 5.5061756297945967 10.097041256725786 5.8970940373837948 4.7510717362165442 4.9418148398399344 12.75184580683708 446.26346111297607
leaf_count=328 39 41 52 25 37 34 27 25 30 52 33 21 25 73 1969
internal_value=0 -0.00700069 0.000275108 -0.0108903 -0.0200838 0.0213066 0.000603727 0.0124467 0.0250213 0.0376926 -0.00815832 -7.14081e-05 0.000250334 0.00791294 -0.001101
internal_weight=616.139 45.4717 36.9393 23.5103 18.7878 13.429 570.667 32.3045 20.7485 15.2423 11.556 538.363 533.612 82.4063 451.205
internal_count=2811 228 187 114 89 73 2583 167 107 77 60 2416 2395 401 1994
is_linear=0
shrinkage=0.05


Tree=162
num_leaves=10
num_cat=0
split_feature=46 48 72 80 82 39 81 67 5
split_gain=0.984587 1.5388 2.5255 1.79933 2.48973 2.43526 2.39548 2.28377 1.99828
threshold=3.100000000000001 3.5500000000000003 2.166666666666667 3.1000000000000005 2.8000000000000003 11.700000000000001 0.90000000000000013 7.5000000000000009 5.8333333333333348
decision_type=2 2 2 2 2 2 2 2 2
left_child=1 3 -3 4 8 6 -5 -6 -1
right_child=-2 2 -4 5 7 -7 -8 -9 -10
leaf_value=0.027589523322424987 0.019986371729176125 0.000546542003132801 -0.048597450255076585 0.028380003010711675 0 0.047498858469269233 -0.015925790918410527 -0.042286454569503529 -0.00013530000793628632
leaf_weight=6.0637318417429915 5.6224262863397589 4.2499768510460836 3.8059880211949348 4.8395909368991834 6.316259101033209 4.1566506847739211 6.2737643718719482 6.1991015747189522 568.04544172435999
leaf_count=36 33 23 18 25 28 22 31 29 2566
internal_value=0 -0.000161045 -0.0212324 9.68705e-05 -0.000309119 0.0167943 0.00160678 -0.0219477 0.000137774
internal_weight=615.573 609.951 8.05596 601.895 586.625 15.27 11.1134 12.5154 574.109
internal_count=2811 2778 41 2737 2659 78 56 57 2602
is_linear=0
shrinkage=0.05


Tree=163
num_leaves=12
num_cat=0
split_feature=61 47 64 11 23 24 22 56 29 41 86
split_gain=0.971773 1.30056 2.88534 2.68782 2.20687 5.91021 3.07041 2.07173 1.74609 1.71938 1.71184
threshold=3.1000000000000005 -0.34999999999999981 1.5500000000000003 1.8333333333333337 -1.0000000180025095e-35 1.9000000000000001 -1.1666666666666663 1.3780426000000003 8.4500000000000011 1.7445613333333336 -0.19999999999999993
decision_type=2 2 2 2 2 2 2 2 2 2 2
left_child=-1 2 -2 7 5 10 -6 -4 -8 -7 -3
right_child=1 4 3 -5 6 9 8 -9 -10 -11 -12
leaf_value=0.017517645878127951 0.018230952504817106 0.010781064575063386 -0.050370066156134978 0.005576966265323953 -0.032476737714341529 -0.034366776746258758 -0.011492886299301595 -0.0028066359963353888 0.0007693138564031296 0.003987792108315842 0.058703149794253041
leaf_weight=7.3486419394612303 4.8055995851755169 5.0904486775398254 7.5361165851354617 4.637915387749671 6.8329434022307387 4.0292699411511403 30.190067201852798 4.9518178328871727 528.36575015634298 5.4508696049451828 6.1007950007915515
leaf_count=35 25 26 36 22 34 20 150 24 2386 25 28
internal_value=0 -0.000185494 -0.0120233 -0.0222076 0.000224749 0.0160988 -0.000325159 -0.0342688 5.21349e-05 -0.0107138 0.040437
internal_weight=615.34 607.992 21.9314 17.1258 586.06 20.6714 565.389 12.4879 558.556 9.48014 11.1912
internal_count=2811 2776 107 82 2669 99 2570 60 2536 45 54
is_linear=0
shrinkage=0.05


Tree=164
num_leaves=10
num_cat=0
split_feature=16 42 74 74 23 82 11 7 85
split_gain=0.948896 1.27697 1.4231 1.30846 5.36463 4.84066 4.09759 3.52253 0.358437
threshold=4.166666666666667 0.4155956666666667 1.5833333333333337 1.4166666666666667 2.8333333333333339 1.7083333333333337 2.416666666666667 0.79871900000000007 1.9000000000000001
decision_type=2 2 2 2 2 2 2 2 2
left_child=1 2 -1 4 5 -3 7 -5 -6
right_child=-2 3 -4 6 8 -7 -8 -9 -10
leaf_value=0 0.015980933104268857 -0.00081962464440251803 -0.040119040772118419 -0.033256770767230014 0.014581125232174908 -0.021087191330929789 -0.036502567904840598 0.0053548672821300408 0.053756110527576922
leaf_weight=5.1000131145119649 8.6935751587152463 327.43878646939993 3.7082144692540169 5.424849033355712 4.0684945359826079 32.275980792939663 5.7503794804215422 219.07852297276258 3.5794061347842216
leaf_count=26 39 1453 20 25 22 149 27 1029 21
internal_value=8.133e-07 -0.00020006 -0.0185863 4.44467e-05 -0.00176434 -0.00273431 0.00303621 0.00423893 0.0381579
internal_weight=615.118 606.425 8.80823 597.616 367.363 359.715 230.254 224.503 7.6479
internal_count=2811 2772 46 2726 1645 1602 1081 1054 43
is_linear=0
shrinkage=0.05


Tree=165
num_leaves=15
num_cat=0
split_feature=38 16 39 12 8 39 30 23 30 85 54 73 17 86
split_gain=0.956935 5.32436 1.62985 3.63972 2.38037 1.9936 2.95791 2.78379 2.52729 4.70443 3.24225 1.80874 0.806562 0.754811
threshold=9.3000000000000025 1.5000000000000002 8.9000000000000021 19.833333333333339 1.3476977500000002 10.550000000000002 1.1000000000000003 0.33333333333333315 1.1000000000000003 1.7083333333333337 1.3166666666666669 1.1666666666666667 1.8722841666666665 -0.40000000000000019
decision_type=2 2 2 2 2 2 2 2 2 2 2 2 2 2
left_child=2 12 3 4 11 6 -4 -8 9 -7 -10 -1 -2 -5
right_child=1 -3 5 13 -6 8 7 -9 10 -11 -12 -13 -14 -15
leaf_value=0.030246127165282924 -0.051841230975736709 0.019415689012883125 0.021580456828248249 0.011171623996578095 -0.027069026178868912 -0.019923955242734912 -0.03917384191587181 -0.0071272056334473243 0.021553497919752682 0.0097065415305868687 0.0010592843472683527 0 -0.010267040087799197 0.053805076568840621
leaf_weight=6.3382944613695207 4.9020749479532224 6.4733812585473052 6.2271177172660819 4.0241496376693249 5.2706420272588721 36.277019932866096 8.2654784247279149 48.900140814483166 19.988727256655693 19.401711270213127 424.00533639639616 16.030214708298445 4.2036640420556068 4.5164870694279653
leaf_count=32 22 34 33 25 27 166 39 224 97 96 1883 83 21 29
internal_value=0 -0.012 0.000358158 0.0105885 0.000637141 -0.000263642 -0.00861269 -0.0124938 0.000753157 -0.00915946 0.00206139 0.00870779 -0.0367846 0.0382113
internal_weight=614.824 15.5791 599.245 36.1798 27.6392 563.066 63.3927 57.1656 499.673 55.6787 443.994 22.3685 9.10574 8.54064
internal_count=2811 77 2734 196 142 2538 296 263 2242 262 1980 115 43 54
is_linear=0
shrinkage=0.05


Tree=166
num_leaves=11
num_cat=0
split_feature=58 83 13 66 75 30 25 35 76 76
split_gain=0.949215 1.3044 4.02043 3.09056 2.98587 2.53738 2.35292 1.91384 1.75012 1.93115
threshold=3.6500000000000008 3.1000000000000005 5.5000000000000009 1.0866155000000004 2.8333333333333335 1.9000000000000001 1.1000000000000003 1.4500000000000002 3.8333333333333335 2.166666666666667
decision_type=2 2 2 2 2 2 2 2 2 2
left_child=1 4 -3 -4 8 7 -7 -6 9 -1
right_child=-2 2 3 -5 5 6 -8 -9 -10 -11
leaf_value=-0.0017012711551316691 0.021226747018897808 0.024344487232167818 0 -0.047153442582101475 0.027290847874874555 -0.032130539787845011 0.016114693182837113 -0.0015480213561725063 -0.023171994679552541 0.006026396758035811
leaf_weight=449.49325210601091 4.7387207746505728 4.1422850787639645 5.2834659069776517 7.7182094566524029 23.41189277544618 4.6367787793278676 3.8395885676145554 5.4183953404426566 8.0360900610685331 97.686790019273758
leaf_count=2031 25 21 26 37 115 24 20 26 36 450
internal_value=0 -0.000143707 -0.0135648 -0.0279484 0.000213569 0.0138414 -0.00781122 0.0210845 -0.00066877 -0.000271779
internal_weight=614.405 609.667 17.144 13.0017 592.523 37.3067 8.47637 28.8303 555.216 547.18
internal_count=2811 2786 84 63 2702 185 44 141 2517 2481
is_linear=0
shrinkage=0.05


Tree=167
num_leaves=24
num_cat=0
split_feature=49 80 49 71 45 25 26 73 80 70 80 38 82 26 41 26 26 4 48 12 78 60 73
split_gain=0.936017 3.00212 3.85549 3.53784 4.21337 3.11142 3.6136 3.90616 3.02909 3.17734 2.47108 2.00066 1.94042 1.68177 4.25854 6.17287 4.33255 3.2801 3.07195 2.80769 4.4156 2.916 2.22938
threshold=0.77500000000000013 1.6333333333333335 0.53571428571428581 1.591666666666667 0.3999999999999998 0.63333333333333341 14.266666666666667 0.83333333333333337 1.5500000000000003 0.54285714285714304 2.6333333333333337 6.4500000000000011 2.5500000000000003 13.900000000000002 2.1064593333333339 11.900000000000002 12.633333333333335 2.8333333333333335 1.3166666666666669 10.16666666666667 -1.0833333333333328 11.100000000000001 1.1666666666666667
decision_type=2 2 2 2 2 2 2 2 2 2 2 2 2 2 2 2 2 2 2 2 2 2 2
left_child=1 5 3 10 -5 8 -7 -8 9 -1 -3 12 -4 14 15 18 -17 -15 -2 20 -19 -21 -16
right_child=13 2 11 4 -6 6 7 -9 -10 -11 -12 -13 -14 17 22 16 -18 19 -20 21 -22 -23 -24
leaf_value=-0.027774752748201917 -0.016631838508484497 -0.035982923936447885 0.032676035373610093 -0.015355820890411152 0.046171276579589998 0.0046887407643970112 0 -0.061883148002099958 -0.030763368948319721 0.012010336870925205 0.0025227322506481318 -0.004832795611771982 0 0.039632249981277706 0 -0.047605505698962408 -0.0093074144442716594 0.0093808707712648848 0.011965446010341857 0.034890872355174588 -0.027317831462548833 0.0022653192504065614 0.041816810455269596
leaf_weight=5.6514785438776043 12.826940536499022 11.468305289745336 16.357831049710519 4.8712437450885755 4.6340674161911011 4.2573086470365551 4.4194079339504233 8.5332660004496557 7.6485332101583472 23.804101709276438 4.5434543564915648 5.7601673305034629 4.378127232193946 5.360444262623786 5.0307915881276113 13.337998144328592 21.127586223185062 12.311808019876482 29.417576648294926 6.62118075788021 19.35227320343256 376.47404726594687 6.0200640633702278
leaf_count=27 60 53 83 24 27 21 20 37 35 111 22 29 21 32 26 62 97 56 143 30 91 1671 33
internal_value=0 -0.0042167 0.00399507 -0.00916186 0.0129498 -0.0125014 -0.0299617 -0.04296 -0.00344727 0.00320624 -0.0237971 0.0175269 0.0248829 0.000930948 -0.00526033 -0.00969739 -0.0253124 0.00228843 0.00260444 0.00169845 -0.0123472 0.00293912 0.0224619
internal_weight=614.208 106.327 52.0132 25.5171 9.50531 54.3141 17.21 12.9527 37.1041 29.4556 16.0118 26.4961 20.736 507.881 87.761 76.7101 34.4656 420.12 42.2445 414.759 31.6641 383.095 11.0509
internal_count=2811 510 259 126 51 251 78 57 173 138 75 133 104 2301 421 362 159 1880 203 1848 147 1701 59
is_linear=0
shrinkage=0.05


Tree=168
num_leaves=13
num_cat=0
split_feature=53 28 70 8 81 70 34 26 26 52 55 80
split_gain=0.945505 1.07043 3.77994 3.40753 2.32001 2.07563 2.49874 2.04727 2.98756 2.62517 1.98904 0.979265
threshold=16.738888888888891 7.5500000000000007 1.2 1.4087700000000003 1.1000000000000003 1.9500000000000002 1.9000000000000001 21.100000000000005 19.700000000000006 6.4222222222222234 2.1428202000000005 1.9000000000000001
decision_type=2 2 2 2 2 2 2 2 2 2 2 2
left_child=1 7 3 4 -3 6 -4 8 9 -1 -9 -10
right_child=-2 2 5 -5 -6 -7 -8 10 11 -11 -12 -13
leaf_value=0.00053774172114739668 -0.021042404545872046 0.044942803271043823 0.0032563797332746183 -0.018352152772089157 0.011388773988807832 0.010574190485431137 -0.036989154208200897 -0.04283647650264398 0.0024574107095937641 -0.011949195184374352 0 0.042396405202680856
leaf_weight=493.55440220981836 4.7751778960227957 9.8408854976296478 4.849398925900462 4.3205479979515067 17.046065300703049 6.9574202001094809 8.3803557753562909 5.0436350107192975 4.2767506316304189 45.320314817130566 4.0672962591052055 4.9331826418638229
leaf_count=2224 22 51 24 22 83 38 39 23 21 215 21 28
internal_value=0 0.000214421 0.00710879 0.0181695 0.025179 -0.00880744 -0.0208348 -0.000382478 0 -0.000476185 -0.02326 0.0275065
internal_weight=613.365 608.59 51.3947 31.2075 26.887 20.1872 13.2298 557.196 548.085 538.875 9.11093 9.20993
internal_count=2811 2789 257 156 134 101 63 2532 2488 2439 44 49
is_linear=0
shrinkage=0.05


Tree=169
num_leaves=14
num_cat=0
split_feature=39 58 66 39 65 35 61 87 36 35 49 12 60
split_gain=0.9449 2.53914 1.98917 1.98106 1.92169 2.57154 2.2064 4.08865 1.6384 1.62873 1.58736 1.57587 0.948678
threshold=15.300000000000002 1.7250000000000003 1.0029762500000003 14.900000000000002 1.1015185000000003 1.1000000000000003 4.0500000000000007 -1.0000000180025095e-35 12.300000000000002 0.90000000000000013 0.77500000000000013 13.833333333333334 14.050000000000002
decision_type=2 2 2 2 2 2 2 2 2 2 2 2 2
left_child=3 8 -3 4 5 -1 7 -6 -2 -5 -8 -4 -10
right_child=1 2 11 9 6 -7 10 -9 12 -11 -12 -13 -14
leaf_value=-0.0034424918839825939 0.00084511451932058046 0.021007889436091526 -0.033597038450570632 0 -0.034342211820176237 0.041550541848945459 -0.005661623993647974 0.006301879423592731 0.055669702646753999 -0.040450931598465439 0.0014672801529928615 0 0.01106089256562195
leaf_weight=4.3375654965639097 7.1106121987104443 4.0573859959840766 5.9287995696067792 4.9666806906461698 12.565340489149095 5.9151968210935593 93.850787252187729 9.8688231110572797 4.0535256564617139 5.0773913785815239 445.91074170172215 5.0353683978319168 4.4329356029629707
leaf_count=20 34 21 26 24 57 27 451 45 20 23 2018 24 21
internal_value=0 0.00852312 -0.00478432 -0.000417622 0 0.0209157 -0.000422109 -0.0156251 0.0226431 -0.0218941 0.000177379 -0.0170096 0.037062
internal_weight=613.111 30.6186 15.0216 582.493 572.448 10.2528 562.196 22.4342 15.5971 10.0441 539.762 10.9642 8.48646
internal_count=2811 146 71 2665 2618 47 2571 102 75 47 2469 50 41
is_linear=0
shrinkage=0.05


Tree=170
num_leaves=16
num_cat=0
split_feature=71 17 4 71 81 81 58 38 66 38 12 58 62 74 38
split_gain=0.914383 1.96283 2.13468 1.75837 1.68394 2.44752 1.34032 3.8174 3.28287 3.57807 2.29713 2.19996 1.64421 5.11612 3.709
threshold=1.9222222222222223 2.2310375000000007 6.5000000000000009 2.4500000000000006 0.90000000000000013 1.5500000000000003 2.7888888888888892 6.2666666666666675 0.83625440000000018 5.3000000000000016 19.166666666666668 2.6500000000000008 6.2500000000000009 2.166666666666667 7.4500000000000011
decision_type=2 2 2 2 2 2 2 2 2 2 2 2 2 2 2
left_child=6 2 4 -3 -2 -6 11 8 -8 -10 -9 12 14 -14 -1
right_child=1 3 -4 -5 5 -7 7 10 9 -11 -12 -13 13 -15 -16
leaf_value=-0.00061667364857503567 0.010994021108915017 0.046256749369142314 0.024216425463739533 0 -0.038361189172966541 0.0044047062727257946 0.0058284345595309185 0.031417470514927125 0 -0.054363344728432107 -0.006318786540720784 0.02637359002155365 0.012288371537655813 -0.0177277603953068 -0.028203065400318833
leaf_weight=441.48205991089344 4.9572141766548254 4.8698000237345678 6.0383348837494841 4.5150087997317314 7.0297444611787778 4.1798396483063698 5.132167965173724 5.9890069290995589 5.4058701843023291 9.2878443449735624 8.3645415827631933 7.3955412432551375 69.28145981952548 16.81646790355444 12.129372030496596
leaf_count=1979 22 32 32 26 32 21 24 30 25 40 39 34 337 82 56
internal_value=0 0.00825487 0 0.0267889 -0.00949432 -0.0207724 -0.000413049 -0.00995725 -0.024263 -0.0362646 0.00827109 0.000146102 -0.000191088 0.00606849 -0.00143962
internal_weight=612.874 31.5899 22.2051 9.38481 16.1668 11.2096 581.284 34.1794 19.8259 14.6937 14.3535 547.105 539.709 86.0979 453.611
internal_count=2811 165 107 58 75 53 2646 158 89 65 69 2488 2454 419 2035
is_linear=0
shrinkage=0.05


Tree=171
num_leaves=16
num_cat=0
split_feature=32 55 32 10 7 72 68 17 42 85 76 81 15 85 11
split_gain=0.917697 1.96025 1.58464 2.63758 2.63925 2.20067 2.10928 3.00165 3.47368 3.13459 1.69579 4.86131 2.47552 1.67037 1.5846
threshold=2.0089983333333339 1.7703979999999999 1.4787672000000003 1.8333333333333337 1.6969883333333335 1.5833333333333337 0.73656790000000016 2.2300580000000005 1.0322498333333334 2.1000000000000005 2.166666666666667 2.3666666666666667 12.16666666666667 2.1000000000000005 0.83333333333333337
decision_type=2 2 2 2 2 2 2 2 2 2 2 2 2 2 2
left_child=2 -2 6 13 5 -5 7 8 -1 -9 12 -12 -8 -4 -6
right_child=1 -3 3 4 14 -7 10 9 -10 -11 11 -13 -14 -15 -16
leaf_value=-0.042511535638471584 0.0016220276338290267 -0.034164453250526999 0.042480955322507723 -0.025562274030977022 0 0.005419592614218355 -0.0026843075972582137 0.028963346627065314 -0.0070075779712606137 -0.01691465422032009 0.012324163088633948 -0.016532069359037459 0.0071300666256843837 0 0.031768562486660448
leaf_weight=9.9143550619482976 7.0138596892356855 5.591640017926693 7.6327476724982244 10.162051305174829 4.676398649811742 9.9318104088306409 331.91431950032711 8.1443488337099534 28.569886595010757 5.4295136854052535 75.648018531501293 16.975566416978836 78.537748388946056 4.0782680511474609 8.2544491291046143
leaf_count=48 33 26 43 45 23 47 1488 45 135 30 352 73 360 22 41
internal_value=2.32399e-06 -0.0130426 0.000328722 0.00934936 0.00118841 -0.0092751 -0.000360976 -0.0099198 -0.0172234 0.00888694 0.00058739 0.00670671 -0.000739156 0.0293247 0.0190495
internal_weight=612.475 12.6055 599.869 44.7357 33.0247 20.0939 555.134 52.0581 38.4842 13.5739 503.076 92.6236 410.452 11.711 12.9308
internal_count=2811 59 2752 221 156 92 2531 258 183 75 2273 425 1848 65 64
is_linear=0
shrinkage=0.05


Tree=172
num_leaves=13
num_cat=0
split_feature=61 63 79 69 39 39 81 70 61 87 38 40
split_gain=0.931791 1.21228 3.08902 2.97937 2.82641 2.49025 2.24281 1.56504 1.56442 2.96692 1.75742 1.11513
threshold=3.1000000000000005 14.15 0.83333333333333348 1.0000000180025095e-35 13.675000000000002 15.300000000000002 1.5500000000000003 1.2 3.8444444444444446 -0.19999999999999993 9.4500000000000011 2.4500000000000006
decision_type=2 2 2 2 2 2 2 2 2 2 2 2
left_child=-1 5 3 4 -3 8 -7 -4 9 -2 -10 -5
right_child=1 2 7 11 -6 6 -8 -9 10 -11 -12 -13
leaf_value=0.01724897967731439 -0.039409205487299204 0.020551653549004432 -0.044499023010395558 0 -0.020232067162073569 0 0.046416222702332421 0 0.00084514574574830106 0.0043155025342304773 -0.01766014259116536 0.041809222323416814
leaf_weight=7.2629391476511946 6.6686845719814301 4.6769312769174638 6.8750627487897855 4.1097385063767415 16.544886291027069 4.5123305320739728 5.0300000011920929 4.2433389350771904 528.83591651916504 6.3496257439255697 12.591229327023028 4.1559289693832397
leaf_count=35 31 20 32 21 74 21 26 21 2418 29 63 20
internal_value=0 -0.000180858 -0.00849826 0 -0.00982693 0.000380686 0.0250611 -0.0303348 -2.12265e-05 -0.0168625 0.000352765 0.0247068
internal_weight=611.857 604.594 40.6059 29.4875 21.2218 563.988 9.54233 11.1184 554.445 13.0183 541.427 8.26567
internal_count=2811 2776 188 135 94 2588 47 53 2541 60 2481 41
is_linear=0
shrinkage=0.05


Tree=173
num_leaves=17
num_cat=0
split_feature=3 56 27 35 2 0 76 69 24 29 27 86 5 14 87 2
split_gain=0.899594 4.27387 2.88594 4.08659 2.78488 1.84299 2.17272 2.64717 1.79666 4.78599 4.90479 3.14886 2.9145 3.29546 2.20413 0.0130617
threshold=8.1666666666666696 1.2846565000000003 7.2666666666666675 1.3 22.500000000000004 3.416666666666667 1.5833333333333337 0.69999999999999996 2.2250000000000005 11.675000000000002 5.7000000000000002 -0.19999999999999982 9.8333333333333339 4.8333333333333348 -0.28333333333333333 19.833333333333339
decision_type=2 2 2 2 2 2 2 2 2 2 2 2 2 2 2 2
left_child=5 2 -2 4 -4 8 7 -7 12 11 -11 -10 13 -1 -14 -3
right_child=1 15 3 -5 -6 6 -8 -9 9 10 -12 -13 14 -15 -16 -17
leaf_value=-0.014818043275303084 -0.024741422910538276 -0.048622626482748697 0.03041802251876824 -0.030425087255381213 -0.0023449719955191098 -0.017356291103527103 0.036878969244073433 0.028776007840556214 -0.029238058447885587 -0.015774575611742326 0.029523123209782315 -0.0046694635358470122 0.0041919011203934769 0.021674681033731602 -0.0030505578958955064 -0.016317524618162049
leaf_weight=6.4846922829747191 8.0047110393643361 4.3989212512969953 14.986618779599672 4.6942521855235091 8.7833414301276189 6.8316241614520568 7.023427039384841 4.8250159248709679 22.173652328550816 8.6228396743536013 14.797160305082796 38.643713027238846 184.92428598552942 30.879457123577595 241.55052406340837 3.9710021540522575
leaf_count=34 39 20 83 22 43 34 39 27 104 42 76 183 828 161 1055 21
internal_value=1.08257e-06 -0.00673385 0.000158212 0.00832985 0.0174826 0.000583454 0.0158205 8.08527e-05 4.60956e-06 -0.00664409 0.011819 -0.0142001 0.00127177 0.0145689 3.25339e-05 -0.0378982
internal_weight=611.595 44.8388 36.4689 28.4642 23.77 566.756 18.6801 11.6566 548.076 84.2374 23.42 60.8174 463.839 37.3641 426.475 8.36992
internal_count=2811 228 187 148 126 2583 100 61 2483 405 118 287 2078 195 1883 41
is_linear=0
shrinkage=0.05


Tree=174
num_leaves=14
num_cat=0
split_feature=54 63 54 30 3 23 6 60 36 35 20 1 27
split_gain=0.897149 2.24082 2.03428 1.84005 3.6081 3.43933 1.71837 1.7077 1.83188 2.8964 2.49632 1.44338 1.20063
threshold=2.4142857142857146 11.750000000000002 3.2500000000000004 2.7000000000000006 3.5000000000000004 0.66666666666666696 3.8333333333333335 21.750000000000004 21.450000000000003 0.50000000000000011 1.6130228333333334 0.83333333333333337 4.9000000000000012
decision_type=2 2 2 2 2 2 2 2 2 2 2 2 2
left_child=3 2 6 7 -5 -6 11 8 10 -10 -1 -2 -3
right_child=1 12 -4 4 5 -7 -8 -9 9 -11 -12 -13 -14
leaf_value=-0.00078722981610858985 -0.013074250937305977 -0.046492654372505625 0.02964293421736975 -0.01077447146092457 -0.0023471363823541922 0.046346330513927239 -0.025470968887841949 -0.029431964744221519 -0.010232969227446879 0.037274588409975044 0.018900420962620873 0.011479660271478108 -0.0029007115101000115
leaf_weight=514.08411467075348 9.5999594330787712 4.4135622233152372 4.1922969967126837 7.1995983645319965 4.1608260348439208 9.5001114979386312 7.6066651493310919 4.3839851692318907 3.8724413067102414 7.7000310495495796 16.100664015859365 13.797109015285967 4.4473330974578857
leaf_count=2314 44 21 19 36 20 52 35 22 19 43 93 70 23
internal_value=0 -0.00680276 -0.000288957 0.000564576 0.0149608 0.0301907 -0.00553611 0 0.000266614 0.0195411 -0.000125002 0.000296126 -0.0286079
internal_weight=611.059 44.0569 35.196 567.002 20.8605 13.6609 31.0037 546.141 541.757 11.5725 530.185 23.3971 8.8609
internal_count=2811 212 168 2599 108 72 149 2491 2469 62 2407 114 44
is_linear=0
shrinkage=0.05


Tree=175
num_leaves=15
num_cat=0
split_feature=71 37 59 15 52 0 41 41 82 34 10 63 18 73
split_gain=0.894723 1.81402 2.94179 2.65019 1.72229 1.30241 1.28332 2.53134 2.17333 1.97412 5.17326 4.06241 1.42692 0.70517
threshold=1.9222222222222223 6.3000000000000016 0.95000000000000007 11.41666666666667 5.7750000000000012 2.5000000000000004 2.7404720000000005 2.5866010000000004 1.7750000000000001 2.3000000000000003 2.8333333333333335 9.9500000000000011 0.82709316666666666 1.5833333333333337
decision_type=2 2 2 2 2 2 2 2 2 2 2 2 2 2
left_child=6 4 3 -3 -2 -6 7 9 12 10 -1 -11 -8 -9
right_child=1 2 -4 -5 5 -7 8 13 -10 11 -12 -13 -14 -15
leaf_value=0.00018315357448083996 0.048489299663715818 0 0.022228941808192008 -0.045734376560236101 -0.0040738215807964084 0.02784811069018597 0.023881179179911994 0.0025391277288751911 -0.03270124341774374 0.015179639045116426 0.045162805270083553 -0.012270157925307675 -0.012294319247075171 0.043406952023907992
leaf_weight=458.98746354132891 3.9101208224892643 5.6487702019512671 6.3196909502148619 4.6012040376663208 6.5750651657581312 4.2463978230953217 3.9061990603804606 3.43637990951538 7.6806159615516654 15.29611115157604 6.0041943639516822 73.820801384747028 6.4759022630751133 3.7348836585879326
leaf_count=2079 24 32 34 21 31 23 23 18 39 73 27 331 34 22
internal_value=0 0.00818466 -0.0018698 -0.0193964 0.0208251 0.00692098 -0.000428532 0 -0.0133631 -0.000395314 0.000865546 -0.00722128 0 0.0285244
internal_weight=610.644 31.3012 16.5697 10.25 14.7316 10.8215 579.343 561.28 18.0627 554.109 464.992 89.1169 10.3821 7.17126
internal_count=2811 165 87 53 78 54 2646 2550 96 2510 2106 404 57 40
is_linear=0
shrinkage=0.05


Tree=176
num_leaves=19
num_cat=0
split_feature=44 10 11 71 20 69 51 44 23 48 44 54 81 53 48 45 85 81
split_gain=0.893623 3.59062 2.67876 2.65002 2.58147 2.86993 2.80745 2.41003 2.24413 2.21217 2.18278 1.70903 3.47004 2.70877 7.96365 3.52181 1.86144 1.10373
threshold=0.3074423 2.416666666666667 1.8333333333333337 -1.0000000180025095e-35 0.83654075000000006 -1.083333333333333 6.1500000000000012 0.11425533333333336 0.33333333333333315 2.3500000000000001 0.75819686666666697 2.5500000000000003 1.3666666666666669 11.535714285714286 1.7750000000000001 -0.20000000000000004 1.7750000000000001 0.77500000000000013
decision_type=2 2 2 2 2 2 2 2 2 2 2 2 2 2 2 2 2 2
left_child=1 2 3 -1 5 -2 10 -5 -4 -8 -7 13 17 15 -15 -6 -14 -13
right_child=4 -3 8 7 11 6 9 -9 -10 -11 -12 12 16 14 -16 -17 -18 -19
leaf_value=0.02000944053092877 -0.040301243873828545 0.038493700357113664 0.04322516859569267 -0.033277302776436923 0.012095544006667042 0.017599939723153255 -0.052812916499241663 0.0033181806667527437 -7.2742625132875263e-05 0 -0.015104323497237683 -0.01303460402847784 -0.012226079673568698 -0.010396096270349209 0.021115024846889794 -0.0021581261494536767 -0.054667358341620911 0.014451141753059442
leaf_weight=4.448738262057307 7.5228837877511969 6.9856796860694876 4.9228951483964902 11.039976514875894 48.329734824597836 12.650591865181925 4.0905006825923902 5.3683590888977042 4.242547444999218 3.9682004861533642 7.2685646563768413 4.1781921088695553 11.156338125467299 30.470462322235107 53.032469365745783 375.42360396683216 4.4970786422491065 10.698733925819395
leaf_count=22 37 38 24 55 232 64 19 26 22 23 35 20 51 140 265 1665 21 52
internal_value=0 0.00751 0 -0.0100915 -0.000454622 -0.0134365 -0.00475426 -0.0200816 0.0216297 -0.0291518 0.00436407 0.000367586 -0.0109516 0.00110821 0.00932548 -0.000461206 -0.0272814 0.00493311
internal_weight=610.296 37.0082 30.0225 20.8571 573.287 35.5007 27.9779 16.4083 9.16544 8.0587 19.9192 537.787 30.5303 507.256 83.5029 423.753 15.6534 14.8769
internal_count=2811 187 149 103 2624 178 141 81 46 42 99 2446 144 2302 405 1897 72 72
is_linear=0
shrinkage=0.05


Tree=177
num_leaves=21
num_cat=0
split_feature=3 56 4 73 71 79 4 72 4 79 76 54 82 60 40 82 32 10 19 78
split_gain=0.903381 3.87932 3.28168 2.6598 2.77909 1.91833 1.71933 4.00304 4.00645 4.18897 3.11312 4.28896 2.5771 2.01686 3.07636 2.76607 2.06934 1.88543 1.56067 0.75649
threshold=8.1666666666666696 1.2846565000000003 6.8333333333333348 1.8333333333333337 1.1500000000000001 0.24999999999999997 6.5000000000000009 0.83333333333333337 8.5000000000000018 -0.91666666666666652 0.58333333333333337 2.5500000000000003 1.9000000000000001 19.350000000000005 1.7000000000000004 2.8000000000000003 1.2463491666666668 2.166666666666667 1.5000000000000002 -1.0833333333333328
decision_type=2 2 2 2 2 2 2 2 2 2 2 2 2 2 2 2 2 2 2 2
left_child=6 2 5 4 -4 -2 13 8 9 -8 12 -12 -9 15 17 16 -1 -15 -17 -16
right_child=1 -3 3 -5 -6 -7 7 10 -10 -11 11 -13 -14 14 19 18 -18 -19 -20 -21
leaf_value=-0.00055786289501845833 0.037912152568718688 -0.036581547837862348 -0.0003778093467748662 0.01903004808108812 -0.041469503906475143 0 0.03917675071458309 -0.036399366134415204 -0.048000202244670408 -0.025615512088531234 0.022461322788336929 -0.022125891994396199 0.0077851753481240991 0.020055479920348406 -0.053999613691658503 0 0.008738234904244779 -0.015762370227091097 -0.038580239683487408 -0.012242493376248473
leaf_weight=380.31807893514633 6.6244414411485177 8.2985696345567685 10.575219154357915 4.6536566838622084 7.9252727627754203 6.4330431446433067 4.1819264665246001 4.8084442988038045 5.3769223392009726 4.6285584792494765 50.044720195233822 5.0786426514387122 6.7717881575226784 6.0420650094747561 4.3004386946558952 4.8247789740562421 69.833988927304745 7.8807399943470955 6.562713161110878 4.4582161232829076
leaf_count=1686 39 41 52 25 37 34 21 23 25 21 250 25 32 33 19 21 336 39 31 21
internal_value=0 -0.00679143 0 -0.0108016 -0.0199245 0.0200394 0.000567912 0.00731304 -0.0156625 0.00290554 0.012652 0.017742 -0.00923921 -0.000513693 -0.0149179 0.000155443 0.0008369 0 -0.0235819 -0.0372541
internal_weight=609.622 44.5102 36.2116 23.1541 18.5005 13.0575 565.112 80.891 14.1874 8.81048 66.7036 55.1234 11.5802 484.221 22.6815 461.54 450.152 13.9228 11.3875 8.75865
internal_count=2811 228 187 114 89 73 2583 397 67 42 330 275 55 2186 112 2074 2022 72 52 40
is_linear=0
shrinkage=0.05


Tree=178
num_leaves=11
num_cat=0
split_feature=25 4 81 79 50 79 57 74 24 87
split_gain=0.897197 1.41853 2.87363 4.06438 1.81435 2.01488 2.80585 2.40405 0.651388 0.648873
threshold=2.5000000000000004 2.8333333333333335 0.77500000000000013 -0.33333333333333331 9.1000000000000014 1.0833333333333337 7.5000000000000009 1.5833333333333337 1.4500000000000002 -0.48333333333333334
decision_type=2 2 2 2 2 2 2 2 2 2
left_child=1 2 -1 9 -3 7 -7 -6 -5 -4
right_child=-2 4 3 8 5 6 -8 -9 -10 -11
leaf_value=-0.020296605280837932 -0.019051286858819697 0.030450836473481076 0.0024438670525453042 0.010027832139631973 -0.0017464951747403876 -0.027365950864859254 -0.0026103801003186868 0.0057473854151979262 0.044279015619382078 -0.021563648183966388
leaf_weight=4.6463358774781254 5.6135669350624076 4.2340062782168379 4.1289363540709019 4.5342698395252183 351.08804515004158 15.201613813638685 53.914615072309971 152.43792049586773 9.4578292146325094 3.6779388040304246
leaf_count=23 27 21 25 23 1576 62 254 728 54 18
internal_value=0 0.000199632 0.011437 0.0196254 -0.000281674 -0.00057889 -0.00857174 0.00047606 0.0356336 -0.00647405
internal_weight=608.935 603.322 26.4453 21.799 576.876 572.642 69.1162 503.526 13.9921 7.80688
internal_count=2811 2784 143 120 2641 2620 316 2304 77 43
is_linear=0
shrinkage=0.05


Tree=179
num_leaves=11
num_cat=0
split_feature=87 87 55 86 86 32 69 31 57 84
split_gain=0.910247 2.56391 4.85467 1.92344 2.68393 3.83056 2.14202 1.65545 2.18596 0.257725
threshold=2.0250000000000004 1.4833333333333336 1.5349706000000005 2.9000000000000008 1.2000000000000002 1.746962166666667 2.2500000000000004 1.8209716666666669 7.5000000000000009 2.2250000000000005
decision_type=2 2 2 2 2 2 2 2 2 2
left_child=1 3 -3 4 6 -6 -1 -4 -9 -2
right_child=9 2 7 -5 5 -7 -8 8 -10 -11
leaf_value=-0.00079048960670465875 0.024186160366075016 0.028432909833404258 -0.05304921976292927 -0.026703356487629806 0.013973010251498125 -0.030427874843863636 0.029305173247425299 -0.040607905553559948 -0.0028921005443767324 3.2876893580711692e-05
leaf_weight=493.89176058396697 4.4344747662544233 4.5537440329790142 4.3145060241222408 5.8869542330503455 60.792870417237282 4.4962616562843314 5.4609061330556861 5.7435255795717248 14.751990348100662 4.378687784075737
leaf_count=2263 20 22 19 28 290 21 30 24 72 22
internal_value=0 -0.000235877 -0.0145447 0.000468875 0.000819784 0.0103272 -0.000382365 -0.0238266 -0.0153674 0.0155164
internal_weight=608.706 599.893 29.3638 570.529 564.642 65.2891 499.353 24.81 20.4955 8.81316
internal_count=2811 2769 137 2632 2604 311 2293 115 96 42
is_linear=0
shrinkage=0.05


Tree=180
num_leaves=22
num_cat=0
split_feature=73 80 82 63 75 80 87 82 79 61 80 53 12 87 69 34 78 87 61 82 85
split_gain=0.881572 3.31272 4.86318 4.58705 4.04725 3.38735 2.86732 3.62324 3.26313 2.55543 4.20426 4.62422 4.0751 3.74741 3.4931 3.41936 3.28073 3.43396 3.07869 2.267 1.47653
threshold=1.8333333333333337 2.2250000000000005 1.1000000000000003 12.750000000000002 1.1666666666666667 2.5500000000000003 -0.4583333333333332 0.90000000000000013 0.4166666666666668 5.3375000000000012 2.1000000000000005 9.6500000000000004 10.16666666666667 0.92500000000000004 -0.099999999999999825 1.7750000000000001 2.0833333333333344 -0.74166666666666659 4.7500000000000009 1.9000000000000001 2.5500000000000003
decision_type=2 2 2 2 2 2 2 2 2 2 2 2 2 2 2 2 2 2 2 2 2
left_child=9 2 6 4 -4 -3 7 -2 -8 16 12 13 -11 -12 -14 -13 17 20 -19 -7 -1
right_child=1 5 3 -5 -6 19 8 -9 -10 10 11 15 14 -15 -16 -17 -18 18 -20 -21 -22
leaf_value=0 0.0086524510859248525 -0.050957667043860122 0.0042058946994719022 -0.017798355753903834 0.036832426883320113 0.024916455320985697 -0.016352795905316499 -0.025750587448318291 0.019574152668238209 -0.043413839903469351 0.005684773107363485 -0.01009292668836136 -0.015738198066586009 -0.037893163011765714 -0.0017157194825142864 0.01980268106103986 -0.025715218899380221 0.0067969266651310145 0.033538875927004934 -0.021804555474131238 -0.030510054384685733
leaf_weight=8.4087792932987195 76.368354465812445 4.9564400166273108 18.207578763365746 6.6326810196042052 25.469109460711479 4.1051533818244916 38.69022711366415 7.7438842989504328 6.5158453434705725 6.8253140002489081 8.9303965568542498 10.381330959498881 58.656341776251793 8.4661330431699735 201.04930184781551 47.913788691163063 6.0312811732292166 34.770068973302841 17.88475227355957 5.4071681872010231 5.1092681512236586
leaf_count=40 346 22 83 32 125 23 168 37 30 33 48 48 283 40 884 239 29 163 87 26 25
internal_value=0 0.00277706 0.00476058 0.0178754 0.0239988 -0.0195144 -0.000198167 0.00505618 -0.01047 -0.00130182 -0.00315732 0.0070579 -0.00615972 -0.014592 -0.00500303 0.014013 0.00710994 0.0106471 0.0165805 0 -0.0104477
internal_weight=608.523 194.096 179.628 50.3094 43.6767 14.4688 129.318 84.1122 45.2061 414.427 342.223 75.6916 266.531 17.3965 259.706 58.2951 72.2041 66.1729 52.6548 9.51232 13.518
internal_count=2811 892 821 240 208 71 581 383 198 1919 1575 375 1200 88 1167 287 344 315 250 49 65
is_linear=0
shrinkage=0.05


Tree=181
num_leaves=24
num_cat=0
split_feature=24 5 27 56 60 61 25 8 76 49 12 31 83 40 3 77 51 54 42 24 41 83 3
split_gain=0.86895 5.13495 3.85081 2.83089 5.01809 3.72227 2.56027 3.67695 3.81089 2.90129 4.83207 4.71345 3.47555 4.43981 4.30016 2.55436 2.40212 2.14647 1.97068 1.96369 1.79148 1.28479 1.26544
threshold=2.2250000000000005 12.41666666666667 6.4500000000000011 1.0039847000000004 17.150000000000002 5.8285714285714292 1.6333333333333335 1.9681385000000002 1.5833333333333337 1.1833333333333336 14.16666666666667 1.2228750666666668 2.3666666666666667 1.4500000000000002 4.416666666666667 2.166666666666667 6.9500000000000011 2.183333333333334 1.0068745000000003 3.1000000000000005 1.9584313333333334 1.1000000000000003 5.8333333333333348
decision_type=2 2 2 2 2 2 2 2 2 2 2 2 2 2 2 2 2 2 2 2 2 2 2
left_child=6 3 17 5 16 20 9 8 18 12 15 -12 14 -14 -1 -11 -5 -3 -8 -7 -2 -10 -9
right_child=1 2 -4 4 -6 19 7 22 21 10 11 -13 13 -15 -16 -17 -18 -19 -20 -21 -22 -23 -24
leaf_value=0.018252699493554861 0.025282435908344947 0.014024341918171727 0.032813045364146483 -0.02678650102788482 0.022562846243842558 -0.034934368376347218 0.001977718598763245 -0.025324015193871015 0.018617822481629489 0.028469295171412543 0.012776787610519862 -0.022412135003634055 -0.015370752823187325 0.021704485511203863 -0.0020032740293323167 -0.0092004005670048294 -0.0050254385383241892 -0.026096687537019547 0.047919588950081145 0.0039377026651855494 -0.0044790713727329897 -0.015546651452641905 0.0041141957899132426
leaf_weight=28.287572085857391 14.808897599577909 6.0580437779426592 14.280039727687834 39.838502280414104 7.154268190264701 6.880360793322323 4.3398161530494752 5.606440603733061 4.3659347444772703 10.744263656437399 10.454353488981722 49.197666242718697 8.9464922770857793 39.097802355885506 289.12218172848225 5.8730961456894866 23.529344901442528 5.735484316945076 12.395287998020647 3.8083446510136127 5.432982273399829 5.8108708038926125 6.0762190818786621
leaf_count=142 79 31 78 176 39 37 21 27 21 53 50 227 47 187 1251 29 117 28 60 25 30 27 29
internal_value=0 -0.00366917 0.0155879 -0.00891565 -0.0144826 0.00301008 0.000966115 0.0132347 0.0235295 -6.30441e-05 -0.00895394 -0.0157745 0.00173385 0.0141984 -9.35539e-05 0.0138153 -0.0192004 -0.00372173 0.0378593 -0.019293 0.0161737 0 -0.00842047
internal_weight=607.844 127.526 26.0736 101.453 70.5221 30.9306 480.318 38.5946 26.9119 441.723 76.2694 59.652 365.454 48.0443 317.41 16.6174 63.3678 11.7935 16.7351 10.6887 20.2419 10.1768 11.6827
internal_count=2811 640 137 503 332 171 2171 185 129 1986 359 277 1627 234 1393 82 293 59 81 62 109 48 56
is_linear=0
shrinkage=0.05


Tree=182
num_leaves=24
num_cat=0
split_feature=25 7 0 16 74 7 28 62 87 12 15 63 39 62 38 83 15 37 25 81 4 41 32
split_gain=0.900395 2.89927 2.77541 3.39452 3.23645 4.18738 2.14097 1.72088 4.81471 3.75548 2.86389 2.78163 3.42998 2.93639 2.70472 3.37139 2.89834 2.88027 2.55572 4.10358 2.51455 2.25973 1.15235
threshold=0.45000000000000007 3.0312316666666672 1.8333333333333337 1.8333333333333337 0.83333333333333337 1.2708420000000002 6.2250000000000005 5.1055555555555561 -0.4583333333333332 12.16666666666667 11.833333333333334 12.050000000000002 15.300000000000002 4.7250000000000005 4.6750000000000007 1.7083333333333337 11.833333333333334 5.1000000000000005 0.63333333333333341 1.3666666666666669 11.333333333333334 1.7602483333333339 0.91162766666666684
decision_type=2 2 2 2 2 2 2 2 2 2 2 2 2 2 2 2 2 2 2 2 2 2 2
left_child=1 2 4 22 -1 -6 -5 8 9 10 -2 13 -13 -10 15 16 -9 -17 19 -16 -20 -11 -4
right_child=7 -3 3 6 5 -7 -8 14 11 21 -12 12 -14 -15 18 17 -18 -19 20 -21 -22 -23 -24
leaf_value=-0.032420973431375753 -0.032826928630461986 0.030563120589458481 -0.0066890568288070261 -0.037691673322697294 -0.018434952943863058 0.026759961215443641 -0.0035396812257059811 0.059226666056515311 0.031096901402794919 -0.0064625900274110394 0.013657214640987975 -0.020938812724136696 0.017569785996476454 -0.0056301218841714488 0 -0.022433974283361621 0.0062388959808651941 0.020959753224043282 2.3677847397848367e-05 0.029360011161201818 -0.0312382533417375 -0.055486325145017369 0.02716350193056848
leaf_weight=4.548399060964587 4.6155141666531589 4.3403169065713874 3.7216556295752516 16.894617117941383 6.6242961287498501 14.854891523718832 8.7315332293510419 6.174064517021181 13.075644314289095 4.9831639081239691 8.4910580366849882 16.42463552206755 7.7283243760466567 7.1890190467238417 26.396752387285233 6.7892670780420286 6.3835514709353447 7.5400998070836067 393.71663670986891 19.061489097774029 6.0151504874229422 9.0379326120018941 3.8623483255505562
leaf_count=21 23 30 21 78 31 74 42 29 62 23 40 73 38 33 125 32 31 38 1784 96 29 39 19
internal_value=0 -0.00560613 -0.00890835 -0.0184826 0.00248369 0.0115819 -0.0273025 0.000660111 -0.00646448 -0.0229768 -0.00147971 0.00320717 -0.00749654 0.017042 0.00179847 0.0170964 0.0354757 0 0.000800326 0.0119866 -0.000422724 -0.0406071 0.00807246
internal_weight=607.2 63.5781 59.2377 33.2102 26.0276 21.4792 25.6262 543.622 71.5453 27.1277 13.1066 44.4176 24.153 20.2647 472.077 26.887 12.5576 14.3294 445.19 45.4582 399.732 14.0211 7.584
internal_count=2811 316 286 160 126 105 120 2495 331 125 63 206 111 95 2164 130 60 70 2034 221 1813 62 40
is_linear=0
shrinkage=0.05


Tree=183
num_leaves=9
num_cat=0
split_feature=55 8 8 45 63 60 60 55
split_gain=0.991824 1.27524 1.78995 4.08313 1.48856 2.87606 2.16268 0.681614
threshold=0.94396455000000012 2.3765650000000007 1.9456065000000002 -0.40000000000000019 9.2500000000000018 14.450000000000001 19.450000000000003 1.6167214500000002
decision_type=2 2 2 2 2 2 2 2
left_child=-1 2 4 -4 5 -2 -6 -5
right_child=1 -3 3 7 6 -7 -8 -9
leaf_value=0.025274574231420738 -0.0148056211421006 -0.020814336099236715 -0.0085160648413823668 0.05434691674104776 -0.00046923956091100665 0.016099589088685834 -0.017992131744716477 0.013622909800581793
leaf_weight=3.3557530716061583 8.6112446635961515 6.8935848623514167 7.4413466379046467 4.5095864534378034 521.7166580632329 31.62778951600194 17.915052190423012 4.5291000828146935
leaf_count=18 40 32 38 22 2375 175 87 24
internal_value=0 -0.000165267 4.87783e-05 0.0160858 -0.000377387 0.0087716 -0.00111338 0.0383456
internal_weight=606.6 603.244 596.351 16.48 579.871 40.239 539.632 9.03869
internal_count=2811 2793 2761 84 2677 215 2462 46
is_linear=0
shrinkage=0.05


Tree=184
num_leaves=7
num_cat=0
split_feature=55 7 25 44 10 20
split_gain=0.912964 1.31691 1.54362 1.57324 3.47617 2.41944
threshold=0.94396455000000012 0.68935325000000014 2.5000000000000004 0.3074423 2.416666666666667 0.83654075000000006
decision_type=2 2 2 2 2 2
left_child=-1 -2 3 4 -3 -5
right_child=1 2 -4 5 -6 -7
leaf_value=0.02432110480591107 -0.021298582050241797 0.0017837018537666405 -0.025973162549057838 -0.013205936108881256 0.043814009220201421 0.00055921030725664502
leaf_weight=3.3331321850419036 6.7863396108150473 25.918106891214851 5.1173929646611205 33.408521194010973 6.0540162101387969 525.76663957536221
leaf_count=18 33 130 25 169 34 2402
internal_value=0 -0.000157916 5.84456e-05 0.000347808 0.0110643 -0.000229598
internal_weight=606.384 603.051 596.265 591.147 31.9721 559.175
internal_count=2811 2793 2760 2735 164 2571
is_linear=0
shrinkage=0.05


Tree=185
num_leaves=18
num_cat=0
split_feature=49 27 15 0 34 70 29 87 79 26 41 26 4 39 81 70 6
split_gain=0.889534 3.12479 2.93393 2.70834 3.30966 2.19085 2.88769 2.06056 1.94862 1.86467 4.29894 4.95549 3.82885 2.50833 2.34676 1.80614 1.76029
threshold=0.68333333333333346 5.1000000000000005 9.1666666666666696 3.166666666666667 1.4500000000000002 0.30000000000000016 13.450000000000001 2.0250000000000004 0.24999999999999997 13.900000000000002 2.1064593333333339 11.900000000000002 2.8333333333333335 10.550000000000002 1.3666666666666669 1.5277777777777781 0.83333333333333337
decision_type=2 2 2 2 2 2 2 2 2 2 2 2 2 2 2 2 2
left_child=1 5 15 4 -4 -1 8 9 -7 10 11 -2 -11 -14 -12 -3 -5
right_child=7 2 3 16 -6 6 -8 -9 -10 12 14 -13 13 -15 -16 -17 -18
leaf_value=-0.013834580129458516 0.00068893094221002596 0.039115187029678422 0.0060826888270463396 -0.016609753581919854 -0.026626622437048549 0.027646528681570783 0.054195078612360441 0.027311570338557883 -0.01302195375571695 0.043651774995679661 0 -0.024075882062603936 -0.0069315513293153781 0.0030052546074147714 0.043044700442708153 -0.0040228188742022133 0.020760395417827114
leaf_weight=4.6265826821327236 41.167100600898266 3.9344944618642321 8.0959363281726819 4.1702436506748182 36.55514270067215 4.7753428891301137 4.4050241038203231 6.7330841273069373 5.4700000733137131 4.916207291185855 5.2003212049603444 35.870414830744267 76.292134895920753 347.72735380381346 5.6047185957431793 3.2165577672421932 7.4825350940227509
leaf_count=23 201 25 38 20 170 26 21 33 27 31 29 168 369 1537 31 19 43
internal_value=0 -0.00480231 -0.0103622 -0.0144571 -0.0201405 0.0120346 0.0220412 0.000762082 0.0040114 0.000341775 -0.00621283 -0.0106006 0.00174799 0.00115242 0.0219448 0.0174492 0.00519626
internal_weight=606.243 82.7319 63.4549 56.3039 44.6511 19.2769 14.6504 523.511 10.2453 516.778 87.8426 77.0375 428.936 424.019 10.805 7.15105 11.6528
internal_count=2811 412 315 271 208 97 74 2399 53 2366 429 369 1937 1906 60 44 63
is_linear=0
shrinkage=0.05


Tree=186
num_leaves=7
num_cat=0
split_feature=54 46 58 83 36 83
split_gain=0.867333 1.72321 1.2746 1.49221 4.07416 2.35284
threshold=0.72500000000000009 3.100000000000001 3.6500000000000008 3.1000000000000005 14.900000000000002 2.7333333333333338
decision_type=2 2 2 2 2 2
left_child=-1 2 3 5 -5 -2
right_child=1 -3 -4 4 -6 -7
leaf_value=-0.016216443551881451 -0.0005117818232143811 0.029082497744638582 0.025472498503264496 0.023027295592257177 -0.029963597731372582 0.01448997600649617
leaf_weight=7.622818134725093 545.82444769889116 4.631603315472602 4.3639558628201476 4.1228911876678493 12.286812618374823 26.904959753155708
leaf_count=38 2500 30 24 20 61 138
internal_value=0 0.00023211 0 -0.000227576 -0.0148841 0.000161363
internal_weight=605.757 598.135 593.503 589.139 16.4097 572.729
internal_count=2811 2773 2743 2719 81 2638
is_linear=0
shrinkage=0.05


Tree=187
num_leaves=21
num_cat=0
split_feature=3 56 4 73 4 79 30 65 7 3 70 48 32 62 85 39 51 85 0 2
split_gain=0.859522 3.4748 2.84545 2.39969 2.65168 1.78997 1.5864 3.53294 2.45797 2.44503 4.51322 2.26099 2.15186 2.11861 3.88924 2.26502 2.01765 0.965265 0.466407 0.0619355
threshold=8.1666666666666696 1.2846565000000003 6.8333333333333348 1.8333333333333337 9.1666666666666696 0.24999999999999997 1.5500000000000003 2.0606152000000004 2.684455666666667 5.416666666666667 0.41428571428571442 2.8375000000000004 0.73796833333333345 7.9500000000000011 1.7750000000000001 10.550000000000002 7.1214285714285728 1.7750000000000001 2.5000000000000004 19.833333333333339
decision_type=2 2 2 2 2 2 2 2 2 2 2 2 2 2 2 2 2 2 2 2
left_child=6 2 5 4 -4 -2 7 9 13 10 -1 17 -11 15 -15 -8 18 -10 -9 -3
right_child=1 19 3 -5 -6 -7 8 16 11 12 -12 -13 -14 14 -16 -17 -18 -19 -20 -21
leaf_value=0.028181750311248283 0.036253177242885994 -0.045679317637891022 -0.03335144514809369 0.018131667791948473 0.0024469735336486941 0 -0.010193477263345565 0.04773892990654461 0.04565419744939684 -0.014068752682332998 -0.014203741485665555 -0.007114158664949923 0.016255102072709415 -0.0011294628378664244 0.043672668192969208 -0.0003714719455042224 0 0.0032530469593580824 0.0094067775862887743 -0.013817970920534849
leaf_weight=6.9325546398758879 6.4377319067716581 4.2852294594049436 11.528869844973093 4.5943139567971221 6.8530626967549315 6.3447534739971161 70.934922121465206 7.5546372383832914 5.9174727723002416 5.7849351838231078 33.94117645919323 3.7269823104143134 33.557165242731571 11.324311695992948 6.8097479194402686 365.05132247507572 3.3830933198332778 3.5464075654745102 3.2262348756194115 3.8942954167723656
leaf_count=35 39 20 55 25 34 34 333 48 33 30 161 22 162 52 42 1604 18 21 22 21
internal_value=0 -0.00667852 0 -0.010258 -0.0189699 0.0186971 0.000544604 0.00646267 -0.000602818 0.00198784 -0.00615683 0.020165 0.0110481 -0.00128257 0.0150735 -0.00203663 0.0291685 0.0332348 0.0394093 -0.0350602
internal_weight=605.629 43.9383 35.7587 22.9762 18.3819 12.7825 561.691 94.3798 467.311 80.2158 40.8737 13.1909 39.3421 454.12 18.1341 435.986 14.164 9.46388 10.7809 8.17952
internal_count=2811 228 187 114 89 73 2583 476 2107 388 196 76 192 2031 94 1937 88 54 70 41
is_linear=0
shrinkage=0.05


Tree=188
num_leaves=16
num_cat=0
split_feature=53 10 81 82 59 41 42 87 79 81 84 86 82 84 11
split_gain=0.854994 0.963744 3.84276 8.56102 4.19177 4.12875 3.93996 3.57104 2.98713 2.68309 4.05164 4.55288 3.52352 2.24791 1.95508
threshold=16.738888888888891 1.8333333333333337 2.2250000000000005 0.90000000000000013 1.0500000000000003 1.8376716666666668 1.0275005000000001 -0.56666666666666654 -1.2499999999999998 2.4500000000000006 2.7750000000000004 -1.8833333333333331 0.36666666666666675 1.7083333333333337 2.416666666666667
decision_type=2 2 2 2 2 2 2 2 2 2 2 2 2 2 2
left_child=1 2 3 6 5 -4 -1 -5 -6 12 11 -11 13 -3 -14
right_child=-2 9 4 7 8 -7 -8 -9 -10 10 -12 -13 14 -15 -16
leaf_value=0.00036018662108839293 -0.020201641603402598 -0.032997312269751368 -0.02808687372705905 -0.014431068334198972 0 0.030005940810866313 0.042393184914125165 0.0052149444600848209 -0.04972472967035052 0 -0.029475602689786863 0.035022647902061728 -0.00062003607561653519 0 -0.03111951383817764
leaf_weight=9.2878770828247088 4.6814378052949897 14.460321366786959 4.2576915323734301 29.567598670721054 5.5156795457005492 7.3312848210334778 20.356712996959686 98.459943793714046 8.701557517051695 20.201794311404228 4.6509318947792044 17.358676120638847 346.54732379689813 8.7068047821521741 4.8980952128767958
leaf_count=45 22 65 18 141 26 35 95 476 39 90 20 77 1603 36 23
internal_value=0 0.000195266 0.00324473 0.0062898 -0.0141758 0.0063162 0.0302777 0.000444753 -0.0322254 -0.00108942 0.0106771 0.0166277 -0.00249438 -0.0212323 -0.00115975
internal_weight=604.984 600.302 183.478 157.672 25.8062 11.589 29.6446 128.028 14.2172 416.824 42.2114 37.5605 374.613 23.1671 351.445
internal_count=2811 2789 875 757 118 53 140 617 65 1914 187 167 1727 101 1626
is_linear=0
shrinkage=0.05


Tree=189
num_leaves=18
num_cat=0
split_feature=79 42 84 83 51 65 36 79 83 28 35 42 42 58 87 86 66
split_gain=0.835313 2.43233 1.3024 2.42846 3.7021 2.26045 2.85942 2.21989 1.58833 3.04463 2.63015 1.75241 4.78507 3.17476 1.12455 1.23833 0.719156
threshold=-2.1666666666666661 1.0805693333333335 0.63333333333333341 1.2916666666666667 5.8166666666666673 1.6559839500000002 16.300000000000001 -0.91666666666666652 2.6333333333333337 7.4500000000000011 0.50000000000000011 1.2775499000000003 1.4245574999999999 1.7250000000000003 -1.6333333333333331 -2.8499999999999996 1.0120666
decision_type=2 2 2 2 2 2 2 2 2 2 2 2 2 2 2 2 2
left_child=1 14 3 4 7 16 -7 -2 11 10 -10 13 -13 -4 15 -1 -5
right_child=2 -3 8 5 -6 6 -8 -9 9 -11 -12 12 -14 -15 -16 -17 -18
leaf_value=-0.0040792241694387853 -0.0021922678914597102 0.041498927285555827 0.010517376692423138 -0.01109890907542224 -0.028281238764967465 0.0011584180617825624 -0.028066584662270678 0.03406756388449167 -0.0113667812522128 -0.02123811886671792 0.02626884694358262 -0.030465466201276603 0 -0.00092937904827230166 -0.018495707401536214 0.02894332173851202 -0.051452434762717207
leaf_weight=4.1989896148443222 5.0874707996845254 4.2093744724988928 72.144304506480694 4.4053752422332746 4.5474470257759085 26.771798275411129 10.786297664046286 9.5988985970616341 4.536842003464705 4.8474992290139189 21.526982109993696 16.691137164831161 50.826377421617508 350.74584662169218 4.8253358900547036 4.283545657992363 4.5440064668655396
leaf_count=20 24 23 331 21 22 126 53 44 22 24 114 75 244 1602 22 20 24
internal_value=0 0.0106133 -0.000316344 -0.0069458 0.00704616 -0.0132776 -0.00683628 0.020202 0.000477614 0.0113908 0.018686 -0.00017024 -0.00766213 0.000974484 0 0.0104963 -0.0358723
internal_weight=604.578 17.5172 587.06 65.7413 19.2338 46.5075 37.5581 14.6864 521.319 30.9113 26.0638 490.408 67.5175 422.89 13.3079 8.48254 8.94938
internal_count=2811 85 2726 314 90 224 179 68 2412 160 136 2252 319 1933 62 40 45
is_linear=0
shrinkage=0.05


Tree=190
num_leaves=9
num_cat=0
split_feature=18 18 78 58 16 29 70 5
split_gain=0.808346 2.3419 2.07823 1.88466 1.1616 1.22559 6.00356 2.01647
threshold=2.3780272500000006 1.9802580833333334 -0.3333333333333332 1.4142857142857144 4.166666666666667 15.100000000000001 0.92916666666666681 12.16666666666667
decision_type=2 2 2 2 2 2 2 2
left_child=1 4 -2 -3 5 7 -7 -1
right_child=2 3 -4 -5 -6 6 -8 -9
leaf_value=-0.00066889560232045282 0.037478409939093828 0 -0.0048706481913289206 -0.03483336519500526 0.018542219627165922 -0.04023061049862655 0.0061627750926442765 0.0081993682668418319
leaf_weight=470.86653651297092 4.5273677408695221 6.5375342667102805 4.6207847297191602 8.2107900902628881 8.0349039137363416 10.153848119080068 17.962057031691074 73.257626473903656
leaf_count=2156 22 31 22 39 37 49 86 369
internal_value=0 -0.000236718 0.0143526 -0.0195999 0.000228821 -6.32696e-07 -0.0101284 0.000485603
internal_weight=604.171 595.023 9.14815 14.7483 580.275 572.24 28.1159 544.124
internal_count=2811 2767 44 70 2697 2660 135 2525
is_linear=0
shrinkage=0.05


Tree=191
num_leaves=12
num_cat=0
split_feature=61 47 64 11 23 24 22 56 8 29 41
split_gain=0.82923 1.24442 2.48362 2.27276 2.00215 5.0376 2.68399 1.77761 1.4964 1.47818 1.46386
threshold=3.1000000000000005 -0.34999999999999981 1.5500000000000003 1.8333333333333337 -1.0000000180025095e-35 1.9000000000000001 -1.1666666666666663 1.3780426000000003 1.4761345000000003 8.4500000000000011 1.7445613333333336
decision_type=2 2 2 2 2 2 2 2 2 2 2
left_child=-1 2 -2 7 5 8 -6 -4 -3 -8 -7
right_child=1 4 3 -5 6 10 9 -9 -10 -11 -12
leaf_value=0.01639708151049259 0.016415622139093953 0.052794564199457827 -0.048211849458041856 0.00390646860800255 -0.030919795054966299 -0.031593102341023097 -0.010703945243414389 -0.0026626267952940303 0.0052033589608543014 0.00068313354380973199 0.0041792917445682542
leaf_weight=7.1097933053970328 4.5743284523487118 6.7971470877528208 7.2322826161980647 4.4602507799863806 6.5836696475744239 3.9058906435966474 29.635958522558212 4.7689429521560669 3.9342850148677826 519.65217204019427 5.2694038599729538
leaf_count=35 25 33 36 22 34 20 150 24 21 2386 25
internal_value=0 -0.0002129 -0.0120331 -0.0216632 0.000185628 0.0155948 -0.000334787 -0.0329421 0.0385813 1.41141e-05 -0.0093107
internal_weight=603.924 596.814 21.0358 16.4615 575.779 19.9067 555.872 12.0012 10.7314 549.288 9.17529
internal_count=2811 2776 107 82 2669 99 2570 60 54 2536 45
is_linear=0
shrinkage=0.05


Tree=192
num_leaves=15
num_cat=0
split_feature=86 63 86 58 86 34 52 62 60 12 80 42 66 83
split_gain=0.801182 1.82456 1.79454 4.46169 3.67235 3.58413 2.60121 2.405 1.8985 3.81418 2.71308 2.28677 2.05155 2.50639
threshold=-3.3666666666666658 11.350000000000003 -1.7749999999999997 2.0500000000000003 -2.9749999999999996 2.6333333333333337 5.7750000000000012 7.1500000000000012 11.100000000000001 10.16666666666667 0.70833333333333337 1.2656551666666667 1.4277637500000002 1.7750000000000001
decision_type=2 2 2 2 2 2 2 2 2 2 2 2 2 2
left_child=1 -1 3 6 -5 -6 -2 -8 12 11 -11 -10 13 -4
right_child=2 -3 8 4 5 -7 7 -9 9 10 -12 -13 -14 -15
leaf_value=0.0074423975489022465 0.026798533117339207 -0.025810842012609421 0.041295155636995887 -0.0088471881606615906 0.052512220663696665 0.0096680806162354801 -0.012259327655080254 0.020611976362909831 -0.0059602913160140304 -0.012385713416168453 0.00079052995003895407 -0.040494991612387267 -0.003786949425985476 0
leaf_weight=5.4964671805500975 6.0901395455002776 8.781711131334303 8.4862304329872149 5.8270920887589481 11.022090360522272 11.981012463569639 34.625751540064812 5.6866400875151148 14.373261593282225 42.357950896024704 427.65020130574703 9.0339901074767095 7.7657531201839438 4.5142118707299224
leaf_count=29 32 38 40 27 52 65 149 30 75 181 1989 45 38 21
internal_value=0 -0.0114994 0.000287424 0.00750333 0.0228345 0.0319412 -0.0016309 -0.00681409 -0.000726065 -0.00140123 -0.000355702 -0.0209028 0.0137964 0.0259027
internal_weight=603.693 14.2782 589.414 75.2327 28.8302 23.0031 46.4025 40.3124 514.182 493.415 470.008 23.4073 20.7662 13.0004
internal_count=2811 67 2744 355 144 117 211 179 2389 2290 2170 120 99 61
is_linear=0
shrinkage=0.05


Tree=193
num_leaves=19
num_cat=0
split_feature=49 53 84 79 32 71 44 32 8 63 39 38 12 64 73 34 7 0
split_gain=0.801673 2.45511 2.37724 2.8114 1.80703 2.06982 2.14715 1.82134 1.9846 1.68573 2.68147 2.69153 2.36713 2.24203 2.28479 2.27277 1.44939 0.919093
threshold=1.7250000000000003 13.550000000000002 2.1000000000000005 -1.0000000180025095e-35 1.4787672000000003 0.65000000000000002 0.2019766066666667 2.0089983333333339 1.8743405 9.2500000000000018 11.100000000000001 4.6750000000000007 10.16666666666667 1.1500000000000001 1.1666666666666667 2.4500000000000006 1.7622025000000001 1.8333333333333337
decision_type=2 2 2 2 2 2 2 2 2 2 2 2 2 2 2 2 2 2
left_child=4 2 3 16 9 6 -6 8 -7 13 11 -11 -12 14 -1 -15 -2 -5
right_child=1 -3 -4 17 5 7 -8 -9 -10 10 12 -13 -14 15 -16 -17 -18 -19
leaf_value=0 -0.041263134506029933 0.020254259825096651 -0.047093497042293757 0 0 -0.00030410399476451855 0.04470826030664915 -0.02245558499822586 0.027635025636605401 0.0046524522467855309 -0.01425831889510535 -0.015421335533903964 0.0013996947142338105 -0.0099529288959909704 0.04484758340363585 0.021609285441036769 0 0.028136709237148033
leaf_weight=4.5885679423809034 5.259299844503408 4.9609060138463965 4.5274221152067176 4.6399009674787539 4.1919000893831253 15.679721616208559 6.9636380672454816 4.9761580675840369 8.5753069296479207 20.999315693974495 25.099583595991135 56.392687603831291 397.17686578258872 15.647685475647451 6.9374014288187027 8.2432135976850969 4.1684131920337677 4.2302338480949402
leaf_count=25 24 25 20 23 21 79 38 24 45 101 119 271 1788 80 41 46 20 21
internal_value=0 -0.00821798 -0.0157795 -0.00565506 0.000403702 0.0105548 0.0286253 0.00245216 0.00892247 -0.000324931 -0.00112106 -0.00965872 0.000394107 0.0100702 0.0277293 0.000131928 -0.0249551 0.0124272
internal_weight=603.258 27.7862 22.8253 18.2978 575.472 40.3867 11.1555 29.2312 24.255 535.085 499.668 77.392 422.276 35.4169 11.526 23.8909 9.42771 8.87013
internal_count=2811 133 108 88 2678 207 59 148 124 2471 2279 372 1907 192 66 126 44 44
is_linear=0
shrinkage=0.05


Tree=194
num_leaves=21
num_cat=0
split_feature=65 65 59 12 59 59 65 62 37 66 41 87 11 34 47 66 23 38 47 77
split_gain=0.815837 3.89641 4.03128 3.73788 3.27506 3.26191 3.37341 2.87689 3.5636 2.47206 2.49343 2.38655 2.25152 1.75505 1.72717 1.61675 2.95103 1.0949 1.21857 0.200613
threshold=1.4758985000000002 1.5641105500000003 0.73888888888888904 13.833333333333334 0.73888888888888904 1.2928571428571431 1.3311754 4.7250000000000005 4.4500000000000011 1.5426039000000002 1.3019091666666671 0.19999999999999998 2.416666666666667 0.90000000000000013 0.63333333333333353 1.2012822000000003 0.66666666666666696 5.4500000000000011 0.90000000000000013 1.1666666666666667
decision_type=2 2 2 2 2 2 2 2 2 2 2 2 2 2 2 2 2 2 2 2
left_child=3 2 -2 7 -5 19 -7 8 13 10 -3 14 -12 -1 -11 -9 -17 -4 -19 -6
right_child=1 9 17 4 5 6 -8 15 -10 11 12 -13 -14 -15 -16 16 -18 18 -20 -21
leaf_value=0 0.011186685724673788 -0.0328228053730708 -0.0078420039730902683 -0.012610635112010413 0.016919704176515921 -0.0147689297533262 0.03230745759635803 -0.043998594889430781 -0.019409003257863364 -0.019216888192449086 0.00028242903193253041 0.041968834258876674 -0.026834337268222225 0.043015709751962311 0.016500585630624461 -0.031646804503040839 0.019365424857158416 -0.016670167162984192 -0.067212864268371975 0.047814877614589732
leaf_weight=4.0428585261106544 4.9079513549804714 5.4129025340080252 4.3618537634611121 6.3585610985755912 4.5198721885681179 7.8514901027083379 6.1185387223958969 5.4120609611272803 6.2896777763962737 4.3531323671340969 485.85261625051498 6.2469395101070395 7.2689981311559668 5.7271977812051773 9.2493178844451887 5.4362855255603773 4.4623034745454788 4.2645028457045537 4.706219494342804 9.891400143504141
leaf_count=19 24 25 20 29 20 35 28 26 30 23 2253 33 35 29 49 27 20 21 20 45
internal_value=0 -0.000644925 -0.0230506 0.00522167 0.016623 0.0241431 0.0045256 -0.00668257 0.00687896 0.00011674 -0.000531414 0.0172373 -9.34234e-05 0.0263577 0.00302127 -0.0222565 -0.00642081 -0.03741 -0.0479742 0.0406939
internal_weight=602.735 536.624 18.2405 66.1102 34.7399 28.3813 13.97 31.3704 16.0597 518.384 498.535 19.8494 493.122 9.77006 13.6025 15.3106 9.89859 13.3326 8.97072 14.4113
internal_count=2811 2503 85 308 157 128 63 151 78 2418 2313 105 2288 48 72 73 47 61 41 65
is_linear=0
shrinkage=0.05


Tree=195
num_leaves=24
num_cat=0
split_feature=49 27 18 55 82 4 27 70 51 55 26 26 85 32 4 73 81 80 73 52 66 72 55
split_gain=0.801911 2.80889 2.83954 2.96993 3.31751 2.95017 2.2531 2.01003 1.95253 3.87708 1.8368 6.84263 3.36433 5.35715 3.19466 3.00533 2.77342 3.03259 2.72488 2.17632 1.47091 1.09245 0.726841
threshold=0.68333333333333346 5.1000000000000005 0.95983825000000011 1.9376473500000002 1.9000000000000001 6.166666666666667 6.9000000000000012 0.30000000000000016 4.5500000000000007 1.8598995000000003 12.633333333333335 11.900000000000002 0.90000000000000013 1.6319502000000004 2.8333333333333335 0.58333333333333337 0.45000000000000007 1.2916666666666667 1.8333333333333337 4.4500000000000011 0.77857634000000009 1.8333333333333337 1.8356026000000003
decision_type=2 2 2 2 2 2 2 2 2 2 2 2 2 2 2 2 2 2 2 2 2 2 2
left_child=1 7 5 6 -5 20 -4 -1 -9 -10 11 12 13 -2 22 -14 17 -16 -18 -13 -3 -21 -12
right_child=10 2 3 4 -6 -7 -8 8 9 -11 14 19 15 -15 16 -17 18 -19 -20 21 -22 -23 -24
leaf_value=-0.013351697139073011 0.045372152989896504 -0.025692116257017106 -0.034465954997967813 0.027726468203431883 -0.016142723055674404 0.039850314944557083 -0.0034292044443040579 -0.0013409437373761797 0.056952129861562006 0 0.05109400822219478 -4.924906124983153e-05 -0.04194680595174391 -0.017692883289398557 0.051090109250902828 0 -0.00248451213191897 0.0039659727648475186 0.005765476535192094 -0.058743434684019546 0.0097620560618684182 -0.0148691391296366 0.0062395961000291725
leaf_weight=4.5702784061431911 8.9699543043971044 4.7119241803884488 20.700275506824259 6.5653480812907246 10.483770750463007 4.6109595149755469 10.884755715727804 4.4993234798312178 6.0507369637489301 3.9463001862168312 3.5321728363633147 4.7798316627740887 4.3750154823064795 4.1932084411382666 5.2402726709842709 29.998688735067844 276.36356396973133 12.103429511189459 155.4335700571537 7.3828966319560987 5.0496087223291397 4.4652887284755707 3.2907538563013077
leaf_count=23 46 24 92 36 55 26 51 23 30 21 21 23 22 20 23 152 1250 61 704 34 31 22 21
internal_value=0 -0.0045817 -0.00987606 -0.0157963 0 0.00833375 -0.0247694 0.0114414 0.0211096 0.033178 0.000722011 -0.0070856 0.00216435 0.0235404 0.00188205 -0.00552472 0.00128862 0.0206379 0.000430631 -0.0342806 -0.00533349 -0.0455045 0.0347774
internal_weight=602.202 82.0733 63.0066 48.6342 17.0491 14.3725 31.585 19.0666 14.4964 9.99704 520.129 64.1649 47.5369 13.1632 455.964 34.3737 449.141 17.3437 431.797 16.628 9.76153 11.8482 6.82293
internal_count=2811 412 315 234 91 81 143 97 74 51 2399 319 240 66 2080 174 2038 84 1954 79 55 56 42
is_linear=0
shrinkage=0.05


Tree=196
num_leaves=14
num_cat=0
split_feature=15 64 17 41 41 39 0 29 81 65 17 37 55
split_gain=0.816576 3.66486 3.16391 3.57866 3.18784 2.38481 2.3535 3.5665 3.24244 2.48818 2.78974 1.55102 0.977482
threshold=12.16666666666667 0.95000000000000007 2.625539166666667 2.2330785 1.8546601666666669 14.100000000000001 3.166666666666667 8.9000000000000021 0.90000000000000013 1.1400238 1.7229605000000003 4.4500000000000011 2.1559736500000004
decision_type=2 2 2 2 2 2 2 2 2 2 2 2 2
left_child=5 -2 3 4 -3 6 9 12 -9 11 -11 -1 -8
right_child=1 2 -4 -5 -6 -7 7 8 -10 10 -12 -13 -14
leaf_value=0.04237643621503806 0.045759270609102537 0.0055438849286324563 -0.029859166804919603 0.044988230890386949 -0.020816813526776386 -0.032926438721067736 -0.029948342609011205 -0.0036530657663847404 0.031314490570550912 -0.011287148946151371 -0.00029175009464262784 0 0
leaf_weight=4.614257484674452 4.5322686955332747 82.137474395334721 6.7501725628972045 4.6437110081315032 12.645971268415449 5.2606885582208625 4.3988786786794645 7.920772276818755 19.840793576091528 68.982829198241234 371.73055899143219 4.2981439605355263 3.7679802775382996
leaf_count=21 25 385 35 25 61 24 22 43 108 322 1696 21 23
internal_value=0 0.00386361 0.00163482 0.00416185 0.00167369 -0.000881022 -0.00044888 0.0116995 0.020565 -0.00148708 -0.00208031 0.0237438 -0.0150003
internal_weight=601.525 110.71 106.177 99.4272 94.7834 490.815 485.554 35.9284 27.7616 449.626 440.713 8.9124 8.16686
internal_count=2811 531 506 471 446 2280 2256 196 151 2060 2018 42 45
is_linear=0
shrinkage=0.05


Tree=197
num_leaves=14
num_cat=0
split_feature=39 61 39 3 32 14 39 14 30 59 86 61 75
split_gain=0.807204 2.38136 1.84496 2.35175 1.9251 2.02193 1.67885 2.47879 3.10472 2.91533 2.09742 2.79576 0.582077
threshold=6.5500000000000007 5.9500000000000011 8.9000000000000021 6.166666666666667 1.0445548333333337 5.166666666666667 10.550000000000002 5.166666666666667 1.2666666666666668 0.73888888888888904 -3.3666666666666658 6.7500000000000009 2.5833333333333335
decision_type=2 2 2 2 2 2 2 2 2 2 2 2 2
left_child=1 -1 3 4 -2 -6 7 8 -4 -9 12 -12 -8
right_child=2 -3 6 -5 5 -7 10 9 -10 -11 11 -13 -14
leaf_value=0.0096304348421889299 0.034715919646627152 -0.039251934021342895 0.040365644964533098 0.040550191877050876 -0.024116046158781781 0.0080636392840856986 -0.004654777732508426 0.0010102466358725335 -0.0035797949800282624 -0.025762666018977518 0 0.013699069408790791 -0.034932992586182841
leaf_weight=3.4989203438162795 3.8409167900681558 4.4156290665268898 4.2402978539466885 5.5763558037579051 6.5007909610867527 14.894678011536596 6.0532325059175474 13.75749399513006 22.553574979305267 25.640161976218224 445.80836501717567 39.826550744473934 4.523111566901207
leaf_count=20 24 25 24 37 33 79 26 67 111 119 2029 197 20
internal_value=0 -0.0153825 0.000213072 0.0120527 0.00411886 -0.000899468 -0.000401309 -0.00787534 0.00307095 -0.0158916 0.000552274 0.00109084 -0.0208531
internal_weight=601.13 7.91455 593.216 30.8127 25.2364 21.3955 562.403 66.1915 26.7939 39.3977 496.211 485.635 10.5763
internal_count=2811 45 2766 173 136 112 2593 321 135 186 2272 2226 46
is_linear=0
shrinkage=0.05


Tree=198
num_leaves=20
num_cat=0
split_feature=10 81 82 23 16 29 59 41 51 79 81 62 82 84 81 84 83 86 58
split_gain=0.813404 3.55797 7.25941 4.18076 3.66147 3.32998 3.2643 3.25233 2.94392 2.60333 2.26207 3.74603 3.46963 3.18585 3.58214 2.24575 1.96078 3.98828 1.60015
threshold=1.8333333333333337 2.2250000000000005 0.90000000000000013 0.50000000000000022 1.1666666666666667 15.450000000000001 1.0500000000000003 1.8376716666666668 5.6500000000000012 -1.2499999999999998 2.4500000000000006 5.5277777777777786 0.36666666666666675 2.7083333333333335 3.2250000000000005 1.7083333333333337 3.2250000000000005 -1.7749999999999997 2.0500000000000003
decision_type=2 2 2 2 2 2 2 2 2 2 2 2 2 2 2 2 2 2 2
left_child=1 2 3 -1 -5 8 7 -3 -4 -8 12 -12 15 14 -13 18 17 -14 -2
right_child=10 6 5 4 -6 -7 9 -9 -10 -11 11 13 16 -15 -16 -17 -18 -19 -20
leaf_value=-0.00079978703838816585 -0.04676542004643499 -0.026846050494645064 0.017491794182954871 0 0.049254184279112045 -0.036731059493487227 0 0.024733740991591549 -0.0014584915383932561 -0.046423145306926442 -0.027080850148886282 0.032166245333205098 0.018692516637986083 -0.018934648935667653 -0.0019114045854992591 0 -0.025565642541403845 -0.0020961227598321535 -0.0068874878178570645
leaf_weight=7.6691835224628475 8.5761594250798243 4.2456325292587298 24.910165145993233 4.5526416748762157 17.180762905627489 5.2186093404889098 5.4315400198101988 7.4669720754027367 97.423611730337143 8.619763642549513 5.1260944530367842 22.879578813910484 24.280181933194399 4.6456214338541022 9.4467598646879178 8.6907123327255231 7.6026185080409041 320.7484420388937 6.0654030889272681
leaf_count=37 37 18 133 23 81 26 26 36 463 39 23 103 120 20 42 36 39 1480 29
internal_value=0 0.00277514 0.00572336 0.0279098 0.0389552 0.000324852 -0.0140007 0.00365618 0.00225222 -0.0300567 -0.00121949 0.00958333 -0.00250665 0.0156274 0.0215687 -0.0210362 -0.00118177 -0.00053591 -0.0326696
internal_weight=600.78 182.719 156.955 29.4026 21.7334 127.552 25.7639 11.7126 122.334 14.0513 418.062 42.0981 375.964 36.972 32.3263 23.3323 352.631 345.029 14.6416
internal_count=2811 882 763 141 104 622 119 54 596 65 1929 188 1741 165 145 102 1639 1600 66
is_linear=0
shrinkage=0.05


Tree=199
num_leaves=9
num_cat=0
split_feature=54 46 5 66 49 23 38 48
split_gain=0.792989 1.51545 1.2792 1.93391 2.2455 1.83681 2.06758 1.95583
threshold=0.72500000000000009 3.100000000000001 7.416666666666667 1.1091022050000003 1.3166666666666669 2.5000000000000004 7.4500000000000011 1.267857142857143
decision_type=2 2 2 2 2 2 2 2
left_child=-1 2 3 4 -2 7 -7 -4
right_child=1 -3 5 -5 -6 6 -8 -9
leaf_value=-0.015649880876906459 0.029111407719535878 0.027636955811915099 -0.010860075309997433 -0.013585826150194706 -0.0034328934921174243 0.023412042229020852 -0.0074681186080131261 -0.00018121952588126804
leaf_weight=7.5090254172682753 14.132698822766548 4.4875816926360121 47.054278567433357 4.9233714602887622 6.1824327409267417 15.573609180748464 6.3373175561428061 494.08120484650135
leaf_count=38 85 30 229 28 31 86 35 2249
internal_value=0 0.000187742 -2.47849e-06 0.0108537 0.0181617 -0.000542665 0.0133977 -0.00116512
internal_weight=600.282 592.772 588.285 25.2385 20.3151 563.046 21.9109 541.135
internal_count=2811 2773 2743 144 116 2599 121 2478
is_linear=0
shrinkage=0.05


Tree=200
num_leaves=24
num_cat=0
split_feature=24 5 27 56 36 61 32 25 3 45 5 85 65 54 49 23 14 41 21 1 7 7 7
split_gain=0.816764 4.46447 3.47728 2.45968 4.30709 3.34946 2.66639 2.34273 3.2262 2.70885 2.91951 3.176 2.50317 1.88392 1.86887 2.15297 1.67641 1.64182 1.51632 1.18371 1.68467 0.987585 0.767993
threshold=2.2250000000000005 12.41666666666667 6.4500000000000011 1.0039847000000004 17.300000000000001 5.8285714285714292 1.0491459000000003 1.6333333333333335 3.8333333333333335 -2.4999999999999996 14.833333333333334 0.77500000000000013 1.9810812500000001 2.183333333333334 1.7250000000000003 0.66666666666666696 5.8333333333333348 1.9584313333333334 -1.6653345369377346e-16 0.50000000000000011 2.2154450000000003 1.6042467500000002 1.5910400000000002
decision_type=2 2 2 2 2 2 2 2 2 2 2 2 2 2 2 2 2 2 2 2 2 2 2
left_child=7 3 13 5 6 17 -5 9 18 22 12 -12 -11 -3 15 -10 -7 -2 -9 -4 -21 -16 -1
right_child=1 2 19 4 -6 16 -8 8 14 10 11 -13 -14 -15 21 -17 -18 -19 -20 20 -22 -23 -24
leaf_value=-0.0027763100506442988 0.024191016100720598 0.012880620351802666 0 -0.045295063692971982 0.021616531502924394 0.0019316067670344921 -0.013163462728845284 -0.03026982280900303 0.01146716356270289 0 0.014637459255690089 -0.020852995682917427 0.011284869478140915 -0.024855645540970105 -0.014604291094315736 0.049200777971091035 -0.033663645179365681 -0.0043963242587877769 0.0056155618295885678 0.054042541915851894 0.0029099681241103572 0.016707305963643341 -0.044120643608040848
leaf_weight=3.5452380105853072 14.470540478825574 5.9218857884407061 3.5534448251128188 8.135620102286337 6.7038447931408873 3.8472470566630346 54.831915713846684 4.7165149003267288 11.234271734952932 336.33645991235971 6.8190233856439582 28.448120601475239 57.728335574269295 5.6807624772191048 4.191695034503935 8.4607421159744245 6.558227401226759 5.3595304414629927 4.4421080127358419 6.7406115606427175 3.5600428879261017 4.760169118642807 3.9116327688097954
leaf_count=21 79 31 20 37 38 25 257 24 55 1481 33 137 295 28 19 42 37 30 21 38 20 24 19
internal_value=0 -0.0036076 0.0145449 -0.00853133 -0.0137348 0.0026739 -0.018033 0.000921946 0.0127827 -6.09137e-05 0.000416996 -0.0131831 0.00171267 -0.0037933 0.0212647 0.0297318 -0.0187253 0.0153168 -0.0108867 0.0312418 0.0396379 0 -0.0290158
internal_weight=599.958 125.364 25.4567 99.9069 69.6714 30.2355 62.9675 474.594 37.8055 436.789 429.332 35.2671 394.065 11.6026 28.6469 19.695 10.4055 19.8301 9.15862 13.8541 10.3007 8.95186 7.45687
internal_count=2811 640 137 503 332 171 294 2171 185 1986 1946 170 1776 59 140 97 62 109 45 78 58 43 40
is_linear=0
shrinkage=0.05


Tree=201
num_leaves=13
num_cat=0
split_feature=55 31 52 50 29 75 31 55 72 54 70 29
split_gain=0.821573 1.24638 3.0765 2.92952 1.77907 2.15077 1.43378 4.94503 5.05701 3.64326 2.12494 2.0588
threshold=0.94396455000000012 1.2329576666666668 4.5500000000000007 10.500000000000002 10.900000000000002 1.1666666666666667 1.5649413333333333 1.8090190500000001 1.5833333333333337 2.8500000000000001 1.0000000180025095e-35 14.225000000000001
decision_type=2 2 2 2 2 2 2 2 2 2 2 2
left_child=-1 2 3 -2 -4 -6 7 8 -3 10 -8 -11
right_child=1 6 4 -5 5 -7 9 -9 -10 11 -12 -13
leaf_value=0.023305524273126349 -0.0178907952016749 0 0.00031509751982639571 0.031718384653192447 0 -0.037901816162856108 -0.019599309353283141 -0.026307571310730943 0.034025608869581711 -0.054602358081412228 0.00074065744086513707 -0.0008460175506836364
leaf_weight=3.2519937753677359 3.9014476388692838 22.432176254689693 6.4332241490483311 6.8704081252217293 6.2536655664443996 12.772756315767763 12.663208767771719 7.6004860177636138 19.36218673363328 4.2987791895866376 489.01875023916364 4.4559340104460716
leaf_count=18 19 109 33 35 29 64 64 37 95 21 2265 22
internal_value=0 -0.000164011 -0.00911507 0.011536 -0.0188694 -0.0264783 0.000378289 0.00849003 0.0156454 -0.000365293 0.00015846 -0.0314669
internal_weight=599.315 596.063 36.2315 10.7719 25.4596 19.0264 559.832 49.3948 41.7944 510.437 501.682 8.75471
internal_count=2811 2793 180 54 126 93 2613 241 204 2372 2329 43
is_linear=0
shrinkage=0.05


Tree=202
num_leaves=21
num_cat=0
split_feature=65 17 12 29 15 59 59 65 36 62 37 66 87 15 15 66 23 34 40 35
split_gain=0.789047 3.50558 3.44048 3.1823 3.5067 3.01575 2.9305 3.02616 2.69371 2.55297 3.13329 2.18319 3.05998 1.78374 4.25781 1.52256 2.65625 1.5132 1.2742 0.128998
threshold=1.4758985000000002 1.4352002500000001 13.833333333333334 10.100000000000001 13.833333333333334 0.73888888888888904 1.2928571428571431 1.3311754 10.450000000000001 4.7250000000000005 4.4500000000000011 1.5520922000000001 0.19999999999999998 5.3333333333333348 7.5000000000000009 1.2012822000000003 0.66666666666666696 0.90000000000000013 1.9000000000000001 0.90000000000000013
decision_type=2 2 2 2 2 2 2 2 2 2 2 2 2 2 2 2 2 2 2 2
left_child=2 3 9 -2 8 -4 19 -8 -5 10 17 13 18 -3 -15 -11 -17 -1 -13 -7
right_child=1 11 5 4 -6 6 7 -9 -10 15 -12 12 -14 14 -16 16 -18 -19 -20 -21
leaf_value=0 0.016733194420483141 -0.028564430846824515 -0.011914331437928314 0 0.0078061160579756973 0.01721428769814037 -0.013549655383693135 0.031114172004641134 -0.039708295833432425 -0.04230984038859377 -0.018130311666476131 0.017257140180826438 0.049892244652582213 0.02588355323890389 -0.00072291689222048509 -0.029869661464807643 0.018712069726598054 0.040591548576459337 -0.016236592788329649 0.046360190540647189
leaf_weight=4.005515933036806 5.0130054354667655 4.9819424599409095 6.3071661069989196 4.1926160678267541 5.9016845300793639 4.7535591721534756 7.8176877573132497 6.0519897490739822 18.81666637212038 5.3317193835973731 6.2302134931087485 5.8269155919551832 4.7835512533783904 15.030782569199799 464.49619744718075 5.3763848021626455 4.4317680448293686 5.6213603615760803 4.4415548518300056 9.4752135276794416
leaf_count=19 27 28 29 20 30 22 35 28 88 26 30 33 26 85 2143 27 20 29 23 43
internal_value=0 -0.000660643 0.0051377 -0.0161103 -0.0228429 0.0161276 0.0233945 0.004604 -0.0317664 -0.00632939 0.00645742 0.000353574 0.0188116 -0.000187111 8.50749e-05 -0.0210987 -0.00565009 0.024948 0.000366854 0.0392354
internal_weight=598.887 533.485 65.4026 33.924 28.911 34.4056 28.0985 13.8697 23.0093 30.997 15.8571 499.561 15.052 484.509 479.527 15.1399 9.80815 9.62688 10.2685 14.2288
internal_count=2811 2503 308 165 138 157 128 63 108 151 78 2338 82 2256 2228 73 47 48 56 65
is_linear=0
shrinkage=0.05


Tree=203
num_leaves=22
num_cat=0
split_feature=10 81 81 41 58 78 59 41 76 63 81 84 79 81 80 3 46 78 79 74 61
split_gain=0.787376 3.24012 4.45094 3.2044 6.48226 4.52124 2.93671 2.91638 2.81958 2.49129 2.00563 3.4032 3.8584 2.58187 2.32771 2.00252 4.6583 2.95247 1.44218 0.810197 0.567101
threshold=1.8333333333333337 2.2250000000000005 1.9000000000000001 1.8546601666666669 1.5500000000000003 2.7500000000000004 1.0500000000000003 1.8376716666666668 1.1666666666666667 12.750000000000002 2.4500000000000006 2.7750000000000004 -1.2499999999999998 3.3666666666666667 0.22500000000000003 8.5000000000000018 1.2 -3.3306690738754691e-16 -1.8333333333333333 1.0000000180025095e-35 5.6333333333333337
decision_type=2 2 2 2 2 2 2 2 2 2 2 2 2 2 2 2 2 2 2 2 2
left_child=1 2 3 5 -5 -1 7 -3 -8 20 14 12 18 -14 19 16 -16 -17 -12 -2 -4
right_child=10 6 9 4 -6 -7 8 -9 -10 -11 11 -13 13 -15 15 17 -18 -19 -20 -21 -22
leaf_value=0.0088490193175281319 -0.039749249310984197 -0.025374238599666629 0.057297012687490614 -0.050170262759163843 0.0013918366888226697 -0.034060307400377916 0 0.023578986986631516 -0.048174982401583015 0 0.0067430251009184972 -0.027729641354490589 0.035177528048541094 0 -0.0030628731014583463 0.0074435615116587904 0.013541377706299672 -0.026841632100346374 -0.024256557329244331 -0.0037841002480560391 0.023721896185370329
leaf_weight=102.4008402749896 5.1595863103866559 4.2268868833780306 4.7543101012706783 7.7068548202514675 20.294237226247787 5.8486362844705573 6.3162037059664708 7.3908179849386215 7.635030061006546 5.2783811651170245 6.8099168539047241 4.6497508138418189 18.542719483375553 5.9981863200664511 290.92221406847239 7.9274830110371139 48.746621362864971 17.324297048151493 5.9107118099927884 4.7551850974559784 9.7185566499829275
leaf_count=496 22 18 23 37 107 26 30 36 35 26 32 20 84 26 1316 44 251 87 26 21 48
internal_value=0 0.0027285 0.00555363 0.00209533 -0.0125538 0.00615483 -0.0133252 0.00339308 -0.0286127 0.0275349 -0.00121206 0.00897279 0.0145213 0.0261396 -0.0024279 -0.00168689 -0.000590066 -0.0151719 -0.00614274 -0.0259104 0.037966
internal_weight=598.317 181.571 156.002 136.251 28.0011 108.249 25.5689 11.6177 13.9512 19.7512 416.747 41.9113 37.2615 24.5409 374.835 364.921 339.669 25.2518 12.7206 9.91477 14.4729
internal_count=2811 882 763 666 144 522 119 54 65 97 1929 188 168 110 1741 1698 1567 131 58 43 71
is_linear=0
shrinkage=0.05


Tree=204
num_leaves=12
num_cat=0
split_feature=80 39 80 84 81 80 65 34 80 32 80
split_gain=0.776743 3.0027 2.19092 2.40429 1.9029 1.48305 9.22386 3.45301 2.3313 3.82669 2.89427
threshold=3.1000000000000005 11.700000000000001 2.9000000000000004 1.3666666666666669 0.90000000000000013 2.5500000000000003 1.8506265000000002 1.7750000000000001 2.2250000000000005 1.1092850666666669 2.1000000000000005
decision_type=2 2 2 2 2 2 2 2 2 2 2
left_child=2 4 5 -4 -2 8 -7 -8 10 -10 -1
right_child=1 -3 3 -5 -6 6 7 -9 9 -11 -12
leaf_value=-0.00069993661106947992 0.019036356445086076 0.045959514770617625 -0.048694535039843792 0 -0.019285601773345006 -0.042169857847967569 -0.0098467028366859832 0.036144936970941031 -0.028292725604559345 0.012757638272645495 0.015208822913057127
leaf_weight=490.55510122701526 5.2637601494789106 3.9433505535125724 4.3705801144242269 5.4684171825647354 6.6777860820293427 5.5527111515402821 4.0000988394022015 17.924067340791225 17.349677175283436 7.0025061145424834 29.812146559357643
leaf_count=2264 29 22 21 27 34 27 20 98 81 35 153
internal_value=0 0.0107115 -0.000325993 -0.0231443 -0.000297948 4.25819e-05 0.0113088 0.0266064 -0.000489706 -0.0154635 0.000177213
internal_weight=597.92 15.8849 582.035 9.839 11.9415 572.196 27.4769 21.9242 544.719 24.3522 520.367
internal_count=2811 85 2726 48 63 2678 145 118 2533 116 2417
is_linear=0
shrinkage=0.05


Tree=205
num_leaves=16
num_cat=0
split_feature=38 16 62 62 34 69 12 31 85 63 16 34 44 72 35
split_gain=0.758332 4.38713 2.10491 1.17565 3.63725 4.43144 2.50079 2.4792 1.68129 2.63467 4.04343 2.9128 2.48078 3.34112 1.59874
threshold=9.3000000000000025 1.5000000000000002 7.9500000000000011 7.2500000000000009 1.2666666666666668 -0.49999999999999983 19.416666666666668 1.6511268000000001 2.1000000000000005 14.250000000000002 2.5000000000000004 1.4500000000000002 1.2554021333333336 0.58333333333333337 0.63333333333333341
decision_type=2 2 2 2 2 2 2 2 2 2 2 2 2 2 2
left_child=3 2 -2 8 -5 7 -7 -6 9 11 -11 -1 13 -10 -14
right_child=1 -3 -4 4 5 6 -8 -9 12 10 -12 -13 14 -15 -16
leaf_value=0.011255032696630808 -0.059545353570954154 0.018195918807019207 -0.0044332386846182952 -0.02547163351641098 0.024759475957003424 0.036680062504141346 0 -0.019401863222563286 0.020212943031703855 -0.030194744589793123 0.007270673762884124 0 -0.0017889564067555984 -0.013374541652026962 0.033936390883029403
leaf_weight=68.701732717454433 3.9554118886589986 6.0963271595537654 4.7996480166912079 5.9218145310878745 3.6277186125516883 17.806534819304947 5.5735870525240889 10.694537729024885 7.2695615440607062 15.873053871095182 11.020982861518858 355.82821670174599 4.243428707122801 70.894738271832466 5.1690705120563507
leaf_count=324 19 34 24 27 22 97 31 55 35 75 53 1620 25 339 31
internal_value=0 -0.0109936 -0.0339051 0.000263422 0.00813398 0.014331 0.0277417 -0.0060716 -0.000334192 0.000848875 -0.0140766 0.00186867 -0.00668648 -0.00982436 0.0160305
internal_weight=597.476 14.8514 8.75506 582.625 43.6242 37.7024 23.3801 14.3223 539.001 451.424 26.894 424.53 87.5768 78.1643 9.4125
internal_count=2811 77 43 2734 232 205 128 77 2502 2072 128 1944 430 374 56
is_linear=0
shrinkage=0.05


Tree=206
num_leaves=15
num_cat=0
split_feature=74 23 82 7 42 87 86 73 2 32 25 86 55 86
split_gain=0.759406 4.35361 3.76568 3.69381 2.93955 2.74288 3.76513 2.6375 2.3569 3.51494 3.34578 2.13851 2.1368 3.62569
threshold=1.4166666666666667 2.8333333333333339 1.7083333333333337 0.77701375000000017 0.4155956666666667 0.57500000000000018 -0.19999999999999982 1.1666666666666667 20.833333333333339 0.77143396666666686 1.1000000000000003 -0.3999999999999998 1.4560274000000002 0.99999999999999978
decision_type=2 2 2 2 2 2 2 2 2 2 2 2 2 2
left_child=1 2 5 -2 -5 6 -1 -7 9 -6 -10 -3 -4 -14
right_child=3 11 12 4 8 7 -8 -9 10 -11 -12 -13 13 -15
leaf_value=0.0013200247230927189 -0.038872839639577661 0.054383051648878501 0.011500552702089349 -0.038894829263512218 0.024148220853040275 -0.008186331040752115 -0.010913635679101166 0.019063311194223543 -0.029366770118315084 0.0032790254934612476 0.010368338621850173 0 -0.0099814635416900742 -0.051334692938239529
leaf_weight=197.60915540158749 4.7481208369135848 4.5853497125208378 3.7683833390474311 3.4454788640141478 23.146139405667782 10.683991789817808 89.928447872400284 30.12671847641468 11.389849655330183 177.96702378243208 7.9956611916422835 3.3300612941384307 20.001002021133903 8.2368428185582143
leaf_count=912 23 31 18 20 133 46 399 138 59 837 43 18 96 38
internal_value=0 -0.0014278 -0.0023199 0.00223682 0.00330448 -0.000632825 -0.00243161 0.0113116 0.00416351 0.00585879 -0.011872 0.0339397 -0.0185824 -0.0235972
internal_weight=596.962 368.27 360.355 228.692 223.944 328.348 287.538 40.8107 220.499 201.113 19.3855 7.91541 32.0062 28.2378
internal_count=2811 1696 1647 1115 1092 1495 1311 184 1072 970 102 49 152 134
is_linear=0
shrinkage=0.05


Tree=207
num_leaves=14
num_cat=0
split_feature=79 75 55 80 86 8 8 45 85 86 86 49 48
split_gain=0.768609 2.22244 2.98686 2.73719 4.20149 1.91443 1.9254 3.67797 2.0774 1.67684 3.10212 1.59739 1.2251
threshold=1.4166666666666672 1.0000000180025095e-35 1.7523571 2.6333333333333337 1.9333333333333336 2.3765650000000007 1.9283102500000002 -0.40000000000000019 1.7750000000000001 2.6250000000000004 1.2000000000000002 1.1833333333333336 2.0500000000000003
decision_type=2 2 2 2 2 2 2 2 2 2 2 2 2
left_child=5 -2 11 4 -4 6 9 -8 -9 10 -1 -3 -11
right_child=1 2 3 -5 -6 -7 7 8 -10 12 -12 -13 -14
leaf_value=-0.00047884138124116069 0.019011608430817426 0.034010928207364864 -0.0046247839994575874 0.0082567387496928542 -0.044234361521809054 -0.02591460356329954 -0.0060331213085868824 0.06022313506593055 0.0034774635002639124 0 0.012372554292585151 -0.0016502149943591841 -0.037544196965821647
leaf_weight=460.73868496343493 6.7371553033590308 4.362201087176798 16.409584850072864 7.048581436276435 13.295400239527224 6.1916229575872412 6.9794102832674971 4.8125704228878003 3.8678466826677322 4.6462685912847501 51.481933489441872 5.4777177944779396 4.4713028967380524
leaf_count=2153 32 22 75 37 60 29 37 25 21 21 252 26 21
internal_value=0 -0.00572191 -0.00999297 -0.0168066 -0.0236197 0.000540945 0.000916314 0.017946 0.0392279 0.000340168 0.000774865 0.0126213 -0.0202521
internal_weight=596.52 53.3306 46.5935 36.7536 29.705 543.19 536.998 15.6598 8.68042 521.338 512.221 9.83992 9.11757
internal_count=2811 252 220 172 135 2559 2530 83 46 2447 2405 48 42
is_linear=0
shrinkage=0.05


Tree=208
num_leaves=13
num_cat=0
split_feature=53 28 70 8 26 26 82 5 70 34 74 80
split_gain=0.754145 0.916364 3.40296 2.86746 1.66298 2.44233 2.11029 1.78128 1.60993 2.35683 1.59072 0.796606
threshold=16.738888888888891 7.5500000000000007 1.2 1.4087700000000003 21.100000000000005 19.700000000000006 2.8000000000000003 10.833333333333334 1.9500000000000002 1.9000000000000001 1.1666666666666667 1.9000000000000001
decision_type=2 2 2 2 2 2 2 2 2 2 2 2
left_child=1 4 3 10 5 6 -1 -6 9 -4 -3 -7
right_child=-2 2 8 -5 7 11 -8 -9 -10 -11 -12 -13
leaf_value=0 -0.019266307836638671 3.952723293539715e-05 0.0042172150703170081 -0.016714557614206857 -0.042300682567083185 0.0017467983481209105 -0.020499100154215018 0 0.0083913320368615672 -0.035682580865698699 0.031548804475548489 0.039663063277549315
leaf_weight=512.87676616944373 4.5477639809250823 7.1163816750049653 4.6172513067722347 4.0675247013568869 4.3632882907986623 4.0676646903157216 12.355869993567465 4.4237967729568481 6.5941914245486251 8.0109764859080297 18.667271696031094 4.5579382181167603
leaf_count=2381 22 34 24 22 21 21 58 23 38 39 100 28
internal_value=0 0.00014044 0.00667852 0.0174182 -0.0004104 0 -0.000490465 -0.0213895 -0.00875062 -0.0195847 0.0239695 0.0255974
internal_weight=596.267 591.719 49.0736 29.8512 542.645 533.858 525.233 8.78709 19.2224 12.6282 25.7837 8.6256
internal_count=2811 2789 257 156 2532 2488 2439 44 101 63 134 49
is_linear=0
shrinkage=0.05


Tree=209
num_leaves=14
num_cat=0
split_feature=55 31 52 5 81 44 45 69 68 69 20 51 0
split_gain=0.800017 1.13881 2.7676 1.95248 2.12121 1.79901 2.09094 2.49845 1.9957 2.47641 1.97776 1.77302 1.58491
threshold=0.94396455000000012 1.2329576666666668 4.5500000000000007 10.833333333333334 1.5500000000000003 0.3074423 0.19999999999999976 0.90000000000000036 0.73656790000000016 0.80000000000000004 -0.13971816666666673 3.6750000000000003 0.50000000000000011
decision_type=2 2 2 2 2 2 2 2 2 2 2 2 2
left_child=-1 2 11 -4 -5 6 10 -8 9 -7 -3 -2 -10
right_child=1 5 3 4 -6 8 7 -9 12 -11 -12 -13 -14
leaf_value=0.023079823951344201 -0.010341397201194728 0 0.0042169749365875307 -0.035144561173282067 0 -0.020776425543099504 -0.019978749177579941 0.027242192053001154 -0.026231886423472291 0.011639320044765868 0.050180564570173836 0.027236589381857475 0.00086924964723489231
leaf_weight=3.224038951098918 4.0573082864284498 4.1173583343625069 5.543835416436198 14.462226413190367 5.1532780081033698 22.922192834317688 6.3079333156347257 4.2548219114542007 4.9147169589996329 6.4361238665878764 5.3472682759165782 6.5845335870981216 502.64880052767694
leaf_count=18 21 22 28 72 26 116 33 23 22 35 28 33 2334
internal_value=0 -0.000165901 -0.00877474 -0.0180972 -0.0255947 0.00035001 0.0148917 0 -0.000159231 -0.0127568 0.0313277 0.0108447 0.000532067
internal_weight=595.974 592.75 35.8012 25.1593 19.6155 556.949 20.0274 10.5628 536.922 29.3583 9.46463 10.6418 507.564
internal_count=2811 2793 180 126 98 2613 106 56 2507 151 50 54 2356
is_linear=0
shrinkage=0.05


Tree=210
num_leaves=14
num_cat=0
split_feature=87 87 30 57 83 5 12 48 72 7 25 79 4
split_gain=0.784905 2.14178 2.98503 3.11211 2.56203 1.66768 1.74989 1.51557 2.92476 2.64153 0.319676 0.180037 0.0348319
threshold=2.0250000000000004 1.4833333333333336 1.7750000000000001 7.5000000000000009 0.90000000000000013 6.166666666666667 15.833333333333334 1.2111111111111115 0.41666666666666669 1.1812820000000002 1.3 2.416666666666667 6.5000000000000009
decision_type=2 2 2 2 2 2 2 2 2 2 2 2 2
left_child=1 5 12 -4 -5 6 10 8 -7 -9 -1 -2 -3
right_child=11 2 3 4 -6 7 -8 9 -10 -11 -12 -13 -14
leaf_value=0.040310937654156276 0.022997555432420567 -0.015432504094287267 -0.033515973087407433 -0.004929894664287086 0.034969301345492594 0.026985773435172913 -0.0029640532769265016 0.017272595091215929 -0.013292995482124762 0 0.0050766074994723657 0.00081930476403266827 -0.046566755287215829
leaf_weight=5.2271140664815885 3.992111109197138 4.074060723185541 5.2070855200290689 8.9169212579727155 5.6887465342879304 4.2419308274984351 4.2036880627274504 22.672666117548943 41.027279287576675 477.86303004063666 2.9743057116866112 4.6072600930929184 4.9100083112716675
leaf_count=35 20 19 22 44 30 21 26 112 206 2215 17 22 22
internal_value=0 -0.000237376 -0.0134418 -0.00104795 0.0095985 0.000410486 0.0181758 0 -0.0087189 0.000786049 0.031432 0.0145606 -0.0366421
internal_weight=595.606 587.007 28.7968 19.8128 14.6057 558.21 12.4051 545.805 45.2692 500.536 8.20142 8.59937 8.98407
internal_count=2811 2769 137 96 74 2632 78 2554 227 2327 52 42 41
is_linear=0
shrinkage=0.05


Tree=211
num_leaves=21
num_cat=0
split_feature=76 39 76 7 75 81 30 76 60 53 5 8 10 45 10 2 18 82 4 40
split_gain=0.747768 4.32513 2.97858 3.89163 2.8958 2.58107 2.17795 1.73806 4.84096 3.3312 4.47774 2.81938 2.66321 4.18625 3.63562 3.05678 2.97455 2.83471 1.82898 2.65383
threshold=2.416666666666667 13.900000000000002 3.166666666666667 1.5114525000000001 1.4166666666666667 2.1000000000000005 1.5500000000000003 1.4166666666666667 17.150000000000002 13.550000000000002 14.833333333333334 1.1904026666666667 2.166666666666667 -0.19999999999999982 2.416666666666667 6.5000000000000009 0.91852275000000005 0.90000000000000013 5.166666666666667 1.1000000000000003
decision_type=2 2 2 2 2 2 2 2 2 2 2 2 2 2 2 2 2 2 2 2
left_child=7 2 3 -2 -5 6 -4 12 9 10 -9 -11 15 14 -14 -1 -15 -17 -10 -20
right_child=1 -3 5 4 -6 -7 -8 8 18 11 -12 -13 13 16 -16 17 -18 -19 19 -21
leaf_value=-0.03257638310634281 -0.020341912195509029 -0.037087675396534271 -0.022627248776773294 0.031933911309760969 0 -0.032946513941995825 0.016080164263764369 -0.0078747120013507813 -0.0069122657963011525 0.028047616514519987 -0.048462419662072924 -0.012761171535362222 -0.01816463592293804 0.0029656524376480997 0.013604218254160678 0.014348725785371552 -0.022255759712878322 0.0017719128375639629 -0.0012904944639303044 0.03848783608786327
leaf_weight=4.8621687963604918 4.9420856386423102 4.9200168699026099 4.3148723095655503 25.622203655540943 9.4459999799728376 5.6798613965511313 12.102882169187067 137.13362988829613 4.0920896045863655 10.761221528053285 7.0219430699944487 5.4267762154340735 11.159307688474653 14.152690947055815 34.579304276034236 61.78505128249526 38.817231096327305 182.51588100939989 4.6393716335296622 11.33805141597986
leaf_count=25 23 23 20 123 45 25 58 620 25 54 33 25 53 71 185 283 177 858 26 59
internal_value=0 0.00494679 0.00894555 0.0171551 0.023354 -0.00486316 0.00406136 -0.000640551 -0.00464804 -0.0076667 -0.0101853 0.0128966 0.00136974 -0.00545458 0.00519997 0.00417891 -0.0150847 0.00507759 0.0178539 0.0257315
internal_weight=595.313 67.0279 62.1079 40.0103 35.0682 22.0976 16.4178 528.285 180.413 160.344 144.156 16.188 347.872 98.7085 45.7386 249.163 52.9699 244.301 20.0695 15.9774
internal_count=2811 317 294 191 168 103 78 2494 842 732 653 79 1652 486 238 1166 248 1141 110 85
is_linear=0
shrinkage=0.05


Tree=212
num_leaves=23
num_cat=0
split_feature=74 7 86 84 7 51 52 16 32 62 34 79 44 38 12 3 80 41 31 15 78 61
split_gain=0.757814 3.29102 3.13098 4.34298 5.27957 5.79403 3.48452 3.64873 3.22511 2.96417 3.40388 2.98636 4.85924 2.92077 4.4078 3.10294 2.61523 2.19685 1.96019 1.85974 1.79557 1.56337
threshold=1.4166666666666667 0.77701375000000017 -0.20000000000000004 1.9000000000000001 1.3928216000000002 6.9500000000000011 7.1500000000000012 1.8333333333333337 1.3859705000000002 5.1055555555555561 1.7750000000000001 -0.91666666666666652 0.81408576666666665 7.4500000000000011 17.500000000000004 2.5000000000000004 1.4500000000000002 1.5397354666666667 1.7445900000000003 13.16666666666667 -1.6653345369377346e-16 4.0500000000000007
decision_type=2 2 2 2 2 2 2 2 2 2 2 2 2 2 2 2 2 2 2 2 2 2
left_child=2 -2 9 4 8 -6 7 -5 -4 10 21 17 -13 14 15 -3 -15 -11 -18 -12 -16 -1
right_child=1 13 3 6 5 -7 -8 -9 -10 11 19 12 -14 16 20 -17 18 -19 -20 -21 -22 -23
leaf_value=-0.01101467858599082 -0.036756473220996115 0.035565349101191822 0 0.03801991389461281 -0.022564821378841249 0.013440576341717102 -0.032438698723235904 0.0016585279727625434 0.050359797036633763 -0.019380146669344789 -0.044169368103629918 0.017417518963459725 -0.027766510211724067 0.013653690487246663 0.00074696954459255573 0.0015476011468377731 0.0069296955306155988 0.0025093859293044253 -0.028328718586395591 0 0.041820853794629569 0.021559964469854406
leaf_weight=6.3023907393217105 4.6862057000398627 6.6138197332620612 7.8138013631105405 7.7984185740351668 76.784748658537865 11.806238584220408 5.5282400846481314 52.475147396326065 4.0344341918826103 12.550747640430926 8.3121041432023031 63.586713626980782 5.7180087566375724 6.0943465456366566 5.1889357417821893 173.84068398922682 3.5313289612531689 93.25629884749651 16.746192999184132 4.7646500319242469 10.760062947869297 6.5793604329228401
leaf_count=31 23 35 38 38 334 60 26 233 21 60 40 289 30 30 27 833 21 442 84 21 62 33
internal_value=0 0.00224491 -0.00142386 -0.00653518 -0.0131019 -0.0174374 0.00313442 0.00704856 0.0166836 0.00268379 -0.0126595 0.00513021 0.0131593 0.00325777 0.00544922 0.00302736 -0.0119303 0 -0.0209662 -0.0303944 0.0304064 0.00393854
internal_weight=594.773 227.462 367.311 166.241 100.439 88.591 65.8018 60.2736 11.8482 201.07 25.9585 175.112 69.3047 222.775 196.404 180.455 26.3719 105.807 20.2775 13.0768 15.949 12.8818
internal_count=2811 1115 1696 750 453 394 297 271 59 946 125 821 319 1092 957 868 135 502 105 61 89 64
is_linear=0
shrinkage=0.05


Tree=213
num_leaves=14
num_cat=0
split_feature=39 58 39 79 66 75 65 14 61 79 14 70 11
split_gain=0.757898 2.02349 1.76919 1.71473 1.62197 2.3035 1.47948 2.2442 1.71648 5.32142 1.77285 1.39507 1.21449
threshold=15.300000000000002 1.7250000000000003 14.900000000000002 -0.58333333333333315 1.0029762500000003 1.4166666666666667 1.1015185000000003 4.8333333333333348 4.0500000000000007 -1.0000000180025095e-35 2.166666666666667 0.92916666666666681 1.1666666666666667
decision_type=2 2 2 2 2 2 2 2 2 2 2 2 2
left_child=2 11 6 -4 -3 -6 7 -1 9 -8 -10 -2 -13
right_child=1 4 3 -5 5 -7 8 -9 10 -11 -12 12 -14
leaf_value=0.044815857801912273 0 0.019551630747572445 0 -0.041134147013243548 0.0022449737246665953 -0.03974407030623564 -0.035579240669583817 0 0.017053023302837946 0.012468860023641969 -0.00031935447240672435 0.0091089845719853676 0.051969202515286778
leaf_weight=4.0929173678159696 4.8001921400427845 3.8498581685125819 4.9652188494801521 4.7064554542303068 5.8168935403227788 4.7993816435337067 12.274854667484762 5.6038359478116035 14.593711622059343 9.1389626860618574 509.50398569181561 5.7910239361226541 4.166753277182579
leaf_count=19 25 21 24 23 28 22 59 28 75 43 2394 30 20
internal_value=0 0.00777129 -0.000419755 -0.0210862 -0.00410199 -0.0154222 0 0.0188267 -0.000393419 -0.0141159 0.000132523 0.0208013 0.0310613
internal_weight=594.104 29.2241 564.88 9.67167 14.4661 10.6163 555.208 9.69675 545.512 21.4138 524.098 14.758 9.95778
internal_count=2811 146 2665 47 71 50 2618 47 2571 102 2469 75 50
is_linear=0
shrinkage=0.05


Tree=214
num_leaves=8
num_cat=0
split_feature=55 52 52 28 1 24 16
split_gain=0.749694 1.14328 1.15953 4.02921 1.24807 3.97263 2.23308
threshold=0.94396455000000012 2.9000000000000004 3.7500000000000004 3.4500000000000006 1.5000000000000002 1.3666666666666669 1.1666666666666667
decision_type=2 2 2 2 2 2 2
left_child=-1 -2 3 -3 6 -6 -4
right_child=1 2 4 -5 5 -7 -8
leaf_value=0.022500015025605304 -0.026057982269152263 -0.0091765673123556761 -0.0065728531056303387 0.051018896135957753 0.011917976242989226 -0.01268256082696062 0.002236476929796569
leaf_weight=3.1780336275696746 3.7273186594247809 5.0819972455501539 86.0933633223176 4.2893813848495483 21.070680841803551 60.503912724554539 409.86995585262775
leaf_count=18 18 27 433 23 107 296 1889
internal_value=0 -0.000143824 2.31334e-07 0.0170316 -0.00024737 -0.00598976 0.000651846
internal_weight=593.815 590.637 586.909 9.37138 577.538 81.5746 495.963
internal_count=2811 2793 2775 50 2725 403 2322
is_linear=0
shrinkage=0.05


Tree=215
num_leaves=14
num_cat=0
split_feature=49 26 53 53 17 73 87 79 7 86 8 86 80
split_gain=0.745712 2.39182 4.07552 3.30706 3.04209 2.33235 1.68731 1.65264 2.6079 2.55512 1.8371 1.69437 1.01782
threshold=0.68333333333333346 13.900000000000002 14.350000000000003 12.950000000000001 1.7160330000000001 1.5833333333333337 2.0250000000000004 1.4166666666666672 1.8041650000000002 1.9333333333333336 2.3765650000000007 1.2000000000000002 1.6333333333333335
decision_type=2 2 2 2 2 2 2 2 2 2 2 2 2
left_child=1 5 3 4 -3 12 7 10 -9 -10 11 -2 -1
right_child=6 2 -4 -5 -6 -7 -8 8 9 -11 -12 -13 -14
leaf_value=-0.014233551879384108 0.00045758585303592813 0.013045848790044022 0.027891793087764141 -0.056560713008426668 -0.01572613875068762 0.037821279599818097 0.02511976435940938 0.013386210635564069 -0.0012742055321682965 -0.033632652093027238 -0.024750686809778821 0.010305661461616506 0.012908867208485955
leaf_weight=6.4955892041325587 416.43255934491754 10.339985460042952 5.7568892836570731 3.9255516082048407 42.460884608328342 5.0851868167519561 6.505556844174861 7.655476674437522 14.571564480662348 12.749129749834536 6.1427033543586722 49.292268447577953 6.2647891491651535
leaf_count=34 1934 53 29 18 214 31 33 38 65 61 29 239 33
internal_value=0 -0.00446618 -0.00928799 -0.0137088 -0.00955317 0.0108469 0.000700311 0.000313154 -0.0100247 -0.0176059 0.00114215 0.00156346 0
internal_weight=593.678 80.3289 62.4833 56.7264 52.8009 17.8456 513.349 506.844 34.9762 27.3207 471.868 465.725 12.7604
internal_count=2811 412 314 285 267 98 2399 2366 164 126 2202 2173 67
is_linear=0
shrinkage=0.05


Tree=216
num_leaves=15
num_cat=0
split_feature=87 87 58 86 86 60 18 11 86 12 85 85 40 86
split_gain=0.72102 1.32595 3.84593 4.4485 3.23741 1.99209 2.53134 1.87374 1.81176 2.61156 2.16644 1.45812 1.37689 0.882256
threshold=-2.3749999999999996 -1.3666666666666665 2.0500000000000003 -2.8499999999999996 -2.5749999999999997 11.100000000000001 1.743014166666667 0.83333333333333337 -1.7749999999999997 10.16666666666667 0.90000000000000013 2.8000000000000003 1.5500000000000003 -3.3666666666666658
decision_type=2 2 2 2 2 2 2 2 2 2 2 2 2 2
left_child=-1 2 4 -4 13 6 7 -3 10 -10 -7 -6 -5 -2
right_child=1 5 3 12 11 8 -8 -9 9 -11 -12 -13 -14 -15
leaf_value=0.01524743011145121 -0.015127169169373329 0.001608090320558213 -0.018558818659372978 0.0013442674496660309 -0.038692767935442234 -0.019727971757783791 -0.014241556985415366 0.039185010654815423 -0.017868610245635644 -9.7046621473029565e-05 0.014876638007059052 -0.00037816400650470862 0.039881346934393408 0.012011873500322538
leaf_weight=7.1561427712440482 4.1666712015867233 7.2930044084787431 8.2367913573980349 5.3030028045177442 15.030653588473799 4.1883394271135321 4.2679243236780158 9.3605090230703336 21.323445186018944 453.40547467023134 34.201406046748161 4.5738791078329077 7.5763600990176201 7.3854995146393794
leaf_count=35 19 36 39 28 70 18 21 46 113 2126 167 21 37 35
internal_value=0 -0.000196326 -0.00778742 0.00776051 -0.0190707 0.000506524 0.0154524 0.0247131 -6.8642e-05 -0.00096586 0.0102533 -0.0312289 0.0265257 0
internal_weight=593.469 586.313 52.2729 21.1162 31.1567 534.04 20.9214 16.6535 513.119 474.729 38.3897 19.6045 12.8794 11.5522
internal_count=2811 2776 249 104 145 2527 103 82 2424 2239 185 91 65 54
is_linear=0
shrinkage=0.05


Tree=217
num_leaves=13
num_cat=0
split_feature=53 28 70 8 81 45 87 26 26 82 55 28
split_gain=0.72605 0.892688 2.97923 2.58454 1.90455 1.50074 2.54253 1.45502 2.21433 1.90179 1.6434 0.85541
threshold=16.738888888888891 7.5500000000000007 1.2 1.4087700000000003 1.1000000000000003 1.2 -0.4583333333333332 21.100000000000005 19.700000000000006 2.8000000000000003 2.1428202000000005 6.4500000000000011
decision_type=2 2 2 2 2 2 2 2 2 2 2 2
left_child=1 7 3 4 -3 6 -4 8 9 -1 -9 -10
right_child=-2 2 5 -5 -6 -7 -8 10 11 -11 -12 -13
leaf_value=0 -0.018952293264526385 0.041586278917929126 0.0087060293419943396 -0.015643019908139107 0.010051720727992491 0.01458461825156855 -0.030907801915355734 -0.038253473154803729 0 -0.019511210228214539 0 0.037895035736067138
leaf_weight=510.5108051225543 4.5104599148035041 9.2520947419107014 5.0540328472852716 4.0140393897891036 16.242786265909672 4.2172255292534819 9.8230689391493797 4.8471053540706617 3.7143479287624341 12.281343072652815 3.9116251841187477 4.766691192984581
leaf_count=2381 22 51 28 22 83 24 49 23 24 58 21 25
internal_value=0 0.000161792 0.00664565 0.0167695 0.0230371 -0.0077528 -0.0159789 -0.000381117 0 -0.000461005 -0.0200339 0.0245766
internal_weight=593.146 588.635 48.6032 29.5089 25.4949 19.0943 14.8771 540.032 531.273 522.792 8.75873 8.48104
internal_count=2811 2789 257 156 134 101 77 2532 2488 2439 44 49
is_linear=0
shrinkage=0.05


Tree=218
num_leaves=18
num_cat=0
split_feature=61 81 6 83 65 69 84 59 64 62 81 12 39 12 14 63 84
split_gain=0.716788 2.82288 3.04374 2.78853 3.49991 3.31569 2.74055 2.34781 2.33401 2.53783 3.24124 3.2993 2.06155 1.72519 3.76596 3.07467 1.0902
threshold=5.3375000000000012 2.2250000000000005 2.166666666666667 1.4500000000000002 1.8390767500000003 0.55000000000000004 1.7083333333333337 0.95000000000000007 2.3166666666666669 7.2500000000000009 0.90000000000000013 14.833333333333334 6.5500000000000007 17.166666666666668 6.166666666666667 14.15 1.1000000000000003
decision_type=2 2 2 2 2 2 2 2 2 2 2 2 2 2 2 2 2
left_child=1 2 3 4 -1 -5 16 -4 12 10 -10 -12 -2 15 -15 -14 -3
right_child=8 6 7 5 -6 -7 -8 -9 9 -11 11 -13 13 14 -16 -17 -18
leaf_value=0.0076730699940748314 -0.030775565576515274 -0.016473628147428278 0.0057452127732154452 0.010664222577383239 0.041279460906081727 -0.022055570792084523 -0.044962306095780745 -0.035906863140614968 0.0043296337689712611 0.012476228548659899 -0.0032856489115107045 -0.053528671848191413 0 0.02963713534828016 0.00012720102274621479 -0.028996223659458947 0.016039659737052275
leaf_weight=23.420664213597775 4.8540231622755519 4.5145846307277662 4.976668253540991 27.221626222133636 13.534624204039572 10.130376156419514 4.7296452671289435 6.0862263962626457 6.2620873078703942 5.3334727212786666 6.7520410642027846 9.1728391945362073 395.69757172465324 15.018405970185993 41.485160142183304 8.8557082265615445 4.804269939661026
leaf_count=114 29 22 27 130 65 53 20 32 30 27 33 41 1823 84 214 43 24
internal_value=0 0.00386679 0.00750006 0.0113499 0.0210354 0.000955579 -0.0159925 -0.0155693 -0.000776712 -0.0147944 -0.0225823 -0.0344966 1.26548e-05 0.000423947 0.00860054 -0.000665557 0
internal_weight=592.85 99.4187 85.3702 74.3073 36.9553 37.352 14.0485 11.0629 493.431 27.5204 22.187 15.9249 465.911 461.057 56.5036 404.553 9.31885
internal_count=2811 487 421 362 179 183 66 59 2324 131 104 74 2193 2164 298 1866 46
is_linear=0
shrinkage=0.05


Tree=219
num_leaves=14
num_cat=0
split_feature=39 63 70 38 17 39 35 14 58 62 87 39 61
split_gain=0.723797 2.21521 1.85452 2.13253 1.67784 1.5784 1.31198 1.30258 2.10912 1.79418 4.20224 3.09741 0.746263
threshold=15.300000000000002 13.844444444444447 1.0500000000000005 5.9000000000000012 1.3958779166666668 14.900000000000002 0.90000000000000013 2.166666666666667 1.7250000000000003 5.1055555555555561 -1.0000000180025095e-35 12.100000000000001 5.3375000000000012
decision_type=2 2 2 2 2 2 2 2 2 2 2 2 2
left_child=5 4 3 -3 -2 7 -7 8 -1 10 -9 -11 -10
right_child=1 2 -4 -5 -6 6 -8 9 12 11 -12 -13 -14
leaf_value=-0.0055567997054025179 0 -0.027505104833741419 0.021611910298809621 0.0074681868936454987 0.048238908636627859 0 -0.036777724836048402 -0.022371442335114906 0.0023360433738579193 -0.0008436925458211958 0.0052354147153144881 0.012614793872726361 0.036960566341146049
leaf_weight=6.9529103711247471 3.7606884762644786 8.257118225097658 5.795099724084138 6.7141721546649924 4.4219370782375336 4.7374240979552251 4.9078977778553963 28.197777539491653 4.1927371248602849 436.91033205389977 24.019916348159313 46.732586964964867 6.8284853845834732
leaf_count=33 20 39 32 31 24 24 23 135 21 2051 113 228 37
internal_value=0 0.00764398 -4.41795e-05 -0.0104703 0.0289137 -0.000396748 -0.0199424 0 0.0130135 -0.000488196 -0.00926897 0.000416797 0.0266315
internal_weight=592.429 28.949 20.7664 14.9713 8.18263 563.48 9.64532 553.835 17.9741 535.861 52.2177 483.643 11.0212
internal_count=2811 146 102 70 44 2665 47 2618 91 2527 248 2279 58
is_linear=0
shrinkage=0.05


end of trees

feature_importances:
Column_32=84
Column_39=77
Column_86=74
Column_87=71
Column_81=70
Column_80=67
Column_55=66
Column_56=66
Column_65=66
Column_12=65
Column_79=65
Column_84=62
Column_8=61
Column_26=61
Column_5=58
Column_85=57
Column_54=55
Column_62=54
Column_7=53
Column_82=52
Column_4=51
Column_49=51
Column_53=51
Column_61=50
Column_69=47
Column_83=47
Column_48=46
Column_59=46
Column_63=44
Column_73=44
Column_30=43
Column_10=42
Column_17=42
Column_51=42
Column_29=41
Column_41=40
Column_28=39
Column_38=39
Column_78=39
Column_14=38
Column_66=38
Column_3=36
Column_71=36
Column_23=35
Column_72=35
Column_74=35
Column_42=34
Column_60=34
Column_15=33
Column_34=33
Column_76=33
Column_70=32
Column_31=31
Column_0=30
Column_2=30
Column_45=30
Column_58=30
Column_64=30
Column_18=29
Column_11=28
Column_22=28
Column_27=28
Column_25=27
Column_36=27
Column_52=27
Column_75=27
Column_35=26
Column_37=26
Column_24=24
Column_16=23
Column_44=23
Column_46=23
Column_47=23
Column_20=22
Column_21=18
Column_50=18
Column_68=17
Column_6=15
Column_13=15
Column_1=13
Column_40=12
Column_77=12
Column_57=10
Column_19=3
Column_43=2
Column_88=2
Column_9=1
Column_33=1
Column_67=1

parameters:
[boosting: gbdt]
[objective: binary]
[metric: binary_logloss]
[tree_learner: serial]
[device_type: cpu]
[data_sample_strategy: bagging]
[data: ]
[valid: ]
[num_iterations: 220]
[learning_rate: 0.05]
[num_leaves: 24]
[num_threads: -1]
[seed: 0]
[deterministic: 0]
[force_col_wise: 0]
[force_row_wise: 0]
[histogram_pool_size: -1]
[max_depth: 5]
[min_data_in_leaf: 20]
[min_sum_hessian_in_leaf: 0.001]
[bagging_fraction: 0.85]
[pos_bagging_fraction: 1]
[neg_bagging_fraction: 1]
[bagging_freq: 0]
[bagging_seed: 3]
[bagging_by_query: 0]
[feature_fraction: 0.85]
[feature_fraction_bynode: 1]
[feature_fraction_seed: 2]
[extra_trees: 0]
[extra_seed: 6]
[early_stopping_round: 0]
[early_stopping_min_delta: 0]
[first_metric_only: 0]
[max_delta_step: 0]
[lambda_l1: 0.5]
[lambda_l2: 0.5]
[linear_lambda: 0]
[min_gain_to_split: 0]
[drop_rate: 0.1]
[max_drop: 50]
[skip_drop: 0.5]
[xgboost_dart_mode: 0]
[uniform_drop: 0]
[drop_seed: 4]
[top_rate: 0.2]
[other_rate: 0.1]
[min_data_per_group: 100]
[max_cat_threshold: 32]
[cat_l2: 10]
[cat_smooth: 10]
[max_cat_to_onehot: 4]
[top_k: 20]
[monotone_constraints: ]
[monotone_constraints_method: basic]
[monotone_penalty: 0]
[feature_contri: ]
[forcedsplits_filename: ]
[refit_decay_rate: 0.9]
[cegb_tradeoff: 1]
[cegb_penalty_split: 0]
[cegb_penalty_feature_lazy: ]
[cegb_penalty_feature_coupled: ]
[path_smooth: 0]
[interaction_constraints: ]
[verbosity: -1]
[saved_feature_importance_type: 0]
[use_quantized_grad: 0]
[num_grad_quant_bins: 4]
[quant_train_renew_leaf: 0]
[stochastic_rounding: 1]
[linear_tree: 0]
[max_bin: 255]
[max_bin_by_feature: ]
[min_data_in_bin: 3]
[bin_construct_sample_cnt: 200000]
[data_random_seed: 1]
[is_enable_sparse: 1]
[enable_bundle: 1]
[use_missing: 1]
[zero_as_missing: 0]
[feature_pre_filter: 1]
[pre_partition: 0]
[two_round: 0]
[header: 0]
[label_column: ]
[weight_column: ]
[group_column: ]
[ignore_column: ]
[categorical_feature: ]
[forcedbins_filename: ]
[precise_float_parser: 0]
[parser_config_file: ]
[objective_seed: 5]
[num_class: 1]
[is_unbalance: 0]
[scale_pos_weight: 1]
[sigmoid: 1]
[boost_from_average: 1]
[reg_sqrt: 0]
[alpha: 0.9]
[fair_c: 1]
[poisson_max_delta_step: 0.7]
[tweedie_variance_power: 1.5]
[lambdarank_truncation_level: 30]
[lambdarank_norm: 1]
[label_gain: ]
[lambdarank_position_bias_regularization: 0]
[eval_at: ]
[multi_error_top_k: 1]
[auc_mu_weights: ]
[num_machines: 1]
[local_listen_port: 12400]
[time_out: 120]
[machine_list_filename: ]
[machines: ]
[gpu_platform_id: -1]
[gpu_device_id: -1]
[gpu_use_dp: 0]
[num_gpu: 1]

end of parameters

pandas_categorical:null
